:020000040000FA
:1060000050120020616100009361000045610000B2
:1060100097610000996100009B6100000000000092
:106020000000000000000000000000009D61000072
:106030009F61000000000000A1610000A36100005A
:10604000A5610000A5610000A5610000A561000038
:10605000A5610000A5610000A5610000A561000028
:10606000A5610000A5610000A5610000A561000018
:10607000A5610000A5610000A5610000A561000008
:10608000A5610000A5610000A5610000A5610000F8
:10609000A5610000A5610000A5610000A5610000E8
:1060A000A5610000A5610000A5610000A5610000D8
:1060B000A5610000A5610000A5610000A5610000C8
:1060C000E568000081D50000A561000003690000BB
:1060D000A56100003BD50000A5610000A56100009E
:1060E000ADD50000A5610000C7640000A5610000F7
:1060F000A5610000A5610000A5610000A561000088
:10610000A5610000A5610000A5610000A561000077
:10611000A5610000F5BC0000A5610000A5610000BC
:10612000A5610000A5610000A5610000DFF810D0A6
:106130000BF0EAFA004800475F950000AFF30080DB
:106140005012002004207146084202D0EFF309806B
:1061500001E0EFF308807146004A1047C7E20000F3
:1061600011484FF0590101604FF0160101604FF0E6
:10617000880101600D4A45F6A52111600C4A11689D
:1061800021F480511160002101600A4880470A48CB
:106190000047FEE7FEE7FEE7FEE7FEE7FEE7FEE775
:1061A000FEE7FEE7FEE7000000010040240000409B
:1061B00000020040076200002D61000070B500F091
:1061C00057F8414908604148006800F00705022D72
:1061D00002D10846046802E03D4850F825403B489B
:1061E0001030006800F00F00461CB4FBF6F039498F
:1061F000086008460068384908444900B0FBF1F0DF
:106200003649086070BD00BF00BF00BF5920344947
:10621000086016208905C1F800018820C1F8000136
:10622000C006D0F800010028F0D000BF0846006882
:1062300040F64511B1EB103F05D18807406940F0A9
:1062400080008907486121481038006820F4805098
:106250004FF08041C1F8000200BF002020490860D3
:1062600000BF2048006840F470001E490860704775
:10627000F8B500261CA00068009014483030016872
:1062800001F4A02008B10020F8BD01F4002008B1FD
:10629000164A00E0164A01F4003008B11046F3E750
:1062A000C1F381371DF80740C1F30800831CC1F317
:1062B0004420851C9008584315FB04F7B0FBF7F009
:1062C00086003046E0E70000080000201002004091
:1062D0000C0000200000002020A107000400002086
:1062E0000001004088ED00E001020204008051013D
:1062F000001BB70010B5002807DA0A07140EFE4A83
:1063000000F00F031B1FD45403E00A07130EFB4ACF
:10631000135410BD00BF5920F949086016208905A3
:10632000C1F800018820C1F80001C006D0F80001C2
:106330000028F0D07047F349096841434FF0E0224C
:106340005161002191610521116100BF4FF0E021F1
:10635000096901F480310029F8D000214FF0E022D2
:106360001161704710B5042009F050FD102009F0AC
:10637000D0FB0021072009F0DDFB012009F046FDDC
:10638000012009F0C6FBE04809F0C0FC042009F038
:10639000C0FBDE4809F032FB20220021DB4809F077
:1063A00006FBDB4809F02AFB0121022009F0C2FBB1
:1063B00000221146D64809F0FAFAD64809F01EFB29
:1063C00000224FF04071D34809F0F1FAD24809F0A9
:1063D0009AFAFFF7F3FED14809F010FB4FF40022C0
:1063E0000021CE4809F0E3FACD4809F007FB00226E
:1063F0001146CB4809F0DBFACA4809F0FFFACA484F
:1064000009F0FCFAC94809F0F9FA00224FF40071CA
:10641000C44809F0CCFA00224FF40051C24809F0F8
:10642000C6FA00221146C14809F0C1FA012009F05C
:10643000E5FABF48806940F07000BD4988610220DC
:1064400009F061FA02200AF0EBFD4FF08040406D48
:1064500020F0FF004FF0804148650846406D40F055
:10646000110048650846006C20F0704040F0C040C4
:1064700008644FF04020006C20F440604FF0402151
:1064800008640804806B20F47000090488630846DF
:10649000806B40F4801088634FF04020406C40F4E3
:1064A00000104FF04021486410BD10B5A14809F01C
:1064B0002AFA0121A04809F093FD4FF4E1319E48EA
:1064C00009F0ADFD10BD01209C4908609C480068A2
:1064D000401C9B49086001209A490860704710B52C
:1064E00004462046FFF727FF10BD10B5964804F07C
:1064F00078FB022195480AF0A8F800BF9348943031
:10650000006880B20028F9D1022190480AF0AEF864
:1065100002218E480AF0C9F900208D490860091D42
:1065200008608C48007803287EDD8B4800780128BD
:106530007AD1874944390860091D0860091D08603F
:10654000091D0860091D0860091D0860091D086013
:106550007F492C310860091D0860091D0860091D6C
:1065600008607B491831086079497C310860091D51
:106570000860091D08607748007811285ED17748C7
:10658000007830B9764890F8D900001F7549087036
:106590003FE072480078012806D1714890F8D90090
:1065A000801E7049087034E06C480078022806D1DB
:1065B0006B4890F8D900401E6A49087029E0674886
:1065C0000078032805D1664890F8D900654908701D
:1065D0001FE062480078042806D1614890F8D9008D
:1065E000401C6049087014E05C480078052806D11A
:1065F0005B4890F8D900801C5A49087009E0574858
:106600000078062805D1564890F8D900001D554954
:1066100008705448007800F0800018B9514800789C
:106620001A2804DD002000E064E04E4908704E495D
:106630004C4A1278885C04F089FBA2E04548007857
:10664000142857D14548007830B9484890F8D90007
:10665000001F474908703FE040480078012806D1F4
:10666000424890F8D900801E4149087034E03B4808
:106670000078022806D13D4890F8D900401E3C49D8
:10668000087029E035480078032805D1374890F88C
:10669000D900374908701FE030480078042806D137
:1066A000324890F8D900401C3149087014E02B485A
:1066B0000078052806D12D4890F8D900801C2C4977
:1066C000087009E025480078062805D1274890F889
:1066D000D900001D264908702548007800F0800088
:1066E00018B923480078112802DD002020490870DD
:1066F000204941E045E0000018ED00E000E400E042
:106700000001004004000020004495089B3C00402C
:10671000110010A2113D8057110000081CFE03401B
:106720000400005F0200805E0300C05E0500405F61
:1067300000C00040110000040010074000020020CB
:1067400004020020F830044000000540009005409D
:10675000C4480040D800002014030020700100202D
:10676000A408002072010020FC07002094090020EA
:106770007401002017080020FE4A1278885C04F09B
:1067800017FBFD48006890B1FB4909688800FFF7D6
:10679000A6FE0520FFF7A3FE0020F84908600520AB
:1067A000FFF79DFE0020F549643908600CE00520E4
:1067B000FFF795FE0020F14908600520FFF78FFEE6
:1067C0000020EE49643908600020ED490860ED4979
:1067D0000860ED4800780F2806DBE7480068C0F144
:1067E0001E00EA49086010E0E7480078032809DD48
:1067F000E748007830B9E0480068C0F11E00E3497E
:10680000086002E01E20E1490860E24804F0E9F96E
:106810002EE00120E0490860DF49F839486500BFF3
:10682000DD48006800F001000028F9D0DA48F838A7
:10683000006880B2D9490860D248006809680844F5
:10684000D0490860CE480068401CCD490860084621
:106850000068CE490968884203D1D0480068D04911
:106860000860C7480068C9490968884200D300E049
:10687000CFE700BFC74804F0AFF9C348007801284C
:1068800002D10020C74908600120BC490860BB490B
:1068900064390860B94940390860091D0860091D5C
:1068A0000860091D0860091D0860091D0860091DB0
:1068B0000860B24930310860091D0860091D086090
:1068C000091D0860AD491C310860AC498031086081
:1068D000091D0860091D0860B34908700020B3490C
:1068E000086010BD10B500BFAA482038806800F0CD
:1068F000010028B1A748203804F07DF9FFF7F5FD25
:1069000010BD10B500BFAA48806800F0010038B182
:10691000A74804F070F9A7480068401CA549086022
:1069200010BDA54800684FF6FA71884202D30020D6
:10693000A14908609F4800684FF6FA71884202D367
:1069400000209C490860704710B54FF000609149E5
:10695000203908606C204860084604F047F902219D
:106960002020FFF7C7FC0A224FF0006189480AF097
:10697000F6F9884804F03AF94FF000608C49203964
:10698000086242F6E0604862894804F02FF9182056
:106990008749203948604FF00260086002212220B8
:1069A000FFF7A8FC202004F008F9212004F005F9E5
:1069B000232004F002F9774804F00EF93223002274
:1069C00001217E4809F08AFD01217C4809F067FF1A
:1069D00000217148F83809F06BFC06216E48F83840
:1069E00009F0A2FC0D23002211466B48F83809F08B
:1069F0006EFC0120684908606748F838D0F8D0007C
:106A000040F0010064492839086010BD10B501202C
:106A10005A490C31086001220821694809F0A4FC98
:106A20000120564964390860012280216448803879
:106A300009F09AFC00205149091D08600122022139
:106A40005F4809F091FC00204C49083108600122A0
:106A500004215B4809F088FC012048493031086076
:106A600001220103564809F07FFC012043493431DB
:106A7000086001224103524809F076FC01203F4999
:106A800038310860012281034D4809F06DFC012076
:106A90003A493C3108600122C103494809F064FCCD
:106AA0000120364980310860012211464448803077
:106AB00009F05AFC01203149843108600122022189
:106AC0003F48803009F050FC01202C498831086093
:106AD000012204213A48803009F046FC0120274970
:106AE0001C31086001228021354809F03DFC01205D
:106AF000224940390860012211463148403809F0E6
:106B000033FC01201D493C390860012202212C4838
:106B1000403809F029FC0120184938390860012261
:106B200004212748403809F01FFC0120134934395B
:106B30000860012208212248403809F015FC012094
:106B40000E4930390860012210211D48403809F0F3
:106B50000BFC012009492C3908600122202118482A
:106B6000403809F001FC012004492839086001225D
:106B7000402127E07401002044010020C04800406B
:106B8000E40000205C010020D80000204801002023
:106B90001403002020000540F830044008020020C3
:106BA00060010020580100204C0100205401002009
:106BB000201005402C0100202801002000900540F5
:106BC000C0400040F948403809F0CEFB0120F849A8
:106BD00008600122C103F548803809F0C5FB012097
:106BE000F3494431086001221146F04809F0BCFB2A
:106BF0000120EF4920390860ED4944310860EC4933
:106C00006431086001220102E84809F0ADFB01206F
:106C1000E7496831086001224102E44809F0A4FB19
:106C20000020E34970390860012208214FF040201C
:106C300009F09AFB0020DE49B03108600122C91436
:106C4000DA48403009F090FB04F032F804F057F8CD
:106C500047F6FE40D749086044F61F60D6490860F1
:106C60000020D6490860D6490860D6490860062049
:106C7000D54908700220D5490870D549087002220C
:106C8000D449002005F0B8FAD2480068D24908601B
:106C9000D0484068D1490860CF480068401C18B906
:106CA0000120CF49086003E0CB480078CC49086058
:106CB000CA480068401C18B90220CA49086003E0AD
:106CC000C6480078C74908600122C249302005F053
:106CD00093FAC0480068C149086008460068401C33
:106CE00040B940F6D310C049086040F6F900BF49EA
:106CF00008600CE0B948008880B2BB490860B7481A
:106D000000684FF6FF7101EA1040B8490860502052
:106D1000B749087048704B2088704620C8704120E1
:106D200008713C204871372088713220C8712D20AD
:106D30000872487288722820C872232008731E20A7
:106D4000487319208873C8736420AA4908804FF4D7
:106D50002F7048804FF4167088804FF4FA70C88006
:106D60004FF4C87008814FF496704881C82088811C
:106D70004FF47A70C8814FF4617008824FF4487004
:106D8000488207208882C882088348838883C88312
:106D9000088448848884C884088548858885C8858F
:106DA0000886488600209449087002204870142004
:106DB00088704FF4966088804FF47A70C88008819C
:106DC0004FF4966048814FF47A708881C881012021
:106DD0008A49087001227F49402005F00DFA7D485C
:106DE00000687D49086008460068401C50B9844826
:106DF000007820F00100824908700122402005F04F
:106E000067F903E0744800687D4908607C480078B1
:106E100000F0010020B97B487B49C968486003E065
:106E20007A487949C968486010BD794800780128D6
:106E300032D17848007850B900205D490860764822
:106E400000687649086001207249087027E071489F
:106E50000078012811D17048006870490968401A0B
:106E600002281CD301205249086002206949087099
:106E7000694800686949086011E06648007802289E
:106E80000DD16548006865490968401A0E2806D387
:106E900000206049087002E000205E4908707047D9
:106EA0005F49096869B95F49097B01705D49898952
:106EB000090A41705C49097881705C490978C170A0
:106EC00005E157490968012911D1594991F8E010A4
:106ED00001705749B1F8E010090A4170544991F81E
:106EE000D9108170534991F8D910C170EFE04C4925
:106EF0000968022911D14F4991F8E01001704D49FC
:106F0000B1F8E010090A4170494991F8D91081702F
:106F1000484991F8D910C170D9E04149096803295D
:106F20000FD1454991F8801001704349B1F88010A4
:106F3000090A417021490978817021490978C17095
:106F4000C5E03749096804290FD13C490978017027
:106F50003A490988090A4170354991F8D910817078
:106F6000344991F8D910C170B1E02D49096805295B
:106F700066D12F49B1F8E0202E49B1F8E010114454
:106F8000C1F3470101702A49D1F8E0202949D1F81D
:106F9000E0101144490A4170254991F8D9108170D7
:106FA000244991F8D910C17091E049E0C0400040F7
:106FB0007C480040080100200C010020380100201E
:106FC0003C01002040010020710100209C010020B4
:106FD000150300203C0600201C0200202002002097
:106FE0001402002018020020D0020020D402002049
:106FF000EC0200203C0800202C0800202502002084
:107000002C020020131F0100C4220100A61E010053
:107010004F01002024010020280100202001002031
:107020001004002010050020A0020020A102002072
:10703000A408002094090020840A002038030020BE
:10704000FE49096806290DD1FD4909780170002122
:107050004170FC4991F8D9108170FB4991F8D91021
:10706000C17034E0F549096807290DD1F74909785D
:10707000017000214170F34991F8D9108170F249F3
:1070800091F8D910C17022E0EC49096808290DD1A6
:10709000EF4909780170EE49098809124170ED49FC
:1070A00009788170EC490978C17010E0E3490968FA
:1070B00009290CD1E94909780170E84909880912C0
:1070C0004170E44909788170E3490978C1707047DB
:1070D00000B587B0002004900590069001900290C2
:1070E0000390DF480078032855D107208DF8100061
:1070F000C020DC490870084600788DF81100DA4895
:1071000000788DF81200D8480088000A8DF8130026
:10711000D64800788DF81400D4480088000A8DF80D
:10712000150000208DF816008DF817008DF8180056
:107130008DF8190004A804F073FF00BF02208DF839
:107140000400C020C7490870084600788DF8050083
:10715000C54800788DF80600C3480088000A8DF8FD
:107160000700C24800788DF80800C0480088000A6F
:107170008DF8090000208DF80A008DF80B008DF8BD
:107180000C008DF80D0001A804F061FF00BF002085
:10719000B34908706FE0B648C06838B9B5480078A0
:1071A000A02101EB4000AF49087014E0AC48007822
:1071B00050B9B0480078A02101EB4000A9490870FF
:1071C0000020AB49C86006E0AA480078A12101EB85
:1071D0004000A449087007208DF81000A1480078ED
:1071E0008DF81100A448C0788DF81200A2480079EB
:1071F0008DF81300A04840798DF814009E488079DE
:107200008DF815009A48007B8DF816009848808903
:10721000000A8DF8170000208DF818008DF819006D
:1072200004A804F0FDFE02208DF804008D480078CB
:107230008DF805009048C0788DF806008E480079DA
:107240008DF807008C4840798DF808008A488079CD
:107250008DF809008648007B8DF80A0084488089F3
:10726000000A8DF80B0000208DF80C008DF80D0041
:1072700001A804F0ECFE07B000BD10B50AB1042A65
:1072800000DD0222012A06D0022A09D0032A0CD0EE
:10729000042A33D127E0794B1860794B19602DE02F
:1072A000764B1960764B186028E043F67F631B1A13
:1072B00000EE103AB8EE400ADFED720A20EE200A26
:1072C000BCEEC00A6D4B83ED000A00EE101AB8EE5A
:1072D000400ADFED6D0A20EE200ABCEEC00A684BC2
:1072E00083ED000A0AE042F20F735B1A634C2360DD
:1072F00043F67F631B1A624C236000BF00BF10BDC2
:1073000030B591B00546287802287DD16878B0283C
:1073100004D0B22828D0B42825D168E2A87800F09B
:107320007F005A490870A87800F07F00584908701B
:1073300028788DF804006878401CC0B28DF80500EC
:10734000A8788DF8060000208DF807008DF8080059
:107350008DF809008DF80A008DF80B0001A804F0E3
:1073600076FE0020287061E2A878182862D008DC38
:1073700009282DD2DFE800F0F5F32D2C492C2C2C18
:10738000F200202806D0402855D0482854D0802824
:107390001ED124E1E878012805D13E490860022089
:1073A0003D49086007E0E87828B9002039490860BD
:1073B00003203949086000208DF808008DF8090085
:1073C0008DF80A008DF80B008DF80C008DF80D007B
:1073D000FAE1002407E0601D285CE97821442F4A87
:1073E0005054601CC4B22879A042F4DC00208DF80F
:1073F00008008DF809008DF80A008DF80B008DF853
:107400000C008DF80D00DFE111E2E878012224493B
:1074100004F015FF224800682249086008460078F9
:107420008DF8080008460088000A8DF80900084613
:10743000006839E043E145E05BE100001004002012
:10744000E0020020A4080020940900207803002016
:10745000E2030020A0020020A1020020E40300209B
:107460003001002050010020D0000020D400002076
:10747000100500204303002072080020780100203E
:107480007C0100204D01203F23CBCC3F1503002081
:107490009C0100201402002018020020300500206A
:1074A0003C0600201C020020000C8DF80A00084653
:1074B0000068000E8DF80B0000208DF80C008DF890
:1074C0000D0081E1002434E0FE480078C01CFE4934
:1074D000085CFE4941F82400FA480078801CFA490B
:1074E000085CFA4951F8241040EA0120F74941F8B4
:1074F0002400F4480078401CF349085CF34951F833
:10750000241040EA0120F14941F82400ED480078B8
:10751000ED49085CED4951F8241040EA0120EB499F
:1075200041F82400E7480078001DE6490870601C17
:10753000C4B2402CC8DB4022E449002004F014FE11
:1075400000208DF808008DF809008DF80A008DF8EC
:107550000B008DF80C008DF80D0035E18BE024E078
:10756000FFE7E97801F110000122D94904F044FE57
:10757000D7480068D7490860084600788DF80800A9
:1075800008460088000A8DF8090008460068000CCB
:107590008DF80A0008460068000E8DF80B000020E8
:1075A0008DF80C008DF80D000EE1002407E0201D81
:1075B000285CE9782144C44A5054601CC4B2042CAD
:1075C000F5DD00208DF808008DF809008DF80A001F
:1075D0008DF80B008DF80C008DF80D00F4E0002400
:1075E00034E0B8480078C01CB749085CBA4941F893
:1075F0002400B4480078801CB349085CB64951F8AF
:10760000241040EA0120B44941F82400AD48007834
:10761000401CAD49085CB04951F8241040EA0120F3
:10762000AD4941F82400A7480078A749085CAA4959
:1076300051F8241040EA0120A74941F82400A1484C
:107640000078001D9F490870601CC4B2042CC8DB80
:107650000422A149102004F03BFD00208DF8080011
:107660008DF809008DF80A008DF80B008DF80C00DC
:107670008DF80D00A8E0E97801F13000012294496D
:1076800004F0BAFD92480068924908600846007804
:107690008DF8080008460088000A8DF809000846A1
:1076A0000068000C8DF80A0008460068000E8DF88E
:1076B0000B0000208DF80C008DF80D0084E00024F4
:1076C00007E0201D285CE97821447F4A5054601C63
:1076D000C4B2042CF5DD00208DF808008DF80900F7
:1076E0008DF80A008DF80B008DF80C008DF80D0058
:1076F0006AE000242FE073480078C01C7249085CDF
:10770000764941F824006F480078801C6E49085C77
:10771000724951F8241040EA0120704941F82400D0
:1077200068480078401C6849085C6C4951F824108E
:1077300040EA0120694941F8240062480078624922
:10774000085C664951F8241040EA0120634941F879
:107750002400601CC4B2012CCDDB01225F49302023
:1077600004F0B6FC5D4800685A49086000208DF8B6
:1077700008008DF809008DF80A008DF80B008DF8CF
:107780000C008DF80D0008460068401C28B1084622
:1077900000684FF6FF71884208D140F6D310504977
:1077A000086040F6F9004F4908600CE0494800883D
:1077B00080B24B490860474800684FF6FF7101EA04
:1077C00010404849086000BF00BF28788DF80400C9
:1077D00068788DF80500A8788DF8060001208DF8EE
:1077E000070001A804F033FC002028701EE0A878F0
:1077F00010281AD1E878782817D1287A3A490870E1
:10780000687A4870A87A8870E87AC870287B08710E
:10781000687B487105F004FB3448FEF78CFD05F0E9
:1078200029FB4FF47A70FEF786FD00BF00BF11B050
:1078300030BD10B52E48006818B101202D490860F0
:1078400010BD2D48007828B12C48FFF759FD0020C5
:10785000294908702A480078032876D129480078F9
:10786000032872DC284800780028F6D127480078E1
:1078700000286BD101201F4908604FF4FA60FEF721
:107880002EFE23480078012806D002285FD0032866
:107890007ED004287DD1ADE009201E49087000206B
:1078A0001D490870084600781A4948701B4800783E
:1078B00088701A480088000AC87019480078087152
:1078C00017482FE0FD000020300500205C06002056
:1078D0003C0600201C0200205C0700206C070020F2
:1078E000D0020020D4020020A503002040420F0057
:1078F000280300207C4800401C030020440B00208B
:1079000030010020D800002040030020CE000020DD
:10791000150300207C0700205001002010010020EA
:10792000140100200088000A487100208871C87185
:10793000084604F05FFB00BF0020F7490870F748D5
:10794000407808B10320087083E0B4E0C7E3072063
:10795000F2490870C020F249087008460078EF49E3
:107960004870F048006801281ED1EF4800680228DE
:107970001AD1EE480278EE480168EE480068FFF739
:107980007CFCED480078E5498870EB48008801E010
:107990002DE05AE0000AC870E84800780871E7480E
:1079A0000088000A48710EE0E2480078DB498870E0
:1079B000E0480088000AC870DD4800780871DC489B
:1079C0000088000A48710020D4498871C871087283
:1079D0004872084604F024FB00BF0020CE4908701E
:1079E000CE484078C02801D00320087031E0FFF76E
:1079F0006FFB2EE00220C9490870C020C8490870FA
:107A000008460078C5494870CA4800788870C94857
:107A10000088000AC870C64800780871C448008809
:107A2000000A487100208871C871087248720846BF
:107A300004F00DFB00BF0020B7490870B74840783C
:107A4000C02801D00320087003E00120BC49087061
:107A500000BF00BF0020BB490860BB490860BB49AC
:107A60000860BB490860BB490860BB490860BB4966
:107A70000860BB490860BB490860BB490860BB4956
:107A80000860BB490860BB49C860BB498860B94908
:107A90004860B9490860B7498860B7494860C8601C
:107AA0000861486108764876A2490860A0490860E4
:107AB000B249087013E3B24800780228FADBB148F3
:107AC0000078FF28F6D0B04800780128F2D1A94804
:107AD000C06810B9AB48007830B1A648C06838B962
:107AE000A8480078042803D10120A849087004E0C0
:107AF0000020A7490860A5490870A648007800281A
:107B0000D8D19F48007803285CD1A348007830B1D1
:107B10000020A249487188718D49086018E0A0488A
:107B20000078A8B186480078042808D19D480078DC
:107B30009A4948719B480088000A887108E00F2024
:107B4000964948712720887142F20F708049086079
:107B50009548007898B100209049C87008717B4919
:107B600008607148006802282CD17F208B49C870BA
:107B70003E20087143F67F607449086022E08B481C
:107B80000078F8B16E480078042808D18848007859
:107B90008249C87086480088000A087108E07F2082
:107BA0007E49C8703E20087143F67F6067490860CF
:107BB0005D480068022805D100207849C870087126
:107BC000624908605E480078012806D0022841D04A
:107BD000032875D0042874D187E16648C06838B995
:107BE00068480078002101EB40004D49087014E01E
:107BF0004948007850B963480078002101EB400003
:107C00004749087000205B49C86006E05D4800787D
:107C1000012101EB40004249087009203F490870EA
:107C20003F48007848705D48C07888705B480079AC
:107C3000C8705A48407908715848807948714D4851
:107C4000007B88714B488089000AC871084604F09F
:107C5000D1F91AE24748C06868B94A480078A021BB
:107C600001EB40002E4908700020524908700120A5
:107C7000424908702DE001204E49087026480078DE
:107C800068B940480078A02101EB40002449087001
:107C900000203849C86001203849087019E0374889
:107CA000007800280EDD35480078401E3349087002
:107CB00034480078A02101EB40001949087008E021
:107CC00010E1DEE12F480078A12101EB40001449CA
:107CD0000870072011490870114800784870124850
:107CE0000068022868D111480278194801681748CD
:107CF0000068FFF7C2FA11480078084988700F48F9
:107D00000088000AC8700C48007808710A4800888A
:107D1000000A48715FE04FE0300100207C0700203E
:107D2000500100201402002014040020180200203A
:107D300014010020100100207C01002078010020A7
:107D400015030020080300200C030020C8020020B7
:107D5000CC020020C0020020C4020020A8020020A3
:107D6000AC020020B0020020B4020020B8020020C3
:107D7000BC020020100500208808002030020020EE
:107D80001403002043030020400300204F01002083
:107D90007C480040CE000020A20200207208002093
:107DA000A30200200C010020A4020020A502002054
:107DB0000801002044030020FE480078FE49887036
:107DC000FC480088000AC870FC4800780871FB482D
:107DD0000088000A4871FA480078F7490872F948A3
:107DE00000784872F848007898BBF848C06880B3BB
:107DF000F748007800F0010058B3F6480078A02159
:107E000001EB4000EC49487000208871C8710120E6
:107E1000ED490870E848C078EF49096800EB012097
:107E2000ED490860E4488078096800EB0120EA49E0
:107E30000860E1484079E949096800EB0120E74919
:107E40000860DD480079096800EB0120E34908601B
:107E500032E0FFE7DC480078012827D1DB48C06822
:107E600020B3DB48007800F00100F8B1D948007871
:107E7000A12101EB4000D0494870D74800788870B4
:107E8000D5480088000AC870D44800780871D348E3
:107E90000088000A4871CD48007B8871CB488089F2
:107EA000000AC8710220C849087005E0C748C068C8
:107EB00010B90020C4490870C548007800F00100DE
:107EC00020B90020BC498871C87107E0BF48007B19
:107ED000B9498871BD488089000AC871B64804F064
:107EE0009FF8D2E0FFF7F4F8CFE0B848C06868B96F
:107EF000B8480078A02101EB4000B5490870002087
:107F0000B74908700120B74908702BE00120B44937
:107F10000870B548007868B9AE480078A02101EB38
:107F20004000AB4908700020A849C8600120AD4955
:107F3000087017E0AB48007800280CDDA9480078ED
:107F4000401EA8490870A3480078A02101EB40001A
:107F50009F49087006E09F480078A12101EB40008E
:107F60009B4908700220944908709948007848702D
:107F70009E48C07888709D480079C8709B484079B9
:107F800008719A4880794871881DFEF789FF8E48EC
:107F9000007898BB8D48C06880B38D48007800F0A9
:107FA000010058B38B480078A02101EB40008249C2
:107FB000487000208871C8710120834908707E488C
:107FC000C0788549096800EB0120834908607A4838
:107FD0008078096800EB01207F4908607648407985
:107FE0007E49096800EB01207C49086072480079ED
:107FF000096800EB01207949086032E0FFE7724828
:108000000078012827D17148C06820B370480078F3
:1080100000F00100F8B16F480078A12101EB4000A9
:10802000654948706C48007888706B480088000A81
:10803000C8706A480078087168480088000A48716A
:108040006248007B887161488089000AC8710220FB
:108050005D49087005E05D48C06810B900205A49C4
:1080600008705B48007800F0010030B96048006893
:1080700018B9002050498871C8714F4803F0E7FFD4
:1080800003E001205B49087000BF00BF00BF4A4801
:10809000C0785949086048488078096800EB012099
:1080A000554908604448407954490860424800797D
:1080B000096800EB0120514908604448C0685049F4
:1080C000086003204849087000204E49087000BF2E
:1080D0004D4800680028FBD000204B49086000BFD5
:1080E000FFF7AEBB10B54948007801283ED100200B
:1080F000474908704749087047480068C0430978F5
:1081000060F30001434801704348001D0068C0430C
:108110004049097860F341013E4801703E4808300B
:108120000068C0433B49097860F382013948017017
:1081300039480C300068C0433649097860F3C30100
:1081400034480170344810300068C0433149097820
:1081500060F304112F4801702F48F4300068C043C9
:108160002C49097860F345112A48017000202A49FA
:108170003C31086029480078012806D002287DD0CB
:1081800003287CD004287BD119E1204800780128FD
:1081900063D155202249087056204870F420887019
:1081A0000A20C870062008711E48007848711E48D1
:1081B00000783BE0C80200207C070020CC020020B1
:1081C000A0020020A1020020DA00002010050020FB
:1081D0005001002043030020DC000020E0000020CC
:1081E00044030020300200203001002072080020EB
:1081F00010040020150300201001002014010020AD
:1082000010030020FC000020200300209901002022
:10821000CD000020CC000020404800409C01002000
:10822000BC0700209A010020300600208871FC481D
:108230004078C871FA4880780872F948C078487266
:10824000F74800798872F6484079C87200200873B0
:1082500048730F21F34804F066FDF34800780128C5
:108260003FD15520EF49087056204870F42088709F
:108270000A20C87006200871012002E032E09DE06B
:10828000FBE048710020C871087248728872C87299
:10829000E6480078012805D1572088710020E3497D
:1082A00008700EE0E2480078012806D15620DD492A
:1082B00088710020DE49087003E00020D949487128
:1082C00088710020D749087348730F21D54804F0FE
:1082D0002AFD0020D4490870D248807908B10120D5
:1082E0000870CAE0D3480078012826D15520CD492E
:1082F000087056204870F42088700A20C870062044
:108300000871CD4800784871C54800788871C44824
:108310004078C871C24880780872C148C0784872F5
:10832000BF4800798872BE484079C872002008733F
:1083300048730F21BB4804F0F6FCBB4800780128C5
:108340003BD15520B749087056204870F4208870FA
:108350000A20C87006200871012048710020C871E9
:10836000087248728872C872B0480078012805D136
:10837000572088710020AD4908700EE0AC480078A5
:10838000012806D15620A74988710020A849087005
:1083900003E00020A349487188710020A1490873B7
:1083A00048730F219F4804F0BEFC00209E490870CE
:1083B0009C48807908B1012008705EE05DE09D482E
:1083C000007801281BD15520964908705620487026
:1083D000F42088700A20C87002200871F0204871CB
:1083E0009648007888710020C871087248728872B7
:1083F000C872087348730F218A4804F094FC8A48B5
:108400000078012838D189480078012805D18549AC
:10841000C8720020854908700DE085480078012861
:1084200006D102207F49C87200208149087002E00D
:1084300000207C49C87255207A490870562048703F
:10844000F42088700A20C87002200871F02048715A
:1084500000208871C8710872487288720873487366
:108460000F21704804F05FFC00206F4908706D48D0
:10847000C07A08B10120087000BF00BF6F480078C3
:1084800028B96948007810B901206D49086010BD0D
:1084900000216C4A11706C4A11706C4A11606C4A70
:1084A00011606C4A11606C4A11606C4A11606C4A30
:1084B00011606C4A11606C4A11606C4A11606C4A20
:1084C00011606C4A11606C4A11606C4A11606C4A10
:1084D00011606C4A1160FF216B4A117000216B4AD8
:1084E00011606B4A11706B4A117001216A4A117058
:1084F00000216A4A11706A4A11706A4A11706A4A08
:10850000117000200CE0002100EB4002674B03EBF0
:10851000C202516000EB400203EBC2025170401CEA
:108520000A28F0DB002017E0002100EB4002604B3E
:1085300003EBC202517000EB400203EBC202516038
:1085400000EB40025B4B03EBC202517000EB4002B8
:1085500003EBC2025160401C0A28E5DB0021564AA9
:108560005160564A1160544A9160544A5160524ACF
:10857000D160524A9160D16011615161117651769A
:108580004F4A116001212E4A121D1160121D116007
:10859000121D1160121D1160121D1160121D11605B
:1085A000121D1160264A74321160121D1160121DD5
:1085B0001160121D1160224A60321160204AC432DB
:1085C0001160121D1160121D1160704770B50446D4
:1085D0000D4601201A4948310860091D0860022132
:1085E000384808F032F80221364808F05EF93223A4
:1085F00022460121334807F071FF0221314808F07B
:108600004EF902212F4808F01CF82F4802F0E9FA31
:108610002D48456002F0EFFA2B4802F0DDFA70BDFC
:1086200030060020BC070020F8010020A101002036
:10863000A2010020990100209A010020CC00002016
:108640007C4800404F0100204003002038010020FA
:108650003C01002040010020080300200C03002002
:10866000C8020020CC020020C0020020C40200206A
:10867000A8020020AC020020B0020020B4020020BA
:10868000B8020020BC020020430300205801002053
:10869000D800002072010020740100206D0100202C
:1086A0006E0100201703002014030020840A00201C
:1086B000A40800209409002010050020880800204C
:1086C0003C030020009005400000054010B5FE4826
:1086D000007817284BD2DFE810F017004B00B900E4
:1086E000ED004A004A004A004A004A004A009A0146
:1086F000DC016A02C3024A00080366039403000413
:10870000A504D3043F057B050120F04908702A2009
:10871000EF490860EF4AF04B1B78D15CEF4AF04B11
:108720001B78D05C02F08CFA0020EE490860EE481D
:10873000EE49097850F82100ED490860ED48EB4911
:108740000978405CE24909684843EB490860002029
:10875000EA490860E8480168E5480068FFF736FF25
:108760000120D9490870E6480068E64908601DE222
:10877000E5480078012868D10220E3490870D6480E
:108780000078401CD44908700020D0490870DF48A8
:10879000D0F8DC00DE49096888421AD2DC4800685B
:1087A000DC490968884214D3D9480168D748C0F821
:1087B000DC10C9480078401EC1B2D44880F8D910F6
:1087C000CA480078D4490870D4480168CF48C0F836
:1087D000E010C148007812282FDB0120BE49087044
:1087E000C2480078401CC149087008460078082833
:1087F0001FDBC648D0F8E010C64800685030814200
:108800000FD9C24890F8D90058B10120B449087076
:10881000BE4890F8D900B04908700220AA490870F3
:108820000EE0FFF735FE0020BD490870A74908702B
:1088300006E00020A449087002E00020A249087068
:108840000020B3490860B549086090E72A20A04994
:108850000860A04AA04B1B78D15CA04AA04B1B78B3
:10886000D05C02F0EDF900209E4908600120974994
:1088700008709D48A849097850F821009C49086073
:108880009C48A5490978405C9149096848439A4940
:10889000086000209949086097480168944800687A
:1088A000FFF794FE032088490870954800689549B1
:1088B00008605CE79448007801286ED10220924954
:1088C000087087480078401C8549087000207F495F
:1088D00008709448D0F8DC008D490968884216D2A7
:1088E0008B4800688B490968884210D38848016822
:1088F0008C48C0F8DC107A480078401EC1B2894824
:1089000080F8D910854801688648C0F8E01074489E
:1089100000781B2874DB0120714908708148D0F869
:10892000E0107C4800685030814262D97D4890F860
:10893000D90000285DD00A206349087000207A49D8
:1089400008707548007820B9784800787249087036
:108950003EE071480078012804D1744840786E499F
:10896000087035E06C480078022804D16F488078A0
:10897000694908702CE068480078032804D16B48E6
:10898000C0786549087023E063480078042805D161
:1089900066480079604908701AE037E05E48007860
:1089A000052804D1614840795B49087010E05A48B5
:1089B0000078062804D15D4880795749087007E09F
:1089C00055480078072803D15848C07952490870A3
:1089D00051480078801E45490870002054490870AD
:1089E0005449086054490860544908604349086084
:1089F00009E0FFF74DFD00203449087003E0FFE770
:108A0000022031490870002041490860AFE637482C
:108A100000782A2802DDFFF73BFD39E02C202C49A5
:108A20000860404890F8D9002D490870374890F800
:108A3000D90029490870274A0B461B78D15C274A80
:108A4000274B1B78D05C02F0FBF80020254908601A
:108A50003B482649097850F82100254908603948E3
:108A600022490978405C1A4909684843224908604C
:108A700022480078344908701F4801681C48006883
:108A8000FFF7A4FD0B201049087001200F49087062
:108A9000DDE31D48007801287ED114480078244980
:108AA000097801EB4101294A02EBC10148701848DD
:108AB00000681F49097801EB410102EBC1014860E0
:108AC000164800681A4943E0D8000020FC00002046
:108AD000340100201708002074010020FC0700204A
:108AE0007201002054010020DC2201006D010020F1
:108AF0007C020020FC2201008002002044010020B2
:108B000028010020680100204C0100209409002069
:108B10005C010020580100206E010020600100204F
:108B20004E010020A4080020300100200423010091
:108B300042030020380100203C01002040010020B9
:108B40003C250100E425010025010020840A0020C5
:108B5000097801EB410102EBC1018860F748007818
:108B6000F649097801EB410102F83100F448007838
:108B7000401CF3490870F1480078401CEF49087028
:108B80000220F0490870ED480078052808DB002035
:108B9000EA4908700C2000E008E0EB49087002E0A8
:108BA0000A20E94908700020E84908604FE30021E5
:108BB000E748C167002415E004EB4400E44901EBF9
:108BC000C0004168E248C06F814209D904EB44000B
:108BD000DF4A02EBC0011822DD48783008F004FCBF
:108BE000601CC4B2052CE7DBD94890F87900D9495C
:108BF0000870D74890F87900801ED1490870D44891
:108C0000D0F88000642806D9D348007818B901202C
:108C1000D14908700BE0D0480078012807D1CC4832
:108C2000D0F880003C2802D20020CB49087003F025
:108C30003FFB03F0E5FBC648D0F88000B0F51B7F92
:108C40000AD2C4480078172806D1C24800781828EC
:108C500002D1FFF71DFC02E00D20BB490870F6E2CF
:108C6000BE48007818B1BD48007804281CD103F034
:108C7000B8FFBB480068BB49884207D9B7480078AD
:108C800020B9B9488068B649086011E0B448006866
:108C9000B64988420CD9B1480078042808D1B248B6
:108CA0008068AF49086003E00020AF49487648611A
:108CB000AB4800680A21B0FBF1F0AD490860A84854
:108CC0000068AC49086003F0B1FDAB49C86803F027
:108CD000FBFEA949C8600F209B4908700020A749E6
:108CE00008700120A6490870B1E2A64890F8D900A2
:108CF000A5490870A54890F8D900A5490870A24870
:108D00000078A4490870A2480078A3490870102090
:108D10008D4908709C48007800F0800038B99A4866
:108D200000781A2803DC98480078012801DAFFF758
:108D3000AFFB9448D0F8E00040F28371884219D923
:108D40009048D0F8E00040F6B861884205D99348D1
:108D500000680A309149086004E090480068401CAF
:108D60008E4908608D4800682D2817D92D208B4921
:108D7000086013E08348D0F8E00040F207718842B1
:108D80000CD28648006848B184480068401E834978
:108D900008600846006808B9002008607F4800683D
:108DA0007F49086053E27E4800787E49087032208F
:108DB0007D4908601120644908707C4A744B1B7817
:108DC000D15C7B4A704B1B78D05C01F039FF0020EE
:108DD0007849086078485F49097850F82100774958
:108DE000086077485B490978405C6F4909684843E7
:108DF000744908600846016870480068FFF7E6FBA0
:108E000025E250480078012866D102204D490870BB
:108E10005D4800785949097801EB4101594A02EB54
:108E2000C1014870494800685449097801EB410183
:108E300002EBC1014860514800785049097801EBC4
:108E4000410102F83100604800684C49097801EBA3
:108E5000410102EBC101C8605C48006847490978DC
:108E600001EB410102EBC101886044480078401CDD
:108E700042490870104690F8D900434908703F48AD
:108E80000078062806DA3D480078012802DD19201E
:108E9000FDF725FB394800784D490978884215DBF4
:108EA0000020364908703748806B3E280AD835487C
:108EB000006D3E2806D83348806E3E2802D8FFF762
:108EC000E7FA06E012202049087002E010201E494F
:108ED000087000201D490860B9E12A4890F8D900BF
:108EE00029490870294890F8D900294908701320A9
:108EF000154908702648007800F0800038B92448E9
:108F00000078112803DC22480078012801DAFFF7F5
:108F1000BFFA1E48D0F8E00040F28371884268D959
:108F20001A48D0F8E00040F6B861884254D9294880
:108F300000680A302749086053E00000420300201F
:108F40006D0100204C010020D80000205C010020B1
:108F5000840A00206E01002040030020430300200B
:108F60002C030020E4C307008808002090BE060000
:108F7000380300203C030020100500207001002071
:108F800014030020A408002072010020940900208E
:108F900074010020730100207501002038010020B9
:108FA0004401002025010020340100201708002082
:108FB000FC070020540100203C2501007C02002019
:108FC000E4250100800200206401002060010020EF
:108FD000710100203C010020F9480068401CF8495C
:108FE0000860F74800682D2817D92D20F44908603B
:108FF00013E0F448D0F8E00040F2077188420CD248
:10900000EF48006848B1EE480068401EEC4908602F
:109010000846006808B900200860E9480068EA4985
:10902000086014E1E8480078E84908703220E8490F
:1090300008601420E7490870E74AE84B1B78D15CC8
:10904000E74AE84B1B78D05C01F0FAFD0020E649C6
:109050000860E648E649097850F82100E5490860CB
:10906000E548E3490978405CD94909684843E34940
:10907000086008460168DF480068FFF7A7FAE6E0E5
:10908000DF480078012866D10220DD490870D34806
:109090000078DC49097801EB4101CA4A02EBC101C1
:1090A0004870D9480068D749097801EB410102EBC3
:1090B000C1014860D3480078D249097801EB4101E9
:1090C00002F83100D1480068CE49097801EB41012E
:1090D00002EBC101C860CE480068CA49097801EBBB
:1090E000410102EBC1018860C6480078401CC549B7
:1090F0000870104690F8D900B8490870C148007847
:10910000062806DABF480078012802DD1920FDF79D
:10911000E6F9BC480078BF490978884215DB002091
:10912000B8490870A748806B3E280AD8A548006D4A
:109130003E2806D8A348806E3E2802D8FFF7A8F93B
:1091400006E01520A349087002E01320A149087029
:109150000020AD4908607AE001F00AFF01F042FF0B
:1091600001F087FF01F060FE01F0ABFEAA48016844
:10917000AA48006802F088F802F053FC02F0B9F93E
:10918000A7480078042802D002F02BF801E002F092
:10919000B1FC02F0B8FCA3480078A349C870A1480C
:1091A0000088000A0871A148007848719F4800882B
:1091B000000A88719E480078012802D102209C494B
:1091C000087001209B4908601620824908703EE023
:1091D0000A20804908700020954908709648D0F808
:1091E000800040F28371884218D99348D0F88000FB
:1091F000B0F57A6F05D9914800680A308F49086048
:1092000004E08E480068401C8C4908608B48006868
:109210000F2817D90F208949086013E08648D0F835
:10922000800040F2077188420CD28448006848B13F
:1092300082480068401E814908600846006808B9F5
:10924000002008607D4800685F49086000BF00BFDB
:1092500010BD10B5FFF73AFA79480068022803D12B
:1092600000207849086005E075480068012801D1B0
:10927000744908607448007818B974480078002868
:1092800067D06F480068022827D16F48007800280F
:109290005FD055206E49087056204870F3208870C2
:1092A0000A20C87002200871F220487101208871DC
:1092B00068480078C87168480078087200204872D1
:1092C0008872C872087348730F21614803F01BFD50
:1092D00000BF00205C4908703BE059480068012845
:1092E00037D159480078C8B102205C490870F22093
:1092F00048700120887057480078C8705648007838
:109300000871002048718871C87108724872084657
:1093100002F09DFE00BF00204B4908704B480078CA
:10932000B8B102204D490870B420487011208870EF
:109330001220C87001200871487100208871C8711E
:1093400008724872084602F082FE00BF00203F49C2
:10935000087043480078012816D13948006802286F
:1093600006D140480068012802D1FEF7BBFE0BE0A1
:1093700033480068012807D100BF3B480068002837
:10938000FBD00020384908603848007801286FD1A8
:109390002B480068022802D1FEF7A4FE0BE0284803
:1093A0000068012807D100BF2F4800680028FBD0C3
:1093B00000202D49086000202C4908705AE057E031
:1093C0003C010020940900204401002025010020D8
:1093D00034010020D800002017080020740100206C
:1093E000FC07002072010020540100203C250100F0
:1093F0006E0100207C020020E42501008002002094
:109400004C010020700100205C010020640100205C
:109410006001002071010020AC020020A8020020A1
:1094200015030020C802002072080020CC02002092
:10943000140300200C480040840A00204001002052
:10944000240300202C490040980300209E030020A4
:10945000BC07002097030020990300207C07002010
:10946000F8010020C0030020200300209901002003
:10947000FEF7DFF9FB480078F8B9FB4800780128CF
:1094800006D103F08EFC42F21070FCF754FF14E09A
:10949000F6480078012806D103F098FC4FF47A7062
:1094A000FCF749FF09E0F2480078012805D103F0F4
:1094B000A2FC4FF47A70FCF73EFF0020ED490860F3
:1094C00010BD10B500220121EB4806F04DFF00222F
:1094D0000221E94806F048FF00220421E64806F090
:1094E00043FF00220821E44806F03EFF002210213D
:1094F000E14806F039FF00224FF40051DE48C03049
:1095000006F032FF00224FF40061DB4806F02CFF2A
:1095100000224FF48051D84806F026FF0120D74999
:10952000087248720121D5480177417780F83010E0
:1095300080F8311080F8441080F8451080F85810F9
:1095400080F8591080F86C1080F86D1080F8801049
:1095500080F8811080F8941080F8951010BDFCF709
:10956000D9FEFCF7FFFE01F033FBFCF79EFFFFF78F
:10957000A8FFFDF74BFAFDF7E7F90022C049C14803
:1095800004F061FF02F081FC04F076FF352001F069
:1095900014FB03213520FCF7ADFE0020B549C03196
:1095A0000860B44970310860002404E04FF47A7018
:1095B000FCF795FF641C40F2DC508442F6DB01208E
:1095C000AC497031086000BFAF4800780228FBDB6F
:1095D000AE480068022839D1AB480078022835DB54
:1095E000AB480078002830D00020A949087001203D
:1095F000A04970310860A748007800F001000028F9
:1096000023D1A448007820F00100401CA149087033
:109610000846007820F00200801C087001224020DB
:1096200002F056FDFCF776FE9B48006920F08000B2
:10963000994908610846006920F01000086106F0A9
:1096400050F906F057F901F0C3FA75E08F48006849
:10965000012838D18C480078022834DB8C48007807
:10966000002869D000208A490870012081497031A2
:1096700008608848007800F0010000285CD0854828
:10968000007820F00100834908700846007820F037
:109690000200801C08700122402002F019FDFCF736
:1096A00039FE7D48006920F080007B49086108464A
:1096B000006920F01000086106F013F906F01AF9AD
:1096C00001F086FA38E071480068A8BB6E4800785F
:1096D000022831DB6E48007870B300206C490870B6
:1096E00001206449703108606A48007800F0010088
:1096F00010B36848007820F00100664908700846F9
:10970000007820F00200801C08700122402002F046
:10971000DFFCFCF7FFFD6048006920F080005E4937
:1097200008610846006920F01000086106F0D9F8C9
:1097300006F0E0F801F04CFA05E0FFF78AFDFDF7CE
:1097400074FBFDF7EEF8F8E74A49343109684B4AF3
:109750001172484938310968CAB248490A774549FF
:109760003C310968CAB2454981F83020414940314D
:109770000968CAB2414981F844203E494431096828
:10978000CAB23E4981F8582044490968CAB23B49E7
:1097900081F86C20097A394A527A914260D00121CD
:1097A0003F4A11703549097A01295AD10021334ABB
:1097B00011743C494A783C49097891433A4A1170FE
:1097C0002E49487C4AE0394A411C515C11541146EB
:1097D000095C374A1278914203D1284981F8250063
:1097E0003AE03249095C334A1278914203D1234965
:1097F00081F8390030E02D49095C2F4A12789142F6
:1098000003D11E4981F84D0026E02849095C2B4A06
:109810001278914203D1194981F861001CE0234973
:10982000095C274A1278914203D1144981F87500E6
:1098300012E01E49095C234A1278914203D10F4974
:1098400081F8890008E01949095C1F4A12789142A1
:1098500002D10A4981F89D00411CC8B20628B2DB3A
:1098600061E033E0FC0000209A0300209B0300200D
:109870009C0300200C480040404000407004002041
:109880000DBF0000C42201001803002014040020B2
:10989000250200202C02002000000C40344900402A
:1098A00099010020810100209A010020300600204B
:1098B00084010020870100208A0100208D01002002
:1098C000900100209301002096010020FE490978B4
:1098D000FE4A1174FC494978FD4A12781143FC4A4A
:1098E00011700021FB4A117000201AE0FA49F94A70
:1098F0001278895C71B9F749097805290ADCF349BE
:10990000097CF54AF34B1B78D154F2490978EF4AA8
:1099100051740620EF490978491CEE4A1170411C28
:10992000C8B20628E2DBE949097AE84A51721146D1
:109930000A7F497F8A4261D00121E84A1170E349D8
:10994000097F01295BD10022E04981F82420E44904
:109950004A78DF4909789143DD4A1170DB4991F873
:10996000250049E0DC4A411C515C11541146095C58
:10997000D54A1278914202D1D44948743AE0D64986
:10998000095CD84A1278914203D1D04981F8390054
:1099900030E0D149095CD44A1278914203D1CB49D5
:1099A00081F84D0026E0CC49095CD04A12789142FA
:1099B00003D1C64981F861001CE0C749095CCC4A63
:1099C0001278914203D1C14981F8750012E0C24971
:1099D000095CC84A1278914203D1BC4981F88900D8
:1099E00008E0BD49095CC44A1278914202D1B749E6
:1099F00081F89D00411CC8B20628B3DB2FE0B849AE
:109A00000A78B24981F82420B5494978B04A1278D9
:109A10001143AF4A11700021AE4A117000201CE0C2
:109A2000AD49AC4A1278895C81B9AA4909780529FF
:109A30000CDCA64991F82410A74AA64B1B78D154F8
:109A4000A4490A78A14981F825200620A14909786E
:109A5000491CA04A1170411CC8B20628E0DB9B4992
:109A60000A7F4A7791F8302091F831108A4262D00B
:109A700001219A4A1170954991F8301001295BD162
:109A80000022924981F8382096494A78904909780D
:109A900091438F4A11708D4991F8390049E08E4AFF
:109AA000411C515C11541146095C8D4A1278914257
:109AB00003D1864981F8250039E08749095C824A4B
:109AC0001278914202D18149487430E08249095CA0
:109AD000854A1278914203D17C4981F84D0026E0F5
:109AE0007D49095C814A1278914203D1774981F816
:109AF00061001CE07849095C7D4A1278914203D1EB
:109B0000724981F8750012E07349095C794A12784C
:109B1000914203D16D4981F8890008E06E49095CE2
:109B2000754A1278914202D1684981F89D00411C22
:109B3000C8B20628B3DB2FE06A490A78634981F886
:109B4000382068494978624A12781143604A117096
:109B50000021604A117000201CE05F495D4A1278C4
:109B6000895C81B95B49097805290CDC574991F872
:109B70003810594A574B1B78D15456490A785349E3
:109B800081F83920062053490978491C514A11703F
:109B9000411CC8B20628E0DB4C4991F8302081F81E
:109BA000312091F8442091F845108A4262D0012179
:109BB0004A4A1170454991F8441001295BD10022AD
:109BC000424981F84C2048494A78414909789143F3
:109BD0003F4A11703D4991F84D0049E03E4A411C11
:109BE000515C11541146095C3D4A1278914203D1EF
:109BF000364981F8250039E03749095C394A12783D
:109C0000914203D1314981F839002FE03249095C92
:109C10002D4A1278914202D12C49487426E02E49EF
:109C2000095C324A1278914203D1284981F86100D7
:109C30001CE02949095C2E4A1278914203D123493C
:109C400081F8750012E02449095C2A4A1278914291
:109C500003D11E4981F8890008E01F49095C264AA2
:109C60001278914202D1194981F89D00411CC8B275
:109C70000628B3DB4AE01C490A78144981F84C20D5
:109C800019494978124A12781143114A117000217A
:109C9000104A1170002037E00F490E4A1278895C93
:109CA00081B90C49097805290CDC084991F84C1058
:109CB000094A084B1B78D15406490A78034981F8B0
:109CC0004D200620034919E0810100207004002086
:109CD0009A0100209B0100203006002099010020FD
:109CE00084010020870100208A0100208D010020CE
:109CF0009001002093010020960100200978491C62
:109D0000F84A1170411CC8B20628C5DBF64991F823
:109D1000442081F8452091F8582091F859108A4242
:109D200062D00121F14A1170EF4991F858100129D0
:109D30005BD10022EC4981F86020ED494A78ED4979
:109D400009789143EB4A1170E74991F8610049E0C5
:109D5000E94A411C515C11541146095CE74A1278EA
:109D6000914203D1E04981F8250039E0E249095CDC
:109D7000E34A1278914203D1DB4981F839002FE0A0
:109D8000DD49095CDF4A1278914203D1D64981F856
:109D90004D0025E0D849095CDB4A1278914202D196
:109DA000D14948741CE0D449095CD84A12789142E0
:109DB00003D1CD4981F8750012E0CF49095CD44A3E
:109DC0001278914203D1C84981F8890008E0CA4954
:109DD000095CD04A1278914202D1C34981F89D00B2
:109DE000411CC8B20628B3DB2FE0C1490A78BE493E
:109DF00081F86020BE494978BE4A12781143BD4AB5
:109E000011700021B74A117000201CE0BA49B54A10
:109E10001278895C81B9B349097805290CDCB2490B
:109E200091F86010B44AAF4B1B78D154AD490A7811
:109E3000AD4981F861200620AA490978491CA94A40
:109E40001170411CC8B20628E0DBA74991F85820E0
:109E500081F8592091F86C2091F86D108A4262D0F7
:109E60000121A24A1170A04991F86C1001295BD11F
:109E700000229D4981F87420A4494A789D490978B7
:109E800091439C4A1170984991F8750049E09A4AAB
:109E9000411C515C11541146095C984A1278914258
:109EA00003D1914981F8250039E09349095C944A2E
:109EB0001278914203D18C4981F839002FE08E4904
:109EC000095C904A1278914203D1874981F84D008C
:109ED00025E08949095C864A1278914203D182497A
:109EE00081F861001BE08449095C874A127891423D
:109EF00002D17D49487412E07F49095C844A127896
:109F0000914203D1784981F8890008E07A49095CD7
:109F1000804A1278914202D1734981F89D00411C18
:109F2000C8B20628B3DB2FE078490A786E4981F879
:109F30007420764949786F4A127811436D4A11703E
:109F40000021684A117000201CE06B49654A1278B4
:109F5000895C81B96349097805290CDC624991F86B
:109F60007410654A5F4B1B78D1545E490A785E498C
:109F700081F8752006205B490978491C594A1170FF
:109F8000411CC8B20628E0DB574991F86C2081F8E3
:109F90006D2070476048007810B1012816D116E096
:109FA0005E4800685E49086000205E4908605E49BE
:109FB00008605E4908605E4908605E4908705E4955
:109FC000087055480078401C5349087040E15348D8
:109FD000006853490968401A02281FD8574800688A
:109FE000012805D14F480068401C4E49086004E034
:109FF0004D480068401C4C4908605048001D0068EE
:10A00000012805D149480068401C484908601EE104
:10A0100047480068401C4649086018E1414800680C
:10A0200041490968884203D901204549087008E080
:10A030003C4800683C490968884202D200204049F7
:10A0400008703A4800683A490968884203D90120F3
:10A050003C49087008E0354800683549096888427D
:10A0600002D2002037490870354800783549097810
:10A07000884277D134480068401C3349086008465C
:10A080000068022805D30220086001202F490870CB
:10A09000C8E000202D4908702D48007801280DD116
:10A0A000284800782B490978884207D0022028499F
:10A0B0000870012020490870274908702748007857
:10A0C00001280DD11E48007825490978884207D01B
:10A0D0000220224908700120164908701E490870A4
:10A0E000A0E03FE09B0100207004002099010020C7
:10A0F0008D0100209A0100203006002084010020FC
:10A10000870100208A0100208101002090010020A9
:10A1100093010020960100209F0100202C010020C7
:10A12000BC010020D8010020DC010020E00100205B
:10A13000E4010020A2010020A10100206C480040A1
:10A14000A5010020A7010020C8010020A0010020D7
:10A150009D010020AE010020F80100209E0100209A
:10A16000AD0100200020F9490860F9480078012875
:10A170003AD1F8480078F8490978884215D0F5486E
:10A180000078F649097888420FD0F3480078F449FE
:10A1900008700020F34908700120F349087000207E
:10A1A000F2490870F24908601AE0EA480078EA4982
:10A1B0000978884214D0E8480078EE490978884246
:10A1C0000ED0E4480078EC4908700020E54908709A
:10A1D000E54908700120E54908700020E74908605A
:10A1E0000020DB4908701DE0DF48007802280AD112
:10A1F000D8480078D9490978884204D0DC480068FA
:10A20000401CDB490860D948007802280AD1D248AE
:10A210000078D8490978884204D0D8480068401CA2
:10A22000D6490860CB480078CC490870CA48007805
:10A23000D04908700020D2490860D2490860D2494C
:10A240000860D2490860D2480068D249086000BF5F
:10A2500000BF704710B5D048007801283ED10020DB
:10A26000CE490870CE490870CE480068C0430978CE
:10A2700060F30001CA480170CA48001D0068C0436D
:10A28000C749097860F34101C5480170C5480830E5
:10A290000068C043C249097860F38201C048017078
:10A2A000C0480C300068C043BD49097860F3C30161
:10A2B000BB480170BB4810300068C043B8490978FA
:10A2C00060F30411B6480170B648F4300068C0432A
:10A2D000B349097860F34511B14801700020B149D4
:10A2E0003C310860B0480078012806D0022859D0D7
:10A2F00003287DD004287CD1ADE0A7480078012850
:10A300001BD10620A9490870A94800784870A948BF
:10A3100000788870A7484078C870A648807808718F
:10A32000A448C0784871A34800798871A148407951
:10A33000C871084601F05EFE00BF9F480078012802
:10A340002FD1062099490870012048700020C8705C
:10A35000087148718871C87198480078012805D142
:10A36000572088700020954908700EE094480078C6
:10A37000012806D156208D49887000209049087028
:10A3800003E00020894948708870884801F032FE57
:10A3900000BF0020884908708448807808B10120F7
:10A3A0000870AAE07C48007801281BD106207F496C
:10A3B00008707F48007848707E48007888707D4833
:10A3C0004078C8707B48807808717A48C0784871B6
:10A3D00078480079887177484079C871084601F05B
:10A3E00009FE00BF74480078012832D1062001E040
:10A3F00030E07EE06D490870012048700020C87090
:10A40000087148718871C8716C480078012805D1BD
:10A41000572088700020694908700EE0684800786D
:10A42000012806D1562061498870002064490870CF
:10A4300003E000205D49487088705C4801F0DAFD57
:10A4400000BF00205C4908705848807808B101209E
:10A45000087052E051E050480078012813D10220E2
:10A4600052490870F02048704D48007888700020EC
:10A47000C870087148718871C871087248720846BE
:10A4800001F0E5FD00BF4C480078012830D14B4871
:10A490000078012805D14549C87100204749087056
:10A4A0000DE047480078012806D102203F49C871D5
:10A4B00000204349087002E000203C49C871022096
:10A4C0003A490870F020487000208870C870087100
:10A4D0004871887108724872084601F0B8FD00BFE3
:10A4E0000020354908703148C07908B10120087052
:10A4F00003E002202C49087000BF00BF2848007804
:10A5000030B92D48007818B9012026493C3108603F
:10A5100010BD10B52B48007803287DD12A4800785B
:10A52000032879DC294800780028F6D101201D494C
:10A530003C3108602648007801284BD002287CD0A6
:10A5400003286BD004286AD1CAE00000C8010020AB
:10A55000A0010020A5010020A7010020A6010020E5
:10A56000AE0100209F0100209D0100209E010020DF
:10A57000B4010020A8010020AD010020B801002096
:10A58000D8010020DC010020E0010020E4010020CF
:10A590002C010020BC01002099010020CD000020EA
:10A5A000CC000020404800409C0100207C07002097
:10A5B0009A01002030060020F8010020A1010020AF
:10A5C000A201002030010020D8000020400300201C
:10A5D000150300205520FE49087056204870F420CD
:10A5E00088700A20C8700920087100204871F94855
:10A5F00000788871F7480088000AC871F64800782A
:10A600000872F5480088000A487200208872C872F3
:10A61000087348730F2103E0C3E00EE05DE08EE0B5
:10A62000EB4802F080FB00BF0020EC490870E848CE
:10A63000407908B10320087085E0E94800680128E6
:10A640001BD1E8480068022817D1E7480278E248A1
:10A650000168E0480068FCF710FEE4480078DC4937
:10A660008871E2480088000AC871E14800780872E1
:10A67000DF480088000A48720EE0D6480078D449C6
:10A680008871D4480088000AC871D34800780872DD
:10A69000D1480088000A48725520CD4908705620DC
:10A6A0004870F42088700A20C87007200871C02004
:10A6B000487100208872C872087348730F21C4481B
:10A6C00002F031FB00BF0020C4490870C048407947
:10A6D000C02801D00320087035E0FCF7F9FC32E017
:10A6E0005520BB49087056204870F42088700A2015
:10A6F000C87002200871C0204871B648007888717F
:10A70000B4480088000AC871B34800780872B2489B
:10A710000088000A487200208872C8720873487363
:10A720000F21AB4802F0FFFA00BF0020AB490870D0
:10A73000A7484079C02801D00320087003E0012019
:10A74000AC49087000BF00BF0020AB490860AB49AE
:10A750000860AB490860AB490860AB490860AB4989
:10A760000860AB490860AB490860AB490860AB4979
:10A770000860AB490860AB490860AB49C860AB49A9
:10A780008860A9494860A9490860A7498860A74925
:10A790004860C8600861486108764876A449087036
:10A7A0000AE2A44800780228FADBA3480078FF28D0
:10A7B000F6D0A24800780128F2D19B48C06810B9B1
:10A7C0009D48007830B19848C06838B99A480078F8
:10A7D000042803D101209A49087004E00020994917
:10A7E00008609749087093480078032845D1964837
:10A7F000007830B10020954948718871814908601E
:10A8000018E093480078A8B17A480078042808D165
:10A81000904800788D4948718E480088000A8871F8
:10A8200008E00F20894948712720887142F20F7093
:10A83000744908608848007830B100208349C870A6
:10A8400008716F49086018E084480078A8B1694829
:10A850000078042808D1824800787C49C870804874
:10A860000088000A087108E07F207849C8703E20FF
:10A87000087143F67F60624908605E4800780128ED
:10A8800006D002284AD003287DD004287CD11BE1C1
:10A890006548C06838B968480078002101EB40007D
:10A8A0007049087014E04D48007850B9624800784B
:10A8B000002101EB40006B49087000205A49C86034
:10A8C00006E05D480078012101EB40006549087011
:10A8D00055203F49087056204870F42088700820A1
:10A8E000C870092008715F48007848715748C078DF
:10A8F000887156480079C8715448407908725348A5
:10A90000807948724848007B887247488089000AED
:10A91000C8720F212E4802F006FA2BE14248C068A7
:10A9200050B945480078A02101EB40004D4908701E
:10A9300000204D49087017E001204B490870274856
:10A94000007850B93C480078A02101EB400045490F
:10A95000087000203449C86006E037480078A1211B
:10A9600001EB40003F4908701D48006801281ED1D6
:10A970001C48006802281AD11B4802782148016847
:10A980001F48006801E09CE0F0E0FCF776FC174807
:10A9900000780F49887115480088000AC87114486A
:10A9A0000078087212480088000A48720EE01448C5
:10A9B00000780749887112480088000AC871114858
:10A9C000007808720F480088000A487255204DE050
:10A9D000BC070020100100201401002030010020DD
:10A9E0001402002014040020180200207C01002022
:10A9F0007801002015030020080300200C0300202C
:10AA0000C8020020CC020020C0020020C4020020A6
:10AA1000A8020020AC020020B0020020B4020020F6
:10AA2000B8020020BC020020100500208808002089
:10AA30008001002014030020430300204003002075
:10AA40004F0100207C480040A20200207208002034
:10AA5000A30200200C010020A4020020A502002077
:10AA600008010020500100204403002065490870BF
:10AA700056204870F42088700A20C870072008719A
:10AA80006148007848716148C07888715F480079F2
:10AA9000C8715E48407908725C48807948725C48A9
:10AAA000007B88725A488089000AC8725948007829
:10AAB00008735948007848730F21524802F033F95F
:10AAC00058E0FCF705FB55E05148C06850B95348C1
:10AAD0000078A02101EB40004B490870002050494C
:10AAE000087017E001204E4908704E48007850B9B0
:10AAF0004A480078A02101EB40004349087000203B
:10AB00004349C86006E045480078A12101EB4000B8
:10AB10003D49087055203B49087056204870F42084
:10AB200088700A20C8700220087137480078487180
:10AB30003648C078887135480079C8713348407903
:10AB400008723248807948723148007B88723048F8
:10AB50008089000AC8722F48007808732E48007850
:10AB600048730F21274802F0DEF803E001202E4948
:10AB7000087000BF00BF00BF2248C0792B490860A1
:10AB800020488079096800EB0120284908601D48A9
:10AB9000407A274908601B48007A096800EB0120C9
:10ABA000234908601A48C0682249086003201D49EB
:10ABB000087000202049087010BD00F01F0201211C
:10ABC00091404209920002F1E022C2F80011704760
:10ABD00000201A4908607047016841F08041016017
:10ABE0007047016821F0804101607047016841F0C1
:10ABF000005101607047816821F0020141F00101BC
:10AC000081607047BC0700205001002072080020BE
:10AC100010050020A0020020A10200204303002014
:10AC20004403002030010020150300201001002003
:10AC30001401002010030020FC000020000100404F
:10AC4000C0F3C0126F4B1A60C0F380126D4B2033FB
:10AC50001A60C0F340121B1F1A60C0F300121B1FC2
:10AC60001A60C0F3C0021B1F1A60C0F38002654B5C
:10AC70006C331A60C0F340021B1F1A6000F001021F
:10AC80001B1F1A608A095F4B443B1A604A091B1F4D
:10AC90001A600A091B1F1A60CA081B1F1A608A085B
:10ACA0001B1F1A604A081B1F1A601A1F1160704789
:10ACB00010B5002000210122F823534C237000BF5F
:10ACC0001AE0002115E0032809D0504B13F820307A
:10ACD0004F4C645C23444C4CA354521C08E04B4B37
:10ACE00013F820304B4C645C2344474CA354521C53
:10ACF000491C0729E7DD401C0428E2DD10BD10B522
:10AD0000002000210122F823434C237000BF1AE0E9
:10AD1000002115E0022809D0404B13F82030404CA8
:10AD2000645C23443C4CA354521C08E03B4B13F896
:10AD300020303C4C645C2344374CA354521C491CC7
:10AD40000729E7DD401C0328E2DD10BD01212D4A63
:10AD50005C3A1160121D1160121D1160121D11600C
:10AD6000121D1160121D1160121D1160C109254ACA
:10AD70001160C0F38011234A20321160C0F34011EA
:10AD8000121F1160C0F30011121F1160C0F3C00147
:10AD9000121F1160C0F380011A4A6C321160C0F3B7
:10ADA0004001121F116000F00101121F1160704775
:10ADB0000121144A14321160121D1160121D11601C
:10ADC000121D11600F4A11600E4A64321160121D8B
:10ADD0001160121D116081110A4A443A116041113B
:10ADE000121F11600111121F1160C110121F11609A
:10ADF0008110121F11604110121F1160111F086095
:10AE000070470000DC480040FC07002034020020AE
:10AE10005C0200206C02002017080020480200207D
:10AE200064020020740200204C4949684C4A1268B0
:10AE3000914245D349494968494AD2F85021914243
:10AE40000ED946494968464AD2F85021891A444ADF
:10AE5000126848F240331A441144424A11602FE00C
:10AE600000202BE03D4949683D4A52F8202091429C
:10AE700022D93A493A4B4A68411C53F821108A4278
:10AE80001AD8364949681A4652F82020891A4FF4D0
:10AE9000C8725143421C53F8222053F82030D21A72
:10AEA000B1FBF2F12E4A12684FF4C87303FB002283
:10AEB00011442C4A11605420411C88B25428D1DB23
:10AEC000704726498968284A1268914245D3234928
:10AED0008968254AD2F8D82091420ED91F4989683D
:10AEE000214AD2F8D820891A1F4A126845F26043D5
:10AEF0001A4411441D4A11602FE000202BE017492D
:10AF00008968194A52F82020914222D91349164BD8
:10AF10008A68411C53F821108A421AD80F4989685F
:10AF20001A4652F82020891A4FF4C8725143421C25
:10AF300053F8222053F82030D21AB1FBF2F10A4A1A
:10AF400012684FF4C87303FB00221144074A1160D2
:10AF50003620411C88B23628D1DB7047100500200E
:10AF60000C230100A802002060240100AC02002094
:10AF700010B500240021FB48C0F8E010FA48C0F8E2
:10AF8000E01000BF2BE004EB4400F64901EBC000E9
:10AF90008168F448D0F8E000814209D304EB440012
:10AFA000F04A02EBC0011822EE48D83006F01CFA35
:10AFB00004EB4400EC4901EBC0008168EA48D0F89A
:10AFC000E000814209D304EB4400E74A02EBC001F0
:10AFD0001822E548D83006F007FA601CC4B2092CE4
:10AFE000D1DB10BD2DE9FE43DE4890F8D800DF49E3
:10AFF000087008460078801E00EB4000D94901EB3C
:10B00000C0008468D9480078401E00EB400001EB86
:10B01000C0008568D548007800EB400001EBC00017
:10B020008668D2480078401C00EB400001EBC0006D
:10B030008768CE480078801C00EB400001EBC00020
:10B04000D0F808804FF4A661C848007800EB4000B3
:10B05000C44A02EBC00040783B463246CDE900804E
:10B0600002912946204606F080FBC1494860BDE8B0
:10B07000FE832DE9FE43BC4890F8D800BB49087018
:10B0800008460078801E00EB4000B74901EBC00085
:10B090008468B6480078401E00EB400001EBC00019
:10B0A0008568B248007800EB400001EBC00086687C
:10B0B000AE480078401C00EB400001EBC000876800
:10B0C000AA480078801C00EB400001EBC000D0F8DB
:10B0D00008804FF4A661A548007800EB4000A24A22
:10B0E00002EBC00040783B463246CDE90080029139
:10B0F0002946204606F039FB9D498860BDE8FE835D
:10B100009C48006840F6F61188420BD803209A4903
:10B1100008700120994908700020994908709949E0
:10B12000086025E0934800684CF6D07188420DD93C
:10B1300003209149087001209149087000208F492F
:10B14000087047F6FE408F49086011E089480068A2
:10B15000A0F6F61047F6FE4148434CF2DA51B0FB38
:10B16000F1F088490860002084490870844908701B
:10B170008048406840F6543188420BD803207E490D
:10B1800008700120804908700020804908708049BB
:10B19000086025E07748406847F6A82188420DD925
:10B1A000032075490870012078490870002076490D
:10B1B000087044F61F607649086011E06D484068E9
:10B1C000A0F6543044F61F61484346F65471B0FB74
:10B1D000F1F06F49086000206B4908706B490870F6
:10B1E00070476C48006878B16A48006847F6FE41CD
:10B1F000884209D867480068491048434900B0FBB5
:10B20000F1F0654908600FE06248006818B9002055
:10B210006149086008E05F48006847F6FE418842DF
:10B2200002D948105C4908605C48006880B15B48FE
:10B23000006844F61F6188420AD8584800684910DF
:10B24000484344F61F61B0FBF1F0554908600FE038
:10B250005248006818B900205149086008E04F487A
:10B26000006844F61F61884202D948104C490860C2
:10B270004C480068022806D14748006843F67F61C1
:10B28000081A45490860704738B504460D464648D7
:10B29000006838B93648C06820B100203549C86018
:10B2A00008610876414800903148324B2946C2680F
:10B2B000204606F033FB3C48006860B92C48C06863
:10B2C00048B13B48006830B900202949C8600120D6
:10B2D0003749086002E000203549086038BD0A207F
:10B2E000344908602748006833490968884207D311
:10B2F0002448006830490968401A3049086006E06F
:10B300002D4800681F490968401A2C4908602048E8
:10B3100000682B490968884207D31D4800682849FE
:10B320000968401A2749086006E02548006818495E
:10B330000968401A23490860204800681D490968C7
:10B34000884241D30F48006847F6FE4188423FD803
:10B350000C4800680F4908600A48006816490860F0
:10B3600036E00000A408002094090020D802002044
:10B37000100500208808002014030020A4020020EB
:10B38000A5020020B8020020A2020020A302002093
:10B39000BC020020B8020020C8020020BC0200202D
:10B3A000CC02002014040020100300203C080020E0
:10B3B0009C020020E002002008030020E40200209C
:10B3C0000C030020E8020020F9480068F9490860F1
:10B3D000F9480068F949096888420ED3F8480068BE
:10B3E00044F61F6188420CD8F5480068F5490860AA
:10B3F000F3480068F449086003E0F3480068F14945
:10B4000008607047F1490968E94A1268914207D318
:10B41000EE490968E64A1268891AED4A116006E0A9
:10B42000E3490968E94A1268891AE94A1160E4495E
:10B430000968E54A1268914207D3E1490968E24A7E
:10B440001268891ADC4A116006E0DF490968DC4AA3
:10B450001268891AD84A1160DD490968D64A12680B
:10B46000114481423CD3D949096847F6FE429142D2
:10B4700017D8CF49096861B1D4490968CC4A126824
:10B4800011444908CB4A1160D0490968C84A116083
:10B4900007E0CE490968C74A1160CC490968C44A27
:10B4A0001160C749096844F61F62914220D8C64915
:10B4B000096861B1C2490968C34A12681144490860
:10B4C000C04A1160BE490968BF4A116010E0BC491A
:10B4D0000968BC4A1160BA490968BB4A116007E0B3
:10B4E000B3490968B34A1160B7490968B54A1160A0
:10B4F000704700B5B548006847F61611884205D96F
:10B50000AF48006844F6372188421FD8AF4800682A
:10B51000B0F57A7F05D2AA48006844F63721884200
:10B5200014D8AA48006847F61611884204D9A448DE
:10B530000068B0F57A7F09D3A4480068B0F57A7F37
:10B5400017D29F480068B0F57A7F12D20220A14935
:10B550000870A148D0F8E000B0F5487F05D99F48B1
:10B56000D0F8E000B0F5487F2FD800209C49087043
:10B570002BE09648006847F6161188420FD893488A
:10B580000068B0F57A7F0AD38D48006844F6372109
:10B59000884204D88A480068B0F57A7F12D2012028
:10B5A0008C4908708C48D0F8E000B0F5E17F05D9EF
:10B5B0008A48D0F8E000B0F5E17F06D8002088493D
:10B5C000087002E000208349087000208549086067
:10B5D00080480078022806D18348C06818B11E2030
:10B5E0007649086059E07B480078012806D17E48FA
:10B5F000C06818B11E20714908604EE07A48C068E2
:10B6000018B119206D49086047E072480078022897
:10B6100014D176480068801C7249086008460068AA
:10B620000F2804D37248C07B6449086035E0704835
:10B630006C490968405C614908602EE06548007803
:10B64000012814D169480068401C66490860084612
:10B6500000680F2804D36648C07B584908601CE086
:10B66000634860490968405C5449086015E05948DE
:10B67000007890B95D4800685A490860084600683B
:10B680000F2804D35A48C07B4C49086005E058484D
:10B6900054490968405C4949086048490878FFF7FF
:10B6A000B1FE00BD53480068B0F5C86F10D95148CD
:10B6B000006848F6103188420AD24E484068B0F51A
:10B6C000C86F05D94B48406845F63041884203D3DE
:10B6D00001204949087002E00020474908704548A8
:10B6E000006840F26C71884211D34248006848F605
:10B6F000801188420BD83F48406840F29E718842D2
:10B7000005D33C48406845F6D221884202D9002042
:10B710003549C860704737484068384909688842E9
:10B7200076D83748006835490968884270D92E486C
:10B73000C068D8B333480068C0BB012031490860F5
:10B740002C4840682D490968081A2F490968484360
:10B7500001EE100AB8EE412A2648406828490968D7
:10B76000081A01EE100AB8EE411AC2EE011A244876
:10B77000006822490968401A1E490968484301EED9
:10B78000100AB8EE412A1B4840681D490968081A8A
:10B7900001EE100AB8EE411AC2EE012A71EEA20AB9
:10B7A000BCEEE01A194880ED001A85E030E0000098
:10B7B00008030020C0020020E8020020E002002070
:10B7C000BC020020C40200200C030020B8020020AC
:10B7D000E4020020FC020020A408002094090020BC
:10B7E00040030020DC02002010050020380100206A
:10B7F000EC0200208808002017030020D40200205B
:10B800009802002084020020940200208C02002074
:10B81000D3484068D349096844F61F6211448842FE
:10B820004AD3D048006811460844CF490968884285
:10B8300042D9CE48C068E0B3CD480068C8BB0120FB
:10B84000CB490860C6484068C64909681144401A97
:10B85000C8490968484301EE100AB8EE412AC048B9
:10B860004068C1490968401A01EE100AB8EE411A51
:10B87000C2EE011ABB48006811460844BA4909687B
:10B88000401AB7490968484301EE100AB8EE412A48
:10B89000B3484068B4490968401A01EE100AB8EE8E
:10B8A000411AC2EE012A71EEA20ABCEEE01AB248B9
:10B8B00000E001E080ED001AAD480068012806D1E3
:10B8C0000220AB490860AC480068A5490860A4485C
:10B8D0000068AA490968884245D8A6480068A7496F
:10B8E000096888423FD9A148C068D8B3A448006815
:10B8F000C0BB0120A2490860994800689F490968B7
:10B90000081A99490968484301EE100AB8EE412A1D
:10B910009348006897490968081A01EE100AB8EEC2
:10B92000411AC2EE011A9348006894490968401A06
:10B930008B494968484301EE100AB8EE412A88480D
:10B9400000688C490968081A01EE100AB8EE411A1D
:10B95000C2EE012A31EEA20ABCEEC01A894880ED7F
:10B96000001A52E0FFE77E4800688449096847F6FC
:10B97000FE421144884248D380480068114608447A
:10B980007C490968884240D97848C068E8B37C4857
:10B990000068D0BB01207A49086071480068774987
:10B9A00009681144401A70490968484301EE100AB9
:10B9B000B8EE412A6A4800686E490968401A01EEEB
:10B9C000100AB8EE411AC2EE011A6C48006811461E
:10B9D000084468490968401A61494968484301EECA
:10B9E000100AB8EE412A5E48006862490968401AA8
:10B9F00001EE100AB8EE411AC2EE012A31EEA20A97
:10BA0000BCEEC01A5F4880ED001A5D48006801284E
:10BA100006D102205A4908605A48006850494860D7
:10BA200070474F4800685549096888420BD8032081
:10BA30005549087001205549087000205449087084
:10BA40005449086021E0464800684C49096847F6B7
:10BA5000FE42114488420CD303204B490870012058
:10BA60004B49087000204949087010464949086050
:10BA70000BE00020464908704449087038480068C7
:10BA80003E490968401A43490860354840683549CD
:10BA9000096888420BD803203B49087001203E49C1
:10BAA000087000203D4908703D49086021E02C489D
:10BAB00040682C49096844F61F62114488420CD33F
:10BAC00003203149087000203349087001203349B0
:10BAD00008701046324908600BE000202E490870BB
:10BAE0002E4908701E4840681E490968401A2C49B2
:10BAF000086070472B4800682B4908602B48006895
:10BB00002B490860704700B5ADF53D7D2948C068F8
:10BB10006A902848D0F89C10A0912748C0681090DF
:10BB20002548D0F89C10469124482549254A0023F1
:10BB3000CDE90432CDE90610194611201A22224B14
:10BB40001B78CDE90032CDE9020120480378074A8D
:10BB50000C3209A963A801F0D8FE0DF53D7D00BDAA
:10BB600088080020D4020020980200201005002040
:10BB700084020020940200208C020020D0020020C9
:10BB8000880200209002002014030020A40200205C
:10BB9000A5020020B8020020A2020020A30200207B
:10BBA000BC020020B8020020C8020020BC02002015
:10BBB000CC020020A408002094090020A10200204B
:10BBC000A00200202C080020740100207201002037
:10BBD00000BF5920F949086016208905C1F8000105
:10BBE0008820C1F80001C006D0F800010028F0D07C
:10BBF000704710B503E011F8013B00F8013B131E3C
:10BC0000A2F10102F7D110BD10B50346002111E0E9
:10BC1000EB4C04EB0110026802F00F049C4208D1C7
:10BC2000E74C241D04EB0110026842F0020404609A
:10BC300002E0491C0829EBDB00BF10BD2122E14BCB
:10BC4000DA601A465060916001221A6100BFDD4A35
:10BC50001269002AFBD1704701460020D94AD06002
:10BC600010464160002090600120106100BFD5485F
:10BC700000690028FBD1D348806870470146222024
:10BC8000D04AD060104641600120106100BFCD480D
:10BC900000690028FBD1CB48006800F0400040B1AB
:10BCA000C848006840F04000C64A10604FF0FF30BE
:10BCB00070470020FCE710B5C14848300068C24911
:10BCC00044180E222146C148FFF793FF0E20BC49BD
:10BCD0004C3108600120BE49087010BD0120BD49EB
:10BCE000087070470120BC49087070470120BB49AB
:10BCF0000870704770B5BA484468006900F00F05D5
:10BD000004F0040098B10420B54948600846406931
:10BD100000F0010028B10846006940F09000086179
:10BD200005E0AF48006920F08000AD49086104F0EB
:10BD3000100080B11020AA4948600120A94908607C
:10BD4000A9480078401CA8490870084600781428C3
:10BD500001DD1420087004F0010070B30120A04937
:10BD6000486005F0010068B10120A04908609C48C6
:10BD7000006940F090009A49086100209C490860E1
:10BD800003F039FD05F0020058B102209749086020
:10BD90009348006920F010009149086101209449FE
:10BDA000086005F0040040B18D48006940F0900043
:10BDB0008B49086100208E49086004F0080010B12A
:10BDC00008208749486004F0020000285CD004F095
:10BDD0000040A8B14FF00040814948607848001DFC
:10BDE000006840F001007649091D0860744814306D
:10BDF000006840F0010072491431086003F02BFC28
:10BE000004F4803028B14FF480307549486003F065
:10BE100057FC04F4003028B14FF4003070494860FA
:10BE200003F0ACFC04F4802028B14FF480206C496E
:10BE30004860FFF75BFF04F4002028B14FF40020B6
:10BE400067494860FFF74EFF04F4801028B14FF4B3
:10BE5000801063494860FFF741FF04F4001028B1E7
:10BE60004FF400105E494860FFF725FF04F480009E
:10BE700018B14FF480005A49486004F4000018B12A
:10BE80004FF400005649486070BD00205449886155
:10BE90004FF410704A490860082049490839086081
:10BEA0004FF40870464910310860082044490831B1
:10BEB0000860412042492031086010204049183173
:10BEC000086042203E493031086018203C49283142
:10BED000086043203A4940310860582038493831D9
:10BEE000086023203649503108606C2034494831BD
:10BEF00008600E20091D0860012038490870364985
:10BF00000870344908703249087070471CB568469B
:10BF100002F0DEFA9DF8000000F0800078B19DF894
:10BF20000100012804D0022803D0032802D000BF5A
:10BF300000BF00BF0020FFF767FE00BF3DE09DF897
:10BF40000100092804D00A2827D00B282FD12FE080
:10BF50009DF8030003280BD119481030006840F009
:10BF600080001749103108600020091F086013E0A5
:10BF70009DF8030002280FD111481030006840F0EE
:10BF800080000F49103108609DF80600091F086005
:10BF90000021084602F0B0FA0EE00948006840F0BF
:10BFA0008000074908600020091F086004E000BF06
:10BFB0000020FFF729FE00BF00BF1CBD00010040AC
:10BFC00008050C4000C0004000010C40440B00205C
:10BFD0001C0300201B0300201A030020190300206B
:10BFE00000000C4020030020180300202403002040
:10BFF0002803002070B50446A548007878B1A5480C
:10C000000068A5494518082221462846FFF7F1FD9A
:10C0100000209F49087008209E49091D086070BDD6
:10C0200070B504469D48007880B19A481030006889
:10C03000994945180A2221462846FFF7DAFD0020D3
:10C04000964908700A2093491431086070BD70B594
:10C0500004469348007880B18E48203000688E49AD
:10C0600045180E2221462846FFF7C3FD00208C49C3
:10C0700008700E2087492431086070BD70B54FF4F8
:10C08000FC344FF01235FFF7A3FD04F06AFF04F013
:10C090004AFF2046FFF7F2FD29462046FFF7CEFD76
:10C0A00004F02CFF00202E217E4AD160114648600A
:10C0B0000121116100BF00BF7A4909690029FBD144
:10C0C00000BF03F017FC04F012FF00F0DCF870BDB5
:10C0D000F0B5ADF5017D05460E4617464FF40071EB
:10C0E00001A805F09AF9E819802804D94FF0FF302B
:10C0F0000DF5017DF0BDFFF76BFD04F032FF04F09C
:10C1000020FF002409E04FF4801101EB8400FFF7C9
:10C11000A3FD01A941F82400641C802CF3D34FF443
:10C120008010FFF7ABFDAC0804E001CE01A941F897
:10C130002400641C07EB9500A042F6D8002409E017
:10C1400001AA52F824104FF4801202EB8400FFF78A
:10C1500075FD641C802CF3D304F0DEFE04F0C7FEF2
:10C1600000F091F80020C3E72DE9F041ADF5007D26
:10C1700005460E461746DFF830814FF400716846D9
:10C1800005F04BF9E819802805D94FF0FF300DF57F
:10C19000007DBDE8F081FFF71BFD04F0E2FE04F036
:10C1A000D0FE002406E008EB8400FFF755FD4DF8B3
:10C1B0002400641C802CF6D34046FFF75FFDAC08DA
:10C1C00003E001CE4DF82400641C07EB9500A0426B
:10C1D000F7D8002406E05DF8241008EB8400FFF790
:10C1E0002DFD641C802CF6D304F096FE04F07FFE37
:10C1F00000F049F80020CAE72DE9F04706460F464F
:10C20000144606F5801808EB84093019802803D9F4
:10C210004FF0FF30BDE8F087FFF7DAFC04F0A1FE35
:10C22000454604E02846FFF717FD01C72D1D4D4583
:10C23000F8D304F05CFE00F026F80020EAE72DE9D0
:10C24000F04706460F461446174806EB000808EB71
:10C2500084093019802803D94FF0FF30BDE8F087FA
:10C26000FFF7B6FC04F07DFE454604E02846FFF7E4
:10C27000F3FC01C72D1D4D45F8D304F038FE00F046
:10C2800002F80020EAE70020084908607047000033
:10C290001903002020050C4000010C401A03002067
:10C2A0001B03002000C000400008100000010040F7
:10C2B00038B5F848C06F00285AD0F74800780128F0
:10C2C00056D1F44890F87800F44908700846007890
:10C2D00030BB4FF496500C460090247804EB440495
:10C2E000EC4D05EBC40463780C462478641C04EB25
:10C2F000440405EBC40462680C46247804EB44044F
:10C3000005EBC4046168E54C2478641E04EB440426
:10C3100005EBC404606805F0BCFAE149C8602AE096
:10C320004FF49650DD4C00902478641E04EB4404D6
:10C33000D84D05EBC4046378D84C2478641C04EB16
:10C34000440405EBC4046268D44C247804EB440430
:10C3500005EBC4046168D14C2478641E04EB4404EA
:10C3600005EBC404606805F094FACD49C86002E0AA
:10C370000020CB49C860CA48C068C949C86008469F
:10C38000C068C849884203D9C7480068C449C86022
:10C39000C348C068C4490860084600684FF4166185
:10C3A000B0FBF1F0C1490860C149C0480068401CB9
:10C3B00051F82010BE48BD4A126850F82200081AF1
:10C3C000BC49BA4A126851F82210B74A1268511A89
:10C3D0004843B84AB5490968491C52F82120B54973
:10C3E000B24B1B6851F82310511AB0FBF1F0B04961
:10C3F000AE4A126851F822100844AF49086038BDAF
:10C40000AD480068AD49884232D3AB480068AC49BA
:10C4100088422DD2AB480068401CAA4908600846F3
:10C420000068A8B10020A84908700120A54908604B
:10C430000020A6490860A6490860A6490860A649E8
:10C440000860A6490860A6490860A6490860ECE1B2
:10C4500000209E4908609E4908609E4908609E49E8
:10C4600008609E4908609E4908609E490860DCE1BA
:10C47000914800689249884233D38F4800689A49AE
:10C4800088422ED291480068401C904908600846B6
:10C490000068032815D300208B490870894908607B
:10C4A00003208A490860002089490860894908609A
:10C4B0008949086089490860894908608949086094
:10C4C000B3E100207F490860814908608149086024
:10C4D0008149086081490860814908608149086094
:10C4E000A3E1754800688149884234D372480068E6
:10C4F0007F4988422FD276480068401C7449086002
:10C5000008460068032816D301206F4908700020F0
:10C510006C4908606D49086003206D49086000207F
:10C520006C4908606C4908606C4908606C49086097
:10C530006C49086079E1002062490860634908603D
:10C540006449086064490860644908606449086097
:10C550006449086069E1584800686549884234D3F5
:10C5600055480068634988422FD25A480068401CE9
:10C570005849086008460068032816D3012052492C
:10C58000087000204F490860504908605049086011
:10C5900003205049086000204F4908604F49086057
:10C5A0004F4908604F4908603FE100204549086055
:10C5B000464908604649086047490860474908609D
:10C5C00047490860474908602FE13B4800684949EE
:10C5D000884234D338480068474988422FD23E48C1
:10C5E0000068401C3C49086008460068032816D3D0
:10C5F000022035490870002032490860334908603C
:10C60000334908603349086003203349086000203B
:10C6100032490860324908603249086005E100206B
:10C6200028490860294908602949086029490860A3
:10C630002A4908602A4908602A490860F5E01E482E
:10C6400000682D49884269D31B4800681B4988420D
:10C6500064D222480068401C2049086008460068EF
:10C6600003284BD3022018490870002015490860A0
:10C67000164908601649086016490860164908609E
:10C680000320164908600020154908601549086014
:10C69000CBE00000840A002040030020D8020020E4
:10C6A0001005002020BF02003003002034030020CA
:10C6B00010260100502701002C030020389D0700A0
:10C6C000E4C3070048030020430300204C0300207C
:10C6D0005003002054030020580300205C03002076
:10C6E0006003002064030020E850080028F90600D9
:10C6F000F422070048470700F07607000020FB49B6
:10C700000860FB490860FB490860FB490860FB4979
:10C710000860FB490860FB49086086E0FA48006849
:10C72000FA49884234D3F8480068F94988422FD240
:10C73000F3480068401CF249086008460068032876
:10C7400016D30420F34908700020E8490860E8493E
:10C750000860E8490860E8490860E8490860EE496F
:10C7600008600320E64908600020E64908605CE0B4
:10C770000020DE490860DE490860DE490860DE49C5
:10C780000860DE490860E4490860DE4908604CE062
:10C79000DD480068DD49884233D3DB480068DF4963
:10C7A00088422ED2D7480068401CD6490860084607
:10C7B0000068032815D30420D64908700020CB490F
:10C7C0000860CB490860CB490860CB490860CB4979
:10C7D0000860D1490860CA4908600320C949086057
:10C7E00023E00020C1490860C1490860C1490860D0
:10C7F000C1490860C1490860C7490860C04908606C
:10C8000013E0FF20C34908700020B8490860B84908
:10C810000860B8490860B8490860B8490860BE496E
:10C820000860B7490860B74908607047B9480078A0
:10C8300000287DD1AD480068012803D0AC480068CD
:10C840000328F6D1B648C06FFF2872D9B5480068F2
:10C85000B549884254D3B3480068B44988424FD29E
:10C86000B3480078012841D100BFB2480078401C8D
:10C87000B049087008460078032809DD03200870D5
:10C880000020A4490870AC49C860A94908705AE062
:10C89000A848007801280AD1A8480068A0EBD00079
:10C8A000A6490968A0EB1110A349C8604BE0A14854
:10C8B000007802280AD1A1480068A0EB90009F49A7
:10C8C0000968A0EBD1009C49C8603CE09B48006827
:10C8D000022838D999480068400A9749C860084634
:10C8E000C06802282FD20220C8602CE000209049A6
:10C8F000087090490870874908708F49C86022E025
:10C9000088480068894988421AD3864800688C495B
:10C91000884215D8834800688449401AC0EB4030EB
:10C9200043F60811B0FBF1F08349C860012001E033
:10C9300017E012E07E49087000207E49087002E08E
:10C9400000207D49C8607C48C06841F6FF7188427C
:10C9500002D308467849C860AEE000207649C86036
:10C96000AAE06C480078012833D1624800680328A7
:10C9700003D06148006803282BD16A4800686749E2
:10C98000884208D9674800686E49884203D200206F
:10C990006949C86013E0634800686A4988420BD35C
:10C9A00060480068401AC0EB403041F69C01B0FB83
:10C9B000F1F06149C86002E000205F49C8605E484C
:10C9C000C06841F6FF71884276D308465A49C8606C
:10C9D00072E050480078022833D1484800680328A4
:10C9E00003D04D48006803282BD14E4800685649B3
:10C9F000884208D94B4800685449884203D2002035
:10CA00004D49C86013E047480068504988420BD33D
:10CA100044480068401AC0EB403041F2A861B0FBC6
:10CA2000F1F04549C86002E000204349C86042482F
:10CA3000C06841F6FF7188423ED308463E49C8604F
:10CA40003AE034480078042833D12D4800680328A0
:10CA500003D02C48006803282BD1324800682B49AA
:10CA6000884208D92F4800682949884203D200200B
:10CA70003149C86013E02B480068254988420BD330
:10CA800028480068401AC0EB403041F27071B0FB9A
:10CA9000F1F02949C86002E000202749C860264813
:10CAA000C06841F6FF71884206D308462249C86033
:10CAB00002E000202049C8601648007818B91E48D6
:10CAC000C0681E490860704730B52DED028B91B0EB
:10CAD000054620221E4909A804F086FC20221C4994
:10CAE000203101A804F080FC002470E048030020FD
:10CAF0004C03002050030020540300205803002062
:10CB000060030020640300202C030020B08F060087
:10CB100090BE0600430300205C03002028F90600B5
:10CB2000840A00203C030020389D0700E4C307006E
:10CB3000710300207003002010050020680300200E
:10CB4000E8500800F422070048470700F076070085
:10CB50009028010009A850F82400A8422FD209A962
:10CB6000601C51F82000A84229D301A9601C51F88B
:10CB7000200051F82410401A09A951F82410691A0C
:10CB8000484300EE100AF8EE400A09A9601C51F86B
:10CB9000200051F82410401A00EE100AB8EE400AA6
:10CBA00080EE801A01A850F8240000EE100AB8EEBA
:10CBB000400A31EE000AB0EE408A072405E000EE9C
:10CBC000105AB8EE400AB0EE408A601C84B2072CBE
:10CBD000C0DBBDEEC80A10EE100A11B0BDEC028B2E
:10CBE00030BD00200520012804D10021184A5161E0
:10CBF00051760FE00AE016494969154A9268891A88
:10CC0000134A51611146497E491E51761049497EA9
:10CC10008142F0D20E4949690E4A126811440C4A09
:10CC200051611146497E491C51761146497E0029C1
:10CC300007DD11464969527EB1FBF2F1044A916069
:10CC400005E004490968024A916000215176704765
:10CC5000880800202C03002070B504460D462A46A3
:10CC60002146FB4803F0DFFA70BD08B51022002111
:10CC7000012004F0F3F94FF44060F54B0022F54930
:10CC80000090012004F001FA00231A46052101203A
:10CC900004F01AFA00220421012004F099FAEE4867
:10CCA000006940F08000EC49086108BD70B5044699
:10CCB0000D46FFF7DAFF0021012004F011FB0020F0
:10CCC000E6490860282000F01F0201219140420936
:10CCD000920002F1E022C2F8001100BFDC48406877
:10CCE00040F48040DA49486070BD10B502460B46FA
:10CCF0000020002104E0545C0444E0B24C1CE1B28A
:10CD00009942F8DB10BD70B505460C46611E2846F9
:10CD1000FFF7EBFF0646601E2E54E1B22846FFF7F0
:10CD20009BFF002070BD70B505460C46611E28466D
:10CD3000FFF7DBFF0646601E2E54C8480068012836
:10CD400003D1E1B22846FFF7B1FF002070BD1CB54A
:10CD500000200090019055208DF8000056208DF89D
:10CD6000010009208DF8020000208DF80300052144
:10CD70006846FFF7C8FF1CBD1CB50020009001905D
:10CD800055208DF8000056208DF801000B208DF8FD
:10CD9000020000208DF8030005216846FFF7B3FF6D
:10CDA0001CBD1CB500200090019055208DF800009E
:10CDB00056208DF801000D208DF8020000208DF81E
:10CDC000030005216846FFF79EFF1CBD1CB500202F
:10CDD0000090019055208DF8000056208DF801003C
:10CDE00013208DF8020000208DF80300052168460D
:10CDF000FFF789FF1CBD1CB5002000900190552055
:10CE00008DF8000056208DF8010007208DF80200F3
:10CE100000208DF8030005216846FFF774FF1CBD54
:10CE20001CB500200090019055208DF80000562080
:10CE30008DF8010016208DF8020000208DF8030007
:10CE400005216846FFF75FFF1CBD1CB50020009060
:10CE5000019055208DF8000056208DF801000F201C
:10CE60008DF8020000208DF8030005216846FFF7C9
:10CE70004AFF1CBD1FB50020009001900290039056
:10CE800055208DF8000056208DF8010011208DF8F6
:10CE9000020006208DF80300714800788DF8040028
:10CEA0006F4840788DF805006D4880788DF8060051
:10CEB0006B48C0788DF80700694800798DF8080044
:10CEC000674840798DF809000B216846FFF71BFF82
:10CED0001FBD10B590B04021684604F09EFA61482D
:10CEE0008078F2287DD060480068052879D15D48B7
:10CEF0000078552850D15B4840785628FAD15948D7
:10CF00008078012849D15748C078002845D10421AC
:10CF10005448FFF7EAFE55490870524800790978ED
:10CF20008842E7D155208DF8000056208DF8010089
:10CF300002208DF802000A208DF80300BD208DF834
:10CF4000040028208DF8050014208DF80600092023
:10CF50008DF80700FE208DF808007C208DF8090070
:10CF60001F208DF80A004E208DF80B00FF208DF851
:10CF70000C001F208DF80D000F216846FFF7C3FE3F
:10CF8000002039490860002404E000203549085594
:10CF9000601CC4B2042CF8DDCDE23248807803284E
:10CFA000FAD13048C0780028F6D104212D48FFF787
:10CFB0009CFE2E4908702B48007909788842EBD1F5
:10CFC00055208DF8000056208DF8010004208DF8C2
:10CFD000020010208DF8030031208DF8040030206D
:10CFE00000E054E08DF8050069208DF806006E2001
:10CFF0008DF8070063208DF8080068208DF809007F
:10D0000020208DF80A0050208DF80B0065208DF847
:10D010000C006E208DF80D0054208DF80E0061205C
:10D020008DF80F0062208DF810006C208DF8110033
:10D0300065208DF8120074208DF8130015216846C4
:10D04000FFF761FE002008490860002415E0000099
:10D0500000100740BC07002000800040C0030020F3
:10D06000A5030020760B0020AC030020B0030020B5
:10D070000020F9490855601CC4B2042CF8DD0120D9
:10D08000F6490870F6490870F649087053E2F2480C
:10D090008078F2287AD0F4480068062876D1EE48E5
:10D0A00000785528F2D1EC4840785628EED1EA486D
:10D0B0008078122824D1E848C078012820D10521A1
:10D0C000E548FFF712FEE9490870E348407909781E
:10D0D000884208D1E0480079012804D1E449087069
:10D0E0000020E44908700020DF490860002404E0C3
:10D0F0000020D9490855601CC4B2052CF8DD1AE29D
:10D10000D54880780A2822D1D348C07801281ED17A
:10D110000521D148FFF7E9FDD4490870CE48407990
:10D120000978884206D1CC480079D349087001209B
:10D13000D24908700020CC490860002404E0002097
:10D14000C5490855601CC4B2052CF8DDF3E1C2489E
:10D1500080780C2823D1C048C07801281FD1052130
:10D16000BD48FFF7C2FDC1490870BB484079097846
:10D17000884206D1B8480079C14908700120BF49EA
:10D1800008700020B8490860002405E02EE0002067
:10D19000B1490855601CC4B2052CF8DDCBE1AE489E
:10D1A00080781428ABD1AC48C0780128A7D10521DC
:10D1B000A948FFF79AFDAD490870A748407909785A
:10D1C000884206D1A4480079AE4908700020A449DD
:10D1D00008700020A4490860002404E000209E4953
:10D1E0000855601CC4B2052CF8DDA4E19A4880788B
:10D1F000F22840D09C4800680B283CD19648007823
:10D200005528A3D19448407856289FD192488078D9
:10D210000E289BD19048C078062897D10A218E48C5
:10D22000FFF763FD914908708B48807A097888423E
:10D230008CD18948007994490870874840794870B2
:10D240008548807988708448C079C8708248007A9F
:10D2500008718148407A48710020804908708249ED
:10D260000860002404E000207B490855601CC4B21B
:10D270000A2CF8DD5FE178488078F22867D07A4898
:10D280000068182863D174480078552886D1724800
:10D2900040785628A9D1704880780828A5D16E48D2
:10D2A000C0781328A1D117216B48FFF71EFD6F49E5
:10D2B00008706948C07D0978884296D1664800792F
:10D2C0007249087064484079487063488079887072
:10D2D0006148C079C8706048007A08715E48407A39
:10D2E00048715D48807A88715B48C07AC8715A4835
:10D2F000007B08725848407B48725748807B887290
:10D300005548C07BC8725448007C08735248407C22
:10D3100048735148807C88734F48C07CC8734E481E
:10D32000007D08744C48407D48744B48807D88746B
:10D3300000204C4908704C490860002404E000209B
:10D3400045490855601CC4B2172CF8DDF3E042488B
:10D350008078F2281BD1444800680F2817D10E218D
:10D360003D48FFF7C2FC414908703B48807B097883
:10D370008842EBD100203C490860002404E00020F2
:10D3800035490855601CC4B20E2CF8DDD3E0324894
:10D390008078F228DAD13448006819285AD12E480A
:10D3A0000078552856D12C484078562852D12A4822
:10D3B0000079022870D128484079B0286CD1182112
:10D3C0002548FFF792FC294908702348007E097818
:10D3D00088423FD12048807900F07F002C490870B6
:10D3E0001D48807900F07F002A49087055208DF88B
:10D3F000000056208DF80100F3208DF802000A206D
:10D400008DF8030002208DF80400B0208DF805008F
:10D4100001208DF8060000208DF807008DF8080027
:10D420008DF809008DF80A008DF80B008DF80C00BE
:10D430008DF80D000E216846FFF765FC00200A49B3
:10D440000860002404E0002003490855601CC4B2B1
:10D45000182CF8DD6FE01FE0760B00209A03002007
:10D460009B0300209C030020AC030020B00300209D
:10D470009E0300209D0300209703002098030020B6
:10D4800099030020AB0300209F030020620B0020C3
:10D49000150300209C0100205748007902284AD13A
:10D4A00055484079B82846D153488079042842D15C
:10D4B00018215148FFF719FC504908704E48007E6A
:10D4C0000978884237D155208DF8000056208DF814
:10D4D0000100F3208DF802000A208DF803000220DD
:10D4E0008DF80400F2208DF8050001208DF806006B
:10D4F000434800788DF80700424800788DF808000E
:10D5000000208DF809008DF80A008DF80B008DF8C9
:10D510000C008DF80D000E216846FFF7F4FB00208B
:10D5200039490860002404E0002033490855601C94
:10D53000C4B2182CF8DD10B010BD70B5FF2533480B
:10D54000C46904F4807010B904F48050B8B1304854
:10D5500000780A2802DB00202B4908602B4800686D
:10D56000C5B200202A490870234827490968455454
:10D5700025480068401C24490860FFF7AAFC70BDDC
:10D5800000BF2448806800F0010070B100BF21484E
:10D59000806820F0020040F001001E49886000BF52
:10D5A0001D480068401C1C49086070471B490868FA
:10D5B00000F0010141B10221194A116040F6FF71EA
:10D5C000164A121D116015E000F0020191B11349D5
:10D5D0000831096801F0020161B102210F4A0832E5
:10D5E00011600A49496821F48041084A51600121CB
:10D5F0000B4A116070470000760B0020B00300203A
:10D600009703002099030020AC030020001007407E
:10D61000B103002020000540280100201C840040A8
:10D62000C0030020F0B505460C461F4600203FB958
:10D63000002103E001F1010C0CF0FF019142F9D34C
:10D640002B461E462846002112E054F821C09C4576
:10D6500001D954F8213054F821C0B44501D254F80E
:10D66000216054F821C0604401F1010C0CF0FF016D
:10D670009142EAD3A0EB030CACEB0600A2F1010C43
:10D68000B0FBFCF0D1B209E004EB810C5CF804CCF7
:10D6900044F821C0A1F1010C0CF0FF010029F3D1E5
:10D6A0002560F0BD2DE9F0410746BFB9002013E029
:10D6B000DFF808C5BCF800C0DFF8048548F820C0D2
:10D6C000DFF800C5BCF800C0DFF8FC8448F820C0D3
:10D6D00000F1010C0CF0FF000928E9DBDFF8DCC4E5
:10D6E000BCF800301C46BCF80010DFF8D8C4BCF809
:10D6F00000502E46BCF80020002035E0DFF8C0C402
:10D700005CF820C09C4503D9DFF8B4C45CF8203035
:10D71000DFF8ACC45CF820C0A44503D2DFF8A0C495
:10D720005CF82040DFF898C45CF820C06144DFF862
:10D7300098C45CF820C0AC4503D9DFF88CC45CF811
:10D740002050DFF884C45CF820C0B44503D2DFF871
:10D7500078C45CF82060DFF870C45CF820C06244D4
:10D7600000F1010C0CF0FF000928C7DBA1EB030C52
:10D77000ACEB0401C908A2EB050CACEB0602D20825
:10D78000082013E0A0F1010CDFF8348458F82CC015
:10D7900048F820C0A0F1010CDFF82C8458F82CC008
:10D7A00048F820C0A0F1010C0CF0FF000028E9D1DE
:10D7B000DFF808C4BCF800C0DFF80484C8F800C073
:10D7C000DFF800C4BCF800C0DFF8FC83C8F800C074
:10D7D000DFF8F883A8F80010DFF8F483A8F8002039
:10D7E000BDE8F08110B50246F44B1B88F74C248845
:10D7F000A34205DDF14B1B88F44C2488181B04E080
:10D80000F24B1B88ED4C2488181BEE4B1B88F04C08
:10D810002488A34206DDEB4B1B88ED4C24881B1BA0
:10D82000184405E0EA4B1B88E64C24881B1B18446F
:10D83000AAB1B0F57A7F01D903210EE0B0F5487F97
:10D8400001D9042109E0B0F5807F01D9052104E068
:10D85000642801D90A2100E00A211E2100E00A21E2
:10D86000012907D10023DB4C2360DB4C2360DB4C18
:10D87000237017E012E0D74B1B68D44C24881B1B85
:10D88000D44C2360D44B1B68D14C24881B1BD24C36
:10D890002360D24B1B785B1ED04C2370CF4B1B7880
:10D8A0008B42E8D2CB4B1B68C44C24882344C94C20
:10D8B0002360C94B1B68C34C24882344C64C236097
:10D8C000C64B1B785B1CC54C237023461B78002B72
:10D8D0000FDDC04B1B682478B3FBF4F3BB4C2380F3
:10D8E000BD4B1B68BD4C2478B3FBF4F3B84C2380CC
:10D8F0000AE0B24B1B88B54C2380B24B1B88B44C5A
:10D9000023800023B54C237010BD2DE9FF4F8246C4
:10D910008B46129CB2480078B2490870B248007831
:10D92000B2490870B2480078B2490870B24800782D
:10D93000B249087000276078012801D1062708E065
:10D940006078022801D1082703E06078032800D11D
:10D950000A2707EBD7720399B1EB620F11DC0220A3
:10D960009F4908700120A64908700020A549087049
:10D970001098F8B10020A24908700120A149087050
:10D9800021E007EBD7714A100E998A1A03998A424F
:10D9900011DA02209249087000209949087001208C
:10D9A00098490870109828B1012095490870002006
:10D9B0009449087007E001208949087000209049C7
:10D9C00008709049087007EBD7720D99B1EB620FA0
:10D9D00011DC02208449087001208B490870002066
:10D9E0008A4908701198F8B1002087490870012011
:10D9F0008649087021E007EBD7714A100F998A1AFF
:10DA00000D998A4211DA02207749087000207E4978
:10DA1000087001207D490870119828B101207A49C9
:10DA2000087000207949087007E001206E490870ED
:10DA30000020754908707549087007EBD7710122FD
:10DA400002EB610203998A4203DB022068490870F5
:10DA50000FE007EBD7714910491C0E9A521A03992F
:10DA60008A4203DA02206249087002E0012060491C
:10DA7000087007EBD771012202EB61020D998A420F
:10DA800003DB02205C4908700FE007EBD7714910F7
:10DA9000491C0F9A521A0D998A4203DA02205649FC
:10DAA000087002E001205449087000250026A846AD
:10DAB000A946109828B1F42050F80A50DAF81C60F2
:10DAC00004E0DAF81C50F42050F80A60119828B1EC
:10DAD000F42050F80B80DBF81C9004E0DBF81C808D
:10DAE000F42050F80B904A4800784A490870109882
:10DAF000A8B1F42050F80A00DAF81C10814206D9C7
:10DB00004348007820F00100414908701CE040487B
:10DB1000007820F00100401C3D49087014E0F4201A
:10DB200050F80A00DAF81C10814206D23848007812
:10DB300020F001003649087006E03548007820F0F2
:10DB40000100401C324908701198A8B1F42050F827
:10DB50000B00DBF81C10814206D92D48007820F01C
:10DB600002002B4908701CE02948007820F00200D0
:10DB7000801C2749087014E0F42050F80B00DBF8F3
:10DB80001C10814206D22248007820F00200204971
:10DB9000087006E01E48007820F00200801C1C4936
:10DBA00008701C4800781A490978884236D01A480B
:10DBB0000078401C1849087033E00000E2030020A0
:10DBC000A80D0020E4030020CC0D0020EA03002073
:10DBD000EC030020F0030020F4030020F8030020F1
:10DBE000C8030020C9030020CA030020CB03002083
:10DBF000CC030020CD030020CE030020CF03002063
:10DC0000D1030020D0030020D2030020D303002042
:10DC1000EE030020EF030020D40300200020FA4987
:10DC20000870F9480078032803DD0020F6490870E1
:10DC300003E0F6480078F6490870B0EE080AF0EE06
:10DC4000080AA07803EE100AB8EE433AF2EE043A5E
:10DC500083EE231AA07803EE100AB8EE433AF2EEF0
:10DC6000043AC3EE231AA07803EE100AB8EE433A42
:10DC7000F2EE043A83EE232AA07803EE100AB8EEFF
:10DC8000433AF2EE043AC3EE232AE2480078012830
:10DC90007AD1AE423CD3207801281CD1701B03EE10
:10DCA000100AB8EE433AC3EE003ABCEEE33A13EE84
:10DCB000100AD9490880A08809880144B1EB400FB7
:10DCC00002DDA088400003E0A088D3490988084409
:10DCD000D14908800EE0207860B9701B03EE100A6D
:10DCE000B8EE433AC3EE003ABCEEE33A13EE100A44
:10DCF000C9490880701B03EE100AB8EE433AC3EE20
:10DD0000003ABCEEE33A13EE100AC44908803FE043
:10DD1000AE423AD22078012819D1A81B03EE100A8E
:10DD2000B8EE433AC3EE003ABCEEE33A13EE100A03
:10DD3000B9490880A0880988884201DA002003E0F8
:10DD4000A088B5490988401AB34908800EE02078B8
:10DD500060B9A81B03EE100AB8EE433AC3EE003ACE
:10DD6000BCEEE33A13EE100AAB490880A81B03EEA1
:10DD7000100AB8EE433AC3EE003ABCEEE33A13EEB3
:10DD8000100AA649088003E007E00020A2490880A5
:10DD9000A1480088A24908809EE09E480078022899
:10DDA0004BD1A0480078C0B3E088B0421ED9E088CB
:10DDB000801B03EE100AB8EE433A23EE213ABCEE84
:10DDC000C33A13EE100A94490880A0880988884253
:10DDD00001DA002003E0A0888F490988401A8E49A3
:10DDE0000880E088801B8D49088021E0E088301A97
:10DDF00003EE100AB8EE433AC3EE213ABCEEE33A22
:10DE000013EE100A84490880A08809880144B1EB08
:10DE1000400F03DDA088400004E00EE0A0887E49AA
:10DE2000098808447C490880E088301A7B490880CA
:10DE3000207870BB78490E804EE076480078022842
:10DE40004AD17948007820B32089A84222D9208974
:10DE5000401B03EE100AB8EE433A23EE013ABCEE43
:10DE6000C33A13EE100A6C490880A088098801445F
:10DE7000B1EB400F02DDA088400003E0A0886649B6
:10DE800009880844644908802089401B6349088048
:10DE90001EE021E02089281A03EE100AB8EE433A6A
:10DEA000C3EE013ABCEEE33A13EE100A5A49088079
:10DEB000A0880988884201DA002003E0A08856493A
:10DEC0000988401A544908802089281A5349088033
:10DED000207808B950490D8054480078012873D142
:10DEE000C14534D3207801281DD1A9EB080003EEE9
:10DEF000100AB8EE433AC3EE203ABCEEE33A13EE12
:10DF0000100A4B490880608909880144B1EB400F31
:10DF100002DD6089400003E06089454909880844C2
:10DF2000434908800FE0207868B9A9EB080003EEA8
:10DF3000100AB8EE433AC3EE203ABCEEE33A13EED1
:10DF4000100A3B4908803B49A1F8009036E0C145E2
:10DF500031D2207801281AD1A8EB090003EE100A6B
:10DF6000B8EE433AC3EE203ABCEEE33A13EE100AA1
:10DF70002F49088060890988884201DA002003E07F
:10DF800060892B490988401A294908800FE02078C8
:10DF900068B9A8EB090003EE100AB8EE433AC3EEE5
:10DFA000203ABCEEE33A13EE100A214908802149D9
:10DFB000A1F8008002E000201D4908801C4800886C
:10DFC0001D490880B2E0FFE718480078022862D1B6
:10DFD0001A480078B8B1A089484538D9A089A0EB83
:10DFE000090003EE100AB8EE433A23EE023ABCEE03
:10DFF000C33A13EE100A0E490880608909888842E6
:10E000001EDA002020E046E0D4030020EF030020C9
:10E01000EE030020C8030020D6030020DE0300200A
:10E02000DA030020D1030020D0030020CA0300201F
:10E03000D8030020E0030020DC030020D2030020EE
:10E04000608981490988401A7F4908801DE0A089BC
:10E05000A9EB000003EE100AB8EE433AC3EE023A11
:10E06000BCEEE33A13EE100A77490880608909880C
:10E070000144B1EB400F02DD6089400003E060899C
:10E08000714909880844704908802078F0BB6E49BE
:10E09000A1F800904AE06D480078022846D16C480B
:10E0A000007898B3E08940451ED9E089A0EB0800CC
:10E0B00003EE100AB8EE433A23EE223ABCEEC33A1E
:10E0C00013EE100A60490880608909880144B1EBA9
:10E0D000400F02DD6089400003E060895A490988E9
:10E0E0000844594908801CE0E089A8EB000003EED1
:10E0F000100AB8EE433AC3EE223ABCEEE33A13EE0E
:10E10000100A514908806089098800E00EE08842C1
:10E1100001DA002003E060894B490988401A4A4926
:10E120000880207810B94849A1F800804948007853
:10E1300002280BD148480078022807D147480088B8
:10E1400047490880474800883F490880029800688E
:10E1500018B902990868FFF745FB41480088424911
:10E160000880394800884149088002990868FFF70B
:10E1700099FA02981E223E4903683E480088FFF73C
:10E1800051FA3C49088002981E223B4903683B48EB
:10E190000088FFF747FA3949088036480088C0EB05
:10E1A0000010C000A188490090FBF1F031490880BF
:10E1B00032480088C0EB0010C0006189490090FB24
:10E1C000F1F02E490880AE4205D92A4800883C3833
:10E1D0002849088011E0AE420AD226480088C0F1E2
:10E1E0003C0024490880084600884042088004E03A
:10E1F000AE4202D100201F490880C14505D91F4801
:10E2000000883C381D49088011E0C1450AD21B48EE
:10E210000088C0F13C001949088008460088404247
:10E22000088004E0C14502D100201449088011484B
:10E23000007841B2139801701048007841B21498E8
:10E240000170BDE8FF8F0000D8030020CA03002042
:10E25000D3030020CE030020CC030020DA030020EB
:10E26000D6030020DC030020E2030020E4030020AA
:10E27000180C0020EA030020E00C0020EC03002032
:10E2800010B504464BA0216803F05AFC4CA061680D
:10E2900003F056FC4DA0A16803F052FC4EA0E168CB
:10E2A00003F04EFC4FA0216903F04AFC50A06169C5
:10E2B00003F046FC51A0A16903F042FC52A0E169C1
:10E2C00003F03EFC10BD044652A003F039FC20468A
:10E2D000FFF7D6FF00BFFEE700BF5449896901F48C
:10E2E00000010029F9D1514908600A2809D100BF6D
:10E2F0004E49896901F400010029F9D10D214B4AE9
:10E300001160704700B503461846FFF7E5FF00BDF2
:10E3100008E04648806900F4804018B94348006826
:10E32000C0B27047F5E741488069C0F3803070475C
:10E330003E488069C0F30070704710B5044620461F
:10E34000FFF7E0FF10BD30B504460D462046FFF74D
:10E35000D9FF204630BD30B50446134617E000BF54
:10E360003248806900F400000028F9D111F8010B4F
:10E370002E4D286008780A2809D100BF2B488069F3
:10E3800000F400000028F9D10D20284D2860181E47
:10E39000A3F10103E3D1104630BD034600BF23487B
:10E3A000806900F480400028F9D120480068087096
:10E3B00001207047723020203D20307825780A00F7
:10E3C000723120203D20307825780A0072322020DA
:10E3D0003D20307825780A00723320203D203078A7
:10E3E00025780A00723132203D20307825780A00E5
:10E3F0006C7220203D20307825780A007063202040
:10E400003D20307825780A00707372203D203078E6
:10E4100025780A00496E2048617264204661756C57
:10E42000742048616E646C65720A00000010074039
:10E4300010B503E011F8013B00F8013B131EA2F1F7
:10E440000102F7D110BD10B5F84B1860F84B1960F8
:10E45000F84B1A60F54B1B681B68DB79F64C2360A0
:10E460004FF4FA63F54C2361F44B90331B6843F08F
:10E470000103C4F8903010BDF148F24909684143E6
:10E480004FF0E0225161002191610521116100BF2F
:10E4900000BF4FF0E021096901F480310029F8D074
:10E4A00000214FF0E022116100BFE4489030006885
:10E4B00020F00100E149C1F8900040F20F104860DF
:10E4C0000846006840F20F110843DC4908607047B5
:10E4D00010B504460822DC492046FFF7A9FF10BD0D
:10E4E000DA4A10600022DA4B1A60DA4A1160D24A26
:10E4F0001268D94B1A60704770B505460C46CE4875
:10E500000068844221D9CC4800682844D349086077
:10E51000C9480068201AD2490860CF480C38006802
:10E5200040F08000CC490C390860CB4914390968A7
:10E53000CC4A8818C0490A682946FFF779FFBE48C7
:10E540000068C5491039086018E00020C349086018
:10E55000C3490860C0480C38006840F08000BE49DC
:10E560000C390860BC4914390968BE4A881822462B
:10E570002946FFF75DFFB8481038046070BD70B5DC
:10E580000020B94908700024AF48C479240280797A
:10E590000444AD48C07803287AD004DC012807D0B1
:10E5A000022874D111E021282DD02228F9D148E089
:10E5B000122C01D2204600E0122004469B49096833
:10E5C00008682146FFF798FFF9E39848006840681B
:10E5D000C578964800684068807800EB0525AC4215
:10E5E0000AD92C4694480068B4FBF0F100FB1140B6
:10E5F00010B901209C4908708C4909684868214677
:10E60000FFF77AFFE0E7092C01D2204600E009205D
:10E6100004468D48007901280EDA84480068406974
:10E620008949097950F82150804909684968481991
:10E630002146FFF761FF03E000210846FFF75CFF7A
:10E64000C2E77A48006800697F49097950F82100DB
:10E65000A04210D27548006800697B49097950F8DA
:10E66000214075480068B4FBF0F100FB114010B97F
:10E6700001207D4908706D490968C968724A12799C
:10E6800051F822002146FFF737FF9DE700E0FDE348
:10E690006D48807840B9FE2C03D102207349086090
:10E6A00002E001207149086067488078C82871DC61
:10E6B0006548807805286EDC6348807803286BD134
:10E6C00002226B491020FDF797FD694800686949EF
:10E6D000086067484068684908601E2067490870FC
:10E6E0000320487063480068C0F303106449086061
:10E6F00008460068092805D90846006837305F4990
:10E70000887004E05E48006830305C498870002002
:10E710005A49C8705748006800F00F00584908600F
:10E7200008460068092805D908460068373053496B
:10E73000087104E0524800683030504908710020E8
:10E740004E4948714B480068C0F303304C4908609B
:10E7500008460068092805D9084600683730474947
:10E76000887104E0464800683030444988710020D0
:10E770004249C8713F480068C0F30320404908601F
:10E7800008460068092808D90846006837303B4920
:10E79000087207E0FEE387E15FE139480068303046
:10E7A0003649087200203549487232480068C0F383
:10E7B00003503349086008460068092805D908460F
:10E7C000006837302D49887204E02D4800683030E9
:10E7D0002A49887200202949C87226480068C0F377
:10E7E00003402749086008460068092805D90846FB
:10E7F000006837302149087304E021480068303050
:10E800001E49087300201D4948731A4800680F21EB
:10E8100001EA10701A49086008460068092831D9D1
:10E820000846006837301549887330E050040020EE
:10E83000580400205C0400204004002000000C402C
:10E84000A086010004000020040400202C04002005
:10E85000300400203404002014050C40240400205F
:10E860002804002000010C404C0400201404002067
:10E87000F00D0020180400201C040020100E0020C1
:10E8800020040020FE4800683030FE4988730020D4
:10E89000FC49C873FC480068C0F30360F84908608D
:10E8A00008460068092805D9084600683730F54948
:10E8B000087404E0F24800683030F249087400201F
:10E8C000F0494874F1480068C0F30310EC4908604F
:10E8D00008460068092805D9084600683730E94924
:10E8E000887404E0E64800683030E6498874002007
:10E8F000E449C874E548006800F00F00E04908608A
:10E9000008460068092805D9084600683730DD49FF
:10E91000087504E0DA4800683030DA4908750020EC
:10E92000D8494875D9480068C0F30330D449086015
:10E9300008460068092805D9084600683730D149DB
:10E94000887504E0CE4800683030CE4988750020D4
:10E95000CC49C875CD480068C0F30320C849086099
:10E9600008460068092805D9084600683730C549B7
:10E97000087604E0C24800683030C24908760020BA
:10E98000C0494876C1480068C0F30350BC490860DC
:10E9900008460068092805D9084600683730B94993
:10E9A000887604E0B64800683030B64988760020A2
:10E9B000B449C876B5480068C0F30340B049086060
:10E9C00008460068092805D9084600683730AD496F
:10E9D000087704E0AA4800683030AA490877002088
:10E9E000A8494877A8480068401C08BBA7480068A9
:10E9F000401CE8B9A64800688068C0680078A0425A
:10EA00000ED2A34800688068C0680478A1480068F6
:10EA1000B4FBF0F100FB114010B901209E490870D1
:10EA20009B4909688968C8682146FFF765FD0AE2C5
:10EA300094480078A0420BD2924804789548006828
:10EA4000B4FBF0F100FB114010B9012092490870AD
:10EA500021468C48FFF750FDE9E78D480068806843
:10EA60008E49897850F821000078A04211D2884858
:10EA7000006880688949897850F8210004788548C1
:10EA80000068B4FBF0F100FB114010B9012082498D
:10EA900008707F4909688968804A927851F8220095
:10EAA0002146FFF729FDEBE37C48807864281DD1DF
:10EAB000774800688068C0690078A0420ED2744828
:10EAC00000688068C069047872480068B4FBF0F19F
:10EAD00000FB114010B901206F4908706C490968AA
:10EAE0008968C8692146FFF707FDC9E36B4880784C
:10EAF00062281DD166480068806880690078A0425D
:10EB00000ED26348006880688069047861480068B4
:10EB1000B4FBF0F100FB114010B901205E49087010
:10EB20005B490968896888692146FFF7E5FCA7E326
:10EB30005A48807865281DD1554800688068006A69
:10EB40000078A0420ED2524800688068006A0478BB
:10EB500050480068B4FBF0F100FB114010B90120EF
:10EB60004D4908704A4909688968086A2146FFF7D3
:10EB7000C3FC85E34948807866281DD14448006875
:10EB80008068406A0078A0420ED2414800688068E0
:10EB9000406A04783F480068B4FBF0F100FB114084
:10EBA00010B901203C490870394909688968486AE8
:10EBB0002146FFF7A1FC63E33848807867284CD1F1
:10EBC00037480078E8B9324800688068C06E00783D
:10EBD000A0420ED22E4800688068C06E04782D488E
:10EBE0000068B4FBF0F100FB114010B901202A4984
:10EBF0000870274909688968C86E2146FFF77CFCC0
:10EC00003EE3082027490870032048702448007814
:10EC1000887023484078C87021488078087120485F
:10EC2000C07848711E48007988711D484079C871C4
:10EC300008460078A0420BD20846047815480068C0
:10EC4000B4FBF0F100FB114010B90120124908702B
:10EC500014480178FFF750FC12E3104880786828C8
:10EC600032D10B4800688068006F0078A04223D240
:10EC7000074800688068006F04780648006813E061
:10EC800020040020100E0020180400201C04002086
:10EC900050040020400400204C0400200404002004
:10ECA0009F0300202E0E0020B4FBF0F100FB11406A
:10ECB00010B90120FE490870FE4909688968086F8B
:10ECC0002146FFF719FCDBE2FB48807869281DD15B
:10ECD000F84800688068406F0078A0420ED2F5487E
:10ECE00000688068406F0478F4480068B4FBF0F175
:10ECF00000FB114010B90120ED490870ED49096889
:10ED00008968486F2146FFF7F7FBB9E2EA48807847
:10ED1000782855D1EA480078E8B9E6480068806864
:10ED2000806A0078A0420ED2E24800688068806A5B
:10ED30000478E2480068B4FBF0F100FB114010B920
:10ED40000120DB490870DB4909688968886A214627
:10ED5000FFF7D2FB94E20C20DA49087003204870D8
:10ED600028208870BD20C8700920087114204871BF
:10ED7000D34800788871D2484078C871D0488078EC
:10ED80000872CF48C0784872CD4800798872CC4864
:10ED90004079C87208460078A0420BD20846047831
:10EDA000C6480068B4FBF0F100FB114010B9012027
:10EDB000BF490870C3480178FFF79EFB60E25FE23D
:10EDC000BD4880786E281DD1BA4800688068C06A46
:10EDD0000078A0420ED2B74800688068C06A047804
:10EDE000B6480068B4FBF0F100FB114010B90120F7
:10EDF000AF490870AF4909688968C86A2146FFF7BA
:10EE00007BFB3DE2AC4880786F281DD1A9480068A3
:10EE10008068006B0078A0420ED2A6480068806827
:10EE2000006B0478A5480068B4FBF0F100FB1140CA
:10EE300010B901209E4908709E4909688968086BCD
:10EE40002146FFF759FB1BE29B48807879281ED1A9
:10EE5000984800688068406B0078A0420ED29548C0
:10EE600000688068406B047894480068B4FBF0F157
:10EE700000FB114010B901208D4908708D490968C7
:10EE80008968486B2146FFF737FBF9E108E28A48B9
:10EE900080787A281DD1874800688068806B007868
:10EEA000A0420ED2834800688068806B0478834853
:10EEB0000068B4FBF0F100FB114010B901207C495F
:10EEC00008707C4909688968886B2146FFF714FB44
:10EED000D6E17948807883281DD17648006880681B
:10EEE000C06B0078A0420ED2724800688068C06B88
:10EEF000047872480068B4FBF0F100FB114010B9CF
:10EF000001206B4908706B4909688968C86B214604
:10EF1000FFF7F2FAB4E168488078142820D16548F8
:10EF200000688068406C0078A0420ED2614800689A
:10EF30008068406C047861480068B4FBF0F100FB25
:10EF4000114010B901205A4908705A490968896866
:10EF5000486C2146FFF7D0FA00205B4908608FE13A
:10EF600055488078152822D1524800688068806C06
:10EF70000078A04210D24F4800688068806C047806
:10EF80004E480068B4FBF0F100FB114020B90120AD
:10EF9000474900E075E10870464909688968886C4E
:10EFA0002146FFF7A9FA01204749086068E1424875
:10EFB0008078162820D13F4800688068C06C0078AF
:10EFC000A0420ED23B4800688068C06C04783B4881
:10EFD0000068B4FBF0F100FB114010B90120344986
:10EFE0000870344909688968C86C2146FFF784FABB
:10EFF00002203549086043E12F488078172820D146
:10F000002C4800688068006D0078A0420ED2294824
:10F0100000688068006D047828480068B4FBF0F14F
:10F0200000FB114010B901202149087021490968ED
:10F030008968086D2146FFF75FFA032022490860BE
:10F040001EE11D488078182820D11A480068806881
:10F05000406D0078A0420ED2164800688068406D6E
:10F06000047816480068B4FBF0F100FB114010B9B9
:10F0700001200F4908700F4909688968486D2146C9
:10F08000FFF73AFA042010490860F9E00A4880784E
:10F0900019282FD1074800688068806D0078A04249
:10F0A0001DD2044800688068806D047803480DE034
:10F0B0004C040020500400200404002040040020E0
:10F0C0009F0300202E0E0020100400200068B4FBD7
:10F0D000F0F100FB114010B90120FE490870FE4913
:10F0E00009688968886D2146FFF706FA0520FB4903
:10F0F0000860C5E0FA4880781A2820D1F6480068F0
:10F100008068C06D0078A0420ED2F3480068806825
:10F11000C06D0478F3480068B4FBF0F100FB1140C7
:10F1200010B90120EB490870EB4909688968C86D7E
:10F130002146FFF7E1F90620E8490860A0E0E84829
:10F1400080781B2820D1E44800688068006E007831
:10F15000A0420ED2E04800688068006E0478E14862
:10F160000068B4FBF0F100FB114010B90120D9494F
:10F170000870D94909688968086E2146FFF7BCF90B
:10F180000720D64908607BE0D54880781C2820D12C
:10F19000D14800688068406E0078A0420ED2CE4808
:10F1A00000688068406E0478CE480068B4FBF0F1D7
:10F1B00000FB114010B90120C6490870C649096812
:10F1C0008968486E2146FFF797F90820C34908600F
:10F1D00056E0C34880781D2820D1BF480068806869
:10F1E000806E0078A0420ED2BB4800688068806EB6
:10F1F0000478BC480068B4FBF0F100FB114010B982
:10F200000120B4490870B44909688968886E2146AC
:10F21000FFF772F90920B149086031E0B048807801
:10F22000C8281FD1AC4800688068006C0078A042F4
:10F230000ED2A94800688068006C0478A94800686C
:10F24000B4FBF0F100FB114010B90120A149087096
:10F25000A14909688968086C2146FFF74DF9FCF758
:10F260000DFF0DE0A048006840F002009E490860D4
:10F270009D481030006840F002009B491031086042
:10F280001DE09948006840F00200974908609648E0
:10F290001030006840F002009349103108600EE021
:10F2A0009148006840F002008F4908608E48103095
:10F2B000006840F002008C491031086000BF00BFB8
:10F2C00070BD70B50020894908608949086084488C
:10F2D000007800F08000002873D081484078E8B3BF
:10F2E00006281DD0082802D00A286BD11FE08148CB
:10F2F00000687D490C3909687F4A114481F8000192
:10F300007948001F006840F080007749091F0860B5
:10F310000120091F086000210846FFF7E1F8A3E07B
:10F32000FFF72DF900210846FFF7DAF89CE0734853
:10F3300000686D490C3909686F4A114481F8000171
:10F340006948001F006840F080006749091F086095
:10F350000120091F08600021084600E002E0FFF7D5
:10F36000BFF881E05E48007880281DD100205A490E
:10F3700009684968C97901F0400109B140F001000C
:10F38000554909684968C97901F0200121B15C49F2
:10F39000097840EA4101C8B253490C390968564A14
:10F3A000114481F8000139E04D48007881280AD1E4
:10F3B00000204D490C3909684F4A114481F8000179
:10F3C0002CE052E041E046480078822826D14448AB
:10F3D000007900F00F04224600200DE0424D2D1F61
:10F3E00005EB00110B6803F00F05954203D13E4D6C
:10F3F00005EB001102E0401C0828EFDB00BF0D68A0
:10F4000005F002050DB1012000E0002036490C395D
:10F410000968394A114481F8000100BF00203249CF
:10F420000C390968374A114448702F48001F00689A
:10F4300040F080002C49091F08600220091F086065
:10F4400000210846FFF74CF80EE02748006840F01E
:10F4500002002549086024481030006840F002008E
:10F4600021491031086000BFF4E01D4840780528AC
:10F4700073D004DC012807D003286CD193E009285D
:10F480007BD00B28F9D1BFE01548807808BB144A1F
:10F49000127902F00F01002046E0134A0C3A02EB09
:10F4A0000012926802F00F028A423CD1012282408F
:10F4B000154B1B681A404ABB0B4A0C3A02EB001270
:10F4C000D26822F00203084A0C3A02EB0012D36021
:10F4D0001DE02CE04C04002050040020100400200B
:10F4E00004040020400400200C050C4024040020EB
:10F4F000280400203C04002000000C4044040020AC
:10F500000C04002000010C40640400200BE0D14AF0
:10F510000C3A02EB0012926822F08003CD4A0C3ABA
:10F5200002EB00129360401C0828B6DB06E0CA48D4
:10F530008078012802D10020C8490870C548001F02
:10F54000006840F08000C349091F08600020091FBF
:10F5500008607EE001E06DE00FE0BF488078C049C0
:10F560000860BC48001F006840F08000B949091FCE
:10F5700008600020091F08606BE0B7488078B9492F
:10F580000860B948006810B1B74800688047B148C2
:10F59000001F006840F08000AE49091F086000208D
:10F5A000091F086055E0AC488078D8B9AA480079AE
:10F5B00000F00F03002111E0A64C241F04EB011002
:10F5C000026802F00F049C4207D1A24C04EB011028
:10F5D000026842F00204046002E0491C0829EBDBE7
:10F5E00000BF05E09C488078012801D19B49087044
:10F5F0009848001F006840F080009649091F086085
:10F600000020091F086024E093488078974908602B
:10F610009748006810B19648006880478D48001FE1
:10F62000006840F080008B49091F08600020091F16
:10F6300008600EE08748006840F0020085490860D5
:10F6400084481030006840F00200824910310860A0
:10F6500000BF00BF70BD10B50020864908600822B9
:10F6600085497D48FEF7E4FE7B48007800F06000A5
:10F6700020B1202805D0402811D109E0FFF721FE54
:10F680001CE07E48006810B17C480068804715E0A7
:10F690007B48006810B17A48006880470EE06D48EA
:10F6A000006840F002006B4908606A48103000684A
:10F6B00040F0020067491031086000BF00BF10BD74
:10F6C00010B57048006800283AD06E4800686E494E
:10F6D000096888421ED95F490C390968664A88184A
:10F6E00069490A6869490968FEF7A2FE6648006828
:10F6F0005849083908606548006863490968084442
:10F70000624908605F4800685F490968401A5D49BE
:10F71000086032E04F490C390968574A881859493E
:10F720000A685A490968FEF783FE56480068494945
:10F7300008390860002055490860524908601CE0FB
:10F740004548007880B94448407805280CD1504895
:10F75000806843490968884206D04D48806818B9D6
:10F760003F4800684A4988604A48007828B100202C
:10F770003849083908604749087010BD10B5444839
:10F78000C06800F460503B49096888422DD0404869
:10F79000C06800F46050374908603F4800683F493E
:10F7A0000968884226D22B4808300468001F006888
:10F7B000314A811822463A480068FEF739FE384837
:10F7C00000682044364908603348006820443249C4
:10F7D0000860084600683149096888420AD22A4808
:10F7E00000681C490831086004E02748006819498E
:10F7F0000831086010BD0021244A1160214A1160BF
:10F80000274A1160244A1160244A1160254A116078
:10F81000114900220A604A6000200CE00D490C39B1
:10F8200001EB0011896821F080020A490C3901EBD3
:10F8300000118A60401C0828F0DB0021144A916006
:10F8400070470F49086070470749086070471549BD
:10F85000086070470C050C40040400200C040020D4
:10F86000380400203C0400206004002044040020F0
:10F870005C0400204804002000010C4058040020D3
:10F880005404002028040020400400202404002008
:10F8900000000C404C040020300400203404002000
:10F8A0002C040020640400204FF08041496801438B
:10F8B0004FF08042516070474FF080408069C0F344
:10F8C000801070474FF080404068704729480068BA
:10F8D00000F0010080F0010070474FF080400068A8
:10F8E00070474FF08040806840F001004FF0804149
:10F8F000886070474FF08040806840F002004FF011
:10F90000804188607047010E01F1804189680122C1
:10F9100082401143020E02F180429160010E01F11A
:10F9200080418A680121814022EA0101020E02F130
:10F930008042916070474FF08042926942F001022C
:10F940004FF080439A611A46926922F008020243FE
:10F950009A611A46926922F006020A439A61704738
:10F960004FF08040806920F001004FF080418861B5
:10F970007047000000010040032101EA90718900F6
:10F9800001F18041D1F8041200F01F0301229A40D6
:10F990009143032202EA9072920002F18042C2F87F
:10F9A0000412704700B5FE48FFF7E6FF00BDF0B552
:10F9B00000230024C0F387256DB1C0F38145F94EC3
:10F9C00006EB85042568C0F38726C0F34417BE40C4
:10F9D000B54315432560C0F3426575B1C0F30175A9
:10F9E000F04E103E06EB85031D68C0F34266C0F37F
:10F9F0000457BE40B5430D431D60F0BD032101EA2D
:10FA00009071890001F18041D1F8041200F01F03C8
:10FA100001229A401143032202EA9072920002F1FD
:10FA20008042C2F80412704770B504460D4616466F
:10FA300045F0100040EA4610DA4940310860D848E5
:10FA4000FFF7DCFF00222146D548FFF7B0FF70BD6D
:10FA5000D548006840F00400D3490860D1482038F8
:10FA6000006840F4C0708906C1F8000230BF7047DA
:10FA7000CD48006820F00400CB490860C948203810
:10FA8000006820F080008906C1F8000230BF70478E
:10FA9000C4482038006800F0010008B1C34870472E
:10FAA0000020FCE7BF482038006800F0020010B1D9
:10FAB0004FF4004070470020FCE710B5F6F77EFBDE
:10FAC000B8481038006800F0400018B1B848006825
:10FAD000400810BDB6480068FBE710B5F6F76EFBAE
:10FAE000B0481038006800F0800018B1B0480068D5
:10FAF000400810BDAE480068FBE710B5F6F75EFBA6
:10FB0000AB48006810BD10B5F6F758FBA848006870
:10FB100010BD0146A74A05E0101EA2F1010201DC5A
:10FB2000002070479F483030006808408842F3D179
:10FB30000120F6E770B504460D469A48303000685B
:10FB400000F010064FF08040D0F8000240F00400B2
:10FB50009449203908601020FFF7DBFF91481038E6
:10FB6000006820F00700C01D4FF08041C1F810026E
:10FB70008C48006820F00F002843C1F82002894813
:10FB80001038006820F007002043864910390860CB
:10FB9000F6F714FB46B983482038006820F00400CB
:10FBA0004FF08041C1F8000270BD7E4820300068EF
:10FBB00040F480304FF08041C1F8400270472DE999
:10FBC000F34F85B00C46FFF7F0FF059888B97548EC
:10FBD0002038006840F001004FF08041C1F8000279
:10FBE0000120FFF796FF4FF0000BDFF8C0810225E0
:10FBF00010E06C482038006840F004004FF080416D
:10FC0000C1F800021020FFF784FF4FF4002BDFF84B
:10FC1000A88104256948844204D84010844201D94F
:10FC2000002712E06648844205D84010844202D979
:10FC30000127640009E06348844205D86248844291
:10FC400002D30327A40000E04EE04FF0FF30039002
:10FC50000020019002902CE0B8FBF5FA5B48824549
:10FC600026D95B48824523D24FF002091BE00AFBEC
:10FC700009F65848864214D35048864211D8A64205
:10FC800001D9301B00E0A01B0490DDE9031088427D
:10FC900007D2049803900195CDF80890039800B915
:10FCA00005E009F1010940F201208145DFD900BFDB
:10FCB0006D1C212DD0D94BEA87310198801E41EA75
:10FCC00040210298801E0143364820300160042004
:10FCD000FFF71FFF781C01994843B8FBF0F0029929
:10FCE000484307B0BDE8F08F059828B94CF22E00C4
:10FCF0002C492031086003E037482A492031086048
:10FD00000420FFF706FF00F0BAF8EAE770B50446F2
:10FD100024483030006800F010053048844200D993
:10FD200004462F48844200D204461E48203800680A
:10FD300040F004004FF08041C1F800021020FFF7AE
:10FD4000E8FE4FF08040D0F8100240F007004FF07E
:10FD50008041C1F810020846D0F8200220F00F00C0
:10FD6000C1F820020F483030006800F0010028B1CF
:10FD700061000020FFF723FF04460AE061004FF412
:10FD80000020FFF71CFF044606483030006800F0F2
:10FD9000100501210220FFF7CDFE5DBB014821E0E7
:10FDA0000600C0572002004010ED00E0001BB70025
:10FDB0000000002080F52000008051010065CD1D6D
:10FDC00080B2E60E4059730780F0FA02006A18000C
:10FDD0000024F40000C2EB0B32C4080000A24A0465
:10FDE00040787D012038006820F004004FF0804109
:10FDF000C1F80002600870BD3649096821F0380179
:10FE000001434FF08042C2F8101270473149103957
:10FE1000096801434FF08042C2F8001270472D4933
:10FE20001039096881434FF08042C2F800127047D0
:10FE300000224FF0E0231A61042805D11A46126906
:10FE400042F004021A6108E0224A126822F03802E5
:10FE500002434FF08043C3F810224FF0E02251617B
:10FE600000224FF0E0239A611A46126942F0030221
:10FE70001A61704700204FF0E02108617047F8B523
:10FE8000002615A00068009012483030016801F487
:10FE9000A02008B10020F8BD01F4002008B10F4AED
:10FEA00000E00F4A01F4003008B11046F3E7C1F357
:10FEB00081371DF80740C1F30800831CC1F34420BB
:10FEC000851C9008584315FB04F7B0FBF7F086003B
:10FED0003046E0E7100200400102020400805101B8
:10FEE000001BB700F8B50026E5A000680090E548C3
:10FEF000016801F4A02008B10020F8BD01F4002041
:10FF000008B1E14A00E0E14A01F4003008B11046CE
:10FF1000F3E7C1F381371DF80740C1F30800831CE4
:10FF2000C1F34420851C9008584315FB04F7B0FB2F
:10FF3000F7F086003046E0E701F480621AB17022E3
:10FF400082610822826101F400621AB1426942F0C2
:10FF50000102426101F400520AB1CD4A826101F40A
:10FF6000803212B14FF48032C26101F4003212B11A
:10FF70004FF40032C2617047002141607047416810
:10FF800021F440514160704770B504460D466068E9
:10FF9000A8436060BF48844203D1242000F067F981
:10FFA00010E0BD48844203D1252000F060F909E04B
:10FFB000BA48844203D1302000F059F902E03120E0
:10FFC00000F055F970BD016941F4007101614169AA
:10FFD00041F480714161416841F440514160704792
:10FFE00070B504460D46606828436060A9488442A5
:10FFF00003D1242000F030F910E0A748844203D157
:020000040001F9
:10000000252000F029F909E0A448844203D13020DA
:1000100000F022F902E0312000F01EF970BD2DE958
:10002000FF4104460D469E4B0FCB8DE80F00002785
:1000300094482C380068C0F301664FF08040D0F837
:100040002002C0F30328002020630320E060A068A2
:1000500094490840A060012E03D1FFF743FF4DF8FB
:100060002600FDB15DF8261008F10100B1FBF0F0AB
:1000700000EB5500B0FBF5F0871EB7F5803F0ED3BF
:100080005DF8261008F10100B1FBF0F000EBC500AF
:10009000B0FBF5F00221C1EB1010606202E047F006
:1000A00040506062BDE8FF8130B503460C46002138
:1000B0000FE0002505E06D1CB5F1804F01D3002055
:1000C00030BD986900F480400028F4D1186860546D
:1000D000491C9142EDD30846F2E72DE9FF5F054642
:1000E0000C4617469846DDF838B06D4B10330FCBF1
:1000F0008DE80F004FF0000A62482C380068C0F30A
:1001000001664FF08040D0F82002C0F30329012E91
:1001100003D1FFF7E7FE4DF8260004B35DF8261083
:1001200009F10100B1FBF0F000EB5400B0FBF4F07A
:10013000A0F1020ABAF5803F0ED35DF8261009F14E
:100140000100B1FBF0F000EBC400B0FBF4F00221C1
:10015000C1EB1010686202E04AF04050686247EA62
:10016000080040EA0B00E860BDE8FF9F026A22F049
:10017000FF020A430262426842F400624260704732
:100180002DE9FF4704460D469046454B20330FCBE3
:100190008DE80F00022020633A482C380068C0F335
:1001A00001674FF08040D0F82002C0F30329012FEF
:1001B00003D1FFF797FE4DF827008DB15DF82710AA
:1001C00009F10100B1FBF0F000EBC500B0FBF5F068
:1001D0000221C1EB10164FF6FF70864200D2666214
:1001E000B8F1000F08D1A06A40F04000A062A06AF8
:1001F00020F00200A06207E0A06A20F02000A062C8
:10020000A06A40F00200A062BDE8FF8710B503239A
:100210000363C36A244C2340C362C36A41EA026495
:100220002343C36210BD30B503460C4600210FE0E6
:10023000002505E06D1CB5F1804F01D3002030BDD5
:10024000986900F080500028F4D0605C1860491C68
:100250009142EDD10846F2E700F01F0201219140E2
:100260004209920002F1E022C2F80011704700F04A
:100270001F02012191400D4A430942F823107047A3
:10028000010202044002004000805101001BB7003F
:100290000100000100000740001007400020074057
:1002A000D02801000FFFF0FFFFF8FF0080E100E021
:1002B000026D22F480720265026D41F001031A435F
:1002C00002657047016D21F001010165704730B58D
:1002D00000F1800454F82140224D2C4000F18005AB
:1002E00045F821402C4654F8214042EA03052C43AE
:1002F00000F1800545F8214030BD30B500F18004A3
:1003000054F821404FF6C075AC4300F1800545F824
:1003100021402C4654F8214043EA02252C4300F1A9
:10032000800545F8214030BD026D22F4E0220265CF
:10033000036D4A1E43EA02420265704710B500F1A0
:10034000800353F8213023F07F4400F1800343F809
:10035000214053F8213043EA026400F1800343F85E
:10036000214010BDC0FFE0FF70B5034600200EE045
:10037000012484400C404CB11C6846000325B54064
:10038000AC43450002FA05F52C431C60401C1028C4
:10039000EED370BD10B58469130E8B401C4384618D
:1003A000C46922F07F438B401C43C46110BD826945
:1003B00001238B409A438261C2694FF001138B4045
:1003C0009A43C26170470000F8B50026FBA00068A0
:1003D0000090FB48016801F4A02008B10020F8BD9E
:1003E00001F4002008B1F74A00E0F74A01F40030B8
:1003F00008B11046F3E7C1F381371DF80740C1F398
:100400000800831CC1F34420851C9008584315FB49
:1004100004F7B0FBF7F086003046E0E72DE9F05F27
:1004200004460D46924601274FF6FF7BE74884427B
:1004300005D1E3482838006800F0010904E0E048ED
:100440002838006800F00209B9F1000F03D1FFF766
:10045000BBFF064603E0F5F7B1FEDD4806684FF442
:100460007A70B6FBF0F6012715E0DA487843B0FB66
:10047000F6F8D0450CD2B7F5805F00D10EE0781CBD
:10048000D449484308FB06F1884200D806E000E062
:1004900004E0781C87B2B7F5805FE6DD00BF781E08
:1004A00081B20F466A0804F1140040F82210606817
:1004B0006A000321914088436A000121914008436A
:1004C000606060684FF48031A9408843606004F147
:1004D000300040F825B04046BDE8F09F2DE9FF5FB1
:1004E00004460D46994601274FF6FF7BB7488442E4
:1004F00005D1B3482838006800F0010A04E0B0488C
:100500002838006800F0020ABAF1000F03D1FFF7A3
:100510005BFF064603E0F5F751FEAD48066801278C
:100520000DE00298B6FBF0F0B0FBF7F8B8F5803FAD
:1005300000D902E01FFA88FB05E0781C87B240F67C
:10054000FF708742EDDB00BF07FB0BF0B6FBF0F856
:10055000781E81B20F466A0804F1140040F8221098
:1005600060686A000321914088436A00012191403C
:100570000843606060684FF48031A9408843606040
:10058000ABF1010081B28B4604F1300040F8251038
:10059000B9F1000F2CD00BF1010009FB00F0642130
:1005A000B0FBF1F0401E04F1500141F8250054F871
:1005B000B00F6A004FF0031191408843206020681B
:1005C000102101EB45020121914008432060606841
:1005D0006A004FF003119140884360606068102109
:1005E00001EB45020221914008436060B03C24E0E9
:1005F000002104F1500040F8251054F8B00F6A00B3
:100600004FF003119140884320602068002101EBE6
:100610004502012191400843206060686A004FF064
:1006200003119140884360606068102101EB45022E
:100630000221914008436060B03C404604B0BDE8F0
:10064000F09F026A0A430262704710B5024600201A
:1006500009E0012383400B4023B1002402F1300361
:1006600043F82040401C0628F3D310BD026A8A4399
:100670000262704730B504290FD250F8F83FCD0020
:100680000F24AC40A343036042F08003CC00A3409E
:100690000468234340F8F83910E050F8FC3F0C1F81
:1006A000E5000F24AC40A343036042F080030C1F1D
:1006B000E400A3400468234340F8FC3930BD10B582
:1006C000042908D2D0F8F820CC008023A3409A4314
:1006D000C0F8F82008E0D0F8FC200B1FDC008023D5
:1006E000A3409A43C0F8FC2010BD4FF480338B40E8
:1006F000C0F8203170470246D2F820014FF4803311
:100700008B40184008B1012070470020FCE7F0B58D
:1007100004460020A9E0012585400D4025B3812B2A
:100720000DD0822B0BD0882B09D048F20105AB42AB
:1007300005D06D1CAB4202D0AD1DAB4215D14608B1
:1007400004F1C80555F8265048F280061E4035438E
:10075000470804F1C80646F82750D4F8C45003F0FF
:100760000F063543C4F8C4500AE0460804F1C80532
:1007700055F826501D43470804F1C80646F827508F
:100780000125854015403DB300F001052DBB46080D
:1007900004F1C80555F8265025F44036470804F101
:1007A000C80545F82760460855F8265045F44036F8
:1007B000470804F1C80545F8276055E00102020426
:1007C0004002004000805101001BB700008005403E
:1007D0000000002040420F0016E0460804F1C80562
:1007E00055F8265025F44026470804F1C80545F879
:1007F0002760460855F8265045F44026470804F17E
:10080000C80545F827602FE000F00105B5B9460896
:1008100004F1C80555F8265025F44036470804F180
:10082000C80545F82760460855F8265045F40036B7
:10083000470804F1C80545F8276015E0460804F1AB
:10084000C80555F8265025F44026470804F1C80588
:1008500045F82760460855F8265045F40026470815
:1008600004F1C80545F82760401C0628FFF453AF83
:10087000F0BDD0F800220A43C0F80022D0F80422CC
:100880000A43C0F804227047D0F800228A43C0F817
:100890000022D0F804228A43C0F804227047D0F81E
:1008A000D8200A43C0F8D8207047D0F8D8208A430F
:1008B000C0F8D8207047F0B501F00104D0F83C52E0
:1008C0004E08F7001E26BE40B543260146EAC20682
:1008D0001E4346F001064F08FF00BE403543C0F8F6
:1008E0003C52F0BD10B5D0F83C224B08DC0001238F
:1008F000A3409A43C0F83C2210BD30B54C0800F12B
:10090000700353F824301C0B24034D0800F17003CE
:1009100043F825404C0853F8243042F480342343F4
:100920004D0800F1700444F8253030BD10B54B0877
:1009300000F1700252F8232022F480334C0800F1B9
:10094000700242F8243010BD10B5D0F8503202FACF
:1009500001F42343C0F8503210BD10B5D0F8503226
:1009600002FA01F4A343C0F8503210BD02FA01F3B9
:10097000C0F85432704710B50246D2F85402012331
:100980008B40184008B1012400E00024D2F8540242
:100990004FF480738B40184008B1012000E0002024
:1009A00044EA400010BD10B5D0F8E03002FA01F47E
:1009B0002343C0F8E03010BDD0F8E020CF4B8B408F
:1009C0009A43C0F8E0207047CC4A8A40C0F8E8203B
:1009D00070470246D2F8E800C84B8B40184008B177
:1009E000012070470020FCE7D0F8E42007238B406B
:1009F0001A43C0F8E4207047D0F8E42007238B4066
:100A00009A43C0F8E42070473F228A40C0F8EC20A7
:100A100070470246D2F8EC003F238B40184008B1E3
:100A2000012070470020FCE710B5D0F8E0304FF40B
:100A300080748C402343C0F8E03010BDD0F8E02033
:100A40004FF480738B409A43C0F8E02070474FF416
:100A500080728A40C0F8E82070470246D2F8E80069
:100A60004FF480738B40184008B10120704700207C
:100A7000FCE7D0F8E02001238B401A43C0F8E020C7
:100A80007047D0F8E02001238B409A43C0F8E02063
:100A9000704701228A40C0F8E82070470246D2F829
:100AA000E80001238B40184008B101207047002066
:100AB000FCE770B5D0F8F0404D08EE007F25B5405A
:100AC000AC43802545EA031515434E08F600B540B2
:100AD0002C43C0F8F04070BD10B5D0F8F0204B08A2
:100AE000DC008023A3409A43C0F8F02010BD10B56D
:100AF000D0F8E0204B08DC008023A3401A43C0F864
:100B0000E02010BD10B5D0F8E0204B08DC008023B9
:100B1000A3409A43C0F8E02010BD4A08D3008022C9
:100B20009A40C0F8E820704710B50246D2F8E800B5
:100B30004B08DC008023A340184008B1012010BD01
:100B40000020FCE74B0840F201129A40C0F84C2309
:100B5000704710B50246D2F84C034C0840F201131E
:100B6000A340184008B1012010BD0020FCE710B5DB
:100B7000036802FA01F42343036010BD10B5036853
:100B800002FA01F4A343036010BDF0B5059C4908C7
:100B90004E004FF44075B5404FF080768E4035439F
:100BA000866826EA05051E068E40354316024F006C
:100BB000BE403543856000F1800545F82140F0BD19
:100BC00030B5024600200AE0012383400B402BB1E0
:100BD000936845080124AC4023439360401C0628D9
:100BE000F2D330BD30B5024600200AE00123834035
:100BF0000B402BB1936845080124AC40A34393609C
:100C0000401C0628F2D330BD10B50B0543EA424321
:100C100043F48033846824F4FC042343836010BDD0
:100C2000816821F4803181607047816841F400015E
:100C300081607047816821F400018160704730B5A0
:100C400003694C08E5000724AC40A3434C08E400CA
:100C500002FA04F42343036130BD70B5D0F8C040FC
:100C6000CE007E25B540AC43150145EA43056D1C19
:100C7000CE00B5402C43C0F8C04070BD10B5D0F8D0
:100C8000C020CC000123A3409A43C0F8C02010BD6F
:100C900010B5D0F8C020CC008023A3401A43C0F880
:100CA000C02010BD10B5D0F8C020CC008023A340D8
:100CB0009A43C0F8C02010BD30B5D0F8C030CD0088
:100CC0004FF48034AC40A343102404EBC10402FA77
:100CD00004F42343C0F8C03030BD0246D2F82001EE
:100CE00001238B40184008B1012070470020FCE729
:100CF00001228A40C0F82021704700000000010155
:100D000030B589B005462022614901A800F06CFB8E
:100D10006048854204D160480068C0F3022414E0B2
:100D20005C482030854204D15B480068C0F302343F
:100D30000BE05A48854204D157480068C0F302448A
:100D400003E055480068C0F30254022C03D1544814
:100D5000006809B030BD01A850F82400F9E72DE97A
:100D6000F0470646894617463046FFF7C9FF8046DA
:100D700000240025B7EB580F01D9022406E0B8FB88
:100D8000F7F4250E15B1681CB4FBF0F449EA050030
:100D900030607460681C6043B8FBF0F0BDE8F08719
:100DA00000210160416170472DE9F04705460C467E
:100DB0002846FFF7A5FF06464FF0000838480068B0
:100DC000B0FBF6F000F101090020286068613548A9
:100DD000864209D8B4F57A7F01D24FF47A7431484B
:100DE000844208D9044606E0642C00D264242D48CD
:100DF000844200D904462B4886420AD84FF00008A6
:100E00002948B0FBF6FA4FF47A706043B0FBFAF76A
:100E10000DE02448B6FBF0F000FB04F74FEA17683A
:100E2000B8F1000F03D008F10100B7FBF0F76F60D5
:100E300048F08040286002E000BFA9F10109B9F143
:100E4000000FF9D100BF286800F000700028FAD127
:100E5000BDE8F087436923F016030B43134343F0C7
:100E6000080343617047416921F0080141617047FF
:100E7000426922F001020A434261026842F0807234
:100E800002607047016821F08071016070470000C6
:100E90000029010000000540140200400010054038
:100EA0000000002040420F0000CA9A3B014600208B
:100EB0005A4AD060104641600020906001201061C5
:100EC00000BF564800690028FBD15448806870472D
:100ED00030B15249096841F00201504A116005E001
:100EE0004E49096821F002014C4A116070474B4895
:100EF000006820F0010049490860704747480068D1
:100F000020F008004549086070474448006820F018
:100F100010004249086070474048006820F02000F7
:100F20003E49086070473D48006840F008003B4972
:100F3000086070473948006840F010003749086081
:100F400070473648006840F0200034490860704718
:100F50003248006800F0020008B10120704700200C
:100F6000FCE72E48006840F001002C4908607047FB
:100F70002A484069704770B505460E46002408E0CF
:100F80004FF4401101EB8400FFF790FF45F8240077
:100F9000641CB442F4D3002070BD70B505460E4603
:100FA0000020044623E04FF4401202EB840055F881
:100FB00024102122194BDA601A46506091600122F8
:100FC0001A6100BF00BF154A1269002AFBD100BF99
:100FD0004FF4401101EB8400FFF768FF55F824102F
:100FE000884202D04FF0FF3070BD601C0446B4420E
:100FF000D9D30020F8E70949896921F07001074A2F
:1010000091611146896941EA001191617047034875
:10101000806920F0700001498861704700C000407D
:1010200008B5002100910CE00022D64B009903EB9B
:1010300001110A601F21D44A009BD1540099491C18
:10104000009100990829EFD3D04909680143CF4A9C
:10105000116008BD0020CD490860704730B5C94C0B
:1010600004EB00131B68CA4C2340C64D05EB00146B
:1010700023602C4604EB00131B68541E41EA044411
:10108000234305EB0014236030BDF0B5059CBD4D36
:1010900005EB00156960BB4D05EB0015AB60B94E63
:1010A00006EB00152D6825F47065374607EB001632
:1010B00035603E4606EB00152D6842EA04063543CE
:1010C00007EB00163560F0BD70B5AF4D2954082808
:1010D0005BD2DFE800F0040E19242F39444FAB4CEB
:1010E0008034246824F01F040C43A84D80352C6004
:1010F0004CE0A64C8034246824F4F85444EA0124DB
:10110000A24D80352C6041E0A04C8034246824F44A
:10111000F81444EA01449D4D80352C6036E09B4C28
:101120008034246824F0F85444EA0164974D8035F3
:101130002C602BE0954C8434246824F01F040C436D
:10114000924D84352C6021E0904C8434246824F442
:10115000F85444EA01248D4D84352C6016E08B4C04
:101160008434246824F4F81444EA0144874D843517
:101170002C600BE0854C8434246824F0F85444EA55
:101180000164824D84352C6000E000BF00BF9AB13D
:101190007C4D05EB0014246824F00304A41C2E46A7
:1011A00006EB00152C60794C3C3424681C1B35463A
:1011B00005EB0015EC600AE0724D05EB00142468A5
:1011C00024F00304641C2E4606EB00152C6070BD51
:1011D00030B56C4C04EB00131B6823F074032546F8
:1011E00005EB001423602C4604EB00131B6841EA56
:1011F0000204234305EB0014236030BD63493431FE
:1012000009680143614A3432116070475F493431E3
:10121000096881435D4A34321160704710B508286F
:1012200051D2DFE800F0040E17212A343D47574B16
:1012300040331B686FF30F031343544C4034236057
:1012400042E0524B40331B6862F31F434F4C403423
:10125000236039E04D4B44331B686FF30F03134396
:101260004A4C443423602FE0484B44331B6862F3FC
:101270001F43464C4434236026E0444B48331B68EC
:101280006FF30F031343414C483423601CE03F4B82
:1012900048331B6862F31F433C4C4834236013E01F
:1012A0003A4B4C331B686FF30F031343374C4C34EA
:1012B000236009E0354B4C331B6862F31F43334C0A
:1012C0004C34236000E000BF00BF10BD2E49095C14
:1012D0001F2904D1012181402C4A08321160704736
:1012E00010B521B101290CD002291FD114E0274AE1
:1012F00018321268012383401A43244B18331A60B2
:1013000015E0204B03EB0012126822F080021C460D
:1013100004EB00131A600AE01C4A383213680122F9
:1013200082401343194A3832136000E000BF00BF07
:1013300010BD10B521B101290CD002291FD114E034
:10134000124A18321268012383409A430F4B183314
:101350001A6015E00B4B03EB0012126842F080029A
:101360001C4604EB00131A600AE0084A383213687E
:10137000012282409343054A3832136000E000BFE7
:1013800000BF10BD008000406804002000840040C1
:10139000FFCF00C030B50B460146002020220124BB
:1013A00009E021FA02F59D4205D303FA02F5491B33
:1013B00004FA02F52844151EA2F10102F1DC30BD49
:1013C00070B500242546002801DA01244042002996
:1013D00001DA01254942FFF7DDFFAC4200D040426F
:1013E000002C00D0494270BD40EA01039B0703D0A6
:1013F00009E008C9121F08C0042AFAD203E011F854
:10140000013B00F8013B521EF9D27047D2B201E015
:1014100000F8012B491EFBD270470022F6E710B5F9
:1014200013460A4604461946FFF7F0FF204610BD52
:10143000F0B480EA0102D40F4200B2EB410F02D2B5
:101440000246084611464A0042D0C30DDDB2C1F340
:10145000C752AD1A202D35DAC1F3160141F400024E
:1014600004B15242C5F1200602FA06F12A411044A5
:10147000B3EBD05F23D0C4B1012DA0EBC35009DC86
:10148000F0BC4FF0004202EAC352DBB200F50000AC
:1014900000F00BB9400000F1807000EBC350A0F1E8
:1014A000807040EAD170490009E0490841EAC07102
:1014B000A0EBC35000F50000400800EBC350F0BCA7
:1014C00000F0EAB86142012202EB4101001BF6E79D
:1014D000F0BC704781F00041AAE780F00040A7E728
:1014E00080EA010210B502F00043400022D04A0019
:1014F0001FD0010E01EB1261C0F35600C2F3560279
:1015000040F4000042F40002A0FB022000047F39F6
:10151000140400D0401C50EA124001D44000491E7F
:10152000C2B20C0604EBD010401C4008802A02D046
:1015300003E0002010BD20F00100002900DA0020A7
:10154000184310BD30B480EA010202F0004530F0CB
:10155000004221F0004013D090B1C30DD40DC2F36E
:101560001601C0F31600E41A41F4000140F4000231
:101570007D34914201D3641C00E04900002C02DA62
:1015800030BC002070474FF400000023914201D38B
:10159000891A034340084FEA4101F7D151B1914202
:1015A00002D14FF0004105E002D24FF0010101E00D
:1015B0006FF0010103EBC450284430BC00F06CB85C
:1015C000C10F80EAE0700844CA079623002100F0AA
:1015D0006CB896230022114600F067B800F0004274
:1015E00020F00040C10DC0F3160040F400007F2938
:1015F00001DA00207047962903DCC1F19601C8404A
:1016000001E096398840002AF4D04042704720F02B
:101610000040C10DC0F3160040F400007F2901DA3C
:1016200000207047962903DCC1F19601C84070473D
:101630009639884070472DE9F05F054600209246B4
:101640009B4688460646814640241BE02846414684
:101650004746224600F079F853465A46C01A91414F
:1016600010D311461846224600F060F82D1A67EB99
:1016700001084F4622460120002100F057F817EBE1
:1016800000094E41201EA4F10104DFDC484631462A
:101690002A464346BDE8F09F0029A8BF7047401C7A
:1016A000490008BF20F00100704710B4B0FA80FC78
:1016B00000FA0CF050EA010404BF10BC704749B1B5
:1016C000CCF1200421FA04F411FA0CF118BF012125
:1016D00021430843A3EB0C01CB1D4FEA00614FEA05
:1016E000102042BF002010BC704700EBC3501044D4
:1016F0000029A4BF10BC7047401C490008BF20F05F
:10170000010010BC70470000064C074D06E0E06881
:1017100040F0010394E8070098471034AC42F6D338
:10172000F4F708FD2029010040290100202A04DBEC
:10173000203A00FA02F1002070479140C2F12003E4
:1017400020FA03F3194390407047202A04DB203A23
:1017500021FA02F00021704721FA02F3D040C2F1D1
:1017600020029140084319467047FFB589B0099897
:1017700008900A9C0B9F0C9D129807901398069056
:10178000149E7800001B401B4000002824D0A54276
:1017900011DB7A00121B521B51002A1B72431046A8
:1017A000FFF70EFE01460698704308180290FFF7F7
:1017B00007FF049010E07A00121B521B5100621BBD
:1017C00072431046FFF7FCFD014606987043401A2D
:1017D0000290FFF7F5FE04907819011B0798081A8C
:1017E0002AD039190898081A401B25D0A54211DBC8
:1017F0007A19131B079A991A2A1B72431046FFF78E
:10180000DFFD01460698704308180290FFF7D8FEE6
:10181000059013E03B19089A9A1A511B621B7243F8
:101820001046FFF7CDFD014606987043401A02901E
:10183000FFF7C6FE059001E004980590059904980D
:10184000FFF748FE0190FFF7C9FE0290002801DB78
:10185000029801E002984042B04207DD0498FFF789
:10186000BDFE0290FFF7ACFE03900DE004990598D1
:10187000FFF7DEFD0190FFF7B1FEC20F11180290D5
:101880004810FFF79DFE03900398FFF7C0FE0DB0D0
:10189000F0BDFFB58BB004460D461646149F0020E0
:1018A0000A906800001B801B33D0A80061006118FB
:1018B000401A801B09906800001B801B0890089844
:1018C000FFF787FE06900998FFF783FE05900699BB
:1018D000FFF738FE07907808FFF77BFE0590780841
:1018E000FFF777FE01900799FFF7FAFD03900E9935
:1018F00079430846FFF76DFE02900399FFF798FDC4
:1019000004900599FFF7E6FD0690FFF780FE0A9028
:1019100001E000200A900A980FB0F0BDFFB58FB02B
:1019200006460F461D46189C0896099711980A907E
:101930001C2229466846FFF757FD009908988842FF
:1019400005D900990898401A7B49086004E0089975
:101950000098401A7849086001990998884208D986
:1019600001990998401A7449096840187249086039
:1019700007E009990198401A6F49096840186E49B3
:1019800008600A9800285DD0608A6B49096888421F
:1019900003D2608E694908607BE0208A6649096845
:1019A000884203D2208E6549086072E0E08962496E
:1019B0000968884203D2E08D6049086069E0608868
:1019C0005D490968884203D2608C5C49086060E028
:1019D000A08859490968884203D2A08C57490860F9
:1019E00057E0E08854490968884203D2E08C5349A3
:1019F00008604EE0208950490968884203D2208D52
:101A00004E49086045E060894B490968884203D225
:101A1000608D4A4908603CE0A089474909688842CE
:101A200003D2A08D4549086033E020884249096807
:101A3000884203D2208C414908602AE0E08B3F496C
:101A4000086026E0E0893C490968884203D2A08BFF
:101A50003A4908601DE0608837490968884203D226
:101A6000208B3649086014E0A08833490968884211
:101A700003D2608B314908600BE020882E49096849
:101A8000884203D2E08A2D49086002E0A08A2B49EF
:101A900008602A480068142802D3142027490860E7
:101AA00026480068012805D100200390049069466B
:101AB000087614E00DE000990398401A039001990C
:101AC0000498401A04906846007E401EC1B26846E1
:101AD00001766846007E194909688842EBD2089968
:101AE0000398401803900999049840180490684698
:101AF000007E401CC1B268460176007E00280CDDE5
:101B00006A46117E0398FFF745FC00906A46117EF5
:101B10000498FFF73FFC019006E0089800900998B0
:101B200001900020694608761C2269462846FFF786
:101B30005BFC13B0F0BD00007403002078030020AC
:101B40000FB4054B10B503A9044A029800F018F829
:101B500010BC5DF814FB000047E30000FC0300200C
:101B600002E008C8121F08C1002AFAD17047704766
:101B7000002001E001C1121F002AFBD170470000C4
:101B80002DE9FF4F8DB09B460F460446002606E028
:101B900025280BD05A460F999047641C761C207854
:101BA0000028F5D111B03046BDE8F08F0025A846D9
:101BB0000122984900E0054314F8013F203B02FA56
:101BC00003F00842F7D120782E2817D114F8010F1E
:101BD00045F004052A280ED06FF02F022078A0F1DE
:101BE000300109290AD808EB880102EB410100EB1A
:101BF0000108641CF2E757F8048B641C20786C28F9
:101C00000DD004DC4C2812D06A2811D104E07428CD
:101C10000DD07A280CD10AE045F4001507E0617870
:101C200045F48015814202D1641C05F58015641CC1
:101C30002078692844D008DC0028B3D0582867D021
:101C400063280FD0642808D13AE0702865D0732843
:101C500012D075285AD078285AD05A460F999047F2
:101C6000761CD5E017F8040B8DF8000000208DF8E5
:101C70000100E946012003E057F8049B4FF0FF30D4
:101C800069074FF0000501D40AE06D1C45450DDAE7
:101C90008542FADB19F805100029F6D106E06D1C23
:101CA0008542FCDB19F805100029F8D12E4404E028
:101CB00019F8010B5A460F9990476D1EF8D2A7E00C
:101CC0000A200021CDE90801C5F3025002280CD0FA
:101CD00001CFC117021E71F100020CDA0023D0EB14
:101CE000030063EB01012D2208E0FF1D27F0070729
:101CF000F7E80201EEE72A0504D52B228DF828200B
:101D000001223CE0EA073AD02022F7E70A2000E06F
:101D100010200021CDE9080107E01020002145F046
:101D20000405CDE908014FF00808C5F30250022868
:101D300010D001CF00214FF0000A2A0720D52278C9
:101D4000702A0DD0DDE908C38CF0100C5CEA030C9E
:101D50000CD015E0FF1D27F00707F7E80201EAE7BE
:101D600040228DF828204FF0010A0CE050EA0103D0
:101D700006D030238DF828308DF829200222924693
:101D80002278582A04D024A20DF120090B9209E0F0
:101D900026A2F9E7DDE90823FFF74DFC0B9B9B5CCE
:101DA00009F8013D50EA0102F4D1ADEB0900203001
:101DB0000890680701D44FF001080899884503DDB1
:101DC0000898A8EB000000E000208046002506E00F
:101DD0000AA85A46405D0F9990476D1C761C5545E0
:101DE000F6DB04E030205A460F999047761CB8F194
:101DF0000001A8F10108F5DC05E019F8010B5A46CD
:101E00000F999047761C0899481E08900029F4DC29
:101E1000641CC4E6092801003031323334353637CA
:101E20003839616263646566000000003031323326
:101E300034353637383941424344454600000000C6
:101E400005010902A10185090901A100050919017E
:101E5000290315002501950375018102950581016E
:101E600005010930093126FF7F95027510810205B1
:101E70000D093026FF7F950175108102C0C0050154
:101E80000906A1018506050719E029E715002501C6
:101E90007501950881020507190029FF26FF0075C5
:101EA0000895068100C0050D0902A10185070920DA
:101EB000A101094209440945093C150025017501A4
:101EC00095048102950181030932950181029502F1
:101ED0008103751095013500A4050109306513557E
:101EE0000D46610F260F2781020931469B18267F78
:101EF0003E8102B40930450026FF1F8142093D158D
:101F000081257F750895018102093E1581257F8114
:101F100002C0C0050D0902A10185070920A1010920
:101F20004209440945093C150025017501950481C4
:101F300002950181030932950181029502810375A1
:101F40001095013500A4050109306513550D469B18
:101F500018267F3E8102093146610F260F27810234
:101F6000B40930450026FF1F8142093D1581257FB8
:101F7000750895018102093E1581257F8102C0C047
:101F8000060AFF0901A101850209027508950D15D0
:101F90000026FF00810209037508950D150026FF34
:101FA000009102C01201100100000008BD281409B0
:101FB00000000102000109025B0003010080230907
:101FC0000400000103010200092100010001226652
:101FD0000007058103080001090401000103010253
:101FE00000092100010001226D0007058203400065
:101FF00001090402000203000000092100010001A0
:10200000222400070583030E0001070503030E00C9
:102010000A040309041803480061006E0076006F8B
:10202000006E002000750067006500650022033621
:1020300000200069006E0063006800200050006509
:10204000006E005400610062006C00650074000CBA
:1020500003300030003000300030002203550047CC
:10206000003900300033005F00420050004E003065
:10207000003600300031004C005F00410028033280
:10208000003000320035002D00310031002D0031CC
:102090000031005F00520065006C00650061007354
:1020A00000650031001A0344006500660061007598
:1020B000006C00740020006D006F00640065001C5F
:1020C0000358005F0045006E0065007200670079EC
:1020D0000020006D006F00640065001C0359005F64
:1020E0000045006E00650072006700790020006DF9
:1020F000006F00640065001C0350005F0045006E27
:1021000000650072006700790020006D006F0064B8
:102110000065001403460065007200710020006D28
:10212000006F006400650026034A006900740074B3
:1021300000650072005F0045006E00650072006778
:1021400000790020006D006F006400650018034AEC
:10215000006900740074006500720020006D006F5B
:102160000064006500180353006D006F006F007479
:1021700000680020006D006F0064006500180358BF
:10218000005F00540069006C00740020006D006F57
:102190000064006500180359005F00540069006C7A
:1021A00000740020006D006F0064006500200320B3
:1021B000002000200020002000200020002000201F
:1021C000002000200020002000200020000C03FE42
:1021D0007C1F4E0801FF1FD813040300673E03480D
:1021E0000061006E0076006F006E002000550067F1
:1021F0000065006500200054006500630068006E03
:10220000006F006C006F0067007900200043006FD2
:10221000002E002C004C0074006400080300000035
:10222000000000070302012C0000040302000C035D
:1022300028BD09140000000000000A03001000037C
:102240000801000806030400FF041E03200020000C
:10225000200020002000200020002000200020007E
:1022600020002000200020000803000000000000E3
:10227000060301040004160342006F006F0074009F
:102280006C006F0061006400650072001A03410079
:1022900030003200300030003800300034003000B0
:1022A0003100310034000000660000006D000000C5
:1022B00024000000000000001200000000000000E8
:1022C00000000000A41F0100B61F01002C00002028
:1022D000A4000020A8220100B82201008BA806005B
:1022E000E4D20600841607003C2E0700955F070025
:1022F00043790700A2BC070003140800A5A19B991D
:1023000095938E88060A101216181D23EF060000FA
:102310006E0700002708000058090000C90A0000E5
:102320003D0C0000B10D00003D0F0000CE1000007C
:102330004A120000D713000078150000FB160000B9
:10234000841800001E1A0000A81B00002E1D0000AB
:10235000C01E00005C200000DC2100006B23000098
:102360000A2500009026000016280000B62900006B
:10237000422B0000CA2C00005E2E0000F82F000047
:102380007C31000007330000A5340000293600002E
:10239000B437000050390000E03A0000673C00000C
:1023A000FA3D0000953F000018410000A4420000E3
:1023B00043440000CA45000053470000EF480000B6
:1023C0007F4A0000054C0000984D0000314F00008E
:1023D000B350000040520000E25300006855000076
:1023E000F15600008F5800001D5A0000A35B00004A
:1023F000385D0000D25E000057600000E66100001A
:1024000083630000096500009366000031680000E6
:10241000BA690000416B0000D96C00006D6E0000CD
:10242000F16F00008271000020730000A3740000AF
:102430002F760000CF77000053790000D67A000095
:10244000697C0000F17D0000677F0000DD800000F6
:102450005D82000094830000738400000B850000FF
:10246000DA0600006807000031080000610900007A
:10247000DC0A0000600C0000DE0D0000650F0000AB
:10248000F81000008412000009140000A2150000DA
:1024900031170000BD180000521A0000E71B0000B1
:1024A000731D0000FA1E0000972000002522000086
:1024B000AC23000046250000D52600005B28000064
:1024C000F5290000882B0000112D0000A12E00002E
:1024D00039300000C23100004A330000E734000008
:1024E0006D360000F737000095390000213B0000F1
:1024F000B03C00003F3E0000D73F000065410000B7
:10250000E94200008844000013460000974700009D
:1025100034490000C14A0000444C0000D24D000084
:102520005C4F0000D750000048520000C05300002C
:10253000F8540000D55500006F560000BC6C060032
:1025400069760600338006001B8A06002194060087
:10255000469E06008BA80600F0B2060075BD060078
:102560001CC80600E4D20600D0DD0600DEE8060046
:1025700010F4060066FF0600E20A07008416070052
:102580004C2207003C2E0700543A070095460700EE
:1025900000530700955F0700566C0700437907005A
:1025A0005E860700A793070020A10700C8AE0700BA
:1025B000A2BC0700AECA0700EDD8070061E707001C
:1025C0000BF60700EB04080003140800552308006D
:1025D000E1320800A9420800AE520800F262080089
:1025E00076730800ABAAA9A8A7A6A5A4A3A2A1A038
:1025F0009F9E9D9C9B9A9998979695949392919063
:102600008F8E8D8C8B8A8988878685848382000053
:1026100093710600707606004E7B06003B80060034
:1026200027850600238A06001E8F060029940600CF
:10263000349906004E9E060069A3060093A8060082
:10264000BEAD0600F8B2060033B806007EBD060037
:10265000C9C2060024C8060080CD0600EDD20600DF
:102660005AD80600D9DD060057E30600E7E8060061
:1026700077EE060019F40600BBF9060070FF0600AD
:1026800024050700EC0A0700B31007008E160700A8
:10269000681C07005622070044280700462E070042
:1026A000483407005E3A070075400700A04607005F
:1026B000CB4C07000B5307004B590700A05F0700E6
:1026C000F6650700616C0700CD7207004F790700BF
:1026D000D17F07006A860700038D0700B3930700C8
:1026E000649A07002CA10700F4A70700D5AE0700E5
:1026F000B5B50700AFBC0700A8C30700BBCA0700F9
:10270000CED10700FAD8070027E007006FE70700DF
:10271000B6EE070019F607007BFD0700F904080074
:10272000770C080012140800AC1B08006423080092
:102730001B2B0800F0320800C53A0800B842080018
:10274000AC4A0800BE520800D05A080002630800D4
:102750000000000060090000C0120000201C000002
:1027600080250000E02E000040380000A04100005D
:10277000004B000060540000C05D000020670000B6
:1027800080700000E079000040830000A08C000011
:1027900000960000609F0000C0A8000020B200006A
:1027A00080BB0000E0C4000040CE0000A0D70000C5
:1027B00000E1000060EA0000C0F3000020FD00001E
:1027C00080060100E00F010040190100A022010075
:1027D000002C010060350100C03E010020480100CE
:1027E00080510100E05A010040640100A06D010029
:1027F0000077010060800100C08901002093010082
:10280000809C0100E0A5010040AF0100A0B80100DC
:1028100000C2010060CB0100C0D4010020DE010035
:1028200080E70100E0F0010040FA0100A00302008F
:10283000000D020060160200C01F020020290200E5
:1028400080320200E03B020040450200A04E020040
:102850000058020060610200C06A02002074020099
:10286000807D0200E086020040900200A0990200F4
:1028700000A3020060AC0200C0B5020020BF02004D
:1028800080C80200E0D1020040DB0200A0E40200A8
:102890000000000000010000000200000004000031
:1028A000000800000010000000180000FF1F0000DA
:1028B00000000000C80100002D030000A805000072
:1028C000140A0000F61100002E190000FF1F00007E
:1028D000001BB700000000000080000000805101D4
:1028E000001BB700000000000080000000805101C4
:1028F000001BB700000000000080000000805101B4
:10290000001BB70000800000000000000000000075
:1029100000000000102700000000000000805101AE
:10292000402901000000002070040000601B01002D
:10293000B02D010070040020E00D0000701B0100AC
:10294000001BB7000C000000001BB700001BB70005
:1029500000800000000000001027000000000000C0
:102960000000000000000000008051011120010063
:10297000152001002D2001004F2001005B200100E7
:102980007D200100AD210100CD210100D9210100F0
:10299000DD2101002E2201003A2201004422010023
:1029A0004A22010068220100702201007622010003
:1029B000A5200100BF200100DB200100F72001005D
:1029C00013210100272101004D2101006521010093
:1029D0007D210100952101001B220100232201001D
:1029E0002A220100401E0100131F0100801F010068
:1029F00000000000000000000000000000000000D7
:102A000000000000000000000000000000000000C6
:102A100000000000000000000000000000000000B6
:102A200000000000000000000000000000000000A6
:102A30000000000000000000000000000000000096
:102A40000000000000000000000000000000000086
:102A50000000000000000000000000000000000076
:102A60000000000000000000000000000000000066
:102A70000000000000000000000000000000000056
:102A80000000000000000000000000000000000046
:102A90000000000000000000000000000000000036
:102AA0000000000000000000000000000000000026
:102AB0000000000000000000000000000000000016
:102AC000000500010800020004042C000816011093
:102AD0001D01205701405601800000000000000049
:102AE00000000000000000000000000000000000E6
:102AF00000000000000000000000000000000000D6
:102B000000000000000000000000000000000000C5
:102B100000000000000000000000000000000000B5
:102B200000000000000000000000000000000000A5
:102B30000000000000000000000000000000000095
:102B40000000000000000000000000000000000085
:102B50000000000000000000000000000000000075
:102B60000000000000010000000000000000000064
:102B700000000000F0010000E8010000D8010000A2
:102B8000B801000078010000F0010000E801000039
:102B9000D8010000B8010000780100000201000324
:102BA00005070604020100030507060402010003ED
:102BB00005070604020100030507060400000000E3
:102BC0000000000000000000000000000000000005
:102BD00000000000000000000000000000000000F5
:102BE00000000000000000000000000000000000E5
:102BF00000000000000000000000000000000000D5
:102C000000000000000000000000000000000000C4
:102C100000000000000000000000000000000000B4
:102C200000000000000000000000000050463232AA
:102C3000322D2D2D2D2D2D231E19140F00000000D7
:102C40000000000000000000000000000000000084
:102C50000000000000000000000000000000000074
:102C60000000000000000000000000000000000064
:102C70000000000000000000000000000000000054
:102C80000000000000000000000000000000000044
:102C90000000000000000000000000000000000034
:102CA0000000000000000000000000000000000024
:102CB0000000000000000000000000000000000014
:102CC0000000000000000000000000000000000004
:102CD00000000000000100000000000000000000F3
:102CE00000000000000000000000000000000000E4
:102CF0000000000000000000400000000000000094
:102D000001000000000000000000000000000000C2
:102D100000000000000000000000000000000000B3
:102D200000000000000000000000000000000000A3
:102D30000000000000000000000000000000000093
:102D40000000000000000000000000000100000082
:102D50000000000000000000000000000000000073
:102D60000000000000000000000000000000000063
:102D70000000000000000000000000000000000053
:102D8000080000000000000000000000000000003B
:102D90000000000000000000000000000000000033
:102DA0000000000000000000000000000000000023
:102DB000FFFFFFFFFFFFFFFFFFFFFFFFFFFFFFFF23
:102DC000FFFFFFFFFFFFFFFFFFFFFFFFFFFFFFFF13
:102DD000FFFFFFFFFFFFFFFFFFFFFFFFFFFFFFFF03
:102DE000FFFFFFFFFFFFFFFFFFFFFFFFFFFFFFFFF3
:102DF000FFFFFFFFFFFFFFFFFFFFFFFFFFFFFFFFE3
:102E0000FFFFFFFFFFFFFFFFFFFFFFFFFFFFFFFFD2
:102E1000FFFFFFFFFFFFFFFFFFFFFFFFFFFFFFFFC2
:102E2000FFFFFFFFFFFFFFFFFFFFFFFFFFFFFFFFB2
:102E3000FFFFFFFFFFFFFFFFFFFFFFFFFFFFFFFFA2
:102E4000FFFFFFFFFFFFFFFFFFFFFFFFFFFFFFFF92
:102E5000FFFFFFFFFFFFFFFFFFFFFFFFFFFFFFFF82
:102E6000FFFFFFFFFFFFFFFFFFFFFFFFFFFFFFFF72
:102E7000FFFFFFFFFFFFFFFFFFFFFFFFFFFFFFFF62
:102E8000FFFFFFFFFFFFFFFFFFFFFFFFFFFFFFFF52
:102E9000FFFFFFFFFFFFFFFFFFFFFFFFFFFFFFFF42
:102EA000FFFFFFFFFFFFFFFFFFFFFFFFFFFFFFFF32
:102EB000FFFFFFFFFFFFFFFFFFFFFFFFFFFFFFFF22
:102EC000FFFFFFFFFFFFFFFFFFFFFFFFFFFFFFFF12
:102ED000FFFFFFFFFFFFFFFFFFFFFFFFFFFFFFFF02
:102EE000FFFFFFFFFFFFFFFFFFFFFFFFFFFFFFFFF2
:102EF000FFFFFFFFFFFFFFFFFFFFFFFFFFFFFFFFE2
:102F0000FFFFFFFFFFFFFFFFFFFFFFFFFFFFFFFFD1
:102F1000FFFFFFFFFFFFFFFFFFFFFFFFFFFFFFFFC1
:102F2000FFFFFFFFFFFFFFFFFFFFFFFFFFFFFFFFB1
:102F3000FFFFFFFFFFFFFFFFFFFFFFFFFFFFFFFFA1
:102F4000FFFFFFFFFFFFFFFFFFFFFFFFFFFFFFFF91
:102F5000FFFFFFFFFFFFFFFFFFFFFFFFFFFFFFFF81
:102F6000FFFFFFFFFFFFFFFFFFFFFFFFFFFFFFFF71
:102F7000FFFFFFFFFFFFFFFFFFFFFFFFFFFFFFFF61
:102F8000FFFFFFFFFFFFFFFFFFFFFFFFFFFFFFFF51
:102F9000FFFFFFFFFFFFFFFFFFFFFFFFFFFFFFFF41
:102FA000FFFFFFFFFFFFFFFFFFFFFFFFFFFFFFFF31
:102FB000FFFFFFFFFFFFFFFFFFFFFFFFFFFFFFFF21
:102FC000FFFFFFFFFFFFFFFFFFFFFFFFFFFFFFFF11
:102FD000FFFFFFFFFFFFFFFFFFFFFFFFFFFFFFFF01
:102FE000FFFFFFFFFFFFFFFFFFFFFFFFFFFFFFFFF1
:102FF000FFFFFFFFFFFFFFFFFFFFFFFFFFFFFFFFE1
:10300000FFFFFFFFFFFFFFFFFFFFFFFFFFFFFFFFD0
:10301000FFFFFFFFFFFFFFFFFFFFFFFFFFFFFFFFC0
:10302000FFFFFFFFFFFFFFFFFFFFFFFFFFFFFFFFB0
:10303000FFFFFFFFFFFFFFFFFFFFFFFFFFFFFFFFA0
:10304000FFFFFFFFFFFFFFFFFFFFFFFFFFFFFFFF90
:10305000FFFFFFFFFFFFFFFFFFFFFFFFFFFFFFFF80
:10306000FFFFFFFFFFFFFFFFFFFFFFFFFFFFFFFF70
:10307000FFFFFFFFFFFFFFFFFFFFFFFFFFFFFFFF60
:10308000FFFFFFFFFFFFFFFFFFFFFFFFFFFFFFFF50
:10309000FFFFFFFFFFFFFFFFFFFFFFFFFFFFFFFF40
:1030A000FFFFFFFFFFFFFFFFFFFFFFFFFFFFFFFF30
:1030B000FFFFFFFFFFFFFFFFFFFFFFFFFFFFFFFF20
:1030C000FFFFFFFFFFFFFFFFFFFFFFFFFFFFFFFF10
:1030D000FFFFFFFFFFFFFFFFFFFFFFFFFFFFFFFF00
:1030E000FFFFFFFFFFFFFFFFFFFFFFFFFFFFFFFFF0
:1030F000FFFFFFFFFFFFFFFFFFFFFFFFFFFFFFFFE0
:10310000FFFFFFFFFFFFFFFFFFFFFFFFFFFFFFFFCF
:10311000FFFFFFFFFFFFFFFFFFFFFFFFFFFFFFFFBF
:10312000FFFFFFFFFFFFFFFFFFFFFFFFFFFFFFFFAF
:10313000FFFFFFFFFFFFFFFFFFFFFFFFFFFFFFFF9F
:10314000FFFFFFFFFFFFFFFFFFFFFFFFFFFFFFFF8F
:10315000FFFFFFFFFFFFFFFFFFFFFFFFFFFFFFFF7F
:10316000FFFFFFFFFFFFFFFFFFFFFFFFFFFFFFFF6F
:10317000FFFFFFFFFFFFFFFFFFFFFFFFFFFFFFFF5F
:10318000FFFFFFFFFFFFFFFFFFFFFFFFFFFFFFFF4F
:10319000FFFFFFFFFFFFFFFFFFFFFFFFFFFFFFFF3F
:1031A000FFFFFFFFFFFFFFFFFFFFFFFFFFFFFFFF2F
:1031B000FFFFFFFFFFFFFFFFFFFFFFFFFFFFFFFF1F
:1031C000FFFFFFFFFFFFFFFFFFFFFFFFFFFFFFFF0F
:1031D000FFFFFFFFFFFFFFFFFFFFFFFFFFFFFFFFFF
:1031E000FFFFFFFFFFFFFFFFFFFFFFFFFFFFFFFFEF
:1031F000FFFFFFFFFFFFFFFFFFFFFFFFFFFFFFFFDF
:10320000FFFFFFFFFFFFFFFFFFFFFFFFFFFFFFFFCE
:10321000FFFFFFFFFFFFFFFFFFFFFFFFFFFFFFFFBE
:10322000FFFFFFFFFFFFFFFFFFFFFFFFFFFFFFFFAE
:10323000FFFFFFFFFFFFFFFFFFFFFFFFFFFFFFFF9E
:10324000FFFFFFFFFFFFFFFFFFFFFFFFFFFFFFFF8E
:10325000FFFFFFFFFFFFFFFFFFFFFFFFFFFFFFFF7E
:10326000FFFFFFFFFFFFFFFFFFFFFFFFFFFFFFFF6E
:10327000FFFFFFFFFFFFFFFFFFFFFFFFFFFFFFFF5E
:10328000FFFFFFFFFFFFFFFFFFFFFFFFFFFFFFFF4E
:10329000FFFFFFFFFFFFFFFFFFFFFFFFFFFFFFFF3E
:1032A000FFFFFFFFFFFFFFFFFFFFFFFFFFFFFFFF2E
:1032B000FFFFFFFFFFFFFFFFFFFFFFFFFFFFFFFF1E
:1032C000FFFFFFFFFFFFFFFFFFFFFFFFFFFFFFFF0E
:1032D000FFFFFFFFFFFFFFFFFFFFFFFFFFFFFFFFFE
:1032E000FFFFFFFFFFFFFFFFFFFFFFFFFFFFFFFFEE
:1032F000FFFFFFFFFFFFFFFFFFFFFFFFFFFFFFFFDE
:10330000FFFFFFFFFFFFFFFFFFFFFFFFFFFFFFFFCD
:10331000FFFFFFFFFFFFFFFFFFFFFFFFFFFFFFFFBD
:10332000FFFFFFFFFFFFFFFFFFFFFFFFFFFFFFFFAD
:10333000FFFFFFFFFFFFFFFFFFFFFFFFFFFFFFFF9D
:10334000FFFFFFFFFFFFFFFFFFFFFFFFFFFFFFFF8D
:10335000FFFFFFFFFFFFFFFFFFFFFFFFFFFFFFFF7D
:10336000FFFFFFFFFFFFFFFFFFFFFFFFFFFFFFFF6D
:10337000FFFFFFFFFFFFFFFFFFFFFFFFFFFFFFFF5D
:10338000FFFFFFFFFFFFFFFFFFFFFFFFFFFFFFFF4D
:10339000FFFFFFFFFFFFFFFFFFFFFFFFFFFFFFFF3D
:1033A000FFFFFFFFFFFFFFFFFFFFFFFFFFFFFFFF2D
:1033B000FFFFFFFFFFFFFFFFFFFFFFFFFFFFFFFF1D
:1033C000FFFFFFFFFFFFFFFFFFFFFFFFFFFFFFFF0D
:1033D000FFFFFFFFFFFFFFFFFFFFFFFFFFFFFFFFFD
:1033E000FFFFFFFFFFFFFFFFFFFFFFFFFFFFFFFFED
:1033F000FFFFFFFFFFFFFFFFFFFFFFFFFFFFFFFFDD
:10340000FFFFFFFFFFFFFFFFFFFFFFFFFFFFFFFFCC
:10341000FFFFFFFFFFFFFFFFFFFFFFFFFFFFFFFFBC
:10342000FFFFFFFFFFFFFFFFFFFFFFFFFFFFFFFFAC
:10343000FFFFFFFFFFFFFFFFFFFFFFFFFFFFFFFF9C
:10344000FFFFFFFFFFFFFFFFFFFFFFFFFFFFFFFF8C
:10345000FFFFFFFFFFFFFFFFFFFFFFFFFFFFFFFF7C
:10346000FFFFFFFFFFFFFFFFFFFFFFFFFFFFFFFF6C
:10347000FFFFFFFFFFFFFFFFFFFFFFFFFFFFFFFF5C
:10348000FFFFFFFFFFFFFFFFFFFFFFFFFFFFFFFF4C
:10349000FFFFFFFFFFFFFFFFFFFFFFFFFFFFFFFF3C
:1034A000FFFFFFFFFFFFFFFFFFFFFFFFFFFFFFFF2C
:1034B000FFFFFFFFFFFFFFFFFFFFFFFFFFFFFFFF1C
:1034C000FFFFFFFFFFFFFFFFFFFFFFFFFFFFFFFF0C
:1034D000FFFFFFFFFFFFFFFFFFFFFFFFFFFFFFFFFC
:1034E000FFFFFFFFFFFFFFFFFFFFFFFFFFFFFFFFEC
:1034F000FFFFFFFFFFFFFFFFFFFFFFFFFFFFFFFFDC
:10350000FFFFFFFFFFFFFFFFFFFFFFFFFFFFFFFFCB
:10351000FFFFFFFFFFFFFFFFFFFFFFFFFFFFFFFFBB
:10352000FFFFFFFFFFFFFFFFFFFFFFFFFFFFFFFFAB
:10353000FFFFFFFFFFFFFFFFFFFFFFFFFFFFFFFF9B
:10354000FFFFFFFFFFFFFFFFFFFFFFFFFFFFFFFF8B
:10355000FFFFFFFFFFFFFFFFFFFFFFFFFFFFFFFF7B
:10356000FFFFFFFFFFFFFFFFFFFFFFFFFFFFFFFF6B
:10357000FFFFFFFFFFFFFFFFFFFFFFFFFFFFFFFF5B
:10358000FFFFFFFFFFFFFFFFFFFFFFFFFFFFFFFF4B
:10359000FFFFFFFFFFFFFFFFFFFFFFFFFFFFFFFF3B
:1035A000FFFFFFFFFFFFFFFFFFFFFFFFFFFFFFFF2B
:1035B000FFFFFFFFFFFFFFFFFFFFFFFFFFFFFFFF1B
:1035C000FFFFFFFFFFFFFFFFFFFFFFFFFFFFFFFF0B
:1035D000FFFFFFFFFFFFFFFFFFFFFFFFFFFFFFFFFB
:1035E000FFFFFFFFFFFFFFFFFFFFFFFFFFFFFFFFEB
:1035F000FFFFFFFFFFFFFFFFFFFFFFFFFFFFFFFFDB
:10360000FFFFFFFFFFFFFFFFFFFFFFFFFFFFFFFFCA
:10361000FFFFFFFFFFFFFFFFFFFFFFFFFFFFFFFFBA
:10362000FFFFFFFFFFFFFFFFFFFFFFFFFFFFFFFFAA
:10363000FFFFFFFFFFFFFFFFFFFFFFFFFFFFFFFF9A
:10364000FFFFFFFFFFFFFFFFFFFFFFFFFFFFFFFF8A
:10365000FFFFFFFFFFFFFFFFFFFFFFFFFFFFFFFF7A
:10366000FFFFFFFFFFFFFFFFFFFFFFFFFFFFFFFF6A
:10367000FFFFFFFFFFFFFFFFFFFFFFFFFFFFFFFF5A
:10368000FFFFFFFFFFFFFFFFFFFFFFFFFFFFFFFF4A
:10369000FFFFFFFFFFFFFFFFFFFFFFFFFFFFFFFF3A
:1036A000FFFFFFFFFFFFFFFFFFFFFFFFFFFFFFFF2A
:1036B000FFFFFFFFFFFFFFFFFFFFFFFFFFFFFFFF1A
:1036C000FFFFFFFFFFFFFFFFFFFFFFFFFFFFFFFF0A
:1036D000FFFFFFFFFFFFFFFFFFFFFFFFFFFFFFFFFA
:1036E000FFFFFFFFFFFFFFFFFFFFFFFFFFFFFFFFEA
:1036F000FFFFFFFFFFFFFFFFFFFFFFFFFFFFFFFFDA
:10370000FFFFFFFFFFFFFFFFFFFFFFFFFFFFFFFFC9
:10371000FFFFFFFFFFFFFFFFFFFFFFFFFFFFFFFFB9
:10372000FFFFFFFFFFFFFFFFFFFFFFFFFFFFFFFFA9
:10373000FFFFFFFFFFFFFFFFFFFFFFFFFFFFFFFF99
:10374000FFFFFFFFFFFFFFFFFFFFFFFFFFFFFFFF89
:10375000FFFFFFFFFFFFFFFFFFFFFFFFFFFFFFFF79
:10376000FFFFFFFFFFFFFFFFFFFFFFFFFFFFFFFF69
:10377000FFFFFFFFFFFFFFFFFFFFFFFFFFFFFFFF59
:10378000FFFFFFFFFFFFFFFFFFFFFFFFFFFFFFFF49
:10379000FFFFFFFFFFFFFFFFFFFFFFFFFFFFFFFF39
:1037A000FFFFFFFFFFFFFFFFFFFFFFFFFFFFFFFF29
:1037B000FFFFFFFFFFFFFFFFFFFFFFFFFFFFFFFF19
:1037C000FFFFFFFFFFFFFFFFFFFFFFFFFFFFFFFF09
:1037D000FFFFFFFFFFFFFFFFFFFFFFFFFFFFFFFFF9
:1037E000FFFFFFFFFFFFFFFFFFFFFFFFFFFFFFFFE9
:1037F000FFFFFFFFFFFFFFFFFFFFFFFFFFFFFFFFD9
:10380000FFFFFFFFFFFFFFFFFFFFFFFFFFFFFFFFC8
:10381000FFFFFFFFFFFFFFFFFFFFFFFFFFFFFFFFB8
:10382000FFFFFFFFFFFFFFFFFFFFFFFFFFFFFFFFA8
:10383000FFFFFFFFFFFFFFFFFFFFFFFFFFFFFFFF98
:10384000FFFFFFFFFFFFFFFFFFFFFFFFFFFFFFFF88
:10385000FFFFFFFFFFFFFFFFFFFFFFFFFFFFFFFF78
:10386000FFFFFFFFFFFFFFFFFFFFFFFFFFFFFFFF68
:10387000FFFFFFFFFFFFFFFFFFFFFFFFFFFFFFFF58
:10388000FFFFFFFFFFFFFFFFFFFFFFFFFFFFFFFF48
:10389000FFFFFFFFFFFFFFFFFFFFFFFFFFFFFFFF38
:1038A000FFFFFFFFFFFFFFFFFFFFFFFFFFFFFFFF28
:1038B000FFFFFFFFFFFFFFFFFFFFFFFFFFFFFFFF18
:1038C000FFFFFFFFFFFFFFFFFFFFFFFFFFFFFFFF08
:1038D000FFFFFFFFFFFFFFFFFFFFFFFFFFFFFFFFF8
:1038E000FFFFFFFFFFFFFFFFFFFFFFFFFFFFFFFFE8
:1038F000FFFFFFFFFFFFFFFFFFFFFFFFFFFFFFFFD8
:10390000FFFFFFFFFFFFFFFFFFFFFFFFFFFFFFFFC7
:10391000FFFFFFFFFFFFFFFFFFFFFFFFFFFFFFFFB7
:10392000FFFFFFFFFFFFFFFFFFFFFFFFFFFFFFFFA7
:10393000FFFFFFFFFFFFFFFFFFFFFFFFFFFFFFFF97
:10394000FFFFFFFFFFFFFFFFFFFFFFFFFFFFFFFF87
:10395000FFFFFFFFFFFFFFFFFFFFFFFFFFFFFFFF77
:10396000FFFFFFFFFFFFFFFFFFFFFFFFFFFFFFFF67
:10397000FFFFFFFFFFFFFFFFFFFFFFFFFFFFFFFF57
:10398000FFFFFFFFFFFFFFFFFFFFFFFFFFFFFFFF47
:10399000FFFFFFFFFFFFFFFFFFFFFFFFFFFFFFFF37
:1039A000FFFFFFFFFFFFFFFFFFFFFFFFFFFFFFFF27
:1039B000FFFFFFFFFFFFFFFFFFFFFFFFFFFFFFFF17
:1039C000FFFFFFFFFFFFFFFFFFFFFFFFFFFFFFFF07
:1039D000FFFFFFFFFFFFFFFFFFFFFFFFFFFFFFFFF7
:1039E000FFFFFFFFFFFFFFFFFFFFFFFFFFFFFFFFE7
:1039F000FFFFFFFFFFFFFFFFFFFFFFFFFFFFFFFFD7
:103A0000FFFFFFFFFFFFFFFFFFFFFFFFFFFFFFFFC6
:103A1000FFFFFFFFFFFFFFFFFFFFFFFFFFFFFFFFB6
:103A2000FFFFFFFFFFFFFFFFFFFFFFFFFFFFFFFFA6
:103A3000FFFFFFFFFFFFFFFFFFFFFFFFFFFFFFFF96
:103A4000FFFFFFFFFFFFFFFFFFFFFFFFFFFFFFFF86
:103A5000FFFFFFFFFFFFFFFFFFFFFFFFFFFFFFFF76
:103A6000FFFFFFFFFFFFFFFFFFFFFFFFFFFFFFFF66
:103A7000FFFFFFFFFFFFFFFFFFFFFFFFFFFFFFFF56
:103A8000FFFFFFFFFFFFFFFFFFFFFFFFFFFFFFFF46
:103A9000FFFFFFFFFFFFFFFFFFFFFFFFFFFFFFFF36
:103AA000FFFFFFFFFFFFFFFFFFFFFFFFFFFFFFFF26
:103AB000FFFFFFFFFFFFFFFFFFFFFFFFFFFFFFFF16
:103AC000FFFFFFFFFFFFFFFFFFFFFFFFFFFFFFFF06
:103AD000FFFFFFFFFFFFFFFFFFFFFFFFFFFFFFFFF6
:103AE000FFFFFFFFFFFFFFFFFFFFFFFFFFFFFFFFE6
:103AF000FFFFFFFFFFFFFFFFFFFFFFFFFFFFFFFFD6
:103B0000FFFFFFFFFFFFFFFFFFFFFFFFFFFFFFFFC5
:103B1000FFFFFFFFFFFFFFFFFFFFFFFFFFFFFFFFB5
:103B2000FFFFFFFFFFFFFFFFFFFFFFFFFFFFFFFFA5
:103B3000FFFFFFFFFFFFFFFFFFFFFFFFFFFFFFFF95
:103B4000FFFFFFFFFFFFFFFFFFFFFFFFFFFFFFFF85
:103B5000FFFFFFFFFFFFFFFFFFFFFFFFFFFFFFFF75
:103B6000FFFFFFFFFFFFFFFFFFFFFFFFFFFFFFFF65
:103B7000FFFFFFFFFFFFFFFFFFFFFFFFFFFFFFFF55
:103B8000FFFFFFFFFFFFFFFFFFFFFFFFFFFFFFFF45
:103B9000FFFFFFFFFFFFFFFFFFFFFFFFFFFFFFFF35
:103BA000FFFFFFFFFFFFFFFFFFFFFFFFFFFFFFFF25
:103BB000FFFFFFFFFFFFFFFFFFFFFFFFFFFFFFFF15
:103BC000FFFFFFFFFFFFFFFFFFFFFFFFFFFFFFFF05
:103BD000FFFFFFFFFFFFFFFFFFFFFFFFFFFFFFFFF5
:103BE000FFFFFFFFFFFFFFFFFFFFFFFFFFFFFFFFE5
:103BF000FFFFFFFFFFFFFFFFFFFFFFFFFFFFFFFFD5
:103C0000FFFFFFFFFFFFFFFFFFFFFFFFFFFFFFFFC4
:103C1000FFFFFFFFFFFFFFFFFFFFFFFFFFFFFFFFB4
:103C2000FFFFFFFFFFFFFFFFFFFFFFFFFFFFFFFFA4
:103C3000FFFFFFFFFFFFFFFFFFFFFFFFFFFFFFFF94
:103C4000FFFFFFFFFFFFFFFFFFFFFFFFFFFFFFFF84
:103C5000FFFFFFFFFFFFFFFFFFFFFFFFFFFFFFFF74
:103C6000FFFFFFFFFFFFFFFFFFFFFFFFFFFFFFFF64
:103C7000FFFFFFFFFFFFFFFFFFFFFFFFFFFFFFFF54
:103C8000FFFFFFFFFFFFFFFFFFFFFFFFFFFFFFFF44
:103C9000FFFFFFFFFFFFFFFFFFFFFFFFFFFFFFFF34
:103CA000FFFFFFFFFFFFFFFFFFFFFFFFFFFFFFFF24
:103CB000FFFFFFFFFFFFFFFFFFFFFFFFFFFFFFFF14
:103CC000FFFFFFFFFFFFFFFFFFFFFFFFFFFFFFFF04
:103CD000FFFFFFFFFFFFFFFFFFFFFFFFFFFFFFFFF4
:103CE000FFFFFFFFFFFFFFFFFFFFFFFFFFFFFFFFE4
:103CF000FFFFFFFFFFFFFFFFFFFFFFFFFFFFFFFFD4
:103D0000FFFFFFFFFFFFFFFFFFFFFFFFFFFFFFFFC3
:103D1000FFFFFFFFFFFFFFFFFFFFFFFFFFFFFFFFB3
:103D2000FFFFFFFFFFFFFFFFFFFFFFFFFFFFFFFFA3
:103D3000FFFFFFFFFFFFFFFFFFFFFFFFFFFFFFFF93
:103D4000FFFFFFFFFFFFFFFFFFFFFFFFFFFFFFFF83
:103D5000FFFFFFFFFFFFFFFFFFFFFFFFFFFFFFFF73
:103D6000FFFFFFFFFFFFFFFFFFFFFFFFFFFFFFFF63
:103D7000FFFFFFFFFFFFFFFFFFFFFFFFFFFFFFFF53
:103D8000FFFFFFFFFFFFFFFFFFFFFFFFFFFFFFFF43
:103D9000FFFFFFFFFFFFFFFFFFFFFFFFFFFFFFFF33
:103DA000FFFFFFFFFFFFFFFFFFFFFFFFFFFFFFFF23
:103DB000FFFFFFFFFFFFFFFFFFFFFFFFFFFFFFFF13
:103DC000FFFFFFFFFFFFFFFFFFFFFFFFFFFFFFFF03
:103DD000FFFFFFFFFFFFFFFFFFFFFFFFFFFFFFFFF3
:103DE000FFFFFFFFFFFFFFFFFFFFFFFFFFFFFFFFE3
:103DF000FFFFFFFFFFFFFFFFFFFFFFFFFFFFFFFFD3
:103E0000FFFFFFFFFFFFFFFFFFFFFFFFFFFFFFFFC2
:103E1000FFFFFFFFFFFFFFFFFFFFFFFFFFFFFFFFB2
:103E2000FFFFFFFFFFFFFFFFFFFFFFFFFFFFFFFFA2
:103E3000FFFFFFFFFFFFFFFFFFFFFFFFFFFFFFFF92
:103E4000FFFFFFFFFFFFFFFFFFFFFFFFFFFFFFFF82
:103E5000FFFFFFFFFFFFFFFFFFFFFFFFFFFFFFFF72
:103E6000FFFFFFFFFFFFFFFFFFFFFFFFFFFFFFFF62
:103E7000FFFFFFFFFFFFFFFFFFFFFFFFFFFFFFFF52
:103E8000FFFFFFFFFFFFFFFFFFFFFFFFFFFFFFFF42
:103E9000FFFFFFFFFFFFFFFFFFFFFFFFFFFFFFFF32
:103EA000FFFFFFFFFFFFFFFFFFFFFFFFFFFFFFFF22
:103EB000FFFFFFFFFFFFFFFFFFFFFFFFFFFFFFFF12
:103EC000FFFFFFFFFFFFFFFFFFFFFFFFFFFFFFFF02
:103ED000FFFFFFFFFFFFFFFFFFFFFFFFFFFFFFFFF2
:103EE000FFFFFFFFFFFFFFFFFFFFFFFFFFFFFFFFE2
:103EF000FFFFFFFFFFFFFFFFFFFFFFFFFFFFFFFFD2
:103F0000FFFFFFFFFFFFFFFFFFFFFFFFFFFFFFFFC1
:103F1000FFFFFFFFFFFFFFFFFFFFFFFFFFFFFFFFB1
:103F2000FFFFFFFFFFFFFFFFFFFFFFFFFFFFFFFFA1
:103F3000FFFFFFFFFFFFFFFFFFFFFFFFFFFFFFFF91
:103F4000FFFFFFFFFFFFFFFFFFFFFFFFFFFFFFFF81
:103F5000FFFFFFFFFFFFFFFFFFFFFFFFFFFFFFFF71
:103F6000FFFFFFFFFFFFFFFFFFFFFFFFFFFFFFFF61
:103F7000FFFFFFFFFFFFFFFFFFFFFFFFFFFFFFFF51
:103F8000FFFFFFFFFFFFFFFFFFFFFFFFFFFFFFFF41
:103F9000FFFFFFFFFFFFFFFFFFFFFFFFFFFFFFFF31
:103FA000FFFFFFFFFFFFFFFFFFFFFFFFFFFFFFFF21
:103FB000FFFFFFFFFFFFFFFFFFFFFFFFFFFFFFFF11
:103FC000FFFFFFFFFFFFFFFFFFFFFFFFFFFFFFFF01
:103FD000FFFFFFFFFFFFFFFFFFFFFFFFFFFFFFFFF1
:103FE000FFFFFFFFFFFFFFFFFFFFFFFFFFFFFFFFE1
:103FF000FFFFFFFFFFFFFFFFFFFFFFFFFFFFFFFFD1
:10400000FFFFFFFFFFFFFFFFFFFFFFFFFFFFFFFFC0
:10401000FFFFFFFFFFFFFFFFFFFFFFFFFFFFFFFFB0
:10402000FFFFFFFFFFFFFFFFFFFFFFFFFFFFFFFFA0
:10403000FFFFFFFFFFFFFFFFFFFFFFFFFFFFFFFF90
:10404000FFFFFFFFFFFFFFFFFFFFFFFFFFFFFFFF80
:10405000FFFFFFFFFFFFFFFFFFFFFFFFFFFFFFFF70
:10406000FFFFFFFFFFFFFFFFFFFFFFFFFFFFFFFF60
:10407000FFFFFFFFFFFFFFFFFFFFFFFFFFFFFFFF50
:10408000FFFFFFFFFFFFFFFFFFFFFFFFFFFFFFFF40
:10409000FFFFFFFFFFFFFFFFFFFFFFFFFFFFFFFF30
:1040A000FFFFFFFFFFFFFFFFFFFFFFFFFFFFFFFF20
:1040B000FFFFFFFFFFFFFFFFFFFFFFFFFFFFFFFF10
:1040C000FFFFFFFFFFFFFFFFFFFFFFFFFFFFFFFF00
:1040D000FFFFFFFFFFFFFFFFFFFFFFFFFFFFFFFFF0
:1040E000FFFFFFFFFFFFFFFFFFFFFFFFFFFFFFFFE0
:1040F000FFFFFFFFFFFFFFFFFFFFFFFFFFFFFFFFD0
:10410000FFFFFFFFFFFFFFFFFFFFFFFFFFFFFFFFBF
:10411000FFFFFFFFFFFFFFFFFFFFFFFFFFFFFFFFAF
:10412000FFFFFFFFFFFFFFFFFFFFFFFFFFFFFFFF9F
:10413000FFFFFFFFFFFFFFFFFFFFFFFFFFFFFFFF8F
:10414000FFFFFFFFFFFFFFFFFFFFFFFFFFFFFFFF7F
:10415000FFFFFFFFFFFFFFFFFFFFFFFFFFFFFFFF6F
:10416000FFFFFFFFFFFFFFFFFFFFFFFFFFFFFFFF5F
:10417000FFFFFFFFFFFFFFFFFFFFFFFFFFFFFFFF4F
:10418000FFFFFFFFFFFFFFFFFFFFFFFFFFFFFFFF3F
:10419000FFFFFFFFFFFFFFFFFFFFFFFFFFFFFFFF2F
:1041A000FFFFFFFFFFFFFFFFFFFFFFFFFFFFFFFF1F
:1041B000FFFFFFFFFFFFFFFFFFFFFFFFFFFFFFFF0F
:1041C000FFFFFFFFFFFFFFFFFFFFFFFFFFFFFFFFFF
:1041D000FFFFFFFFFFFFFFFFFFFFFFFFFFFFFFFFEF
:1041E000FFFFFFFFFFFFFFFFFFFFFFFFFFFFFFFFDF
:1041F000FFFFFFFFFFFFFFFFFFFFFFFFFFFFFFFFCF
:10420000FFFFFFFFFFFFFFFFFFFFFFFFFFFFFFFFBE
:10421000FFFFFFFFFFFFFFFFFFFFFFFFFFFFFFFFAE
:10422000FFFFFFFFFFFFFFFFFFFFFFFFFFFFFFFF9E
:10423000FFFFFFFFFFFFFFFFFFFFFFFFFFFFFFFF8E
:10424000FFFFFFFFFFFFFFFFFFFFFFFFFFFFFFFF7E
:10425000FFFFFFFFFFFFFFFFFFFFFFFFFFFFFFFF6E
:10426000FFFFFFFFFFFFFFFFFFFFFFFFFFFFFFFF5E
:10427000FFFFFFFFFFFFFFFFFFFFFFFFFFFFFFFF4E
:10428000FFFFFFFFFFFFFFFFFFFFFFFFFFFFFFFF3E
:10429000FFFFFFFFFFFFFFFFFFFFFFFFFFFFFFFF2E
:1042A000FFFFFFFFFFFFFFFFFFFFFFFFFFFFFFFF1E
:1042B000FFFFFFFFFFFFFFFFFFFFFFFFFFFFFFFF0E
:1042C000FFFFFFFFFFFFFFFFFFFFFFFFFFFFFFFFFE
:1042D000FFFFFFFFFFFFFFFFFFFFFFFFFFFFFFFFEE
:1042E000FFFFFFFFFFFFFFFFFFFFFFFFFFFFFFFFDE
:1042F000FFFFFFFFFFFFFFFFFFFFFFFFFFFFFFFFCE
:10430000FFFFFFFFFFFFFFFFFFFFFFFFFFFFFFFFBD
:10431000FFFFFFFFFFFFFFFFFFFFFFFFFFFFFFFFAD
:10432000FFFFFFFFFFFFFFFFFFFFFFFFFFFFFFFF9D
:10433000FFFFFFFFFFFFFFFFFFFFFFFFFFFFFFFF8D
:10434000FFFFFFFFFFFFFFFFFFFFFFFFFFFFFFFF7D
:10435000FFFFFFFFFFFFFFFFFFFFFFFFFFFFFFFF6D
:10436000FFFFFFFFFFFFFFFFFFFFFFFFFFFFFFFF5D
:10437000FFFFFFFFFFFFFFFFFFFFFFFFFFFFFFFF4D
:10438000FFFFFFFFFFFFFFFFFFFFFFFFFFFFFFFF3D
:10439000FFFFFFFFFFFFFFFFFFFFFFFFFFFFFFFF2D
:1043A000FFFFFFFFFFFFFFFFFFFFFFFFFFFFFFFF1D
:1043B000FFFFFFFFFFFFFFFFFFFFFFFFFFFFFFFF0D
:1043C000FFFFFFFFFFFFFFFFFFFFFFFFFFFFFFFFFD
:1043D000FFFFFFFFFFFFFFFFFFFFFFFFFFFFFFFFED
:1043E000FFFFFFFFFFFFFFFFFFFFFFFFFFFFFFFFDD
:1043F000FFFFFFFFFFFFFFFFFFFFFFFFFFFFFFFFCD
:10440000FFFFFFFFFFFFFFFFFFFFFFFFFFFFFFFFBC
:10441000FFFFFFFFFFFFFFFFFFFFFFFFFFFFFFFFAC
:10442000FFFFFFFFFFFFFFFFFFFFFFFFFFFFFFFF9C
:10443000FFFFFFFFFFFFFFFFFFFFFFFFFFFFFFFF8C
:10444000FFFFFFFFFFFFFFFFFFFFFFFFFFFFFFFF7C
:10445000FFFFFFFFFFFFFFFFFFFFFFFFFFFFFFFF6C
:10446000FFFFFFFFFFFFFFFFFFFFFFFFFFFFFFFF5C
:10447000FFFFFFFFFFFFFFFFFFFFFFFFFFFFFFFF4C
:10448000FFFFFFFFFFFFFFFFFFFFFFFFFFFFFFFF3C
:10449000FFFFFFFFFFFFFFFFFFFFFFFFFFFFFFFF2C
:1044A000FFFFFFFFFFFFFFFFFFFFFFFFFFFFFFFF1C
:1044B000FFFFFFFFFFFFFFFFFFFFFFFFFFFFFFFF0C
:1044C000FFFFFFFFFFFFFFFFFFFFFFFFFFFFFFFFFC
:1044D000FFFFFFFFFFFFFFFFFFFFFFFFFFFFFFFFEC
:1044E000FFFFFFFFFFFFFFFFFFFFFFFFFFFFFFFFDC
:1044F000FFFFFFFFFFFFFFFFFFFFFFFFFFFFFFFFCC
:10450000FFFFFFFFFFFFFFFFFFFFFFFFFFFFFFFFBB
:10451000FFFFFFFFFFFFFFFFFFFFFFFFFFFFFFFFAB
:10452000FFFFFFFFFFFFFFFFFFFFFFFFFFFFFFFF9B
:10453000FFFFFFFFFFFFFFFFFFFFFFFFFFFFFFFF8B
:10454000FFFFFFFFFFFFFFFFFFFFFFFFFFFFFFFF7B
:10455000FFFFFFFFFFFFFFFFFFFFFFFFFFFFFFFF6B
:10456000FFFFFFFFFFFFFFFFFFFFFFFFFFFFFFFF5B
:10457000FFFFFFFFFFFFFFFFFFFFFFFFFFFFFFFF4B
:10458000FFFFFFFFFFFFFFFFFFFFFFFFFFFFFFFF3B
:10459000FFFFFFFFFFFFFFFFFFFFFFFFFFFFFFFF2B
:1045A000FFFFFFFFFFFFFFFFFFFFFFFFFFFFFFFF1B
:1045B000FFFFFFFFFFFFFFFFFFFFFFFFFFFFFFFF0B
:1045C000FFFFFFFFFFFFFFFFFFFFFFFFFFFFFFFFFB
:1045D000FFFFFFFFFFFFFFFFFFFFFFFFFFFFFFFFEB
:1045E000FFFFFFFFFFFFFFFFFFFFFFFFFFFFFFFFDB
:1045F000FFFFFFFFFFFFFFFFFFFFFFFFFFFFFFFFCB
:10460000FFFFFFFFFFFFFFFFFFFFFFFFFFFFFFFFBA
:10461000FFFFFFFFFFFFFFFFFFFFFFFFFFFFFFFFAA
:10462000FFFFFFFFFFFFFFFFFFFFFFFFFFFFFFFF9A
:10463000FFFFFFFFFFFFFFFFFFFFFFFFFFFFFFFF8A
:10464000FFFFFFFFFFFFFFFFFFFFFFFFFFFFFFFF7A
:10465000FFFFFFFFFFFFFFFFFFFFFFFFFFFFFFFF6A
:10466000FFFFFFFFFFFFFFFFFFFFFFFFFFFFFFFF5A
:10467000FFFFFFFFFFFFFFFFFFFFFFFFFFFFFFFF4A
:10468000FFFFFFFFFFFFFFFFFFFFFFFFFFFFFFFF3A
:10469000FFFFFFFFFFFFFFFFFFFFFFFFFFFFFFFF2A
:1046A000FFFFFFFFFFFFFFFFFFFFFFFFFFFFFFFF1A
:1046B000FFFFFFFFFFFFFFFFFFFFFFFFFFFFFFFF0A
:1046C000FFFFFFFFFFFFFFFFFFFFFFFFFFFFFFFFFA
:1046D000FFFFFFFFFFFFFFFFFFFFFFFFFFFFFFFFEA
:1046E000FFFFFFFFFFFFFFFFFFFFFFFFFFFFFFFFDA
:1046F000FFFFFFFFFFFFFFFFFFFFFFFFFFFFFFFFCA
:10470000FFFFFFFFFFFFFFFFFFFFFFFFFFFFFFFFB9
:10471000FFFFFFFFFFFFFFFFFFFFFFFFFFFFFFFFA9
:10472000FFFFFFFFFFFFFFFFFFFFFFFFFFFFFFFF99
:10473000FFFFFFFFFFFFFFFFFFFFFFFFFFFFFFFF89
:10474000FFFFFFFFFFFFFFFFFFFFFFFFFFFFFFFF79
:10475000FFFFFFFFFFFFFFFFFFFFFFFFFFFFFFFF69
:10476000FFFFFFFFFFFFFFFFFFFFFFFFFFFFFFFF59
:10477000FFFFFFFFFFFFFFFFFFFFFFFFFFFFFFFF49
:10478000FFFFFFFFFFFFFFFFFFFFFFFFFFFFFFFF39
:10479000FFFFFFFFFFFFFFFFFFFFFFFFFFFFFFFF29
:1047A000FFFFFFFFFFFFFFFFFFFFFFFFFFFFFFFF19
:1047B000FFFFFFFFFFFFFFFFFFFFFFFFFFFFFFFF09
:1047C000FFFFFFFFFFFFFFFFFFFFFFFFFFFFFFFFF9
:1047D000FFFFFFFFFFFFFFFFFFFFFFFFFFFFFFFFE9
:1047E000FFFFFFFFFFFFFFFFFFFFFFFFFFFFFFFFD9
:1047F000FFFFFFFFFFFFFFFFFFFFFFFFFFFFFFFFC9
:10480000FFFFFFFFFFFFFFFFFFFFFFFFFFFFFFFFB8
:10481000FFFFFFFFFFFFFFFFFFFFFFFFFFFFFFFFA8
:10482000FFFFFFFFFFFFFFFFFFFFFFFFFFFFFFFF98
:10483000FFFFFFFFFFFFFFFFFFFFFFFFFFFFFFFF88
:10484000FFFFFFFFFFFFFFFFFFFFFFFFFFFFFFFF78
:10485000FFFFFFFFFFFFFFFFFFFFFFFFFFFFFFFF68
:10486000FFFFFFFFFFFFFFFFFFFFFFFFFFFFFFFF58
:10487000FFFFFFFFFFFFFFFFFFFFFFFFFFFFFFFF48
:10488000FFFFFFFFFFFFFFFFFFFFFFFFFFFFFFFF38
:10489000FFFFFFFFFFFFFFFFFFFFFFFFFFFFFFFF28
:1048A000FFFFFFFFFFFFFFFFFFFFFFFFFFFFFFFF18
:1048B000FFFFFFFFFFFFFFFFFFFFFFFFFFFFFFFF08
:1048C000FFFFFFFFFFFFFFFFFFFFFFFFFFFFFFFFF8
:1048D000FFFFFFFFFFFFFFFFFFFFFFFFFFFFFFFFE8
:1048E000FFFFFFFFFFFFFFFFFFFFFFFFFFFFFFFFD8
:1048F000FFFFFFFFFFFFFFFFFFFFFFFFFFFFFFFFC8
:10490000FFFFFFFFFFFFFFFFFFFFFFFFFFFFFFFFB7
:10491000FFFFFFFFFFFFFFFFFFFFFFFFFFFFFFFFA7
:10492000FFFFFFFFFFFFFFFFFFFFFFFFFFFFFFFF97
:10493000FFFFFFFFFFFFFFFFFFFFFFFFFFFFFFFF87
:10494000FFFFFFFFFFFFFFFFFFFFFFFFFFFFFFFF77
:10495000FFFFFFFFFFFFFFFFFFFFFFFFFFFFFFFF67
:10496000FFFFFFFFFFFFFFFFFFFFFFFFFFFFFFFF57
:10497000FFFFFFFFFFFFFFFFFFFFFFFFFFFFFFFF47
:10498000FFFFFFFFFFFFFFFFFFFFFFFFFFFFFFFF37
:10499000FFFFFFFFFFFFFFFFFFFFFFFFFFFFFFFF27
:1049A000FFFFFFFFFFFFFFFFFFFFFFFFFFFFFFFF17
:1049B000FFFFFFFFFFFFFFFFFFFFFFFFFFFFFFFF07
:1049C000FFFFFFFFFFFFFFFFFFFFFFFFFFFFFFFFF7
:1049D000FFFFFFFFFFFFFFFFFFFFFFFFFFFFFFFFE7
:1049E000FFFFFFFFFFFFFFFFFFFFFFFFFFFFFFFFD7
:1049F000FFFFFFFFFFFFFFFFFFFFFFFFFFFFFFFFC7
:104A0000FFFFFFFFFFFFFFFFFFFFFFFFFFFFFFFFB6
:104A1000FFFFFFFFFFFFFFFFFFFFFFFFFFFFFFFFA6
:104A2000FFFFFFFFFFFFFFFFFFFFFFFFFFFFFFFF96
:104A3000FFFFFFFFFFFFFFFFFFFFFFFFFFFFFFFF86
:104A4000FFFFFFFFFFFFFFFFFFFFFFFFFFFFFFFF76
:104A5000FFFFFFFFFFFFFFFFFFFFFFFFFFFFFFFF66
:104A6000FFFFFFFFFFFFFFFFFFFFFFFFFFFFFFFF56
:104A7000FFFFFFFFFFFFFFFFFFFFFFFFFFFFFFFF46
:104A8000FFFFFFFFFFFFFFFFFFFFFFFFFFFFFFFF36
:104A9000FFFFFFFFFFFFFFFFFFFFFFFFFFFFFFFF26
:104AA000FFFFFFFFFFFFFFFFFFFFFFFFFFFFFFFF16
:104AB000FFFFFFFFFFFFFFFFFFFFFFFFFFFFFFFF06
:104AC000FFFFFFFFFFFFFFFFFFFFFFFFFFFFFFFFF6
:104AD000FFFFFFFFFFFFFFFFFFFFFFFFFFFFFFFFE6
:104AE000FFFFFFFFFFFFFFFFFFFFFFFFFFFFFFFFD6
:104AF000FFFFFFFFFFFFFFFFFFFFFFFFFFFFFFFFC6
:104B0000FFFFFFFFFFFFFFFFFFFFFFFFFFFFFFFFB5
:104B1000FFFFFFFFFFFFFFFFFFFFFFFFFFFFFFFFA5
:104B2000FFFFFFFFFFFFFFFFFFFFFFFFFFFFFFFF95
:104B3000FFFFFFFFFFFFFFFFFFFFFFFFFFFFFFFF85
:104B4000FFFFFFFFFFFFFFFFFFFFFFFFFFFFFFFF75
:104B5000FFFFFFFFFFFFFFFFFFFFFFFFFFFFFFFF65
:104B6000FFFFFFFFFFFFFFFFFFFFFFFFFFFFFFFF55
:104B7000FFFFFFFFFFFFFFFFFFFFFFFFFFFFFFFF45
:104B8000FFFFFFFFFFFFFFFFFFFFFFFFFFFFFFFF35
:104B9000FFFFFFFFFFFFFFFFFFFFFFFFFFFFFFFF25
:104BA000FFFFFFFFFFFFFFFFFFFFFFFFFFFFFFFF15
:104BB000FFFFFFFFFFFFFFFFFFFFFFFFFFFFFFFF05
:104BC000FFFFFFFFFFFFFFFFFFFFFFFFFFFFFFFFF5
:104BD000FFFFFFFFFFFFFFFFFFFFFFFFFFFFFFFFE5
:104BE000FFFFFFFFFFFFFFFFFFFFFFFFFFFFFFFFD5
:104BF000FFFFFFFFFFFFFFFFFFFFFFFFFFFFFFFFC5
:104C0000FFFFFFFFFFFFFFFFFFFFFFFFFFFFFFFFB4
:104C1000FFFFFFFFFFFFFFFFFFFFFFFFFFFFFFFFA4
:104C2000FFFFFFFFFFFFFFFFFFFFFFFFFFFFFFFF94
:104C3000FFFFFFFFFFFFFFFFFFFFFFFFFFFFFFFF84
:104C4000FFFFFFFFFFFFFFFFFFFFFFFFFFFFFFFF74
:104C5000FFFFFFFFFFFFFFFFFFFFFFFFFFFFFFFF64
:104C6000FFFFFFFFFFFFFFFFFFFFFFFFFFFFFFFF54
:104C7000FFFFFFFFFFFFFFFFFFFFFFFFFFFFFFFF44
:104C8000FFFFFFFFFFFFFFFFFFFFFFFFFFFFFFFF34
:104C9000FFFFFFFFFFFFFFFFFFFFFFFFFFFFFFFF24
:104CA000FFFFFFFFFFFFFFFFFFFFFFFFFFFFFFFF14
:104CB000FFFFFFFFFFFFFFFFFFFFFFFFFFFFFFFF04
:104CC000FFFFFFFFFFFFFFFFFFFFFFFFFFFFFFFFF4
:104CD000FFFFFFFFFFFFFFFFFFFFFFFFFFFFFFFFE4
:104CE000FFFFFFFFFFFFFFFFFFFFFFFFFFFFFFFFD4
:104CF000FFFFFFFFFFFFFFFFFFFFFFFFFFFFFFFFC4
:104D0000FFFFFFFFFFFFFFFFFFFFFFFFFFFFFFFFB3
:104D1000FFFFFFFFFFFFFFFFFFFFFFFFFFFFFFFFA3
:104D2000FFFFFFFFFFFFFFFFFFFFFFFFFFFFFFFF93
:104D3000FFFFFFFFFFFFFFFFFFFFFFFFFFFFFFFF83
:104D4000FFFFFFFFFFFFFFFFFFFFFFFFFFFFFFFF73
:104D5000FFFFFFFFFFFFFFFFFFFFFFFFFFFFFFFF63
:104D6000FFFFFFFFFFFFFFFFFFFFFFFFFFFFFFFF53
:104D7000FFFFFFFFFFFFFFFFFFFFFFFFFFFFFFFF43
:104D8000FFFFFFFFFFFFFFFFFFFFFFFFFFFFFFFF33
:104D9000FFFFFFFFFFFFFFFFFFFFFFFFFFFFFFFF23
:104DA000FFFFFFFFFFFFFFFFFFFFFFFFFFFFFFFF13
:104DB000FFFFFFFFFFFFFFFFFFFFFFFFFFFFFFFF03
:104DC000FFFFFFFFFFFFFFFFFFFFFFFFFFFFFFFFF3
:104DD000FFFFFFFFFFFFFFFFFFFFFFFFFFFFFFFFE3
:104DE000FFFFFFFFFFFFFFFFFFFFFFFFFFFFFFFFD3
:104DF000FFFFFFFFFFFFFFFFFFFFFFFFFFFFFFFFC3
:104E0000FFFFFFFFFFFFFFFFFFFFFFFFFFFFFFFFB2
:104E1000FFFFFFFFFFFFFFFFFFFFFFFFFFFFFFFFA2
:104E2000FFFFFFFFFFFFFFFFFFFFFFFFFFFFFFFF92
:104E3000FFFFFFFFFFFFFFFFFFFFFFFFFFFFFFFF82
:104E4000FFFFFFFFFFFFFFFFFFFFFFFFFFFFFFFF72
:104E5000FFFFFFFFFFFFFFFFFFFFFFFFFFFFFFFF62
:104E6000FFFFFFFFFFFFFFFFFFFFFFFFFFFFFFFF52
:104E7000FFFFFFFFFFFFFFFFFFFFFFFFFFFFFFFF42
:104E8000FFFFFFFFFFFFFFFFFFFFFFFFFFFFFFFF32
:104E9000FFFFFFFFFFFFFFFFFFFFFFFFFFFFFFFF22
:104EA000FFFFFFFFFFFFFFFFFFFFFFFFFFFFFFFF12
:104EB000FFFFFFFFFFFFFFFFFFFFFFFFFFFFFFFF02
:104EC000FFFFFFFFFFFFFFFFFFFFFFFFFFFFFFFFF2
:104ED000FFFFFFFFFFFFFFFFFFFFFFFFFFFFFFFFE2
:104EE000FFFFFFFFFFFFFFFFFFFFFFFFFFFFFFFFD2
:104EF000FFFFFFFFFFFFFFFFFFFFFFFFFFFFFFFFC2
:104F0000FFFFFFFFFFFFFFFFFFFFFFFFFFFFFFFFB1
:104F1000FFFFFFFFFFFFFFFFFFFFFFFFFFFFFFFFA1
:104F2000FFFFFFFFFFFFFFFFFFFFFFFFFFFFFFFF91
:104F3000FFFFFFFFFFFFFFFFFFFFFFFFFFFFFFFF81
:104F4000FFFFFFFFFFFFFFFFFFFFFFFFFFFFFFFF71
:104F5000FFFFFFFFFFFFFFFFFFFFFFFFFFFFFFFF61
:104F6000FFFFFFFFFFFFFFFFFFFFFFFFFFFFFFFF51
:104F7000FFFFFFFFFFFFFFFFFFFFFFFFFFFFFFFF41
:104F8000FFFFFFFFFFFFFFFFFFFFFFFFFFFFFFFF31
:104F9000FFFFFFFFFFFFFFFFFFFFFFFFFFFFFFFF21
:104FA000FFFFFFFFFFFFFFFFFFFFFFFFFFFFFFFF11
:104FB000FFFFFFFFFFFFFFFFFFFFFFFFFFFFFFFF01
:104FC000FFFFFFFFFFFFFFFFFFFFFFFFFFFFFFFFF1
:104FD000FFFFFFFFFFFFFFFFFFFFFFFFFFFFFFFFE1
:104FE000FFFFFFFFFFFFFFFFFFFFFFFFFFFFFFFFD1
:104FF000FFFFFFFFFFFFFFFFFFFFFFFFFFFFFFFFC1
:10500000FFFFFFFFFFFFFFFFFFFFFFFFFFFFFFFFB0
:10501000FFFFFFFFFFFFFFFFFFFFFFFFFFFFFFFFA0
:10502000FFFFFFFFFFFFFFFFFFFFFFFFFFFFFFFF90
:10503000FFFFFFFFFFFFFFFFFFFFFFFFFFFFFFFF80
:10504000FFFFFFFFFFFFFFFFFFFFFFFFFFFFFFFF70
:10505000FFFFFFFFFFFFFFFFFFFFFFFFFFFFFFFF60
:10506000FFFFFFFFFFFFFFFFFFFFFFFFFFFFFFFF50
:10507000FFFFFFFFFFFFFFFFFFFFFFFFFFFFFFFF40
:10508000FFFFFFFFFFFFFFFFFFFFFFFFFFFFFFFF30
:10509000FFFFFFFFFFFFFFFFFFFFFFFFFFFFFFFF20
:1050A000FFFFFFFFFFFFFFFFFFFFFFFFFFFFFFFF10
:1050B000FFFFFFFFFFFFFFFFFFFFFFFFFFFFFFFF00
:1050C000FFFFFFFFFFFFFFFFFFFFFFFFFFFFFFFFF0
:1050D000FFFFFFFFFFFFFFFFFFFFFFFFFFFFFFFFE0
:1050E000FFFFFFFFFFFFFFFFFFFFFFFFFFFFFFFFD0
:1050F000FFFFFFFFFFFFFFFFFFFFFFFFFFFFFFFFC0
:10510000FFFFFFFFFFFFFFFFFFFFFFFFFFFFFFFFAF
:10511000FFFFFFFFFFFFFFFFFFFFFFFFFFFFFFFF9F
:10512000FFFFFFFFFFFFFFFFFFFFFFFFFFFFFFFF8F
:10513000FFFFFFFFFFFFFFFFFFFFFFFFFFFFFFFF7F
:10514000FFFFFFFFFFFFFFFFFFFFFFFFFFFFFFFF6F
:10515000FFFFFFFFFFFFFFFFFFFFFFFFFFFFFFFF5F
:10516000FFFFFFFFFFFFFFFFFFFFFFFFFFFFFFFF4F
:10517000FFFFFFFFFFFFFFFFFFFFFFFFFFFFFFFF3F
:10518000FFFFFFFFFFFFFFFFFFFFFFFFFFFFFFFF2F
:10519000FFFFFFFFFFFFFFFFFFFFFFFFFFFFFFFF1F
:1051A000FFFFFFFFFFFFFFFFFFFFFFFFFFFFFFFF0F
:1051B000FFFFFFFFFFFFFFFFFFFFFFFFFFFFFFFFFF
:1051C000FFFFFFFFFFFFFFFFFFFFFFFFFFFFFFFFEF
:1051D000FFFFFFFFFFFFFFFFFFFFFFFFFFFFFFFFDF
:1051E000FFFFFFFFFFFFFFFFFFFFFFFFFFFFFFFFCF
:1051F000FFFFFFFFFFFFFFFFFFFFFFFFFFFFFFFFBF
:10520000FFFFFFFFFFFFFFFFFFFFFFFFFFFFFFFFAE
:10521000FFFFFFFFFFFFFFFFFFFFFFFFFFFFFFFF9E
:10522000FFFFFFFFFFFFFFFFFFFFFFFFFFFFFFFF8E
:10523000FFFFFFFFFFFFFFFFFFFFFFFFFFFFFFFF7E
:10524000FFFFFFFFFFFFFFFFFFFFFFFFFFFFFFFF6E
:10525000FFFFFFFFFFFFFFFFFFFFFFFFFFFFFFFF5E
:10526000FFFFFFFFFFFFFFFFFFFFFFFFFFFFFFFF4E
:10527000FFFFFFFFFFFFFFFFFFFFFFFFFFFFFFFF3E
:10528000FFFFFFFFFFFFFFFFFFFFFFFFFFFFFFFF2E
:10529000FFFFFFFFFFFFFFFFFFFFFFFFFFFFFFFF1E
:1052A000FFFFFFFFFFFFFFFFFFFFFFFFFFFFFFFF0E
:1052B000FFFFFFFFFFFFFFFFFFFFFFFFFFFFFFFFFE
:1052C000FFFFFFFFFFFFFFFFFFFFFFFFFFFFFFFFEE
:1052D000FFFFFFFFFFFFFFFFFFFFFFFFFFFFFFFFDE
:1052E000FFFFFFFFFFFFFFFFFFFFFFFFFFFFFFFFCE
:1052F000FFFFFFFFFFFFFFFFFFFFFFFFFFFFFFFFBE
:10530000FFFFFFFFFFFFFFFFFFFFFFFFFFFFFFFFAD
:10531000FFFFFFFFFFFFFFFFFFFFFFFFFFFFFFFF9D
:10532000FFFFFFFFFFFFFFFFFFFFFFFFFFFFFFFF8D
:10533000FFFFFFFFFFFFFFFFFFFFFFFFFFFFFFFF7D
:10534000FFFFFFFFFFFFFFFFFFFFFFFFFFFFFFFF6D
:10535000FFFFFFFFFFFFFFFFFFFFFFFFFFFFFFFF5D
:10536000FFFFFFFFFFFFFFFFFFFFFFFFFFFFFFFF4D
:10537000FFFFFFFFFFFFFFFFFFFFFFFFFFFFFFFF3D
:10538000FFFFFFFFFFFFFFFFFFFFFFFFFFFFFFFF2D
:10539000FFFFFFFFFFFFFFFFFFFFFFFFFFFFFFFF1D
:1053A000FFFFFFFFFFFFFFFFFFFFFFFFFFFFFFFF0D
:1053B000FFFFFFFFFFFFFFFFFFFFFFFFFFFFFFFFFD
:1053C000FFFFFFFFFFFFFFFFFFFFFFFFFFFFFFFFED
:1053D000FFFFFFFFFFFFFFFFFFFFFFFFFFFFFFFFDD
:1053E000FFFFFFFFFFFFFFFFFFFFFFFFFFFFFFFFCD
:1053F000FFFFFFFFFFFFFFFFFFFFFFFFFFFFFFFFBD
:10540000FFFFFFFFFFFFFFFFFFFFFFFFFFFFFFFFAC
:10541000FFFFFFFFFFFFFFFFFFFFFFFFFFFFFFFF9C
:10542000FFFFFFFFFFFFFFFFFFFFFFFFFFFFFFFF8C
:10543000FFFFFFFFFFFFFFFFFFFFFFFFFFFFFFFF7C
:10544000FFFFFFFFFFFFFFFFFFFFFFFFFFFFFFFF6C
:10545000FFFFFFFFFFFFFFFFFFFFFFFFFFFFFFFF5C
:10546000FFFFFFFFFFFFFFFFFFFFFFFFFFFFFFFF4C
:10547000FFFFFFFFFFFFFFFFFFFFFFFFFFFFFFFF3C
:10548000FFFFFFFFFFFFFFFFFFFFFFFFFFFFFFFF2C
:10549000FFFFFFFFFFFFFFFFFFFFFFFFFFFFFFFF1C
:1054A000FFFFFFFFFFFFFFFFFFFFFFFFFFFFFFFF0C
:1054B000FFFFFFFFFFFFFFFFFFFFFFFFFFFFFFFFFC
:1054C000FFFFFFFFFFFFFFFFFFFFFFFFFFFFFFFFEC
:1054D000FFFFFFFFFFFFFFFFFFFFFFFFFFFFFFFFDC
:1054E000FFFFFFFFFFFFFFFFFFFFFFFFFFFFFFFFCC
:1054F000FFFFFFFFFFFFFFFFFFFFFFFFFFFFFFFFBC
:10550000FFFFFFFFFFFFFFFFFFFFFFFFFFFFFFFFAB
:10551000FFFFFFFFFFFFFFFFFFFFFFFFFFFFFFFF9B
:10552000FFFFFFFFFFFFFFFFFFFFFFFFFFFFFFFF8B
:10553000FFFFFFFFFFFFFFFFFFFFFFFFFFFFFFFF7B
:10554000FFFFFFFFFFFFFFFFFFFFFFFFFFFFFFFF6B
:10555000FFFFFFFFFFFFFFFFFFFFFFFFFFFFFFFF5B
:10556000FFFFFFFFFFFFFFFFFFFFFFFFFFFFFFFF4B
:10557000FFFFFFFFFFFFFFFFFFFFFFFFFFFFFFFF3B
:10558000FFFFFFFFFFFFFFFFFFFFFFFFFFFFFFFF2B
:10559000FFFFFFFFFFFFFFFFFFFFFFFFFFFFFFFF1B
:1055A000FFFFFFFFFFFFFFFFFFFFFFFFFFFFFFFF0B
:1055B000FFFFFFFFFFFFFFFFFFFFFFFFFFFFFFFFFB
:1055C000FFFFFFFFFFFFFFFFFFFFFFFFFFFFFFFFEB
:1055D000FFFFFFFFFFFFFFFFFFFFFFFFFFFFFFFFDB
:1055E000FFFFFFFFFFFFFFFFFFFFFFFFFFFFFFFFCB
:1055F000FFFFFFFFFFFFFFFFFFFFFFFFFFFFFFFFBB
:10560000FFFFFFFFFFFFFFFFFFFFFFFFFFFFFFFFAA
:10561000FFFFFFFFFFFFFFFFFFFFFFFFFFFFFFFF9A
:10562000FFFFFFFFFFFFFFFFFFFFFFFFFFFFFFFF8A
:10563000FFFFFFFFFFFFFFFFFFFFFFFFFFFFFFFF7A
:10564000FFFFFFFFFFFFFFFFFFFFFFFFFFFFFFFF6A
:10565000FFFFFFFFFFFFFFFFFFFFFFFFFFFFFFFF5A
:10566000FFFFFFFFFFFFFFFFFFFFFFFFFFFFFFFF4A
:10567000FFFFFFFFFFFFFFFFFFFFFFFFFFFFFFFF3A
:10568000FFFFFFFFFFFFFFFFFFFFFFFFFFFFFFFF2A
:10569000FFFFFFFFFFFFFFFFFFFFFFFFFFFFFFFF1A
:1056A000FFFFFFFFFFFFFFFFFFFFFFFFFFFFFFFF0A
:1056B000FFFFFFFFFFFFFFFFFFFFFFFFFFFFFFFFFA
:1056C000FFFFFFFFFFFFFFFFFFFFFFFFFFFFFFFFEA
:1056D000FFFFFFFFFFFFFFFFFFFFFFFFFFFFFFFFDA
:1056E000FFFFFFFFFFFFFFFFFFFFFFFFFFFFFFFFCA
:1056F000FFFFFFFFFFFFFFFFFFFFFFFFFFFFFFFFBA
:10570000FFFFFFFFFFFFFFFFFFFFFFFFFFFFFFFFA9
:10571000FFFFFFFFFFFFFFFFFFFFFFFFFFFFFFFF99
:10572000FFFFFFFFFFFFFFFFFFFFFFFFFFFFFFFF89
:10573000FFFFFFFFFFFFFFFFFFFFFFFFFFFFFFFF79
:10574000FFFFFFFFFFFFFFFFFFFFFFFFFFFFFFFF69
:10575000FFFFFFFFFFFFFFFFFFFFFFFFFFFFFFFF59
:10576000FFFFFFFFFFFFFFFFFFFFFFFFFFFFFFFF49
:10577000FFFFFFFFFFFFFFFFFFFFFFFFFFFFFFFF39
:10578000FFFFFFFFFFFFFFFFFFFFFFFFFFFFFFFF29
:10579000FFFFFFFFFFFFFFFFFFFFFFFFFFFFFFFF19
:1057A000FFFFFFFFFFFFFFFFFFFFFFFFFFFFFFFF09
:1057B000FFFFFFFFFFFFFFFFFFFFFFFFFFFFFFFFF9
:1057C000FFFFFFFFFFFFFFFFFFFFFFFFFFFFFFFFE9
:1057D000FFFFFFFFFFFFFFFFFFFFFFFFFFFFFFFFD9
:1057E000FFFFFFFFFFFFFFFFFFFFFFFFFFFFFFFFC9
:1057F000FFFFFFFFFFFFFFFFFFFFFFFFFFFFFFFFB9
:10580000FFFFFFFFFFFFFFFFFFFFFFFFFFFFFFFFA8
:10581000FFFFFFFFFFFFFFFFFFFFFFFFFFFFFFFF98
:10582000FFFFFFFFFFFFFFFFFFFFFFFFFFFFFFFF88
:10583000FFFFFFFFFFFFFFFFFFFFFFFFFFFFFFFF78
:10584000FFFFFFFFFFFFFFFFFFFFFFFFFFFFFFFF68
:10585000FFFFFFFFFFFFFFFFFFFFFFFFFFFFFFFF58
:10586000FFFFFFFFFFFFFFFFFFFFFFFFFFFFFFFF48
:10587000FFFFFFFFFFFFFFFFFFFFFFFFFFFFFFFF38
:10588000FFFFFFFFFFFFFFFFFFFFFFFFFFFFFFFF28
:10589000FFFFFFFFFFFFFFFFFFFFFFFFFFFFFFFF18
:1058A000FFFFFFFFFFFFFFFFFFFFFFFFFFFFFFFF08
:1058B000FFFFFFFFFFFFFFFFFFFFFFFFFFFFFFFFF8
:1058C000FFFFFFFFFFFFFFFFFFFFFFFFFFFFFFFFE8
:1058D000FFFFFFFFFFFFFFFFFFFFFFFFFFFFFFFFD8
:1058E000FFFFFFFFFFFFFFFFFFFFFFFFFFFFFFFFC8
:1058F000FFFFFFFFFFFFFFFFFFFFFFFFFFFFFFFFB8
:10590000FFFFFFFFFFFFFFFFFFFFFFFFFFFFFFFFA7
:10591000FFFFFFFFFFFFFFFFFFFFFFFFFFFFFFFF97
:10592000FFFFFFFFFFFFFFFFFFFFFFFFFFFFFFFF87
:10593000FFFFFFFFFFFFFFFFFFFFFFFFFFFFFFFF77
:10594000FFFFFFFFFFFFFFFFFFFFFFFFFFFFFFFF67
:10595000FFFFFFFFFFFFFFFFFFFFFFFFFFFFFFFF57
:10596000FFFFFFFFFFFFFFFFFFFFFFFFFFFFFFFF47
:10597000FFFFFFFFFFFFFFFFFFFFFFFFFFFFFFFF37
:10598000FFFFFFFFFFFFFFFFFFFFFFFFFFFFFFFF27
:10599000FFFFFFFFFFFFFFFFFFFFFFFFFFFFFFFF17
:1059A000FFFFFFFFFFFFFFFFFFFFFFFFFFFFFFFF07
:1059B000FFFFFFFFFFFFFFFFFFFFFFFFFFFFFFFFF7
:1059C000FFFFFFFFFFFFFFFFFFFFFFFFFFFFFFFFE7
:1059D000FFFFFFFFFFFFFFFFFFFFFFFFFFFFFFFFD7
:1059E000FFFFFFFFFFFFFFFFFFFFFFFFFFFFFFFFC7
:1059F000FFFFFFFFFFFFFFFFFFFFFFFFFFFFFFFFB7
:105A0000FFFFFFFFFFFFFFFFFFFFFFFFFFFFFFFFA6
:105A1000FFFFFFFFFFFFFFFFFFFFFFFFFFFFFFFF96
:105A2000FFFFFFFFFFFFFFFFFFFFFFFFFFFFFFFF86
:105A3000FFFFFFFFFFFFFFFFFFFFFFFFFFFFFFFF76
:105A4000FFFFFFFFFFFFFFFFFFFFFFFFFFFFFFFF66
:105A5000FFFFFFFFFFFFFFFFFFFFFFFFFFFFFFFF56
:105A6000FFFFFFFFFFFFFFFFFFFFFFFFFFFFFFFF46
:105A7000FFFFFFFFFFFFFFFFFFFFFFFFFFFFFFFF36
:105A8000FFFFFFFFFFFFFFFFFFFFFFFFFFFFFFFF26
:105A9000FFFFFFFFFFFFFFFFFFFFFFFFFFFFFFFF16
:105AA000FFFFFFFFFFFFFFFFFFFFFFFFFFFFFFFF06
:105AB000FFFFFFFFFFFFFFFFFFFFFFFFFFFFFFFFF6
:105AC000FFFFFFFFFFFFFFFFFFFFFFFFFFFFFFFFE6
:105AD000FFFFFFFFFFFFFFFFFFFFFFFFFFFFFFFFD6
:105AE000FFFFFFFFFFFFFFFFFFFFFFFFFFFFFFFFC6
:105AF000FFFFFFFFFFFFFFFFFFFFFFFFFFFFFFFFB6
:105B0000FFFFFFFFFFFFFFFFFFFFFFFFFFFFFFFFA5
:105B1000FFFFFFFFFFFFFFFFFFFFFFFFFFFFFFFF95
:105B2000FFFFFFFFFFFFFFFFFFFFFFFFFFFFFFFF85
:105B3000FFFFFFFFFFFFFFFFFFFFFFFFFFFFFFFF75
:105B4000FFFFFFFFFFFFFFFFFFFFFFFFFFFFFFFF65
:105B5000FFFFFFFFFFFFFFFFFFFFFFFFFFFFFFFF55
:105B6000FFFFFFFFFFFFFFFFFFFFFFFFFFFFFFFF45
:105B7000FFFFFFFFFFFFFFFFFFFFFFFFFFFFFFFF35
:105B8000FFFFFFFFFFFFFFFFFFFFFFFFFFFFFFFF25
:105B9000FFFFFFFFFFFFFFFFFFFFFFFFFFFFFFFF15
:105BA000FFFFFFFFFFFFFFFFFFFFFFFFFFFFFFFF05
:105BB000FFFFFFFFFFFFFFFFFFFFFFFFFFFFFFFFF5
:105BC000FFFFFFFFFFFFFFFFFFFFFFFFFFFFFFFFE5
:105BD000FFFFFFFFFFFFFFFFFFFFFFFFFFFFFFFFD5
:105BE000FFFFFFFFFFFFFFFFFFFFFFFFFFFFFFFFC5
:105BF000FFFFFFFFFFFFFFFFFFFFFFFFFFFFFFFFB5
:105C0000FFFFFFFFFFFFFFFFFFFFFFFFFFFFFFFFA4
:105C1000FFFFFFFFFFFFFFFFFFFFFFFFFFFFFFFF94
:105C2000FFFFFFFFFFFFFFFFFFFFFFFFFFFFFFFF84
:105C3000FFFFFFFFFFFFFFFFFFFFFFFFFFFFFFFF74
:105C4000FFFFFFFFFFFFFFFFFFFFFFFFFFFFFFFF64
:105C5000FFFFFFFFFFFFFFFFFFFFFFFFFFFFFFFF54
:105C6000FFFFFFFFFFFFFFFFFFFFFFFFFFFFFFFF44
:105C7000FFFFFFFFFFFFFFFFFFFFFFFFFFFFFFFF34
:105C8000FFFFFFFFFFFFFFFFFFFFFFFFFFFFFFFF24
:105C9000FFFFFFFFFFFFFFFFFFFFFFFFFFFFFFFF14
:105CA000FFFFFFFFFFFFFFFFFFFFFFFFFFFFFFFF04
:105CB000FFFFFFFFFFFFFFFFFFFFFFFFFFFFFFFFF4
:105CC000FFFFFFFFFFFFFFFFFFFFFFFFFFFFFFFFE4
:105CD000FFFFFFFFFFFFFFFFFFFFFFFFFFFFFFFFD4
:105CE000FFFFFFFFFFFFFFFFFFFFFFFFFFFFFFFFC4
:105CF000FFFFFFFFFFFFFFFFFFFFFFFFFFFFFFFFB4
:105D0000FFFFFFFFFFFFFFFFFFFFFFFFFFFFFFFFA3
:105D1000FFFFFFFFFFFFFFFFFFFFFFFFFFFFFFFF93
:105D2000FFFFFFFFFFFFFFFFFFFFFFFFFFFFFFFF83
:105D3000FFFFFFFFFFFFFFFFFFFFFFFFFFFFFFFF73
:105D4000FFFFFFFFFFFFFFFFFFFFFFFFFFFFFFFF63
:105D5000FFFFFFFFFFFFFFFFFFFFFFFFFFFFFFFF53
:105D6000FFFFFFFFFFFFFFFFFFFFFFFFFFFFFFFF43
:105D7000FFFFFFFFFFFFFFFFFFFFFFFFFFFFFFFF33
:105D8000FFFFFFFFFFFFFFFFFFFFFFFFFFFFFFFF23
:105D9000FFFFFFFFFFFFFFFFFFFFFFFFFFFFFFFF13
:105DA000FFFFFFFFFFFFFFFFFFFFFFFFFFFFFFFF03
:105DB000FFFFFFFFFFFFFFFFFFFFFFFFFFFFFFFFF3
:105DC000FFFFFFFFFFFFFFFFFFFFFFFFFFFFFFFFE3
:105DD000FFFFFFFFFFFFFFFFFFFFFFFFFFFFFFFFD3
:105DE000FFFFFFFFFFFFFFFFFFFFFFFFFFFFFFFFC3
:105DF000FFFFFFFFFFFFFFFFFFFFFFFFFFFFFFFFB3
:105E0000FFFFFFFFFFFFFFFFFFFFFFFFFFFFFFFFA2
:105E1000FFFFFFFFFFFFFFFFFFFFFFFFFFFFFFFF92
:105E2000FFFFFFFFFFFFFFFFFFFFFFFFFFFFFFFF82
:105E3000FFFFFFFFFFFFFFFFFFFFFFFFFFFFFFFF72
:105E4000FFFFFFFFFFFFFFFFFFFFFFFFFFFFFFFF62
:105E5000FFFFFFFFFFFFFFFFFFFFFFFFFFFFFFFF52
:105E6000FFFFFFFFFFFFFFFFFFFFFFFFFFFFFFFF42
:105E7000FFFFFFFFFFFFFFFFFFFFFFFFFFFFFFFF32
:105E8000FFFFFFFFFFFFFFFFFFFFFFFFFFFFFFFF22
:105E9000FFFFFFFFFFFFFFFFFFFFFFFFFFFFFFFF12
:105EA000FFFFFFFFFFFFFFFFFFFFFFFFFFFFFFFF02
:105EB000FFFFFFFFFFFFFFFFFFFFFFFFFFFFFFFFF2
:105EC000FFFFFFFFFFFFFFFFFFFFFFFFFFFFFFFFE2
:105ED000FFFFFFFFFFFFFFFFFFFFFFFFFFFFFFFFD2
:105EE000FFFFFFFFFFFFFFFFFFFFFFFFFFFFFFFFC2
:105EF000FFFFFFFFFFFFFFFFFFFFFFFFFFFFFFFFB2
:105F0000FFFFFFFFFFFFFFFFFFFFFFFFFFFFFFFFA1
:105F1000FFFFFFFFFFFFFFFFFFFFFFFFFFFFFFFF91
:105F2000FFFFFFFFFFFFFFFFFFFFFFFFFFFFFFFF81
:105F3000FFFFFFFFFFFFFFFFFFFFFFFFFFFFFFFF71
:105F4000FFFFFFFFFFFFFFFFFFFFFFFFFFFFFFFF61
:105F5000FFFFFFFFFFFFFFFFFFFFFFFFFFFFFFFF51
:105F6000FFFFFFFFFFFFFFFFFFFFFFFFFFFFFFFF41
:105F7000FFFFFFFFFFFFFFFFFFFFFFFFFFFFFFFF31
:105F8000FFFFFFFFFFFFFFFFFFFFFFFFFFFFFFFF21
:105F9000FFFFFFFFFFFFFFFFFFFFFFFFFFFFFFFF11
:105FA000FFFFFFFFFFFFFFFFFFFFFFFFFFFFFFFF01
:105FB000FFFFFFFFFFFFFFFFFFFFFFFFFFFFFFFFF1
:105FC000FFFFFFFFFFFFFFFFFFFFFFFFFFFFFFFFE1
:105FD000FFFFFFFFFFFFFFFFFFFFFFFFFFFFFFFFD1
:105FE000FFFFFFFFFFFFFFFFFFFFFFFFFFFFFFFFC1
:105FF000FFFFFFFFFFFFFFFFFFFFFFFFFFFFFFFFB1
:10600000FFFFFFFFFFFFFFFFFFFFFFFFFFFFFFFFA0
:10601000FFFFFFFFFFFFFFFFFFFFFFFFFFFFFFFF90
:10602000FFFFFFFFFFFFFFFFFFFFFFFFFFFFFFFF80
:10603000FFFFFFFFFFFFFFFFFFFFFFFFFFFFFFFF70
:10604000FFFFFFFFFFFFFFFFFFFFFFFFFFFFFFFF60
:10605000FFFFFFFFFFFFFFFFFFFFFFFFFFFFFFFF50
:10606000FFFFFFFFFFFFFFFFFFFFFFFFFFFFFFFF40
:10607000FFFFFFFFFFFFFFFFFFFFFFFFFFFFFFFF30
:10608000FFFFFFFFFFFFFFFFFFFFFFFFFFFFFFFF20
:10609000FFFFFFFFFFFFFFFFFFFFFFFFFFFFFFFF10
:1060A000FFFFFFFFFFFFFFFFFFFFFFFFFFFFFFFF00
:1060B000FFFFFFFFFFFFFFFFFFFFFFFFFFFFFFFFF0
:1060C000FFFFFFFFFFFFFFFFFFFFFFFFFFFFFFFFE0
:1060D000FFFFFFFFFFFFFFFFFFFFFFFFFFFFFFFFD0
:1060E000FFFFFFFFFFFFFFFFFFFFFFFFFFFFFFFFC0
:1060F000FFFFFFFFFFFFFFFFFFFFFFFFFFFFFFFFB0
:10610000FFFFFFFFFFFFFFFFFFFFFFFFFFFFFFFF9F
:10611000FFFFFFFFFFFFFFFFFFFFFFFFFFFFFFFF8F
:10612000FFFFFFFFFFFFFFFFFFFFFFFFFFFFFFFF7F
:10613000FFFFFFFFFFFFFFFFFFFFFFFFFFFFFFFF6F
:10614000FFFFFFFFFFFFFFFFFFFFFFFFFFFFFFFF5F
:10615000FFFFFFFFFFFFFFFFFFFFFFFFFFFFFFFF4F
:10616000FFFFFFFFFFFFFFFFFFFFFFFFFFFFFFFF3F
:10617000FFFFFFFFFFFFFFFFFFFFFFFFFFFFFFFF2F
:10618000FFFFFFFFFFFFFFFFFFFFFFFFFFFFFFFF1F
:10619000FFFFFFFFFFFFFFFFFFFFFFFFFFFFFFFF0F
:1061A000FFFFFFFFFFFFFFFFFFFFFFFFFFFFFFFFFF
:1061B000FFFFFFFFFFFFFFFFFFFFFFFFFFFFFFFFEF
:1061C000FFFFFFFFFFFFFFFFFFFFFFFFFFFFFFFFDF
:1061D000FFFFFFFFFFFFFFFFFFFFFFFFFFFFFFFFCF
:1061E000FFFFFFFFFFFFFFFFFFFFFFFFFFFFFFFFBF
:1061F000FFFFFFFFFFFFFFFFFFFFFFFFFFFFFFFFAF
:10620000FFFFFFFFFFFFFFFFFFFFFFFFFFFFFFFF9E
:10621000FFFFFFFFFFFFFFFFFFFFFFFFFFFFFFFF8E
:10622000FFFFFFFFFFFFFFFFFFFFFFFFFFFFFFFF7E
:10623000FFFFFFFFFFFFFFFFFFFFFFFFFFFFFFFF6E
:10624000FFFFFFFFFFFFFFFFFFFFFFFFFFFFFFFF5E
:10625000FFFFFFFFFFFFFFFFFFFFFFFFFFFFFFFF4E
:10626000FFFFFFFFFFFFFFFFFFFFFFFFFFFFFFFF3E
:10627000FFFFFFFFFFFFFFFFFFFFFFFFFFFFFFFF2E
:10628000FFFFFFFFFFFFFFFFFFFFFFFFFFFFFFFF1E
:10629000FFFFFFFFFFFFFFFFFFFFFFFFFFFFFFFF0E
:1062A000FFFFFFFFFFFFFFFFFFFFFFFFFFFFFFFFFE
:1062B000FFFFFFFFFFFFFFFFFFFFFFFFFFFFFFFFEE
:1062C000FFFFFFFFFFFFFFFFFFFFFFFFFFFFFFFFDE
:1062D000FFFFFFFFFFFFFFFFFFFFFFFFFFFFFFFFCE
:1062E000FFFFFFFFFFFFFFFFFFFFFFFFFFFFFFFFBE
:1062F000FFFFFFFFFFFFFFFFFFFFFFFFFFFFFFFFAE
:10630000FFFFFFFFFFFFFFFFFFFFFFFFFFFFFFFF9D
:10631000FFFFFFFFFFFFFFFFFFFFFFFFFFFFFFFF8D
:10632000FFFFFFFFFFFFFFFFFFFFFFFFFFFFFFFF7D
:10633000FFFFFFFFFFFFFFFFFFFFFFFFFFFFFFFF6D
:10634000FFFFFFFFFFFFFFFFFFFFFFFFFFFFFFFF5D
:10635000FFFFFFFFFFFFFFFFFFFFFFFFFFFFFFFF4D
:10636000FFFFFFFFFFFFFFFFFFFFFFFFFFFFFFFF3D
:10637000FFFFFFFFFFFFFFFFFFFFFFFFFFFFFFFF2D
:10638000FFFFFFFFFFFFFFFFFFFFFFFFFFFFFFFF1D
:10639000FFFFFFFFFFFFFFFFFFFFFFFFFFFFFFFF0D
:1063A000FFFFFFFFFFFFFFFFFFFFFFFFFFFFFFFFFD
:1063B000FFFFFFFFFFFFFFFFFFFFFFFFFFFFFFFFED
:1063C000FFFFFFFFFFFFFFFFFFFFFFFFFFFFFFFFDD
:1063D000FFFFFFFFFFFFFFFFFFFFFFFFFFFFFFFFCD
:1063E000FFFFFFFFFFFFFFFFFFFFFFFFFFFFFFFFBD
:1063F000FFFFFFFFFFFFFFFFFFFFFFFFFFFFFFFFAD
:10640000FFFFFFFFFFFFFFFFFFFFFFFFFFFFFFFF9C
:10641000FFFFFFFFFFFFFFFFFFFFFFFFFFFFFFFF8C
:10642000FFFFFFFFFFFFFFFFFFFFFFFFFFFFFFFF7C
:10643000FFFFFFFFFFFFFFFFFFFFFFFFFFFFFFFF6C
:10644000FFFFFFFFFFFFFFFFFFFFFFFFFFFFFFFF5C
:10645000FFFFFFFFFFFFFFFFFFFFFFFFFFFFFFFF4C
:10646000FFFFFFFFFFFFFFFFFFFFFFFFFFFFFFFF3C
:10647000FFFFFFFFFFFFFFFFFFFFFFFFFFFFFFFF2C
:10648000FFFFFFFFFFFFFFFFFFFFFFFFFFFFFFFF1C
:10649000FFFFFFFFFFFFFFFFFFFFFFFFFFFFFFFF0C
:1064A000FFFFFFFFFFFFFFFFFFFFFFFFFFFFFFFFFC
:1064B000FFFFFFFFFFFFFFFFFFFFFFFFFFFFFFFFEC
:1064C000FFFFFFFFFFFFFFFFFFFFFFFFFFFFFFFFDC
:1064D000FFFFFFFFFFFFFFFFFFFFFFFFFFFFFFFFCC
:1064E000FFFFFFFFFFFFFFFFFFFFFFFFFFFFFFFFBC
:1064F000FFFFFFFFFFFFFFFFFFFFFFFFFFFFFFFFAC
:10650000FFFFFFFFFFFFFFFFFFFFFFFFFFFFFFFF9B
:10651000FFFFFFFFFFFFFFFFFFFFFFFFFFFFFFFF8B
:10652000FFFFFFFFFFFFFFFFFFFFFFFFFFFFFFFF7B
:10653000FFFFFFFFFFFFFFFFFFFFFFFFFFFFFFFF6B
:10654000FFFFFFFFFFFFFFFFFFFFFFFFFFFFFFFF5B
:10655000FFFFFFFFFFFFFFFFFFFFFFFFFFFFFFFF4B
:10656000FFFFFFFFFFFFFFFFFFFFFFFFFFFFFFFF3B
:10657000FFFFFFFFFFFFFFFFFFFFFFFFFFFFFFFF2B
:10658000FFFFFFFFFFFFFFFFFFFFFFFFFFFFFFFF1B
:10659000FFFFFFFFFFFFFFFFFFFFFFFFFFFFFFFF0B
:1065A000FFFFFFFFFFFFFFFFFFFFFFFFFFFFFFFFFB
:1065B000FFFFFFFFFFFFFFFFFFFFFFFFFFFFFFFFEB
:1065C000FFFFFFFFFFFFFFFFFFFFFFFFFFFFFFFFDB
:1065D000FFFFFFFFFFFFFFFFFFFFFFFFFFFFFFFFCB
:1065E000FFFFFFFFFFFFFFFFFFFFFFFFFFFFFFFFBB
:1065F000FFFFFFFFFFFFFFFFFFFFFFFFFFFFFFFFAB
:10660000FFFFFFFFFFFFFFFFFFFFFFFFFFFFFFFF9A
:10661000FFFFFFFFFFFFFFFFFFFFFFFFFFFFFFFF8A
:10662000FFFFFFFFFFFFFFFFFFFFFFFFFFFFFFFF7A
:10663000FFFFFFFFFFFFFFFFFFFFFFFFFFFFFFFF6A
:10664000FFFFFFFFFFFFFFFFFFFFFFFFFFFFFFFF5A
:10665000FFFFFFFFFFFFFFFFFFFFFFFFFFFFFFFF4A
:10666000FFFFFFFFFFFFFFFFFFFFFFFFFFFFFFFF3A
:10667000FFFFFFFFFFFFFFFFFFFFFFFFFFFFFFFF2A
:10668000FFFFFFFFFFFFFFFFFFFFFFFFFFFFFFFF1A
:10669000FFFFFFFFFFFFFFFFFFFFFFFFFFFFFFFF0A
:1066A000FFFFFFFFFFFFFFFFFFFFFFFFFFFFFFFFFA
:1066B000FFFFFFFFFFFFFFFFFFFFFFFFFFFFFFFFEA
:1066C000FFFFFFFFFFFFFFFFFFFFFFFFFFFFFFFFDA
:1066D000FFFFFFFFFFFFFFFFFFFFFFFFFFFFFFFFCA
:1066E000FFFFFFFFFFFFFFFFFFFFFFFFFFFFFFFFBA
:1066F000FFFFFFFFFFFFFFFFFFFFFFFFFFFFFFFFAA
:10670000FFFFFFFFFFFFFFFFFFFFFFFFFFFFFFFF99
:10671000FFFFFFFFFFFFFFFFFFFFFFFFFFFFFFFF89
:10672000FFFFFFFFFFFFFFFFFFFFFFFFFFFFFFFF79
:10673000FFFFFFFFFFFFFFFFFFFFFFFFFFFFFFFF69
:10674000FFFFFFFFFFFFFFFFFFFFFFFFFFFFFFFF59
:10675000FFFFFFFFFFFFFFFFFFFFFFFFFFFFFFFF49
:10676000FFFFFFFFFFFFFFFFFFFFFFFFFFFFFFFF39
:10677000FFFFFFFFFFFFFFFFFFFFFFFFFFFFFFFF29
:10678000FFFFFFFFFFFFFFFFFFFFFFFFFFFFFFFF19
:10679000FFFFFFFFFFFFFFFFFFFFFFFFFFFFFFFF09
:1067A000FFFFFFFFFFFFFFFFFFFFFFFFFFFFFFFFF9
:1067B000FFFFFFFFFFFFFFFFFFFFFFFFFFFFFFFFE9
:1067C000FFFFFFFFFFFFFFFFFFFFFFFFFFFFFFFFD9
:1067D000FFFFFFFFFFFFFFFFFFFFFFFFFFFFFFFFC9
:1067E000FFFFFFFFFFFFFFFFFFFFFFFFFFFFFFFFB9
:1067F000FFFFFFFFFFFFFFFFFFFFFFFFFFFFFFFFA9
:10680000FFFFFFFFFFFFFFFFFFFFFFFFFFFFFFFF98
:10681000FFFFFFFFFFFFFFFFFFFFFFFFFFFFFFFF88
:10682000FFFFFFFFFFFFFFFFFFFFFFFFFFFFFFFF78
:10683000FFFFFFFFFFFFFFFFFFFFFFFFFFFFFFFF68
:10684000FFFFFFFFFFFFFFFFFFFFFFFFFFFFFFFF58
:10685000FFFFFFFFFFFFFFFFFFFFFFFFFFFFFFFF48
:10686000FFFFFFFFFFFFFFFFFFFFFFFFFFFFFFFF38
:10687000FFFFFFFFFFFFFFFFFFFFFFFFFFFFFFFF28
:10688000FFFFFFFFFFFFFFFFFFFFFFFFFFFFFFFF18
:10689000FFFFFFFFFFFFFFFFFFFFFFFFFFFFFFFF08
:1068A000FFFFFFFFFFFFFFFFFFFFFFFFFFFFFFFFF8
:1068B000FFFFFFFFFFFFFFFFFFFFFFFFFFFFFFFFE8
:1068C000FFFFFFFFFFFFFFFFFFFFFFFFFFFFFFFFD8
:1068D000FFFFFFFFFFFFFFFFFFFFFFFFFFFFFFFFC8
:1068E000FFFFFFFFFFFFFFFFFFFFFFFFFFFFFFFFB8
:1068F000FFFFFFFFFFFFFFFFFFFFFFFFFFFFFFFFA8
:10690000FFFFFFFFFFFFFFFFFFFFFFFFFFFFFFFF97
:10691000FFFFFFFFFFFFFFFFFFFFFFFFFFFFFFFF87
:10692000FFFFFFFFFFFFFFFFFFFFFFFFFFFFFFFF77
:10693000FFFFFFFFFFFFFFFFFFFFFFFFFFFFFFFF67
:10694000FFFFFFFFFFFFFFFFFFFFFFFFFFFFFFFF57
:10695000FFFFFFFFFFFFFFFFFFFFFFFFFFFFFFFF47
:10696000FFFFFFFFFFFFFFFFFFFFFFFFFFFFFFFF37
:10697000FFFFFFFFFFFFFFFFFFFFFFFFFFFFFFFF27
:10698000FFFFFFFFFFFFFFFFFFFFFFFFFFFFFFFF17
:10699000FFFFFFFFFFFFFFFFFFFFFFFFFFFFFFFF07
:1069A000FFFFFFFFFFFFFFFFFFFFFFFFFFFFFFFFF7
:1069B000FFFFFFFFFFFFFFFFFFFFFFFFFFFFFFFFE7
:1069C000FFFFFFFFFFFFFFFFFFFFFFFFFFFFFFFFD7
:1069D000FFFFFFFFFFFFFFFFFFFFFFFFFFFFFFFFC7
:1069E000FFFFFFFFFFFFFFFFFFFFFFFFFFFFFFFFB7
:1069F000FFFFFFFFFFFFFFFFFFFFFFFFFFFFFFFFA7
:106A0000FFFFFFFFFFFFFFFFFFFFFFFFFFFFFFFF96
:106A1000FFFFFFFFFFFFFFFFFFFFFFFFFFFFFFFF86
:106A2000FFFFFFFFFFFFFFFFFFFFFFFFFFFFFFFF76
:106A3000FFFFFFFFFFFFFFFFFFFFFFFFFFFFFFFF66
:106A4000FFFFFFFFFFFFFFFFFFFFFFFFFFFFFFFF56
:106A5000FFFFFFFFFFFFFFFFFFFFFFFFFFFFFFFF46
:106A6000FFFFFFFFFFFFFFFFFFFFFFFFFFFFFFFF36
:106A7000FFFFFFFFFFFFFFFFFFFFFFFFFFFFFFFF26
:106A8000FFFFFFFFFFFFFFFFFFFFFFFFFFFFFFFF16
:106A9000FFFFFFFFFFFFFFFFFFFFFFFFFFFFFFFF06
:106AA000FFFFFFFFFFFFFFFFFFFFFFFFFFFFFFFFF6
:106AB000FFFFFFFFFFFFFFFFFFFFFFFFFFFFFFFFE6
:106AC000FFFFFFFFFFFFFFFFFFFFFFFFFFFFFFFFD6
:106AD000FFFFFFFFFFFFFFFFFFFFFFFFFFFFFFFFC6
:106AE000FFFFFFFFFFFFFFFFFFFFFFFFFFFFFFFFB6
:106AF000FFFFFFFFFFFFFFFFFFFFFFFFFFFFFFFFA6
:106B0000FFFFFFFFFFFFFFFFFFFFFFFFFFFFFFFF95
:106B1000FFFFFFFFFFFFFFFFFFFFFFFFFFFFFFFF85
:106B2000FFFFFFFFFFFFFFFFFFFFFFFFFFFFFFFF75
:106B3000FFFFFFFFFFFFFFFFFFFFFFFFFFFFFFFF65
:106B4000FFFFFFFFFFFFFFFFFFFFFFFFFFFFFFFF55
:106B5000FFFFFFFFFFFFFFFFFFFFFFFFFFFFFFFF45
:106B6000FFFFFFFFFFFFFFFFFFFFFFFFFFFFFFFF35
:106B7000FFFFFFFFFFFFFFFFFFFFFFFFFFFFFFFF25
:106B8000FFFFFFFFFFFFFFFFFFFFFFFFFFFFFFFF15
:106B9000FFFFFFFFFFFFFFFFFFFFFFFFFFFFFFFF05
:106BA000FFFFFFFFFFFFFFFFFFFFFFFFFFFFFFFFF5
:106BB000FFFFFFFFFFFFFFFFFFFFFFFFFFFFFFFFE5
:106BC000FFFFFFFFFFFFFFFFFFFFFFFFFFFFFFFFD5
:106BD000FFFFFFFFFFFFFFFFFFFFFFFFFFFFFFFFC5
:106BE000FFFFFFFFFFFFFFFFFFFFFFFFFFFFFFFFB5
:106BF000FFFFFFFFFFFFFFFFFFFFFFFFFFFFFFFFA5
:106C0000FFFFFFFFFFFFFFFFFFFFFFFFFFFFFFFF94
:106C1000FFFFFFFFFFFFFFFFFFFFFFFFFFFFFFFF84
:106C2000FFFFFFFFFFFFFFFFFFFFFFFFFFFFFFFF74
:106C3000FFFFFFFFFFFFFFFFFFFFFFFFFFFFFFFF64
:106C4000FFFFFFFFFFFFFFFFFFFFFFFFFFFFFFFF54
:106C5000FFFFFFFFFFFFFFFFFFFFFFFFFFFFFFFF44
:106C6000FFFFFFFFFFFFFFFFFFFFFFFFFFFFFFFF34
:106C7000FFFFFFFFFFFFFFFFFFFFFFFFFFFFFFFF24
:106C8000FFFFFFFFFFFFFFFFFFFFFFFFFFFFFFFF14
:106C9000FFFFFFFFFFFFFFFFFFFFFFFFFFFFFFFF04
:106CA000FFFFFFFFFFFFFFFFFFFFFFFFFFFFFFFFF4
:106CB000FFFFFFFFFFFFFFFFFFFFFFFFFFFFFFFFE4
:106CC000FFFFFFFFFFFFFFFFFFFFFFFFFFFFFFFFD4
:106CD000FFFFFFFFFFFFFFFFFFFFFFFFFFFFFFFFC4
:106CE000FFFFFFFFFFFFFFFFFFFFFFFFFFFFFFFFB4
:106CF000FFFFFFFFFFFFFFFFFFFFFFFFFFFFFFFFA4
:106D0000FFFFFFFFFFFFFFFFFFFFFFFFFFFFFFFF93
:106D1000FFFFFFFFFFFFFFFFFFFFFFFFFFFFFFFF83
:106D2000FFFFFFFFFFFFFFFFFFFFFFFFFFFFFFFF73
:106D3000FFFFFFFFFFFFFFFFFFFFFFFFFFFFFFFF63
:106D4000FFFFFFFFFFFFFFFFFFFFFFFFFFFFFFFF53
:106D5000FFFFFFFFFFFFFFFFFFFFFFFFFFFFFFFF43
:106D6000FFFFFFFFFFFFFFFFFFFFFFFFFFFFFFFF33
:106D7000FFFFFFFFFFFFFFFFFFFFFFFFFFFFFFFF23
:106D8000FFFFFFFFFFFFFFFFFFFFFFFFFFFFFFFF13
:106D9000FFFFFFFFFFFFFFFFFFFFFFFFFFFFFFFF03
:106DA000FFFFFFFFFFFFFFFFFFFFFFFFFFFFFFFFF3
:106DB000FFFFFFFFFFFFFFFFFFFFFFFFFFFFFFFFE3
:106DC000FFFFFFFFFFFFFFFFFFFFFFFFFFFFFFFFD3
:106DD000FFFFFFFFFFFFFFFFFFFFFFFFFFFFFFFFC3
:106DE000FFFFFFFFFFFFFFFFFFFFFFFFFFFFFFFFB3
:106DF000FFFFFFFFFFFFFFFFFFFFFFFFFFFFFFFFA3
:106E0000FFFFFFFFFFFFFFFFFFFFFFFFFFFFFFFF92
:106E1000FFFFFFFFFFFFFFFFFFFFFFFFFFFFFFFF82
:106E2000FFFFFFFFFFFFFFFFFFFFFFFFFFFFFFFF72
:106E3000FFFFFFFFFFFFFFFFFFFFFFFFFFFFFFFF62
:106E4000FFFFFFFFFFFFFFFFFFFFFFFFFFFFFFFF52
:106E5000FFFFFFFFFFFFFFFFFFFFFFFFFFFFFFFF42
:106E6000FFFFFFFFFFFFFFFFFFFFFFFFFFFFFFFF32
:106E7000FFFFFFFFFFFFFFFFFFFFFFFFFFFFFFFF22
:106E8000FFFFFFFFFFFFFFFFFFFFFFFFFFFFFFFF12
:106E9000FFFFFFFFFFFFFFFFFFFFFFFFFFFFFFFF02
:106EA000FFFFFFFFFFFFFFFFFFFFFFFFFFFFFFFFF2
:106EB000FFFFFFFFFFFFFFFFFFFFFFFFFFFFFFFFE2
:106EC000FFFFFFFFFFFFFFFFFFFFFFFFFFFFFFFFD2
:106ED000FFFFFFFFFFFFFFFFFFFFFFFFFFFFFFFFC2
:106EE000FFFFFFFFFFFFFFFFFFFFFFFFFFFFFFFFB2
:106EF000FFFFFFFFFFFFFFFFFFFFFFFFFFFFFFFFA2
:106F0000FFFFFFFFFFFFFFFFFFFFFFFFFFFFFFFF91
:106F1000FFFFFFFFFFFFFFFFFFFFFFFFFFFFFFFF81
:106F2000FFFFFFFFFFFFFFFFFFFFFFFFFFFFFFFF71
:106F3000FFFFFFFFFFFFFFFFFFFFFFFFFFFFFFFF61
:106F4000FFFFFFFFFFFFFFFFFFFFFFFFFFFFFFFF51
:106F5000FFFFFFFFFFFFFFFFFFFFFFFFFFFFFFFF41
:106F6000FFFFFFFFFFFFFFFFFFFFFFFFFFFFFFFF31
:106F7000FFFFFFFFFFFFFFFFFFFFFFFFFFFFFFFF21
:106F8000FFFFFFFFFFFFFFFFFFFFFFFFFFFFFFFF11
:106F9000FFFFFFFFFFFFFFFFFFFFFFFFFFFFFFFF01
:106FA000FFFFFFFFFFFFFFFFFFFFFFFFFFFFFFFFF1
:106FB000FFFFFFFFFFFFFFFFFFFFFFFFFFFFFFFFE1
:106FC000FFFFFFFFFFFFFFFFFFFFFFFFFFFFFFFFD1
:106FD000FFFFFFFFFFFFFFFFFFFFFFFFFFFFFFFFC1
:106FE000FFFFFFFFFFFFFFFFFFFFFFFFFFFFFFFFB1
:106FF000FFFFFFFFFFFFFFFFFFFFFFFFFFFFFFFFA1
:10700000FFFFFFFFFFFFFFFFFFFFFFFFFFFFFFFF90
:10701000FFFFFFFFFFFFFFFFFFFFFFFFFFFFFFFF80
:10702000FFFFFFFFFFFFFFFFFFFFFFFFFFFFFFFF70
:10703000FFFFFFFFFFFFFFFFFFFFFFFFFFFFFFFF60
:10704000FFFFFFFFFFFFFFFFFFFFFFFFFFFFFFFF50
:10705000FFFFFFFFFFFFFFFFFFFFFFFFFFFFFFFF40
:10706000FFFFFFFFFFFFFFFFFFFFFFFFFFFFFFFF30
:10707000FFFFFFFFFFFFFFFFFFFFFFFFFFFFFFFF20
:10708000FFFFFFFFFFFFFFFFFFFFFFFFFFFFFFFF10
:10709000FFFFFFFFFFFFFFFFFFFFFFFFFFFFFFFF00
:1070A000FFFFFFFFFFFFFFFFFFFFFFFFFFFFFFFFF0
:1070B000FFFFFFFFFFFFFFFFFFFFFFFFFFFFFFFFE0
:1070C000FFFFFFFFFFFFFFFFFFFFFFFFFFFFFFFFD0
:1070D000FFFFFFFFFFFFFFFFFFFFFFFFFFFFFFFFC0
:1070E000FFFFFFFFFFFFFFFFFFFFFFFFFFFFFFFFB0
:1070F000FFFFFFFFFFFFFFFFFFFFFFFFFFFFFFFFA0
:10710000FFFFFFFFFFFFFFFFFFFFFFFFFFFFFFFF8F
:10711000FFFFFFFFFFFFFFFFFFFFFFFFFFFFFFFF7F
:10712000FFFFFFFFFFFFFFFFFFFFFFFFFFFFFFFF6F
:10713000FFFFFFFFFFFFFFFFFFFFFFFFFFFFFFFF5F
:10714000FFFFFFFFFFFFFFFFFFFFFFFFFFFFFFFF4F
:10715000FFFFFFFFFFFFFFFFFFFFFFFFFFFFFFFF3F
:10716000FFFFFFFFFFFFFFFFFFFFFFFFFFFFFFFF2F
:10717000FFFFFFFFFFFFFFFFFFFFFFFFFFFFFFFF1F
:10718000FFFFFFFFFFFFFFFFFFFFFFFFFFFFFFFF0F
:10719000FFFFFFFFFFFFFFFFFFFFFFFFFFFFFFFFFF
:1071A000FFFFFFFFFFFFFFFFFFFFFFFFFFFFFFFFEF
:1071B000FFFFFFFFFFFFFFFFFFFFFFFFFFFFFFFFDF
:1071C000FFFFFFFFFFFFFFFFFFFFFFFFFFFFFFFFCF
:1071D000FFFFFFFFFFFFFFFFFFFFFFFFFFFFFFFFBF
:1071E000FFFFFFFFFFFFFFFFFFFFFFFFFFFFFFFFAF
:1071F000FFFFFFFFFFFFFFFFFFFFFFFFFFFFFFFF9F
:10720000FFFFFFFFFFFFFFFFFFFFFFFFFFFFFFFF8E
:10721000FFFFFFFFFFFFFFFFFFFFFFFFFFFFFFFF7E
:10722000FFFFFFFFFFFFFFFFFFFFFFFFFFFFFFFF6E
:10723000FFFFFFFFFFFFFFFFFFFFFFFFFFFFFFFF5E
:10724000FFFFFFFFFFFFFFFFFFFFFFFFFFFFFFFF4E
:10725000FFFFFFFFFFFFFFFFFFFFFFFFFFFFFFFF3E
:10726000FFFFFFFFFFFFFFFFFFFFFFFFFFFFFFFF2E
:10727000FFFFFFFFFFFFFFFFFFFFFFFFFFFFFFFF1E
:10728000FFFFFFFFFFFFFFFFFFFFFFFFFFFFFFFF0E
:10729000FFFFFFFFFFFFFFFFFFFFFFFFFFFFFFFFFE
:1072A000FFFFFFFFFFFFFFFFFFFFFFFFFFFFFFFFEE
:1072B000FFFFFFFFFFFFFFFFFFFFFFFFFFFFFFFFDE
:1072C000FFFFFFFFFFFFFFFFFFFFFFFFFFFFFFFFCE
:1072D000FFFFFFFFFFFFFFFFFFFFFFFFFFFFFFFFBE
:1072E000FFFFFFFFFFFFFFFFFFFFFFFFFFFFFFFFAE
:1072F000FFFFFFFFFFFFFFFFFFFFFFFFFFFFFFFF9E
:10730000FFFFFFFFFFFFFFFFFFFFFFFFFFFFFFFF8D
:10731000FFFFFFFFFFFFFFFFFFFFFFFFFFFFFFFF7D
:10732000FFFFFFFFFFFFFFFFFFFFFFFFFFFFFFFF6D
:10733000FFFFFFFFFFFFFFFFFFFFFFFFFFFFFFFF5D
:10734000FFFFFFFFFFFFFFFFFFFFFFFFFFFFFFFF4D
:10735000FFFFFFFFFFFFFFFFFFFFFFFFFFFFFFFF3D
:10736000FFFFFFFFFFFFFFFFFFFFFFFFFFFFFFFF2D
:10737000FFFFFFFFFFFFFFFFFFFFFFFFFFFFFFFF1D
:10738000FFFFFFFFFFFFFFFFFFFFFFFFFFFFFFFF0D
:10739000FFFFFFFFFFFFFFFFFFFFFFFFFFFFFFFFFD
:1073A000FFFFFFFFFFFFFFFFFFFFFFFFFFFFFFFFED
:1073B000FFFFFFFFFFFFFFFFFFFFFFFFFFFFFFFFDD
:1073C000FFFFFFFFFFFFFFFFFFFFFFFFFFFFFFFFCD
:1073D000FFFFFFFFFFFFFFFFFFFFFFFFFFFFFFFFBD
:1073E000FFFFFFFFFFFFFFFFFFFFFFFFFFFFFFFFAD
:1073F000FFFFFFFFFFFFFFFFFFFFFFFFFFFFFFFF9D
:10740000FFFFFFFFFFFFFFFFFFFFFFFFFFFFFFFF8C
:10741000FFFFFFFFFFFFFFFFFFFFFFFFFFFFFFFF7C
:10742000FFFFFFFFFFFFFFFFFFFFFFFFFFFFFFFF6C
:10743000FFFFFFFFFFFFFFFFFFFFFFFFFFFFFFFF5C
:10744000FFFFFFFFFFFFFFFFFFFFFFFFFFFFFFFF4C
:10745000FFFFFFFFFFFFFFFFFFFFFFFFFFFFFFFF3C
:10746000FFFFFFFFFFFFFFFFFFFFFFFFFFFFFFFF2C
:10747000FFFFFFFFFFFFFFFFFFFFFFFFFFFFFFFF1C
:10748000FFFFFFFFFFFFFFFFFFFFFFFFFFFFFFFF0C
:10749000FFFFFFFFFFFFFFFFFFFFFFFFFFFFFFFFFC
:1074A000FFFFFFFFFFFFFFFFFFFFFFFFFFFFFFFFEC
:1074B000FFFFFFFFFFFFFFFFFFFFFFFFFFFFFFFFDC
:1074C000FFFFFFFFFFFFFFFFFFFFFFFFFFFFFFFFCC
:1074D000FFFFFFFFFFFFFFFFFFFFFFFFFFFFFFFFBC
:1074E000FFFFFFFFFFFFFFFFFFFFFFFFFFFFFFFFAC
:1074F000FFFFFFFFFFFFFFFFFFFFFFFFFFFFFFFF9C
:10750000FFFFFFFFFFFFFFFFFFFFFFFFFFFFFFFF8B
:10751000FFFFFFFFFFFFFFFFFFFFFFFFFFFFFFFF7B
:10752000FFFFFFFFFFFFFFFFFFFFFFFFFFFFFFFF6B
:10753000FFFFFFFFFFFFFFFFFFFFFFFFFFFFFFFF5B
:10754000FFFFFFFFFFFFFFFFFFFFFFFFFFFFFFFF4B
:10755000FFFFFFFFFFFFFFFFFFFFFFFFFFFFFFFF3B
:10756000FFFFFFFFFFFFFFFFFFFFFFFFFFFFFFFF2B
:10757000FFFFFFFFFFFFFFFFFFFFFFFFFFFFFFFF1B
:10758000FFFFFFFFFFFFFFFFFFFFFFFFFFFFFFFF0B
:10759000FFFFFFFFFFFFFFFFFFFFFFFFFFFFFFFFFB
:1075A000FFFFFFFFFFFFFFFFFFFFFFFFFFFFFFFFEB
:1075B000FFFFFFFFFFFFFFFFFFFFFFFFFFFFFFFFDB
:1075C000FFFFFFFFFFFFFFFFFFFFFFFFFFFFFFFFCB
:1075D000FFFFFFFFFFFFFFFFFFFFFFFFFFFFFFFFBB
:1075E000FFFFFFFFFFFFFFFFFFFFFFFFFFFFFFFFAB
:1075F000FFFFFFFFFFFFFFFFFFFFFFFFFFFFFFFF9B
:10760000FFFFFFFFFFFFFFFFFFFFFFFFFFFFFFFF8A
:10761000FFFFFFFFFFFFFFFFFFFFFFFFFFFFFFFF7A
:10762000FFFFFFFFFFFFFFFFFFFFFFFFFFFFFFFF6A
:10763000FFFFFFFFFFFFFFFFFFFFFFFFFFFFFFFF5A
:10764000FFFFFFFFFFFFFFFFFFFFFFFFFFFFFFFF4A
:10765000FFFFFFFFFFFFFFFFFFFFFFFFFFFFFFFF3A
:10766000FFFFFFFFFFFFFFFFFFFFFFFFFFFFFFFF2A
:10767000FFFFFFFFFFFFFFFFFFFFFFFFFFFFFFFF1A
:10768000FFFFFFFFFFFFFFFFFFFFFFFFFFFFFFFF0A
:10769000FFFFFFFFFFFFFFFFFFFFFFFFFFFFFFFFFA
:1076A000FFFFFFFFFFFFFFFFFFFFFFFFFFFFFFFFEA
:1076B000FFFFFFFFFFFFFFFFFFFFFFFFFFFFFFFFDA
:1076C000FFFFFFFFFFFFFFFFFFFFFFFFFFFFFFFFCA
:1076D000FFFFFFFFFFFFFFFFFFFFFFFFFFFFFFFFBA
:1076E000FFFFFFFFFFFFFFFFFFFFFFFFFFFFFFFFAA
:1076F000FFFFFFFFFFFFFFFFFFFFFFFFFFFFFFFF9A
:10770000FFFFFFFFFFFFFFFFFFFFFFFFFFFFFFFF89
:10771000FFFFFFFFFFFFFFFFFFFFFFFFFFFFFFFF79
:10772000FFFFFFFFFFFFFFFFFFFFFFFFFFFFFFFF69
:10773000FFFFFFFFFFFFFFFFFFFFFFFFFFFFFFFF59
:10774000FFFFFFFFFFFFFFFFFFFFFFFFFFFFFFFF49
:10775000FFFFFFFFFFFFFFFFFFFFFFFFFFFFFFFF39
:10776000FFFFFFFFFFFFFFFFFFFFFFFFFFFFFFFF29
:10777000FFFFFFFFFFFFFFFFFFFFFFFFFFFFFFFF19
:10778000FFFFFFFFFFFFFFFFFFFFFFFFFFFFFFFF09
:10779000FFFFFFFFFFFFFFFFFFFFFFFFFFFFFFFFF9
:1077A000FFFFFFFFFFFFFFFFFFFFFFFFFFFFFFFFE9
:1077B000FFFFFFFFFFFFFFFFFFFFFFFFFFFFFFFFD9
:1077C000FFFFFFFFFFFFFFFFFFFFFFFFFFFFFFFFC9
:1077D000FFFFFFFFFFFFFFFFFFFFFFFFFFFFFFFFB9
:1077E000FFFFFFFFFFFFFFFFFFFFFFFFFFFFFFFFA9
:1077F000FFFFFFFFFFFFFFFFFFFFFFFFFFFFFFFF99
:10780000FFFFFFFFFFFFFFFFFFFFFFFFFFFFFFFF88
:10781000FFFFFFFFFFFFFFFFFFFFFFFFFFFFFFFF78
:10782000FFFFFFFFFFFFFFFFFFFFFFFFFFFFFFFF68
:10783000FFFFFFFFFFFFFFFFFFFFFFFFFFFFFFFF58
:10784000FFFFFFFFFFFFFFFFFFFFFFFFFFFFFFFF48
:10785000FFFFFFFFFFFFFFFFFFFFFFFFFFFFFFFF38
:10786000FFFFFFFFFFFFFFFFFFFFFFFFFFFFFFFF28
:10787000FFFFFFFFFFFFFFFFFFFFFFFFFFFFFFFF18
:10788000FFFFFFFFFFFFFFFFFFFFFFFFFFFFFFFF08
:10789000FFFFFFFFFFFFFFFFFFFFFFFFFFFFFFFFF8
:1078A000FFFFFFFFFFFFFFFFFFFFFFFFFFFFFFFFE8
:1078B000FFFFFFFFFFFFFFFFFFFFFFFFFFFFFFFFD8
:1078C000FFFFFFFFFFFFFFFFFFFFFFFFFFFFFFFFC8
:1078D000FFFFFFFFFFFFFFFFFFFFFFFFFFFFFFFFB8
:1078E000FFFFFFFFFFFFFFFFFFFFFFFFFFFFFFFFA8
:1078F000FFFFFFFFFFFFFFFFFFFFFFFFFFFFFFFF98
:10790000FFFFFFFFFFFFFFFFFFFFFFFFFFFFFFFF87
:10791000FFFFFFFFFFFFFFFFFFFFFFFFFFFFFFFF77
:10792000FFFFFFFFFFFFFFFFFFFFFFFFFFFFFFFF67
:10793000FFFFFFFFFFFFFFFFFFFFFFFFFFFFFFFF57
:10794000FFFFFFFFFFFFFFFFFFFFFFFFFFFFFFFF47
:10795000FFFFFFFFFFFFFFFFFFFFFFFFFFFFFFFF37
:10796000FFFFFFFFFFFFFFFFFFFFFFFFFFFFFFFF27
:10797000FFFFFFFFFFFFFFFFFFFFFFFFFFFFFFFF17
:10798000FFFFFFFFFFFFFFFFFFFFFFFFFFFFFFFF07
:10799000FFFFFFFFFFFFFFFFFFFFFFFFFFFFFFFFF7
:1079A000FFFFFFFFFFFFFFFFFFFFFFFFFFFFFFFFE7
:1079B000FFFFFFFFFFFFFFFFFFFFFFFFFFFFFFFFD7
:1079C000FFFFFFFFFFFFFFFFFFFFFFFFFFFFFFFFC7
:1079D000FFFFFFFFFFFFFFFFFFFFFFFFFFFFFFFFB7
:1079E000FFFFFFFFFFFFFFFFFFFFFFFFFFFFFFFFA7
:1079F000FFFFFFFFFFFFFFFFFFFFFFFFFFFFFFFF97
:107A0000FFFFFFFFFFFFFFFFFFFFFFFFFFFFFFFF86
:107A1000FFFFFFFFFFFFFFFFFFFFFFFFFFFFFFFF76
:107A2000FFFFFFFFFFFFFFFFFFFFFFFFFFFFFFFF66
:107A3000FFFFFFFFFFFFFFFFFFFFFFFFFFFFFFFF56
:107A4000FFFFFFFFFFFFFFFFFFFFFFFFFFFFFFFF46
:107A5000FFFFFFFFFFFFFFFFFFFFFFFFFFFFFFFF36
:107A6000FFFFFFFFFFFFFFFFFFFFFFFFFFFFFFFF26
:107A7000FFFFFFFFFFFFFFFFFFFFFFFFFFFFFFFF16
:107A8000FFFFFFFFFFFFFFFFFFFFFFFFFFFFFFFF06
:107A9000FFFFFFFFFFFFFFFFFFFFFFFFFFFFFFFFF6
:107AA000FFFFFFFFFFFFFFFFFFFFFFFFFFFFFFFFE6
:107AB000FFFFFFFFFFFFFFFFFFFFFFFFFFFFFFFFD6
:107AC000FFFFFFFFFFFFFFFFFFFFFFFFFFFFFFFFC6
:107AD000FFFFFFFFFFFFFFFFFFFFFFFFFFFFFFFFB6
:107AE000FFFFFFFFFFFFFFFFFFFFFFFFFFFFFFFFA6
:107AF000FFFFFFFFFFFFFFFFFFFFFFFFFFFFFFFF96
:107B0000FFFFFFFFFFFFFFFFFFFFFFFFFFFFFFFF85
:107B1000FFFFFFFFFFFFFFFFFFFFFFFFFFFFFFFF75
:107B2000FFFFFFFFFFFFFFFFFFFFFFFFFFFFFFFF65
:107B3000FFFFFFFFFFFFFFFFFFFFFFFFFFFFFFFF55
:107B4000FFFFFFFFFFFFFFFFFFFFFFFFFFFFFFFF45
:107B5000FFFFFFFFFFFFFFFFFFFFFFFFFFFFFFFF35
:107B6000FFFFFFFFFFFFFFFFFFFFFFFFFFFFFFFF25
:107B7000FFFFFFFFFFFFFFFFFFFFFFFFFFFFFFFF15
:107B8000FFFFFFFFFFFFFFFFFFFFFFFFFFFFFFFF05
:107B9000FFFFFFFFFFFFFFFFFFFFFFFFFFFFFFFFF5
:107BA000FFFFFFFFFFFFFFFFFFFFFFFFFFFFFFFFE5
:107BB000FFFFFFFFFFFFFFFFFFFFFFFFFFFFFFFFD5
:107BC000FFFFFFFFFFFFFFFFFFFFFFFFFFFFFFFFC5
:107BD000FFFFFFFFFFFFFFFFFFFFFFFFFFFFFFFFB5
:107BE000FFFFFFFFFFFFFFFFFFFFFFFFFFFFFFFFA5
:107BF000FFFFFFFFFFFFFFFFFFFFFFFFFFFFFFFF95
:107C0000FFFFFFFFFFFFFFFFFFFFFFFFFFFFFFFF84
:107C1000FFFFFFFFFFFFFFFFFFFFFFFFFFFFFFFF74
:107C2000FFFFFFFFFFFFFFFFFFFFFFFFFFFFFFFF64
:107C3000FFFFFFFFFFFFFFFFFFFFFFFFFFFFFFFF54
:107C4000FFFFFFFFFFFFFFFFFFFFFFFFFFFFFFFF44
:107C5000FFFFFFFFFFFFFFFFFFFFFFFFFFFFFFFF34
:107C6000FFFFFFFFFFFFFFFFFFFFFFFFFFFFFFFF24
:107C7000FFFFFFFFFFFFFFFFFFFFFFFFFFFFFFFF14
:107C8000FFFFFFFFFFFFFFFFFFFFFFFFFFFFFFFF04
:107C9000FFFFFFFFFFFFFFFFFFFFFFFFFFFFFFFFF4
:107CA000FFFFFFFFFFFFFFFFFFFFFFFFFFFFFFFFE4
:107CB000FFFFFFFFFFFFFFFFFFFFFFFFFFFFFFFFD4
:107CC000FFFFFFFFFFFFFFFFFFFFFFFFFFFFFFFFC4
:107CD000FFFFFFFFFFFFFFFFFFFFFFFFFFFFFFFFB4
:107CE000FFFFFFFFFFFFFFFFFFFFFFFFFFFFFFFFA4
:107CF000FFFFFFFFFFFFFFFFFFFFFFFFFFFFFFFF94
:107D0000FFFFFFFFFFFFFFFFFFFFFFFFFFFFFFFF83
:107D1000FFFFFFFFFFFFFFFFFFFFFFFFFFFFFFFF73
:107D2000FFFFFFFFFFFFFFFFFFFFFFFFFFFFFFFF63
:107D3000FFFFFFFFFFFFFFFFFFFFFFFFFFFFFFFF53
:107D4000FFFFFFFFFFFFFFFFFFFFFFFFFFFFFFFF43
:107D5000FFFFFFFFFFFFFFFFFFFFFFFFFFFFFFFF33
:107D6000FFFFFFFFFFFFFFFFFFFFFFFFFFFFFFFF23
:107D7000FFFFFFFFFFFFFFFFFFFFFFFFFFFFFFFF13
:107D8000FFFFFFFFFFFFFFFFFFFFFFFFFFFFFFFF03
:107D9000FFFFFFFFFFFFFFFFFFFFFFFFFFFFFFFFF3
:107DA000FFFFFFFFFFFFFFFFFFFFFFFFFFFFFFFFE3
:107DB000FFFFFFFFFFFFFFFFFFFFFFFFFFFFFFFFD3
:107DC000FFFFFFFFFFFFFFFFFFFFFFFFFFFFFFFFC3
:107DD000FFFFFFFFFFFFFFFFFFFFFFFFFFFFFFFFB3
:107DE000FFFFFFFFFFFFFFFFFFFFFFFFFFFFFFFFA3
:107DF000FFFFFFFFFFFFFFFFFFFFFFFFFFFFFFFF93
:107E0000FFFFFFFFFFFFFFFFFFFFFFFFFFFFFFFF82
:107E1000FFFFFFFFFFFFFFFFFFFFFFFFFFFFFFFF72
:107E2000FFFFFFFFFFFFFFFFFFFFFFFFFFFFFFFF62
:107E3000FFFFFFFFFFFFFFFFFFFFFFFFFFFFFFFF52
:107E4000FFFFFFFFFFFFFFFFFFFFFFFFFFFFFFFF42
:107E5000FFFFFFFFFFFFFFFFFFFFFFFFFFFFFFFF32
:107E6000FFFFFFFFFFFFFFFFFFFFFFFFFFFFFFFF22
:107E7000FFFFFFFFFFFFFFFFFFFFFFFFFFFFFFFF12
:107E8000FFFFFFFFFFFFFFFFFFFFFFFFFFFFFFFF02
:107E9000FFFFFFFFFFFFFFFFFFFFFFFFFFFFFFFFF2
:107EA000FFFFFFFFFFFFFFFFFFFFFFFFFFFFFFFFE2
:107EB000FFFFFFFFFFFFFFFFFFFFFFFFFFFFFFFFD2
:107EC000FFFFFFFFFFFFFFFFFFFFFFFFFFFFFFFFC2
:107ED000FFFFFFFFFFFFFFFFFFFFFFFFFFFFFFFFB2
:107EE000FFFFFFFFFFFFFFFFFFFFFFFFFFFFFFFFA2
:107EF000FFFFFFFFFFFFFFFFFFFFFFFFFFFFFFFF92
:107F0000FFFFFFFFFFFFFFFFFFFFFFFFFFFFFFFF81
:107F1000FFFFFFFFFFFFFFFFFFFFFFFFFFFFFFFF71
:107F2000FFFFFFFFFFFFFFFFFFFFFFFFFFFFFFFF61
:107F3000FFFFFFFFFFFFFFFFFFFFFFFFFFFFFFFF51
:107F4000FFFFFFFFFFFFFFFFFFFFFFFFFFFFFFFF41
:107F5000FFFFFFFFFFFFFFFFFFFFFFFFFFFFFFFF31
:107F6000FFFFFFFFFFFFFFFFFFFFFFFFFFFFFFFF21
:107F7000FFFFFFFFFFFFFFFFFFFFFFFFFFFFFFFF11
:107F8000FFFFFFFFFFFFFFFFFFFFFFFFFFFFFFFF01
:107F9000FFFFFFFFFFFFFFFFFFFFFFFFFFFFFFFFF1
:107FA000FFFFFFFFFFFFFFFFFFFFFFFFFFFFFFFFE1
:107FB000FFFFFFFFFFFFFFFFFFFFFFFFFFFFFFFFD1
:107FC000FFFFFFFFFFFFFFFFFFFFFFFFFFFFFFFFC1
:107FD000FFFFFFFFFFFFFFFFFFFFFFFFFFFFFFFFB1
:107FE000FFFFFFFFFFFFFFFFFFFFFFFFFFFFFFFFA1
:107FF000FFFFFFFFFFFFFFFFFFFFFFFFFFFFFFFF91
:10800000FFFFFFFFFFFFFFFFFFFFFFFFFFFFFFFF80
:10801000FFFFFFFFFFFFFFFFFFFFFFFFFFFFFFFF70
:10802000FFFFFFFFFFFFFFFFFFFFFFFFFFFFFFFF60
:10803000FFFFFFFFFFFFFFFFFFFFFFFFFFFFFFFF50
:10804000FFFFFFFFFFFFFFFFFFFFFFFFFFFFFFFF40
:10805000FFFFFFFFFFFFFFFFFFFFFFFFFFFFFFFF30
:10806000FFFFFFFFFFFFFFFFFFFFFFFFFFFFFFFF20
:10807000FFFFFFFFFFFFFFFFFFFFFFFFFFFFFFFF10
:10808000FFFFFFFFFFFFFFFFFFFFFFFFFFFFFFFF00
:10809000FFFFFFFFFFFFFFFFFFFFFFFFFFFFFFFFF0
:1080A000FFFFFFFFFFFFFFFFFFFFFFFFFFFFFFFFE0
:1080B000FFFFFFFFFFFFFFFFFFFFFFFFFFFFFFFFD0
:1080C000FFFFFFFFFFFFFFFFFFFFFFFFFFFFFFFFC0
:1080D000FFFFFFFFFFFFFFFFFFFFFFFFFFFFFFFFB0
:1080E000FFFFFFFFFFFFFFFFFFFFFFFFFFFFFFFFA0
:1080F000FFFFFFFFFFFFFFFFFFFFFFFFFFFFFFFF90
:10810000FFFFFFFFFFFFFFFFFFFFFFFFFFFFFFFF7F
:10811000FFFFFFFFFFFFFFFFFFFFFFFFFFFFFFFF6F
:10812000FFFFFFFFFFFFFFFFFFFFFFFFFFFFFFFF5F
:10813000FFFFFFFFFFFFFFFFFFFFFFFFFFFFFFFF4F
:10814000FFFFFFFFFFFFFFFFFFFFFFFFFFFFFFFF3F
:10815000FFFFFFFFFFFFFFFFFFFFFFFFFFFFFFFF2F
:10816000FFFFFFFFFFFFFFFFFFFFFFFFFFFFFFFF1F
:10817000FFFFFFFFFFFFFFFFFFFFFFFFFFFFFFFF0F
:10818000FFFFFFFFFFFFFFFFFFFFFFFFFFFFFFFFFF
:10819000FFFFFFFFFFFFFFFFFFFFFFFFFFFFFFFFEF
:1081A000FFFFFFFFFFFFFFFFFFFFFFFFFFFFFFFFDF
:1081B000FFFFFFFFFFFFFFFFFFFFFFFFFFFFFFFFCF
:1081C000FFFFFFFFFFFFFFFFFFFFFFFFFFFFFFFFBF
:1081D000FFFFFFFFFFFFFFFFFFFFFFFFFFFFFFFFAF
:1081E000FFFFFFFFFFFFFFFFFFFFFFFFFFFFFFFF9F
:1081F000FFFFFFFFFFFFFFFFFFFFFFFFFFFFFFFF8F
:10820000FFFFFFFFFFFFFFFFFFFFFFFFFFFFFFFF7E
:10821000FFFFFFFFFFFFFFFFFFFFFFFFFFFFFFFF6E
:10822000FFFFFFFFFFFFFFFFFFFFFFFFFFFFFFFF5E
:10823000FFFFFFFFFFFFFFFFFFFFFFFFFFFFFFFF4E
:10824000FFFFFFFFFFFFFFFFFFFFFFFFFFFFFFFF3E
:10825000FFFFFFFFFFFFFFFFFFFFFFFFFFFFFFFF2E
:10826000FFFFFFFFFFFFFFFFFFFFFFFFFFFFFFFF1E
:10827000FFFFFFFFFFFFFFFFFFFFFFFFFFFFFFFF0E
:10828000FFFFFFFFFFFFFFFFFFFFFFFFFFFFFFFFFE
:10829000FFFFFFFFFFFFFFFFFFFFFFFFFFFFFFFFEE
:1082A000FFFFFFFFFFFFFFFFFFFFFFFFFFFFFFFFDE
:1082B000FFFFFFFFFFFFFFFFFFFFFFFFFFFFFFFFCE
:1082C000FFFFFFFFFFFFFFFFFFFFFFFFFFFFFFFFBE
:1082D000FFFFFFFFFFFFFFFFFFFFFFFFFFFFFFFFAE
:1082E000FFFFFFFFFFFFFFFFFFFFFFFFFFFFFFFF9E
:1082F000FFFFFFFFFFFFFFFFFFFFFFFFFFFFFFFF8E
:10830000FFFFFFFFFFFFFFFFFFFFFFFFFFFFFFFF7D
:10831000FFFFFFFFFFFFFFFFFFFFFFFFFFFFFFFF6D
:10832000FFFFFFFFFFFFFFFFFFFFFFFFFFFFFFFF5D
:10833000FFFFFFFFFFFFFFFFFFFFFFFFFFFFFFFF4D
:10834000FFFFFFFFFFFFFFFFFFFFFFFFFFFFFFFF3D
:10835000FFFFFFFFFFFFFFFFFFFFFFFFFFFFFFFF2D
:10836000FFFFFFFFFFFFFFFFFFFFFFFFFFFFFFFF1D
:10837000FFFFFFFFFFFFFFFFFFFFFFFFFFFFFFFF0D
:10838000FFFFFFFFFFFFFFFFFFFFFFFFFFFFFFFFFD
:10839000FFFFFFFFFFFFFFFFFFFFFFFFFFFFFFFFED
:1083A000FFFFFFFFFFFFFFFFFFFFFFFFFFFFFFFFDD
:1083B000FFFFFFFFFFFFFFFFFFFFFFFFFFFFFFFFCD
:1083C000FFFFFFFFFFFFFFFFFFFFFFFFFFFFFFFFBD
:1083D000FFFFFFFFFFFFFFFFFFFFFFFFFFFFFFFFAD
:1083E000FFFFFFFFFFFFFFFFFFFFFFFFFFFFFFFF9D
:1083F000FFFFFFFFFFFFFFFFFFFFFFFFFFFFFFFF8D
:10840000FFFFFFFFFFFFFFFFFFFFFFFFFFFFFFFF7C
:10841000FFFFFFFFFFFFFFFFFFFFFFFFFFFFFFFF6C
:10842000FFFFFFFFFFFFFFFFFFFFFFFFFFFFFFFF5C
:10843000FFFFFFFFFFFFFFFFFFFFFFFFFFFFFFFF4C
:10844000FFFFFFFFFFFFFFFFFFFFFFFFFFFFFFFF3C
:10845000FFFFFFFFFFFFFFFFFFFFFFFFFFFFFFFF2C
:10846000FFFFFFFFFFFFFFFFFFFFFFFFFFFFFFFF1C
:10847000FFFFFFFFFFFFFFFFFFFFFFFFFFFFFFFF0C
:10848000FFFFFFFFFFFFFFFFFFFFFFFFFFFFFFFFFC
:10849000FFFFFFFFFFFFFFFFFFFFFFFFFFFFFFFFEC
:1084A000FFFFFFFFFFFFFFFFFFFFFFFFFFFFFFFFDC
:1084B000FFFFFFFFFFFFFFFFFFFFFFFFFFFFFFFFCC
:1084C000FFFFFFFFFFFFFFFFFFFFFFFFFFFFFFFFBC
:1084D000FFFFFFFFFFFFFFFFFFFFFFFFFFFFFFFFAC
:1084E000FFFFFFFFFFFFFFFFFFFFFFFFFFFFFFFF9C
:1084F000FFFFFFFFFFFFFFFFFFFFFFFFFFFFFFFF8C
:10850000FFFFFFFFFFFFFFFFFFFFFFFFFFFFFFFF7B
:10851000FFFFFFFFFFFFFFFFFFFFFFFFFFFFFFFF6B
:10852000FFFFFFFFFFFFFFFFFFFFFFFFFFFFFFFF5B
:10853000FFFFFFFFFFFFFFFFFFFFFFFFFFFFFFFF4B
:10854000FFFFFFFFFFFFFFFFFFFFFFFFFFFFFFFF3B
:10855000FFFFFFFFFFFFFFFFFFFFFFFFFFFFFFFF2B
:10856000FFFFFFFFFFFFFFFFFFFFFFFFFFFFFFFF1B
:10857000FFFFFFFFFFFFFFFFFFFFFFFFFFFFFFFF0B
:10858000FFFFFFFFFFFFFFFFFFFFFFFFFFFFFFFFFB
:10859000FFFFFFFFFFFFFFFFFFFFFFFFFFFFFFFFEB
:1085A000FFFFFFFFFFFFFFFFFFFFFFFFFFFFFFFFDB
:1085B000FFFFFFFFFFFFFFFFFFFFFFFFFFFFFFFFCB
:1085C000FFFFFFFFFFFFFFFFFFFFFFFFFFFFFFFFBB
:1085D000FFFFFFFFFFFFFFFFFFFFFFFFFFFFFFFFAB
:1085E000FFFFFFFFFFFFFFFFFFFFFFFFFFFFFFFF9B
:1085F000FFFFFFFFFFFFFFFFFFFFFFFFFFFFFFFF8B
:10860000FFFFFFFFFFFFFFFFFFFFFFFFFFFFFFFF7A
:10861000FFFFFFFFFFFFFFFFFFFFFFFFFFFFFFFF6A
:10862000FFFFFFFFFFFFFFFFFFFFFFFFFFFFFFFF5A
:10863000FFFFFFFFFFFFFFFFFFFFFFFFFFFFFFFF4A
:10864000FFFFFFFFFFFFFFFFFFFFFFFFFFFFFFFF3A
:10865000FFFFFFFFFFFFFFFFFFFFFFFFFFFFFFFF2A
:10866000FFFFFFFFFFFFFFFFFFFFFFFFFFFFFFFF1A
:10867000FFFFFFFFFFFFFFFFFFFFFFFFFFFFFFFF0A
:10868000FFFFFFFFFFFFFFFFFFFFFFFFFFFFFFFFFA
:10869000FFFFFFFFFFFFFFFFFFFFFFFFFFFFFFFFEA
:1086A000FFFFFFFFFFFFFFFFFFFFFFFFFFFFFFFFDA
:1086B000FFFFFFFFFFFFFFFFFFFFFFFFFFFFFFFFCA
:1086C000FFFFFFFFFFFFFFFFFFFFFFFFFFFFFFFFBA
:1086D000FFFFFFFFFFFFFFFFFFFFFFFFFFFFFFFFAA
:1086E000FFFFFFFFFFFFFFFFFFFFFFFFFFFFFFFF9A
:1086F000FFFFFFFFFFFFFFFFFFFFFFFFFFFFFFFF8A
:10870000FFFFFFFFFFFFFFFFFFFFFFFFFFFFFFFF79
:10871000FFFFFFFFFFFFFFFFFFFFFFFFFFFFFFFF69
:10872000FFFFFFFFFFFFFFFFFFFFFFFFFFFFFFFF59
:10873000FFFFFFFFFFFFFFFFFFFFFFFFFFFFFFFF49
:10874000FFFFFFFFFFFFFFFFFFFFFFFFFFFFFFFF39
:10875000FFFFFFFFFFFFFFFFFFFFFFFFFFFFFFFF29
:10876000FFFFFFFFFFFFFFFFFFFFFFFFFFFFFFFF19
:10877000FFFFFFFFFFFFFFFFFFFFFFFFFFFFFFFF09
:10878000FFFFFFFFFFFFFFFFFFFFFFFFFFFFFFFFF9
:10879000FFFFFFFFFFFFFFFFFFFFFFFFFFFFFFFFE9
:1087A000FFFFFFFFFFFFFFFFFFFFFFFFFFFFFFFFD9
:1087B000FFFFFFFFFFFFFFFFFFFFFFFFFFFFFFFFC9
:1087C000FFFFFFFFFFFFFFFFFFFFFFFFFFFFFFFFB9
:1087D000FFFFFFFFFFFFFFFFFFFFFFFFFFFFFFFFA9
:1087E000FFFFFFFFFFFFFFFFFFFFFFFFFFFFFFFF99
:1087F000FFFFFFFFFFFFFFFFFFFFFFFFFFFFFFFF89
:10880000FFFFFFFFFFFFFFFFFFFFFFFFFFFFFFFF78
:10881000FFFFFFFFFFFFFFFFFFFFFFFFFFFFFFFF68
:10882000FFFFFFFFFFFFFFFFFFFFFFFFFFFFFFFF58
:10883000FFFFFFFFFFFFFFFFFFFFFFFFFFFFFFFF48
:10884000FFFFFFFFFFFFFFFFFFFFFFFFFFFFFFFF38
:10885000FFFFFFFFFFFFFFFFFFFFFFFFFFFFFFFF28
:10886000FFFFFFFFFFFFFFFFFFFFFFFFFFFFFFFF18
:10887000FFFFFFFFFFFFFFFFFFFFFFFFFFFFFFFF08
:10888000FFFFFFFFFFFFFFFFFFFFFFFFFFFFFFFFF8
:10889000FFFFFFFFFFFFFFFFFFFFFFFFFFFFFFFFE8
:1088A000FFFFFFFFFFFFFFFFFFFFFFFFFFFFFFFFD8
:1088B000FFFFFFFFFFFFFFFFFFFFFFFFFFFFFFFFC8
:1088C000FFFFFFFFFFFFFFFFFFFFFFFFFFFFFFFFB8
:1088D000FFFFFFFFFFFFFFFFFFFFFFFFFFFFFFFFA8
:1088E000FFFFFFFFFFFFFFFFFFFFFFFFFFFFFFFF98
:1088F000FFFFFFFFFFFFFFFFFFFFFFFFFFFFFFFF88
:10890000FFFFFFFFFFFFFFFFFFFFFFFFFFFFFFFF77
:10891000FFFFFFFFFFFFFFFFFFFFFFFFFFFFFFFF67
:10892000FFFFFFFFFFFFFFFFFFFFFFFFFFFFFFFF57
:10893000FFFFFFFFFFFFFFFFFFFFFFFFFFFFFFFF47
:10894000FFFFFFFFFFFFFFFFFFFFFFFFFFFFFFFF37
:10895000FFFFFFFFFFFFFFFFFFFFFFFFFFFFFFFF27
:10896000FFFFFFFFFFFFFFFFFFFFFFFFFFFFFFFF17
:10897000FFFFFFFFFFFFFFFFFFFFFFFFFFFFFFFF07
:10898000FFFFFFFFFFFFFFFFFFFFFFFFFFFFFFFFF7
:10899000FFFFFFFFFFFFFFFFFFFFFFFFFFFFFFFFE7
:1089A000FFFFFFFFFFFFFFFFFFFFFFFFFFFFFFFFD7
:1089B000FFFFFFFFFFFFFFFFFFFFFFFFFFFFFFFFC7
:1089C000FFFFFFFFFFFFFFFFFFFFFFFFFFFFFFFFB7
:1089D000FFFFFFFFFFFFFFFFFFFFFFFFFFFFFFFFA7
:1089E000FFFFFFFFFFFFFFFFFFFFFFFFFFFFFFFF97
:1089F000FFFFFFFFFFFFFFFFFFFFFFFFFFFFFFFF87
:108A0000FFFFFFFFFFFFFFFFFFFFFFFFFFFFFFFF76
:108A1000FFFFFFFFFFFFFFFFFFFFFFFFFFFFFFFF66
:108A2000FFFFFFFFFFFFFFFFFFFFFFFFFFFFFFFF56
:108A3000FFFFFFFFFFFFFFFFFFFFFFFFFFFFFFFF46
:108A4000FFFFFFFFFFFFFFFFFFFFFFFFFFFFFFFF36
:108A5000FFFFFFFFFFFFFFFFFFFFFFFFFFFFFFFF26
:108A6000FFFFFFFFFFFFFFFFFFFFFFFFFFFFFFFF16
:108A7000FFFFFFFFFFFFFFFFFFFFFFFFFFFFFFFF06
:108A8000FFFFFFFFFFFFFFFFFFFFFFFFFFFFFFFFF6
:108A9000FFFFFFFFFFFFFFFFFFFFFFFFFFFFFFFFE6
:108AA000FFFFFFFFFFFFFFFFFFFFFFFFFFFFFFFFD6
:108AB000FFFFFFFFFFFFFFFFFFFFFFFFFFFFFFFFC6
:108AC000FFFFFFFFFFFFFFFFFFFFFFFFFFFFFFFFB6
:108AD000FFFFFFFFFFFFFFFFFFFFFFFFFFFFFFFFA6
:108AE000FFFFFFFFFFFFFFFFFFFFFFFFFFFFFFFF96
:108AF000FFFFFFFFFFFFFFFFFFFFFFFFFFFFFFFF86
:108B0000FFFFFFFFFFFFFFFFFFFFFFFFFFFFFFFF75
:108B1000FFFFFFFFFFFFFFFFFFFFFFFFFFFFFFFF65
:108B2000FFFFFFFFFFFFFFFFFFFFFFFFFFFFFFFF55
:108B3000FFFFFFFFFFFFFFFFFFFFFFFFFFFFFFFF45
:108B4000FFFFFFFFFFFFFFFFFFFFFFFFFFFFFFFF35
:108B5000FFFFFFFFFFFFFFFFFFFFFFFFFFFFFFFF25
:108B6000FFFFFFFFFFFFFFFFFFFFFFFFFFFFFFFF15
:108B7000FFFFFFFFFFFFFFFFFFFFFFFFFFFFFFFF05
:108B8000FFFFFFFFFFFFFFFFFFFFFFFFFFFFFFFFF5
:108B9000FFFFFFFFFFFFFFFFFFFFFFFFFFFFFFFFE5
:108BA000FFFFFFFFFFFFFFFFFFFFFFFFFFFFFFFFD5
:108BB000FFFFFFFFFFFFFFFFFFFFFFFFFFFFFFFFC5
:108BC000FFFFFFFFFFFFFFFFFFFFFFFFFFFFFFFFB5
:108BD000FFFFFFFFFFFFFFFFFFFFFFFFFFFFFFFFA5
:108BE000FFFFFFFFFFFFFFFFFFFFFFFFFFFFFFFF95
:108BF000FFFFFFFFFFFFFFFFFFFFFFFFFFFFFFFF85
:108C0000FFFFFFFFFFFFFFFFFFFFFFFFFFFFFFFF74
:108C1000FFFFFFFFFFFFFFFFFFFFFFFFFFFFFFFF64
:108C2000FFFFFFFFFFFFFFFFFFFFFFFFFFFFFFFF54
:108C3000FFFFFFFFFFFFFFFFFFFFFFFFFFFFFFFF44
:108C4000FFFFFFFFFFFFFFFFFFFFFFFFFFFFFFFF34
:108C5000FFFFFFFFFFFFFFFFFFFFFFFFFFFFFFFF24
:108C6000FFFFFFFFFFFFFFFFFFFFFFFFFFFFFFFF14
:108C7000FFFFFFFFFFFFFFFFFFFFFFFFFFFFFFFF04
:108C8000FFFFFFFFFFFFFFFFFFFFFFFFFFFFFFFFF4
:108C9000FFFFFFFFFFFFFFFFFFFFFFFFFFFFFFFFE4
:108CA000FFFFFFFFFFFFFFFFFFFFFFFFFFFFFFFFD4
:108CB000FFFFFFFFFFFFFFFFFFFFFFFFFFFFFFFFC4
:108CC000FFFFFFFFFFFFFFFFFFFFFFFFFFFFFFFFB4
:108CD000FFFFFFFFFFFFFFFFFFFFFFFFFFFFFFFFA4
:108CE000FFFFFFFFFFFFFFFFFFFFFFFFFFFFFFFF94
:108CF000FFFFFFFFFFFFFFFFFFFFFFFFFFFFFFFF84
:108D0000FFFFFFFFFFFFFFFFFFFFFFFFFFFFFFFF73
:108D1000FFFFFFFFFFFFFFFFFFFFFFFFFFFFFFFF63
:108D2000FFFFFFFFFFFFFFFFFFFFFFFFFFFFFFFF53
:108D3000FFFFFFFFFFFFFFFFFFFFFFFFFFFFFFFF43
:108D4000FFFFFFFFFFFFFFFFFFFFFFFFFFFFFFFF33
:108D5000FFFFFFFFFFFFFFFFFFFFFFFFFFFFFFFF23
:108D6000FFFFFFFFFFFFFFFFFFFFFFFFFFFFFFFF13
:108D7000FFFFFFFFFFFFFFFFFFFFFFFFFFFFFFFF03
:108D8000FFFFFFFFFFFFFFFFFFFFFFFFFFFFFFFFF3
:108D9000FFFFFFFFFFFFFFFFFFFFFFFFFFFFFFFFE3
:108DA000FFFFFFFFFFFFFFFFFFFFFFFFFFFFFFFFD3
:108DB000FFFFFFFFFFFFFFFFFFFFFFFFFFFFFFFFC3
:108DC000FFFFFFFFFFFFFFFFFFFFFFFFFFFFFFFFB3
:108DD000FFFFFFFFFFFFFFFFFFFFFFFFFFFFFFFFA3
:108DE000FFFFFFFFFFFFFFFFFFFFFFFFFFFFFFFF93
:108DF000FFFFFFFFFFFFFFFFFFFFFFFFFFFFFFFF83
:108E0000FFFFFFFFFFFFFFFFFFFFFFFFFFFFFFFF72
:108E1000FFFFFFFFFFFFFFFFFFFFFFFFFFFFFFFF62
:108E2000FFFFFFFFFFFFFFFFFFFFFFFFFFFFFFFF52
:108E3000FFFFFFFFFFFFFFFFFFFFFFFFFFFFFFFF42
:108E4000FFFFFFFFFFFFFFFFFFFFFFFFFFFFFFFF32
:108E5000FFFFFFFFFFFFFFFFFFFFFFFFFFFFFFFF22
:108E6000FFFFFFFFFFFFFFFFFFFFFFFFFFFFFFFF12
:108E7000FFFFFFFFFFFFFFFFFFFFFFFFFFFFFFFF02
:108E8000FFFFFFFFFFFFFFFFFFFFFFFFFFFFFFFFF2
:108E9000FFFFFFFFFFFFFFFFFFFFFFFFFFFFFFFFE2
:108EA000FFFFFFFFFFFFFFFFFFFFFFFFFFFFFFFFD2
:108EB000FFFFFFFFFFFFFFFFFFFFFFFFFFFFFFFFC2
:108EC000FFFFFFFFFFFFFFFFFFFFFFFFFFFFFFFFB2
:108ED000FFFFFFFFFFFFFFFFFFFFFFFFFFFFFFFFA2
:108EE000FFFFFFFFFFFFFFFFFFFFFFFFFFFFFFFF92
:108EF000FFFFFFFFFFFFFFFFFFFFFFFFFFFFFFFF82
:108F0000FFFFFFFFFFFFFFFFFFFFFFFFFFFFFFFF71
:108F1000FFFFFFFFFFFFFFFFFFFFFFFFFFFFFFFF61
:108F2000FFFFFFFFFFFFFFFFFFFFFFFFFFFFFFFF51
:108F3000FFFFFFFFFFFFFFFFFFFFFFFFFFFFFFFF41
:108F4000FFFFFFFFFFFFFFFFFFFFFFFFFFFFFFFF31
:108F5000FFFFFFFFFFFFFFFFFFFFFFFFFFFFFFFF21
:108F6000FFFFFFFFFFFFFFFFFFFFFFFFFFFFFFFF11
:108F7000FFFFFFFFFFFFFFFFFFFFFFFFFFFFFFFF01
:108F8000FFFFFFFFFFFFFFFFFFFFFFFFFFFFFFFFF1
:108F9000FFFFFFFFFFFFFFFFFFFFFFFFFFFFFFFFE1
:108FA000FFFFFFFFFFFFFFFFFFFFFFFFFFFFFFFFD1
:108FB000FFFFFFFFFFFFFFFFFFFFFFFFFFFFFFFFC1
:108FC000FFFFFFFFFFFFFFFFFFFFFFFFFFFFFFFFB1
:108FD000FFFFFFFFFFFFFFFFFFFFFFFFFFFFFFFFA1
:108FE000FFFFFFFFFFFFFFFFFFFFFFFFFFFFFFFF91
:108FF000FFFFFFFFFFFFFFFFFFFFFFFFFFFFFFFF81
:10900000FFFFFFFFFFFFFFFFFFFFFFFFFFFFFFFF70
:10901000FFFFFFFFFFFFFFFFFFFFFFFFFFFFFFFF60
:10902000FFFFFFFFFFFFFFFFFFFFFFFFFFFFFFFF50
:10903000FFFFFFFFFFFFFFFFFFFFFFFFFFFFFFFF40
:10904000FFFFFFFFFFFFFFFFFFFFFFFFFFFFFFFF30
:10905000FFFFFFFFFFFFFFFFFFFFFFFFFFFFFFFF20
:10906000FFFFFFFFFFFFFFFFFFFFFFFFFFFFFFFF10
:10907000FFFFFFFFFFFFFFFFFFFFFFFFFFFFFFFF00
:10908000FFFFFFFFFFFFFFFFFFFFFFFFFFFFFFFFF0
:10909000FFFFFFFFFFFFFFFFFFFFFFFFFFFFFFFFE0
:1090A000FFFFFFFFFFFFFFFFFFFFFFFFFFFFFFFFD0
:1090B000FFFFFFFFFFFFFFFFFFFFFFFFFFFFFFFFC0
:1090C000FFFFFFFFFFFFFFFFFFFFFFFFFFFFFFFFB0
:1090D000FFFFFFFFFFFFFFFFFFFFFFFFFFFFFFFFA0
:1090E000FFFFFFFFFFFFFFFFFFFFFFFFFFFFFFFF90
:1090F000FFFFFFFFFFFFFFFFFFFFFFFFFFFFFFFF80
:10910000FFFFFFFFFFFFFFFFFFFFFFFFFFFFFFFF6F
:10911000FFFFFFFFFFFFFFFFFFFFFFFFFFFFFFFF5F
:10912000FFFFFFFFFFFFFFFFFFFFFFFFFFFFFFFF4F
:10913000FFFFFFFFFFFFFFFFFFFFFFFFFFFFFFFF3F
:10914000FFFFFFFFFFFFFFFFFFFFFFFFFFFFFFFF2F
:10915000FFFFFFFFFFFFFFFFFFFFFFFFFFFFFFFF1F
:10916000FFFFFFFFFFFFFFFFFFFFFFFFFFFFFFFF0F
:10917000FFFFFFFFFFFFFFFFFFFFFFFFFFFFFFFFFF
:10918000FFFFFFFFFFFFFFFFFFFFFFFFFFFFFFFFEF
:10919000FFFFFFFFFFFFFFFFFFFFFFFFFFFFFFFFDF
:1091A000FFFFFFFFFFFFFFFFFFFFFFFFFFFFFFFFCF
:1091B000FFFFFFFFFFFFFFFFFFFFFFFFFFFFFFFFBF
:1091C000FFFFFFFFFFFFFFFFFFFFFFFFFFFFFFFFAF
:1091D000FFFFFFFFFFFFFFFFFFFFFFFFFFFFFFFF9F
:1091E000FFFFFFFFFFFFFFFFFFFFFFFFFFFFFFFF8F
:1091F000FFFFFFFFFFFFFFFFFFFFFFFFFFFFFFFF7F
:10920000FFFFFFFFFFFFFFFFFFFFFFFFFFFFFFFF6E
:10921000FFFFFFFFFFFFFFFFFFFFFFFFFFFFFFFF5E
:10922000FFFFFFFFFFFFFFFFFFFFFFFFFFFFFFFF4E
:10923000FFFFFFFFFFFFFFFFFFFFFFFFFFFFFFFF3E
:10924000FFFFFFFFFFFFFFFFFFFFFFFFFFFFFFFF2E
:10925000FFFFFFFFFFFFFFFFFFFFFFFFFFFFFFFF1E
:10926000FFFFFFFFFFFFFFFFFFFFFFFFFFFFFFFF0E
:10927000FFFFFFFFFFFFFFFFFFFFFFFFFFFFFFFFFE
:10928000FFFFFFFFFFFFFFFFFFFFFFFFFFFFFFFFEE
:10929000FFFFFFFFFFFFFFFFFFFFFFFFFFFFFFFFDE
:1092A000FFFFFFFFFFFFFFFFFFFFFFFFFFFFFFFFCE
:1092B000FFFFFFFFFFFFFFFFFFFFFFFFFFFFFFFFBE
:1092C000FFFFFFFFFFFFFFFFFFFFFFFFFFFFFFFFAE
:1092D000FFFFFFFFFFFFFFFFFFFFFFFFFFFFFFFF9E
:1092E000FFFFFFFFFFFFFFFFFFFFFFFFFFFFFFFF8E
:1092F000FFFFFFFFFFFFFFFFFFFFFFFFFFFFFFFF7E
:10930000FFFFFFFFFFFFFFFFFFFFFFFFFFFFFFFF6D
:10931000FFFFFFFFFFFFFFFFFFFFFFFFFFFFFFFF5D
:10932000FFFFFFFFFFFFFFFFFFFFFFFFFFFFFFFF4D
:10933000FFFFFFFFFFFFFFFFFFFFFFFFFFFFFFFF3D
:10934000FFFFFFFFFFFFFFFFFFFFFFFFFFFFFFFF2D
:10935000FFFFFFFFFFFFFFFFFFFFFFFFFFFFFFFF1D
:10936000FFFFFFFFFFFFFFFFFFFFFFFFFFFFFFFF0D
:10937000FFFFFFFFFFFFFFFFFFFFFFFFFFFFFFFFFD
:10938000FFFFFFFFFFFFFFFFFFFFFFFFFFFFFFFFED
:10939000FFFFFFFFFFFFFFFFFFFFFFFFFFFFFFFFDD
:1093A000FFFFFFFFFFFFFFFFFFFFFFFFFFFFFFFFCD
:1093B000FFFFFFFFFFFFFFFFFFFFFFFFFFFFFFFFBD
:1093C000FFFFFFFFFFFFFFFFFFFFFFFFFFFFFFFFAD
:1093D000FFFFFFFFFFFFFFFFFFFFFFFFFFFFFFFF9D
:1093E000FFFFFFFFFFFFFFFFFFFFFFFFFFFFFFFF8D
:1093F000FFFFFFFFFFFFFFFFFFFFFFFFFFFFFFFF7D
:10940000FFFFFFFFFFFFFFFFFFFFFFFFFFFFFFFF6C
:10941000FFFFFFFFFFFFFFFFFFFFFFFFFFFFFFFF5C
:10942000FFFFFFFFFFFFFFFFFFFFFFFFFFFFFFFF4C
:10943000FFFFFFFFFFFFFFFFFFFFFFFFFFFFFFFF3C
:10944000FFFFFFFFFFFFFFFFFFFFFFFFFFFFFFFF2C
:10945000FFFFFFFFFFFFFFFFFFFFFFFFFFFFFFFF1C
:10946000FFFFFFFFFFFFFFFFFFFFFFFFFFFFFFFF0C
:10947000FFFFFFFFFFFFFFFFFFFFFFFFFFFFFFFFFC
:10948000FFFFFFFFFFFFFFFFFFFFFFFFFFFFFFFFEC
:10949000FFFFFFFFFFFFFFFFFFFFFFFFFFFFFFFFDC
:1094A000FFFFFFFFFFFFFFFFFFFFFFFFFFFFFFFFCC
:1094B000FFFFFFFFFFFFFFFFFFFFFFFFFFFFFFFFBC
:1094C000FFFFFFFFFFFFFFFFFFFFFFFFFFFFFFFFAC
:1094D000FFFFFFFFFFFFFFFFFFFFFFFFFFFFFFFF9C
:1094E000FFFFFFFFFFFFFFFFFFFFFFFFFFFFFFFF8C
:1094F000FFFFFFFFFFFFFFFFFFFFFFFFFFFFFFFF7C
:10950000FFFFFFFFFFFFFFFFFFFFFFFFFFFFFFFF6B
:10951000FFFFFFFFFFFFFFFFFFFFFFFFFFFFFFFF5B
:10952000FFFFFFFFFFFFFFFFFFFFFFFFFFFFFFFF4B
:10953000FFFFFFFFFFFFFFFFFFFFFFFFFFFFFFFF3B
:10954000FFFFFFFFFFFFFFFFFFFFFFFFFFFFFFFF2B
:10955000FFFFFFFFFFFFFFFFFFFFFFFFFFFFFFFF1B
:10956000FFFFFFFFFFFFFFFFFFFFFFFFFFFFFFFF0B
:10957000FFFFFFFFFFFFFFFFFFFFFFFFFFFFFFFFFB
:10958000FFFFFFFFFFFFFFFFFFFFFFFFFFFFFFFFEB
:10959000FFFFFFFFFFFFFFFFFFFFFFFFFFFFFFFFDB
:1095A000FFFFFFFFFFFFFFFFFFFFFFFFFFFFFFFFCB
:1095B000FFFFFFFFFFFFFFFFFFFFFFFFFFFFFFFFBB
:1095C000FFFFFFFFFFFFFFFFFFFFFFFFFFFFFFFFAB
:1095D000FFFFFFFFFFFFFFFFFFFFFFFFFFFFFFFF9B
:1095E000FFFFFFFFFFFFFFFFFFFFFFFFFFFFFFFF8B
:1095F000FFFFFFFFFFFFFFFFFFFFFFFFFFFFFFFF7B
:10960000FFFFFFFFFFFFFFFFFFFFFFFFFFFFFFFF6A
:10961000FFFFFFFFFFFFFFFFFFFFFFFFFFFFFFFF5A
:10962000FFFFFFFFFFFFFFFFFFFFFFFFFFFFFFFF4A
:10963000FFFFFFFFFFFFFFFFFFFFFFFFFFFFFFFF3A
:10964000FFFFFFFFFFFFFFFFFFFFFFFFFFFFFFFF2A
:10965000FFFFFFFFFFFFFFFFFFFFFFFFFFFFFFFF1A
:10966000FFFFFFFFFFFFFFFFFFFFFFFFFFFFFFFF0A
:10967000FFFFFFFFFFFFFFFFFFFFFFFFFFFFFFFFFA
:10968000FFFFFFFFFFFFFFFFFFFFFFFFFFFFFFFFEA
:10969000FFFFFFFFFFFFFFFFFFFFFFFFFFFFFFFFDA
:1096A000FFFFFFFFFFFFFFFFFFFFFFFFFFFFFFFFCA
:1096B000FFFFFFFFFFFFFFFFFFFFFFFFFFFFFFFFBA
:1096C000FFFFFFFFFFFFFFFFFFFFFFFFFFFFFFFFAA
:1096D000FFFFFFFFFFFFFFFFFFFFFFFFFFFFFFFF9A
:1096E000FFFFFFFFFFFFFFFFFFFFFFFFFFFFFFFF8A
:1096F000FFFFFFFFFFFFFFFFFFFFFFFFFFFFFFFF7A
:10970000FFFFFFFFFFFFFFFFFFFFFFFFFFFFFFFF69
:10971000FFFFFFFFFFFFFFFFFFFFFFFFFFFFFFFF59
:10972000FFFFFFFFFFFFFFFFFFFFFFFFFFFFFFFF49
:10973000FFFFFFFFFFFFFFFFFFFFFFFFFFFFFFFF39
:10974000FFFFFFFFFFFFFFFFFFFFFFFFFFFFFFFF29
:10975000FFFFFFFFFFFFFFFFFFFFFFFFFFFFFFFF19
:10976000FFFFFFFFFFFFFFFFFFFFFFFFFFFFFFFF09
:10977000FFFFFFFFFFFFFFFFFFFFFFFFFFFFFFFFF9
:10978000FFFFFFFFFFFFFFFFFFFFFFFFFFFFFFFFE9
:10979000FFFFFFFFFFFFFFFFFFFFFFFFFFFFFFFFD9
:1097A000FFFFFFFFFFFFFFFFFFFFFFFFFFFFFFFFC9
:1097B000FFFFFFFFFFFFFFFFFFFFFFFFFFFFFFFFB9
:1097C000FFFFFFFFFFFFFFFFFFFFFFFFFFFFFFFFA9
:1097D000FFFFFFFFFFFFFFFFFFFFFFFFFFFFFFFF99
:1097E000FFFFFFFFFFFFFFFFFFFFFFFFFFFFFFFF89
:1097F000FFFFFFFFFFFFFFFFFFFFFFFFFFFFFFFF79
:10980000FFFFFFFFFFFFFFFFFFFFFFFFFFFFFFFF68
:10981000FFFFFFFFFFFFFFFFFFFFFFFFFFFFFFFF58
:10982000FFFFFFFFFFFFFFFFFFFFFFFFFFFFFFFF48
:10983000FFFFFFFFFFFFFFFFFFFFFFFFFFFFFFFF38
:10984000FFFFFFFFFFFFFFFFFFFFFFFFFFFFFFFF28
:10985000FFFFFFFFFFFFFFFFFFFFFFFFFFFFFFFF18
:10986000FFFFFFFFFFFFFFFFFFFFFFFFFFFFFFFF08
:10987000FFFFFFFFFFFFFFFFFFFFFFFFFFFFFFFFF8
:10988000FFFFFFFFFFFFFFFFFFFFFFFFFFFFFFFFE8
:10989000FFFFFFFFFFFFFFFFFFFFFFFFFFFFFFFFD8
:1098A000FFFFFFFFFFFFFFFFFFFFFFFFFFFFFFFFC8
:1098B000FFFFFFFFFFFFFFFFFFFFFFFFFFFFFFFFB8
:1098C000FFFFFFFFFFFFFFFFFFFFFFFFFFFFFFFFA8
:1098D000FFFFFFFFFFFFFFFFFFFFFFFFFFFFFFFF98
:1098E000FFFFFFFFFFFFFFFFFFFFFFFFFFFFFFFF88
:1098F000FFFFFFFFFFFFFFFFFFFFFFFFFFFFFFFF78
:10990000FFFFFFFFFFFFFFFFFFFFFFFFFFFFFFFF67
:10991000FFFFFFFFFFFFFFFFFFFFFFFFFFFFFFFF57
:10992000FFFFFFFFFFFFFFFFFFFFFFFFFFFFFFFF47
:10993000FFFFFFFFFFFFFFFFFFFFFFFFFFFFFFFF37
:10994000FFFFFFFFFFFFFFFFFFFFFFFFFFFFFFFF27
:10995000FFFFFFFFFFFFFFFFFFFFFFFFFFFFFFFF17
:10996000FFFFFFFFFFFFFFFFFFFFFFFFFFFFFFFF07
:10997000FFFFFFFFFFFFFFFFFFFFFFFFFFFFFFFFF7
:10998000FFFFFFFFFFFFFFFFFFFFFFFFFFFFFFFFE7
:10999000FFFFFFFFFFFFFFFFFFFFFFFFFFFFFFFFD7
:1099A000FFFFFFFFFFFFFFFFFFFFFFFFFFFFFFFFC7
:1099B000FFFFFFFFFFFFFFFFFFFFFFFFFFFFFFFFB7
:1099C000FFFFFFFFFFFFFFFFFFFFFFFFFFFFFFFFA7
:1099D000FFFFFFFFFFFFFFFFFFFFFFFFFFFFFFFF97
:1099E000FFFFFFFFFFFFFFFFFFFFFFFFFFFFFFFF87
:1099F000FFFFFFFFFFFFFFFFFFFFFFFFFFFFFFFF77
:109A0000FFFFFFFFFFFFFFFFFFFFFFFFFFFFFFFF66
:109A1000FFFFFFFFFFFFFFFFFFFFFFFFFFFFFFFF56
:109A2000FFFFFFFFFFFFFFFFFFFFFFFFFFFFFFFF46
:109A3000FFFFFFFFFFFFFFFFFFFFFFFFFFFFFFFF36
:109A4000FFFFFFFFFFFFFFFFFFFFFFFFFFFFFFFF26
:109A5000FFFFFFFFFFFFFFFFFFFFFFFFFFFFFFFF16
:109A6000FFFFFFFFFFFFFFFFFFFFFFFFFFFFFFFF06
:109A7000FFFFFFFFFFFFFFFFFFFFFFFFFFFFFFFFF6
:109A8000FFFFFFFFFFFFFFFFFFFFFFFFFFFFFFFFE6
:109A9000FFFFFFFFFFFFFFFFFFFFFFFFFFFFFFFFD6
:109AA000FFFFFFFFFFFFFFFFFFFFFFFFFFFFFFFFC6
:109AB000FFFFFFFFFFFFFFFFFFFFFFFFFFFFFFFFB6
:109AC000FFFFFFFFFFFFFFFFFFFFFFFFFFFFFFFFA6
:109AD000FFFFFFFFFFFFFFFFFFFFFFFFFFFFFFFF96
:109AE000FFFFFFFFFFFFFFFFFFFFFFFFFFFFFFFF86
:109AF000FFFFFFFFFFFFFFFFFFFFFFFFFFFFFFFF76
:109B0000FFFFFFFFFFFFFFFFFFFFFFFFFFFFFFFF65
:109B1000FFFFFFFFFFFFFFFFFFFFFFFFFFFFFFFF55
:109B2000FFFFFFFFFFFFFFFFFFFFFFFFFFFFFFFF45
:109B3000FFFFFFFFFFFFFFFFFFFFFFFFFFFFFFFF35
:109B4000FFFFFFFFFFFFFFFFFFFFFFFFFFFFFFFF25
:109B5000FFFFFFFFFFFFFFFFFFFFFFFFFFFFFFFF15
:109B6000FFFFFFFFFFFFFFFFFFFFFFFFFFFFFFFF05
:109B7000FFFFFFFFFFFFFFFFFFFFFFFFFFFFFFFFF5
:109B8000FFFFFFFFFFFFFFFFFFFFFFFFFFFFFFFFE5
:109B9000FFFFFFFFFFFFFFFFFFFFFFFFFFFFFFFFD5
:109BA000FFFFFFFFFFFFFFFFFFFFFFFFFFFFFFFFC5
:109BB000FFFFFFFFFFFFFFFFFFFFFFFFFFFFFFFFB5
:109BC000FFFFFFFFFFFFFFFFFFFFFFFFFFFFFFFFA5
:109BD000FFFFFFFFFFFFFFFFFFFFFFFFFFFFFFFF95
:109BE000FFFFFFFFFFFFFFFFFFFFFFFFFFFFFFFF85
:109BF000FFFFFFFFFFFFFFFFFFFFFFFFFFFFFFFF75
:109C0000FFFFFFFFFFFFFFFFFFFFFFFFFFFFFFFF64
:109C1000FFFFFFFFFFFFFFFFFFFFFFFFFFFFFFFF54
:109C2000FFFFFFFFFFFFFFFFFFFFFFFFFFFFFFFF44
:109C3000FFFFFFFFFFFFFFFFFFFFFFFFFFFFFFFF34
:109C4000FFFFFFFFFFFFFFFFFFFFFFFFFFFFFFFF24
:109C5000FFFFFFFFFFFFFFFFFFFFFFFFFFFFFFFF14
:109C6000FFFFFFFFFFFFFFFFFFFFFFFFFFFFFFFF04
:109C7000FFFFFFFFFFFFFFFFFFFFFFFFFFFFFFFFF4
:109C8000FFFFFFFFFFFFFFFFFFFFFFFFFFFFFFFFE4
:109C9000FFFFFFFFFFFFFFFFFFFFFFFFFFFFFFFFD4
:109CA000FFFFFFFFFFFFFFFFFFFFFFFFFFFFFFFFC4
:109CB000FFFFFFFFFFFFFFFFFFFFFFFFFFFFFFFFB4
:109CC000FFFFFFFFFFFFFFFFFFFFFFFFFFFFFFFFA4
:109CD000FFFFFFFFFFFFFFFFFFFFFFFFFFFFFFFF94
:109CE000FFFFFFFFFFFFFFFFFFFFFFFFFFFFFFFF84
:109CF000FFFFFFFFFFFFFFFFFFFFFFFFFFFFFFFF74
:109D0000FFFFFFFFFFFFFFFFFFFFFFFFFFFFFFFF63
:109D1000FFFFFFFFFFFFFFFFFFFFFFFFFFFFFFFF53
:109D2000FFFFFFFFFFFFFFFFFFFFFFFFFFFFFFFF43
:109D3000FFFFFFFFFFFFFFFFFFFFFFFFFFFFFFFF33
:109D4000FFFFFFFFFFFFFFFFFFFFFFFFFFFFFFFF23
:109D5000FFFFFFFFFFFFFFFFFFFFFFFFFFFFFFFF13
:109D6000FFFFFFFFFFFFFFFFFFFFFFFFFFFFFFFF03
:109D7000FFFFFFFFFFFFFFFFFFFFFFFFFFFFFFFFF3
:109D8000FFFFFFFFFFFFFFFFFFFFFFFFFFFFFFFFE3
:109D9000FFFFFFFFFFFFFFFFFFFFFFFFFFFFFFFFD3
:109DA000FFFFFFFFFFFFFFFFFFFFFFFFFFFFFFFFC3
:109DB000FFFFFFFFFFFFFFFFFFFFFFFFFFFFFFFFB3
:109DC000FFFFFFFFFFFFFFFFFFFFFFFFFFFFFFFFA3
:109DD000FFFFFFFFFFFFFFFFFFFFFFFFFFFFFFFF93
:109DE000FFFFFFFFFFFFFFFFFFFFFFFFFFFFFFFF83
:109DF000FFFFFFFFFFFFFFFFFFFFFFFFFFFFFFFF73
:109E0000FFFFFFFFFFFFFFFFFFFFFFFFFFFFFFFF62
:109E1000FFFFFFFFFFFFFFFFFFFFFFFFFFFFFFFF52
:109E2000FFFFFFFFFFFFFFFFFFFFFFFFFFFFFFFF42
:109E3000FFFFFFFFFFFFFFFFFFFFFFFFFFFFFFFF32
:109E4000FFFFFFFFFFFFFFFFFFFFFFFFFFFFFFFF22
:109E5000FFFFFFFFFFFFFFFFFFFFFFFFFFFFFFFF12
:109E6000FFFFFFFFFFFFFFFFFFFFFFFFFFFFFFFF02
:109E7000FFFFFFFFFFFFFFFFFFFFFFFFFFFFFFFFF2
:109E8000FFFFFFFFFFFFFFFFFFFFFFFFFFFFFFFFE2
:109E9000FFFFFFFFFFFFFFFFFFFFFFFFFFFFFFFFD2
:109EA000FFFFFFFFFFFFFFFFFFFFFFFFFFFFFFFFC2
:109EB000FFFFFFFFFFFFFFFFFFFFFFFFFFFFFFFFB2
:109EC000FFFFFFFFFFFFFFFFFFFFFFFFFFFFFFFFA2
:109ED000FFFFFFFFFFFFFFFFFFFFFFFFFFFFFFFF92
:109EE000FFFFFFFFFFFFFFFFFFFFFFFFFFFFFFFF82
:109EF000FFFFFFFFFFFFFFFFFFFFFFFFFFFFFFFF72
:109F0000FFFFFFFFFFFFFFFFFFFFFFFFFFFFFFFF61
:109F1000FFFFFFFFFFFFFFFFFFFFFFFFFFFFFFFF51
:109F2000FFFFFFFFFFFFFFFFFFFFFFFFFFFFFFFF41
:109F3000FFFFFFFFFFFFFFFFFFFFFFFFFFFFFFFF31
:109F4000FFFFFFFFFFFFFFFFFFFFFFFFFFFFFFFF21
:109F5000FFFFFFFFFFFFFFFFFFFFFFFFFFFFFFFF11
:109F6000FFFFFFFFFFFFFFFFFFFFFFFFFFFFFFFF01
:109F7000FFFFFFFFFFFFFFFFFFFFFFFFFFFFFFFFF1
:109F8000FFFFFFFFFFFFFFFFFFFFFFFFFFFFFFFFE1
:109F9000FFFFFFFFFFFFFFFFFFFFFFFFFFFFFFFFD1
:109FA000FFFFFFFFFFFFFFFFFFFFFFFFFFFFFFFFC1
:109FB000FFFFFFFFFFFFFFFFFFFFFFFFFFFFFFFFB1
:109FC000FFFFFFFFFFFFFFFFFFFFFFFFFFFFFFFFA1
:109FD000FFFFFFFFFFFFFFFFFFFFFFFFFFFFFFFF91
:109FE000FFFFFFFFFFFFFFFFFFFFFFFFFFFFFFFF81
:109FF000FFFFFFFFFFFFFFFFFFFFFFFFFFFFFFFF71
:10A00000FFFFFFFFFFFFFFFFFFFFFFFFFFFFFFFF60
:10A01000FFFFFFFFFFFFFFFFFFFFFFFFFFFFFFFF50
:10A02000FFFFFFFFFFFFFFFFFFFFFFFFFFFFFFFF40
:10A03000FFFFFFFFFFFFFFFFFFFFFFFFFFFFFFFF30
:10A04000FFFFFFFFFFFFFFFFFFFFFFFFFFFFFFFF20
:10A05000FFFFFFFFFFFFFFFFFFFFFFFFFFFFFFFF10
:10A06000FFFFFFFFFFFFFFFFFFFFFFFFFFFFFFFF00
:10A07000FFFFFFFFFFFFFFFFFFFFFFFFFFFFFFFFF0
:10A08000FFFFFFFFFFFFFFFFFFFFFFFFFFFFFFFFE0
:10A09000FFFFFFFFFFFFFFFFFFFFFFFFFFFFFFFFD0
:10A0A000FFFFFFFFFFFFFFFFFFFFFFFFFFFFFFFFC0
:10A0B000FFFFFFFFFFFFFFFFFFFFFFFFFFFFFFFFB0
:10A0C000FFFFFFFFFFFFFFFFFFFFFFFFFFFFFFFFA0
:10A0D000FFFFFFFFFFFFFFFFFFFFFFFFFFFFFFFF90
:10A0E000FFFFFFFFFFFFFFFFFFFFFFFFFFFFFFFF80
:10A0F000FFFFFFFFFFFFFFFFFFFFFFFFFFFFFFFF70
:10A10000FFFFFFFFFFFFFFFFFFFFFFFFFFFFFFFF5F
:10A11000FFFFFFFFFFFFFFFFFFFFFFFFFFFFFFFF4F
:10A12000FFFFFFFFFFFFFFFFFFFFFFFFFFFFFFFF3F
:10A13000FFFFFFFFFFFFFFFFFFFFFFFFFFFFFFFF2F
:10A14000FFFFFFFFFFFFFFFFFFFFFFFFFFFFFFFF1F
:10A15000FFFFFFFFFFFFFFFFFFFFFFFFFFFFFFFF0F
:10A16000FFFFFFFFFFFFFFFFFFFFFFFFFFFFFFFFFF
:10A17000FFFFFFFFFFFFFFFFFFFFFFFFFFFFFFFFEF
:10A18000FFFFFFFFFFFFFFFFFFFFFFFFFFFFFFFFDF
:10A19000FFFFFFFFFFFFFFFFFFFFFFFFFFFFFFFFCF
:10A1A000FFFFFFFFFFFFFFFFFFFFFFFFFFFFFFFFBF
:10A1B000FFFFFFFFFFFFFFFFFFFFFFFFFFFFFFFFAF
:10A1C000FFFFFFFFFFFFFFFFFFFFFFFFFFFFFFFF9F
:10A1D000FFFFFFFFFFFFFFFFFFFFFFFFFFFFFFFF8F
:10A1E000FFFFFFFFFFFFFFFFFFFFFFFFFFFFFFFF7F
:10A1F000FFFFFFFFFFFFFFFFFFFFFFFFFFFFFFFF6F
:10A20000FFFFFFFFFFFFFFFFFFFFFFFFFFFFFFFF5E
:10A21000FFFFFFFFFFFFFFFFFFFFFFFFFFFFFFFF4E
:10A22000FFFFFFFFFFFFFFFFFFFFFFFFFFFFFFFF3E
:10A23000FFFFFFFFFFFFFFFFFFFFFFFFFFFFFFFF2E
:10A24000FFFFFFFFFFFFFFFFFFFFFFFFFFFFFFFF1E
:10A25000FFFFFFFFFFFFFFFFFFFFFFFFFFFFFFFF0E
:10A26000FFFFFFFFFFFFFFFFFFFFFFFFFFFFFFFFFE
:10A27000FFFFFFFFFFFFFFFFFFFFFFFFFFFFFFFFEE
:10A28000FFFFFFFFFFFFFFFFFFFFFFFFFFFFFFFFDE
:10A29000FFFFFFFFFFFFFFFFFFFFFFFFFFFFFFFFCE
:10A2A000FFFFFFFFFFFFFFFFFFFFFFFFFFFFFFFFBE
:10A2B000FFFFFFFFFFFFFFFFFFFFFFFFFFFFFFFFAE
:10A2C000FFFFFFFFFFFFFFFFFFFFFFFFFFFFFFFF9E
:10A2D000FFFFFFFFFFFFFFFFFFFFFFFFFFFFFFFF8E
:10A2E000FFFFFFFFFFFFFFFFFFFFFFFFFFFFFFFF7E
:10A2F000FFFFFFFFFFFFFFFFFFFFFFFFFFFFFFFF6E
:10A30000FFFFFFFFFFFFFFFFFFFFFFFFFFFFFFFF5D
:10A31000FFFFFFFFFFFFFFFFFFFFFFFFFFFFFFFF4D
:10A32000FFFFFFFFFFFFFFFFFFFFFFFFFFFFFFFF3D
:10A33000FFFFFFFFFFFFFFFFFFFFFFFFFFFFFFFF2D
:10A34000FFFFFFFFFFFFFFFFFFFFFFFFFFFFFFFF1D
:10A35000FFFFFFFFFFFFFFFFFFFFFFFFFFFFFFFF0D
:10A36000FFFFFFFFFFFFFFFFFFFFFFFFFFFFFFFFFD
:10A37000FFFFFFFFFFFFFFFFFFFFFFFFFFFFFFFFED
:10A38000FFFFFFFFFFFFFFFFFFFFFFFFFFFFFFFFDD
:10A39000FFFFFFFFFFFFFFFFFFFFFFFFFFFFFFFFCD
:10A3A000FFFFFFFFFFFFFFFFFFFFFFFFFFFFFFFFBD
:10A3B000FFFFFFFFFFFFFFFFFFFFFFFFFFFFFFFFAD
:10A3C000FFFFFFFFFFFFFFFFFFFFFFFFFFFFFFFF9D
:10A3D000FFFFFFFFFFFFFFFFFFFFFFFFFFFFFFFF8D
:10A3E000FFFFFFFFFFFFFFFFFFFFFFFFFFFFFFFF7D
:10A3F000FFFFFFFFFFFFFFFFFFFFFFFFFFFFFFFF6D
:10A40000FFFFFFFFFFFFFFFFFFFFFFFFFFFFFFFF5C
:10A41000FFFFFFFFFFFFFFFFFFFFFFFFFFFFFFFF4C
:10A42000FFFFFFFFFFFFFFFFFFFFFFFFFFFFFFFF3C
:10A43000FFFFFFFFFFFFFFFFFFFFFFFFFFFFFFFF2C
:10A44000FFFFFFFFFFFFFFFFFFFFFFFFFFFFFFFF1C
:10A45000FFFFFFFFFFFFFFFFFFFFFFFFFFFFFFFF0C
:10A46000FFFFFFFFFFFFFFFFFFFFFFFFFFFFFFFFFC
:10A47000FFFFFFFFFFFFFFFFFFFFFFFFFFFFFFFFEC
:10A48000FFFFFFFFFFFFFFFFFFFFFFFFFFFFFFFFDC
:10A49000FFFFFFFFFFFFFFFFFFFFFFFFFFFFFFFFCC
:10A4A000FFFFFFFFFFFFFFFFFFFFFFFFFFFFFFFFBC
:10A4B000FFFFFFFFFFFFFFFFFFFFFFFFFFFFFFFFAC
:10A4C000FFFFFFFFFFFFFFFFFFFFFFFFFFFFFFFF9C
:10A4D000FFFFFFFFFFFFFFFFFFFFFFFFFFFFFFFF8C
:10A4E000FFFFFFFFFFFFFFFFFFFFFFFFFFFFFFFF7C
:10A4F000FFFFFFFFFFFFFFFFFFFFFFFFFFFFFFFF6C
:10A50000FFFFFFFFFFFFFFFFFFFFFFFFFFFFFFFF5B
:10A51000FFFFFFFFFFFFFFFFFFFFFFFFFFFFFFFF4B
:10A52000FFFFFFFFFFFFFFFFFFFFFFFFFFFFFFFF3B
:10A53000FFFFFFFFFFFFFFFFFFFFFFFFFFFFFFFF2B
:10A54000FFFFFFFFFFFFFFFFFFFFFFFFFFFFFFFF1B
:10A55000FFFFFFFFFFFFFFFFFFFFFFFFFFFFFFFF0B
:10A56000FFFFFFFFFFFFFFFFFFFFFFFFFFFFFFFFFB
:10A57000FFFFFFFFFFFFFFFFFFFFFFFFFFFFFFFFEB
:10A58000FFFFFFFFFFFFFFFFFFFFFFFFFFFFFFFFDB
:10A59000FFFFFFFFFFFFFFFFFFFFFFFFFFFFFFFFCB
:10A5A000FFFFFFFFFFFFFFFFFFFFFFFFFFFFFFFFBB
:10A5B000FFFFFFFFFFFFFFFFFFFFFFFFFFFFFFFFAB
:10A5C000FFFFFFFFFFFFFFFFFFFFFFFFFFFFFFFF9B
:10A5D000FFFFFFFFFFFFFFFFFFFFFFFFFFFFFFFF8B
:10A5E000FFFFFFFFFFFFFFFFFFFFFFFFFFFFFFFF7B
:10A5F000FFFFFFFFFFFFFFFFFFFFFFFFFFFFFFFF6B
:10A60000FFFFFFFFFFFFFFFFFFFFFFFFFFFFFFFF5A
:10A61000FFFFFFFFFFFFFFFFFFFFFFFFFFFFFFFF4A
:10A62000FFFFFFFFFFFFFFFFFFFFFFFFFFFFFFFF3A
:10A63000FFFFFFFFFFFFFFFFFFFFFFFFFFFFFFFF2A
:10A64000FFFFFFFFFFFFFFFFFFFFFFFFFFFFFFFF1A
:10A65000FFFFFFFFFFFFFFFFFFFFFFFFFFFFFFFF0A
:10A66000FFFFFFFFFFFFFFFFFFFFFFFFFFFFFFFFFA
:10A67000FFFFFFFFFFFFFFFFFFFFFFFFFFFFFFFFEA
:10A68000FFFFFFFFFFFFFFFFFFFFFFFFFFFFFFFFDA
:10A69000FFFFFFFFFFFFFFFFFFFFFFFFFFFFFFFFCA
:10A6A000FFFFFFFFFFFFFFFFFFFFFFFFFFFFFFFFBA
:10A6B000FFFFFFFFFFFFFFFFFFFFFFFFFFFFFFFFAA
:10A6C000FFFFFFFFFFFFFFFFFFFFFFFFFFFFFFFF9A
:10A6D000FFFFFFFFFFFFFFFFFFFFFFFFFFFFFFFF8A
:10A6E000FFFFFFFFFFFFFFFFFFFFFFFFFFFFFFFF7A
:10A6F000FFFFFFFFFFFFFFFFFFFFFFFFFFFFFFFF6A
:10A70000FFFFFFFFFFFFFFFFFFFFFFFFFFFFFFFF59
:10A71000FFFFFFFFFFFFFFFFFFFFFFFFFFFFFFFF49
:10A72000FFFFFFFFFFFFFFFFFFFFFFFFFFFFFFFF39
:10A73000FFFFFFFFFFFFFFFFFFFFFFFFFFFFFFFF29
:10A74000FFFFFFFFFFFFFFFFFFFFFFFFFFFFFFFF19
:10A75000FFFFFFFFFFFFFFFFFFFFFFFFFFFFFFFF09
:10A76000FFFFFFFFFFFFFFFFFFFFFFFFFFFFFFFFF9
:10A77000FFFFFFFFFFFFFFFFFFFFFFFFFFFFFFFFE9
:10A78000FFFFFFFFFFFFFFFFFFFFFFFFFFFFFFFFD9
:10A79000FFFFFFFFFFFFFFFFFFFFFFFFFFFFFFFFC9
:10A7A000FFFFFFFFFFFFFFFFFFFFFFFFFFFFFFFFB9
:10A7B000FFFFFFFFFFFFFFFFFFFFFFFFFFFFFFFFA9
:10A7C000FFFFFFFFFFFFFFFFFFFFFFFFFFFFFFFF99
:10A7D000FFFFFFFFFFFFFFFFFFFFFFFFFFFFFFFF89
:10A7E000FFFFFFFFFFFFFFFFFFFFFFFFFFFFFFFF79
:10A7F000FFFFFFFFFFFFFFFFFFFFFFFFFFFFFFFF69
:10A80000FFFFFFFFFFFFFFFFFFFFFFFFFFFFFFFF58
:10A81000FFFFFFFFFFFFFFFFFFFFFFFFFFFFFFFF48
:10A82000FFFFFFFFFFFFFFFFFFFFFFFFFFFFFFFF38
:10A83000FFFFFFFFFFFFFFFFFFFFFFFFFFFFFFFF28
:10A84000FFFFFFFFFFFFFFFFFFFFFFFFFFFFFFFF18
:10A85000FFFFFFFFFFFFFFFFFFFFFFFFFFFFFFFF08
:10A86000FFFFFFFFFFFFFFFFFFFFFFFFFFFFFFFFF8
:10A87000FFFFFFFFFFFFFFFFFFFFFFFFFFFFFFFFE8
:10A88000FFFFFFFFFFFFFFFFFFFFFFFFFFFFFFFFD8
:10A89000FFFFFFFFFFFFFFFFFFFFFFFFFFFFFFFFC8
:10A8A000FFFFFFFFFFFFFFFFFFFFFFFFFFFFFFFFB8
:10A8B000FFFFFFFFFFFFFFFFFFFFFFFFFFFFFFFFA8
:10A8C000FFFFFFFFFFFFFFFFFFFFFFFFFFFFFFFF98
:10A8D000FFFFFFFFFFFFFFFFFFFFFFFFFFFFFFFF88
:10A8E000FFFFFFFFFFFFFFFFFFFFFFFFFFFFFFFF78
:10A8F000FFFFFFFFFFFFFFFFFFFFFFFFFFFFFFFF68
:10A90000FFFFFFFFFFFFFFFFFFFFFFFFFFFFFFFF57
:10A91000FFFFFFFFFFFFFFFFFFFFFFFFFFFFFFFF47
:10A92000FFFFFFFFFFFFFFFFFFFFFFFFFFFFFFFF37
:10A93000FFFFFFFFFFFFFFFFFFFFFFFFFFFFFFFF27
:10A94000FFFFFFFFFFFFFFFFFFFFFFFFFFFFFFFF17
:10A95000FFFFFFFFFFFFFFFFFFFFFFFFFFFFFFFF07
:10A96000FFFFFFFFFFFFFFFFFFFFFFFFFFFFFFFFF7
:10A97000FFFFFFFFFFFFFFFFFFFFFFFFFFFFFFFFE7
:10A98000FFFFFFFFFFFFFFFFFFFFFFFFFFFFFFFFD7
:10A99000FFFFFFFFFFFFFFFFFFFFFFFFFFFFFFFFC7
:10A9A000FFFFFFFFFFFFFFFFFFFFFFFFFFFFFFFFB7
:10A9B000FFFFFFFFFFFFFFFFFFFFFFFFFFFFFFFFA7
:10A9C000FFFFFFFFFFFFFFFFFFFFFFFFFFFFFFFF97
:10A9D000FFFFFFFFFFFFFFFFFFFFFFFFFFFFFFFF87
:10A9E000FFFFFFFFFFFFFFFFFFFFFFFFFFFFFFFF77
:10A9F000FFFFFFFFFFFFFFFFFFFFFFFFFFFFFFFF67
:10AA0000FFFFFFFFFFFFFFFFFFFFFFFFFFFFFFFF56
:10AA1000FFFFFFFFFFFFFFFFFFFFFFFFFFFFFFFF46
:10AA2000FFFFFFFFFFFFFFFFFFFFFFFFFFFFFFFF36
:10AA3000FFFFFFFFFFFFFFFFFFFFFFFFFFFFFFFF26
:10AA4000FFFFFFFFFFFFFFFFFFFFFFFFFFFFFFFF16
:10AA5000FFFFFFFFFFFFFFFFFFFFFFFFFFFFFFFF06
:10AA6000FFFFFFFFFFFFFFFFFFFFFFFFFFFFFFFFF6
:10AA7000FFFFFFFFFFFFFFFFFFFFFFFFFFFFFFFFE6
:10AA8000FFFFFFFFFFFFFFFFFFFFFFFFFFFFFFFFD6
:10AA9000FFFFFFFFFFFFFFFFFFFFFFFFFFFFFFFFC6
:10AAA000FFFFFFFFFFFFFFFFFFFFFFFFFFFFFFFFB6
:10AAB000FFFFFFFFFFFFFFFFFFFFFFFFFFFFFFFFA6
:10AAC000FFFFFFFFFFFFFFFFFFFFFFFFFFFFFFFF96
:10AAD000FFFFFFFFFFFFFFFFFFFFFFFFFFFFFFFF86
:10AAE000FFFFFFFFFFFFFFFFFFFFFFFFFFFFFFFF76
:10AAF000FFFFFFFFFFFFFFFFFFFFFFFFFFFFFFFF66
:10AB0000FFFFFFFFFFFFFFFFFFFFFFFFFFFFFFFF55
:10AB1000FFFFFFFFFFFFFFFFFFFFFFFFFFFFFFFF45
:10AB2000FFFFFFFFFFFFFFFFFFFFFFFFFFFFFFFF35
:10AB3000FFFFFFFFFFFFFFFFFFFFFFFFFFFFFFFF25
:10AB4000FFFFFFFFFFFFFFFFFFFFFFFFFFFFFFFF15
:10AB5000FFFFFFFFFFFFFFFFFFFFFFFFFFFFFFFF05
:10AB6000FFFFFFFFFFFFFFFFFFFFFFFFFFFFFFFFF5
:10AB7000FFFFFFFFFFFFFFFFFFFFFFFFFFFFFFFFE5
:10AB8000FFFFFFFFFFFFFFFFFFFFFFFFFFFFFFFFD5
:10AB9000FFFFFFFFFFFFFFFFFFFFFFFFFFFFFFFFC5
:10ABA000FFFFFFFFFFFFFFFFFFFFFFFFFFFFFFFFB5
:10ABB000FFFFFFFFFFFFFFFFFFFFFFFFFFFFFFFFA5
:10ABC000FFFFFFFFFFFFFFFFFFFFFFFFFFFFFFFF95
:10ABD000FFFFFFFFFFFFFFFFFFFFFFFFFFFFFFFF85
:10ABE000FFFFFFFFFFFFFFFFFFFFFFFFFFFFFFFF75
:10ABF000FFFFFFFFFFFFFFFFFFFFFFFFFFFFFFFF65
:10AC0000FFFFFFFFFFFFFFFFFFFFFFFFFFFFFFFF54
:10AC1000FFFFFFFFFFFFFFFFFFFFFFFFFFFFFFFF44
:10AC2000FFFFFFFFFFFFFFFFFFFFFFFFFFFFFFFF34
:10AC3000FFFFFFFFFFFFFFFFFFFFFFFFFFFFFFFF24
:10AC4000FFFFFFFFFFFFFFFFFFFFFFFFFFFFFFFF14
:10AC5000FFFFFFFFFFFFFFFFFFFFFFFFFFFFFFFF04
:10AC6000FFFFFFFFFFFFFFFFFFFFFFFFFFFFFFFFF4
:10AC7000FFFFFFFFFFFFFFFFFFFFFFFFFFFFFFFFE4
:10AC8000FFFFFFFFFFFFFFFFFFFFFFFFFFFFFFFFD4
:10AC9000FFFFFFFFFFFFFFFFFFFFFFFFFFFFFFFFC4
:10ACA000FFFFFFFFFFFFFFFFFFFFFFFFFFFFFFFFB4
:10ACB000FFFFFFFFFFFFFFFFFFFFFFFFFFFFFFFFA4
:10ACC000FFFFFFFFFFFFFFFFFFFFFFFFFFFFFFFF94
:10ACD000FFFFFFFFFFFFFFFFFFFFFFFFFFFFFFFF84
:10ACE000FFFFFFFFFFFFFFFFFFFFFFFFFFFFFFFF74
:10ACF000FFFFFFFFFFFFFFFFFFFFFFFFFFFFFFFF64
:10AD0000FFFFFFFFFFFFFFFFFFFFFFFFFFFFFFFF53
:10AD1000FFFFFFFFFFFFFFFFFFFFFFFFFFFFFFFF43
:10AD2000FFFFFFFFFFFFFFFFFFFFFFFFFFFFFFFF33
:10AD3000FFFFFFFFFFFFFFFFFFFFFFFFFFFFFFFF23
:10AD4000FFFFFFFFFFFFFFFFFFFFFFFFFFFFFFFF13
:10AD5000FFFFFFFFFFFFFFFFFFFFFFFFFFFFFFFF03
:10AD6000FFFFFFFFFFFFFFFFFFFFFFFFFFFFFFFFF3
:10AD7000FFFFFFFFFFFFFFFFFFFFFFFFFFFFFFFFE3
:10AD8000FFFFFFFFFFFFFFFFFFFFFFFFFFFFFFFFD3
:10AD9000FFFFFFFFFFFFFFFFFFFFFFFFFFFFFFFFC3
:10ADA000FFFFFFFFFFFFFFFFFFFFFFFFFFFFFFFFB3
:10ADB000FFFFFFFFFFFFFFFFFFFFFFFFFFFFFFFFA3
:10ADC000FFFFFFFFFFFFFFFFFFFFFFFFFFFFFFFF93
:10ADD000FFFFFFFFFFFFFFFFFFFFFFFFFFFFFFFF83
:10ADE000FFFFFFFFFFFFFFFFFFFFFFFFFFFFFFFF73
:10ADF000FFFFFFFFFFFFFFFFFFFFFFFFFFFFFFFF63
:10AE0000FFFFFFFFFFFFFFFFFFFFFFFFFFFFFFFF52
:10AE1000FFFFFFFFFFFFFFFFFFFFFFFFFFFFFFFF42
:10AE2000FFFFFFFFFFFFFFFFFFFFFFFFFFFFFFFF32
:10AE3000FFFFFFFFFFFFFFFFFFFFFFFFFFFFFFFF22
:10AE4000FFFFFFFFFFFFFFFFFFFFFFFFFFFFFFFF12
:10AE5000FFFFFFFFFFFFFFFFFFFFFFFFFFFFFFFF02
:10AE6000FFFFFFFFFFFFFFFFFFFFFFFFFFFFFFFFF2
:10AE7000FFFFFFFFFFFFFFFFFFFFFFFFFFFFFFFFE2
:10AE8000FFFFFFFFFFFFFFFFFFFFFFFFFFFFFFFFD2
:10AE9000FFFFFFFFFFFFFFFFFFFFFFFFFFFFFFFFC2
:10AEA000FFFFFFFFFFFFFFFFFFFFFFFFFFFFFFFFB2
:10AEB000FFFFFFFFFFFFFFFFFFFFFFFFFFFFFFFFA2
:10AEC000FFFFFFFFFFFFFFFFFFFFFFFFFFFFFFFF92
:10AED000FFFFFFFFFFFFFFFFFFFFFFFFFFFFFFFF82
:10AEE000FFFFFFFFFFFFFFFFFFFFFFFFFFFFFFFF72
:10AEF000FFFFFFFFFFFFFFFFFFFFFFFFFFFFFFFF62
:10AF0000FFFFFFFFFFFFFFFFFFFFFFFFFFFFFFFF51
:10AF1000FFFFFFFFFFFFFFFFFFFFFFFFFFFFFFFF41
:10AF2000FFFFFFFFFFFFFFFFFFFFFFFFFFFFFFFF31
:10AF3000FFFFFFFFFFFFFFFFFFFFFFFFFFFFFFFF21
:10AF4000FFFFFFFFFFFFFFFFFFFFFFFFFFFFFFFF11
:10AF5000FFFFFFFFFFFFFFFFFFFFFFFFFFFFFFFF01
:10AF6000FFFFFFFFFFFFFFFFFFFFFFFFFFFFFFFFF1
:10AF7000FFFFFFFFFFFFFFFFFFFFFFFFFFFFFFFFE1
:10AF8000FFFFFFFFFFFFFFFFFFFFFFFFFFFFFFFFD1
:10AF9000FFFFFFFFFFFFFFFFFFFFFFFFFFFFFFFFC1
:10AFA000FFFFFFFFFFFFFFFFFFFFFFFFFFFFFFFFB1
:10AFB000FFFFFFFFFFFFFFFFFFFFFFFFFFFFFFFFA1
:10AFC000FFFFFFFFFFFFFFFFFFFFFFFFFFFFFFFF91
:10AFD000FFFFFFFFFFFFFFFFFFFFFFFFFFFFFFFF81
:10AFE000FFFFFFFFFFFFFFFFFFFFFFFFFFFFFFFF71
:10AFF000FFFFFFFFFFFFFFFFFFFFFFFFFFFFFFFF61
:10B00000FFFFFFFFFFFFFFFFFFFFFFFFFFFFFFFF50
:10B01000FFFFFFFFFFFFFFFFFFFFFFFFFFFFFFFF40
:10B02000FFFFFFFFFFFFFFFFFFFFFFFFFFFFFFFF30
:10B03000FFFFFFFFFFFFFFFFFFFFFFFFFFFFFFFF20
:10B04000FFFFFFFFFFFFFFFFFFFFFFFFFFFFFFFF10
:10B05000FFFFFFFFFFFFFFFFFFFFFFFFFFFFFFFF00
:10B06000FFFFFFFFFFFFFFFFFFFFFFFFFFFFFFFFF0
:10B07000FFFFFFFFFFFFFFFFFFFFFFFFFFFFFFFFE0
:10B08000FFFFFFFFFFFFFFFFFFFFFFFFFFFFFFFFD0
:10B09000FFFFFFFFFFFFFFFFFFFFFFFFFFFFFFFFC0
:10B0A000FFFFFFFFFFFFFFFFFFFFFFFFFFFFFFFFB0
:10B0B000FFFFFFFFFFFFFFFFFFFFFFFFFFFFFFFFA0
:10B0C000FFFFFFFFFFFFFFFFFFFFFFFFFFFFFFFF90
:10B0D000FFFFFFFFFFFFFFFFFFFFFFFFFFFFFFFF80
:10B0E000FFFFFFFFFFFFFFFFFFFFFFFFFFFFFFFF70
:10B0F000FFFFFFFFFFFFFFFFFFFFFFFFFFFFFFFF60
:10B10000FFFFFFFFFFFFFFFFFFFFFFFFFFFFFFFF4F
:10B11000FFFFFFFFFFFFFFFFFFFFFFFFFFFFFFFF3F
:10B12000FFFFFFFFFFFFFFFFFFFFFFFFFFFFFFFF2F
:10B13000FFFFFFFFFFFFFFFFFFFFFFFFFFFFFFFF1F
:10B14000FFFFFFFFFFFFFFFFFFFFFFFFFFFFFFFF0F
:10B15000FFFFFFFFFFFFFFFFFFFFFFFFFFFFFFFFFF
:10B16000FFFFFFFFFFFFFFFFFFFFFFFFFFFFFFFFEF
:10B17000FFFFFFFFFFFFFFFFFFFFFFFFFFFFFFFFDF
:10B18000FFFFFFFFFFFFFFFFFFFFFFFFFFFFFFFFCF
:10B19000FFFFFFFFFFFFFFFFFFFFFFFFFFFFFFFFBF
:10B1A000FFFFFFFFFFFFFFFFFFFFFFFFFFFFFFFFAF
:10B1B000FFFFFFFFFFFFFFFFFFFFFFFFFFFFFFFF9F
:10B1C000FFFFFFFFFFFFFFFFFFFFFFFFFFFFFFFF8F
:10B1D000FFFFFFFFFFFFFFFFFFFFFFFFFFFFFFFF7F
:10B1E000FFFFFFFFFFFFFFFFFFFFFFFFFFFFFFFF6F
:10B1F000FFFFFFFFFFFFFFFFFFFFFFFFFFFFFFFF5F
:10B20000FFFFFFFFFFFFFFFFFFFFFFFFFFFFFFFF4E
:10B21000FFFFFFFFFFFFFFFFFFFFFFFFFFFFFFFF3E
:10B22000FFFFFFFFFFFFFFFFFFFFFFFFFFFFFFFF2E
:10B23000FFFFFFFFFFFFFFFFFFFFFFFFFFFFFFFF1E
:10B24000FFFFFFFFFFFFFFFFFFFFFFFFFFFFFFFF0E
:10B25000FFFFFFFFFFFFFFFFFFFFFFFFFFFFFFFFFE
:10B26000FFFFFFFFFFFFFFFFFFFFFFFFFFFFFFFFEE
:10B27000FFFFFFFFFFFFFFFFFFFFFFFFFFFFFFFFDE
:10B28000FFFFFFFFFFFFFFFFFFFFFFFFFFFFFFFFCE
:10B29000FFFFFFFFFFFFFFFFFFFFFFFFFFFFFFFFBE
:10B2A000FFFFFFFFFFFFFFFFFFFFFFFFFFFFFFFFAE
:10B2B000FFFFFFFFFFFFFFFFFFFFFFFFFFFFFFFF9E
:10B2C000FFFFFFFFFFFFFFFFFFFFFFFFFFFFFFFF8E
:10B2D000FFFFFFFFFFFFFFFFFFFFFFFFFFFFFFFF7E
:10B2E000FFFFFFFFFFFFFFFFFFFFFFFFFFFFFFFF6E
:10B2F000FFFFFFFFFFFFFFFFFFFFFFFFFFFFFFFF5E
:10B30000FFFFFFFFFFFFFFFFFFFFFFFFFFFFFFFF4D
:10B31000FFFFFFFFFFFFFFFFFFFFFFFFFFFFFFFF3D
:10B32000FFFFFFFFFFFFFFFFFFFFFFFFFFFFFFFF2D
:10B33000FFFFFFFFFFFFFFFFFFFFFFFFFFFFFFFF1D
:10B34000FFFFFFFFFFFFFFFFFFFFFFFFFFFFFFFF0D
:10B35000FFFFFFFFFFFFFFFFFFFFFFFFFFFFFFFFFD
:10B36000FFFFFFFFFFFFFFFFFFFFFFFFFFFFFFFFED
:10B37000FFFFFFFFFFFFFFFFFFFFFFFFFFFFFFFFDD
:10B38000FFFFFFFFFFFFFFFFFFFFFFFFFFFFFFFFCD
:10B39000FFFFFFFFFFFFFFFFFFFFFFFFFFFFFFFFBD
:10B3A000FFFFFFFFFFFFFFFFFFFFFFFFFFFFFFFFAD
:10B3B000FFFFFFFFFFFFFFFFFFFFFFFFFFFFFFFF9D
:10B3C000FFFFFFFFFFFFFFFFFFFFFFFFFFFFFFFF8D
:10B3D000FFFFFFFFFFFFFFFFFFFFFFFFFFFFFFFF7D
:10B3E000FFFFFFFFFFFFFFFFFFFFFFFFFFFFFFFF6D
:10B3F000FFFFFFFFFFFFFFFFFFFFFFFFFFFFFFFF5D
:10B40000FFFFFFFFFFFFFFFFFFFFFFFFFFFFFFFF4C
:10B41000FFFFFFFFFFFFFFFFFFFFFFFFFFFFFFFF3C
:10B42000FFFFFFFFFFFFFFFFFFFFFFFFFFFFFFFF2C
:10B43000FFFFFFFFFFFFFFFFFFFFFFFFFFFFFFFF1C
:10B44000FFFFFFFFFFFFFFFFFFFFFFFFFFFFFFFF0C
:10B45000FFFFFFFFFFFFFFFFFFFFFFFFFFFFFFFFFC
:10B46000FFFFFFFFFFFFFFFFFFFFFFFFFFFFFFFFEC
:10B47000FFFFFFFFFFFFFFFFFFFFFFFFFFFFFFFFDC
:10B48000FFFFFFFFFFFFFFFFFFFFFFFFFFFFFFFFCC
:10B49000FFFFFFFFFFFFFFFFFFFFFFFFFFFFFFFFBC
:10B4A000FFFFFFFFFFFFFFFFFFFFFFFFFFFFFFFFAC
:10B4B000FFFFFFFFFFFFFFFFFFFFFFFFFFFFFFFF9C
:10B4C000FFFFFFFFFFFFFFFFFFFFFFFFFFFFFFFF8C
:10B4D000FFFFFFFFFFFFFFFFFFFFFFFFFFFFFFFF7C
:10B4E000FFFFFFFFFFFFFFFFFFFFFFFFFFFFFFFF6C
:10B4F000FFFFFFFFFFFFFFFFFFFFFFFFFFFFFFFF5C
:10B50000FFFFFFFFFFFFFFFFFFFFFFFFFFFFFFFF4B
:10B51000FFFFFFFFFFFFFFFFFFFFFFFFFFFFFFFF3B
:10B52000FFFFFFFFFFFFFFFFFFFFFFFFFFFFFFFF2B
:10B53000FFFFFFFFFFFFFFFFFFFFFFFFFFFFFFFF1B
:10B54000FFFFFFFFFFFFFFFFFFFFFFFFFFFFFFFF0B
:10B55000FFFFFFFFFFFFFFFFFFFFFFFFFFFFFFFFFB
:10B56000FFFFFFFFFFFFFFFFFFFFFFFFFFFFFFFFEB
:10B57000FFFFFFFFFFFFFFFFFFFFFFFFFFFFFFFFDB
:10B58000FFFFFFFFFFFFFFFFFFFFFFFFFFFFFFFFCB
:10B59000FFFFFFFFFFFFFFFFFFFFFFFFFFFFFFFFBB
:10B5A000FFFFFFFFFFFFFFFFFFFFFFFFFFFFFFFFAB
:10B5B000FFFFFFFFFFFFFFFFFFFFFFFFFFFFFFFF9B
:10B5C000FFFFFFFFFFFFFFFFFFFFFFFFFFFFFFFF8B
:10B5D000FFFFFFFFFFFFFFFFFFFFFFFFFFFFFFFF7B
:10B5E000FFFFFFFFFFFFFFFFFFFFFFFFFFFFFFFF6B
:10B5F000FFFFFFFFFFFFFFFFFFFFFFFFFFFFFFFF5B
:10B60000FFFFFFFFFFFFFFFFFFFFFFFFFFFFFFFF4A
:10B61000FFFFFFFFFFFFFFFFFFFFFFFFFFFFFFFF3A
:10B62000FFFFFFFFFFFFFFFFFFFFFFFFFFFFFFFF2A
:10B63000FFFFFFFFFFFFFFFFFFFFFFFFFFFFFFFF1A
:10B64000FFFFFFFFFFFFFFFFFFFFFFFFFFFFFFFF0A
:10B65000FFFFFFFFFFFFFFFFFFFFFFFFFFFFFFFFFA
:10B66000FFFFFFFFFFFFFFFFFFFFFFFFFFFFFFFFEA
:10B67000FFFFFFFFFFFFFFFFFFFFFFFFFFFFFFFFDA
:10B68000FFFFFFFFFFFFFFFFFFFFFFFFFFFFFFFFCA
:10B69000FFFFFFFFFFFFFFFFFFFFFFFFFFFFFFFFBA
:10B6A000FFFFFFFFFFFFFFFFFFFFFFFFFFFFFFFFAA
:10B6B000FFFFFFFFFFFFFFFFFFFFFFFFFFFFFFFF9A
:10B6C000FFFFFFFFFFFFFFFFFFFFFFFFFFFFFFFF8A
:10B6D000FFFFFFFFFFFFFFFFFFFFFFFFFFFFFFFF7A
:10B6E000FFFFFFFFFFFFFFFFFFFFFFFFFFFFFFFF6A
:10B6F000FFFFFFFFFFFFFFFFFFFFFFFFFFFFFFFF5A
:10B70000FFFFFFFFFFFFFFFFFFFFFFFFFFFFFFFF49
:10B71000FFFFFFFFFFFFFFFFFFFFFFFFFFFFFFFF39
:10B72000FFFFFFFFFFFFFFFFFFFFFFFFFFFFFFFF29
:10B73000FFFFFFFFFFFFFFFFFFFFFFFFFFFFFFFF19
:10B74000FFFFFFFFFFFFFFFFFFFFFFFFFFFFFFFF09
:10B75000FFFFFFFFFFFFFFFFFFFFFFFFFFFFFFFFF9
:10B76000FFFFFFFFFFFFFFFFFFFFFFFFFFFFFFFFE9
:10B77000FFFFFFFFFFFFFFFFFFFFFFFFFFFFFFFFD9
:10B78000FFFFFFFFFFFFFFFFFFFFFFFFFFFFFFFFC9
:10B79000FFFFFFFFFFFFFFFFFFFFFFFFFFFFFFFFB9
:10B7A000FFFFFFFFFFFFFFFFFFFFFFFFFFFFFFFFA9
:10B7B000FFFFFFFFFFFFFFFFFFFFFFFFFFFFFFFF99
:10B7C000FFFFFFFFFFFFFFFFFFFFFFFFFFFFFFFF89
:10B7D000FFFFFFFFFFFFFFFFFFFFFFFFFFFFFFFF79
:10B7E000FFFFFFFFFFFFFFFFFFFFFFFFFFFFFFFF69
:10B7F000FFFFFFFFFFFFFFFFFFFFFFFFFFFFFFFF59
:10B80000FFFFFFFFFFFFFFFFFFFFFFFFFFFFFFFF48
:10B81000FFFFFFFFFFFFFFFFFFFFFFFFFFFFFFFF38
:10B82000FFFFFFFFFFFFFFFFFFFFFFFFFFFFFFFF28
:10B83000FFFFFFFFFFFFFFFFFFFFFFFFFFFFFFFF18
:10B84000FFFFFFFFFFFFFFFFFFFFFFFFFFFFFFFF08
:10B85000FFFFFFFFFFFFFFFFFFFFFFFFFFFFFFFFF8
:10B86000FFFFFFFFFFFFFFFFFFFFFFFFFFFFFFFFE8
:10B87000FFFFFFFFFFFFFFFFFFFFFFFFFFFFFFFFD8
:10B88000FFFFFFFFFFFFFFFFFFFFFFFFFFFFFFFFC8
:10B89000FFFFFFFFFFFFFFFFFFFFFFFFFFFFFFFFB8
:10B8A000FFFFFFFFFFFFFFFFFFFFFFFFFFFFFFFFA8
:10B8B000FFFFFFFFFFFFFFFFFFFFFFFFFFFFFFFF98
:10B8C000FFFFFFFFFFFFFFFFFFFFFFFFFFFFFFFF88
:10B8D000FFFFFFFFFFFFFFFFFFFFFFFFFFFFFFFF78
:10B8E000FFFFFFFFFFFFFFFFFFFFFFFFFFFFFFFF68
:10B8F000FFFFFFFFFFFFFFFFFFFFFFFFFFFFFFFF58
:10B90000FFFFFFFFFFFFFFFFFFFFFFFFFFFFFFFF47
:10B91000FFFFFFFFFFFFFFFFFFFFFFFFFFFFFFFF37
:10B92000FFFFFFFFFFFFFFFFFFFFFFFFFFFFFFFF27
:10B93000FFFFFFFFFFFFFFFFFFFFFFFFFFFFFFFF17
:10B94000FFFFFFFFFFFFFFFFFFFFFFFFFFFFFFFF07
:10B95000FFFFFFFFFFFFFFFFFFFFFFFFFFFFFFFFF7
:10B96000FFFFFFFFFFFFFFFFFFFFFFFFFFFFFFFFE7
:10B97000FFFFFFFFFFFFFFFFFFFFFFFFFFFFFFFFD7
:10B98000FFFFFFFFFFFFFFFFFFFFFFFFFFFFFFFFC7
:10B99000FFFFFFFFFFFFFFFFFFFFFFFFFFFFFFFFB7
:10B9A000FFFFFFFFFFFFFFFFFFFFFFFFFFFFFFFFA7
:10B9B000FFFFFFFFFFFFFFFFFFFFFFFFFFFFFFFF97
:10B9C000FFFFFFFFFFFFFFFFFFFFFFFFFFFFFFFF87
:10B9D000FFFFFFFFFFFFFFFFFFFFFFFFFFFFFFFF77
:10B9E000FFFFFFFFFFFFFFFFFFFFFFFFFFFFFFFF67
:10B9F000FFFFFFFFFFFFFFFFFFFFFFFFFFFFFFFF57
:10BA0000FFFFFFFFFFFFFFFFFFFFFFFFFFFFFFFF46
:10BA1000FFFFFFFFFFFFFFFFFFFFFFFFFFFFFFFF36
:10BA2000FFFFFFFFFFFFFFFFFFFFFFFFFFFFFFFF26
:10BA3000FFFFFFFFFFFFFFFFFFFFFFFFFFFFFFFF16
:10BA4000FFFFFFFFFFFFFFFFFFFFFFFFFFFFFFFF06
:10BA5000FFFFFFFFFFFFFFFFFFFFFFFFFFFFFFFFF6
:10BA6000FFFFFFFFFFFFFFFFFFFFFFFFFFFFFFFFE6
:10BA7000FFFFFFFFFFFFFFFFFFFFFFFFFFFFFFFFD6
:10BA8000FFFFFFFFFFFFFFFFFFFFFFFFFFFFFFFFC6
:10BA9000FFFFFFFFFFFFFFFFFFFFFFFFFFFFFFFFB6
:10BAA000FFFFFFFFFFFFFFFFFFFFFFFFFFFFFFFFA6
:10BAB000FFFFFFFFFFFFFFFFFFFFFFFFFFFFFFFF96
:10BAC000FFFFFFFFFFFFFFFFFFFFFFFFFFFFFFFF86
:10BAD000FFFFFFFFFFFFFFFFFFFFFFFFFFFFFFFF76
:10BAE000FFFFFFFFFFFFFFFFFFFFFFFFFFFFFFFF66
:10BAF000FFFFFFFFFFFFFFFFFFFFFFFFFFFFFFFF56
:10BB0000FFFFFFFFFFFFFFFFFFFFFFFFFFFFFFFF45
:10BB1000FFFFFFFFFFFFFFFFFFFFFFFFFFFFFFFF35
:10BB2000FFFFFFFFFFFFFFFFFFFFFFFFFFFFFFFF25
:10BB3000FFFFFFFFFFFFFFFFFFFFFFFFFFFFFFFF15
:10BB4000FFFFFFFFFFFFFFFFFFFFFFFFFFFFFFFF05
:10BB5000FFFFFFFFFFFFFFFFFFFFFFFFFFFFFFFFF5
:10BB6000FFFFFFFFFFFFFFFFFFFFFFFFFFFFFFFFE5
:10BB7000FFFFFFFFFFFFFFFFFFFFFFFFFFFFFFFFD5
:10BB8000FFFFFFFFFFFFFFFFFFFFFFFFFFFFFFFFC5
:10BB9000FFFFFFFFFFFFFFFFFFFFFFFFFFFFFFFFB5
:10BBA000FFFFFFFFFFFFFFFFFFFFFFFFFFFFFFFFA5
:10BBB000FFFFFFFFFFFFFFFFFFFFFFFFFFFFFFFF95
:10BBC000FFFFFFFFFFFFFFFFFFFFFFFFFFFFFFFF85
:10BBD000FFFFFFFFFFFFFFFFFFFFFFFFFFFFFFFF75
:10BBE000FFFFFFFFFFFFFFFFFFFFFFFFFFFFFFFF65
:10BBF000FFFFFFFFFFFFFFFFFFFFFFFFFFFFFFFF55
:10BC0000FFFFFFFFFFFFFFFFFFFFFFFFFFFFFFFF44
:10BC1000FFFFFFFFFFFFFFFFFFFFFFFFFFFFFFFF34
:10BC2000FFFFFFFFFFFFFFFFFFFFFFFFFFFFFFFF24
:10BC3000FFFFFFFFFFFFFFFFFFFFFFFFFFFFFFFF14
:10BC4000FFFFFFFFFFFFFFFFFFFFFFFFFFFFFFFF04
:10BC5000FFFFFFFFFFFFFFFFFFFFFFFFFFFFFFFFF4
:10BC6000FFFFFFFFFFFFFFFFFFFFFFFFFFFFFFFFE4
:10BC7000FFFFFFFFFFFFFFFFFFFFFFFFFFFFFFFFD4
:10BC8000FFFFFFFFFFFFFFFFFFFFFFFFFFFFFFFFC4
:10BC9000FFFFFFFFFFFFFFFFFFFFFFFFFFFFFFFFB4
:10BCA000FFFFFFFFFFFFFFFFFFFFFFFFFFFFFFFFA4
:10BCB000FFFFFFFFFFFFFFFFFFFFFFFFFFFFFFFF94
:10BCC000FFFFFFFFFFFFFFFFFFFFFFFFFFFFFFFF84
:10BCD000FFFFFFFFFFFFFFFFFFFFFFFFFFFFFFFF74
:10BCE000FFFFFFFFFFFFFFFFFFFFFFFFFFFFFFFF64
:10BCF000FFFFFFFFFFFFFFFFFFFFFFFFFFFFFFFF54
:10BD0000FFFFFFFFFFFFFFFFFFFFFFFFFFFFFFFF43
:10BD1000FFFFFFFFFFFFFFFFFFFFFFFFFFFFFFFF33
:10BD2000FFFFFFFFFFFFFFFFFFFFFFFFFFFFFFFF23
:10BD3000FFFFFFFFFFFFFFFFFFFFFFFFFFFFFFFF13
:10BD4000FFFFFFFFFFFFFFFFFFFFFFFFFFFFFFFF03
:10BD5000FFFFFFFFFFFFFFFFFFFFFFFFFFFFFFFFF3
:10BD6000FFFFFFFFFFFFFFFFFFFFFFFFFFFFFFFFE3
:10BD7000FFFFFFFFFFFFFFFFFFFFFFFFFFFFFFFFD3
:10BD8000FFFFFFFFFFFFFFFFFFFFFFFFFFFFFFFFC3
:10BD9000FFFFFFFFFFFFFFFFFFFFFFFFFFFFFFFFB3
:10BDA000FFFFFFFFFFFFFFFFFFFFFFFFFFFFFFFFA3
:10BDB000FFFFFFFFFFFFFFFFFFFFFFFFFFFFFFFF93
:10BDC000FFFFFFFFFFFFFFFFFFFFFFFFFFFFFFFF83
:10BDD000FFFFFFFFFFFFFFFFFFFFFFFFFFFFFFFF73
:10BDE000FFFFFFFFFFFFFFFFFFFFFFFFFFFFFFFF63
:10BDF000FFFFFFFFFFFFFFFFFFFFFFFFFFFFFFFF53
:10BE0000FFFFFFFFFFFFFFFFFFFFFFFFFFFFFFFF42
:10BE1000FFFFFFFFFFFFFFFFFFFFFFFFFFFFFFFF32
:10BE2000FFFFFFFFFFFFFFFFFFFFFFFFFFFFFFFF22
:10BE3000FFFFFFFFFFFFFFFFFFFFFFFFFFFFFFFF12
:10BE4000FFFFFFFFFFFFFFFFFFFFFFFFFFFFFFFF02
:10BE5000FFFFFFFFFFFFFFFFFFFFFFFFFFFFFFFFF2
:10BE6000FFFFFFFFFFFFFFFFFFFFFFFFFFFFFFFFE2
:10BE7000FFFFFFFFFFFFFFFFFFFFFFFFFFFFFFFFD2
:10BE8000FFFFFFFFFFFFFFFFFFFFFFFFFFFFFFFFC2
:10BE9000FFFFFFFFFFFFFFFFFFFFFFFFFFFFFFFFB2
:10BEA000FFFFFFFFFFFFFFFFFFFFFFFFFFFFFFFFA2
:10BEB000FFFFFFFFFFFFFFFFFFFFFFFFFFFFFFFF92
:10BEC000FFFFFFFFFFFFFFFFFFFFFFFFFFFFFFFF82
:10BED000FFFFFFFFFFFFFFFFFFFFFFFFFFFFFFFF72
:10BEE000FFFFFFFFFFFFFFFFFFFFFFFFFFFFFFFF62
:10BEF000FFFFFFFFFFFFFFFFFFFFFFFFFFFFFFFF52
:10BF0000FFFFFFFFFFFFFFFFFFFFFFFFFFFFFFFF41
:10BF1000FFFFFFFFFFFFFFFFFFFFFFFFFFFFFFFF31
:10BF2000FFFFFFFFFFFFFFFFFFFFFFFFFFFFFFFF21
:10BF3000FFFFFFFFFFFFFFFFFFFFFFFFFFFFFFFF11
:10BF4000FFFFFFFFFFFFFFFFFFFFFFFFFFFFFFFF01
:10BF5000FFFFFFFFFFFFFFFFFFFFFFFFFFFFFFFFF1
:10BF6000FFFFFFFFFFFFFFFFFFFFFFFFFFFFFFFFE1
:10BF7000FFFFFFFFFFFFFFFFFFFFFFFFFFFFFFFFD1
:10BF8000FFFFFFFFFFFFFFFFFFFFFFFFFFFFFFFFC1
:10BF9000FFFFFFFFFFFFFFFFFFFFFFFFFFFFFFFFB1
:10BFA000FFFFFFFFFFFFFFFFFFFFFFFFFFFFFFFFA1
:10BFB000FFFFFFFFFFFFFFFFFFFFFFFFFFFFFFFF91
:10BFC000FFFFFFFFFFFFFFFFFFFFFFFFFFFFFFFF81
:10BFD000FFFFFFFFFFFFFFFFFFFFFFFFFFFFFFFF71
:10BFE000FFFFFFFFFFFFFFFFFFFFFFFFFFFFFFFF61
:10BFF000FFFFFFFFFFFFFFFFFFFFFFFFFFFFFFFF51
:10C00000FFFFFFFFFFFFFFFFFFFFFFFFFFFFFFFF40
:10C01000FFFFFFFFFFFFFFFFFFFFFFFFFFFFFFFF30
:10C02000FFFFFFFFFFFFFFFFFFFFFFFFFFFFFFFF20
:10C03000FFFFFFFFFFFFFFFFFFFFFFFFFFFFFFFF10
:10C04000FFFFFFFFFFFFFFFFFFFFFFFFFFFFFFFF00
:10C05000FFFFFFFFFFFFFFFFFFFFFFFFFFFFFFFFF0
:10C06000FFFFFFFFFFFFFFFFFFFFFFFFFFFFFFFFE0
:10C07000FFFFFFFFFFFFFFFFFFFFFFFFFFFFFFFFD0
:10C08000FFFFFFFFFFFFFFFFFFFFFFFFFFFFFFFFC0
:10C09000FFFFFFFFFFFFFFFFFFFFFFFFFFFFFFFFB0
:10C0A000FFFFFFFFFFFFFFFFFFFFFFFFFFFFFFFFA0
:10C0B000FFFFFFFFFFFFFFFFFFFFFFFFFFFFFFFF90
:10C0C000FFFFFFFFFFFFFFFFFFFFFFFFFFFFFFFF80
:10C0D000FFFFFFFFFFFFFFFFFFFFFFFFFFFFFFFF70
:10C0E000FFFFFFFFFFFFFFFFFFFFFFFFFFFFFFFF60
:10C0F000FFFFFFFFFFFFFFFFFFFFFFFFFFFFFFFF50
:10C10000FFFFFFFFFFFFFFFFFFFFFFFFFFFFFFFF3F
:10C11000FFFFFFFFFFFFFFFFFFFFFFFFFFFFFFFF2F
:10C12000FFFFFFFFFFFFFFFFFFFFFFFFFFFFFFFF1F
:10C13000FFFFFFFFFFFFFFFFFFFFFFFFFFFFFFFF0F
:10C14000FFFFFFFFFFFFFFFFFFFFFFFFFFFFFFFFFF
:10C15000FFFFFFFFFFFFFFFFFFFFFFFFFFFFFFFFEF
:10C16000FFFFFFFFFFFFFFFFFFFFFFFFFFFFFFFFDF
:10C17000FFFFFFFFFFFFFFFFFFFFFFFFFFFFFFFFCF
:10C18000FFFFFFFFFFFFFFFFFFFFFFFFFFFFFFFFBF
:10C19000FFFFFFFFFFFFFFFFFFFFFFFFFFFFFFFFAF
:10C1A000FFFFFFFFFFFFFFFFFFFFFFFFFFFFFFFF9F
:10C1B000FFFFFFFFFFFFFFFFFFFFFFFFFFFFFFFF8F
:10C1C000FFFFFFFFFFFFFFFFFFFFFFFFFFFFFFFF7F
:10C1D000FFFFFFFFFFFFFFFFFFFFFFFFFFFFFFFF6F
:10C1E000FFFFFFFFFFFFFFFFFFFFFFFFFFFFFFFF5F
:10C1F000FFFFFFFFFFFFFFFFFFFFFFFFFFFFFFFF4F
:10C20000FFFFFFFFFFFFFFFFFFFFFFFFFFFFFFFF3E
:10C21000FFFFFFFFFFFFFFFFFFFFFFFFFFFFFFFF2E
:10C22000FFFFFFFFFFFFFFFFFFFFFFFFFFFFFFFF1E
:10C23000FFFFFFFFFFFFFFFFFFFFFFFFFFFFFFFF0E
:10C24000FFFFFFFFFFFFFFFFFFFFFFFFFFFFFFFFFE
:10C25000FFFFFFFFFFFFFFFFFFFFFFFFFFFFFFFFEE
:10C26000FFFFFFFFFFFFFFFFFFFFFFFFFFFFFFFFDE
:10C27000FFFFFFFFFFFFFFFFFFFFFFFFFFFFFFFFCE
:10C28000FFFFFFFFFFFFFFFFFFFFFFFFFFFFFFFFBE
:10C29000FFFFFFFFFFFFFFFFFFFFFFFFFFFFFFFFAE
:10C2A000FFFFFFFFFFFFFFFFFFFFFFFFFFFFFFFF9E
:10C2B000FFFFFFFFFFFFFFFFFFFFFFFFFFFFFFFF8E
:10C2C000FFFFFFFFFFFFFFFFFFFFFFFFFFFFFFFF7E
:10C2D000FFFFFFFFFFFFFFFFFFFFFFFFFFFFFFFF6E
:10C2E000FFFFFFFFFFFFFFFFFFFFFFFFFFFFFFFF5E
:10C2F000FFFFFFFFFFFFFFFFFFFFFFFFFFFFFFFF4E
:10C30000FFFFFFFFFFFFFFFFFFFFFFFFFFFFFFFF3D
:10C31000FFFFFFFFFFFFFFFFFFFFFFFFFFFFFFFF2D
:10C32000FFFFFFFFFFFFFFFFFFFFFFFFFFFFFFFF1D
:10C33000FFFFFFFFFFFFFFFFFFFFFFFFFFFFFFFF0D
:10C34000FFFFFFFFFFFFFFFFFFFFFFFFFFFFFFFFFD
:10C35000FFFFFFFFFFFFFFFFFFFFFFFFFFFFFFFFED
:10C36000FFFFFFFFFFFFFFFFFFFFFFFFFFFFFFFFDD
:10C37000FFFFFFFFFFFFFFFFFFFFFFFFFFFFFFFFCD
:10C38000FFFFFFFFFFFFFFFFFFFFFFFFFFFFFFFFBD
:10C39000FFFFFFFFFFFFFFFFFFFFFFFFFFFFFFFFAD
:10C3A000FFFFFFFFFFFFFFFFFFFFFFFFFFFFFFFF9D
:10C3B000FFFFFFFFFFFFFFFFFFFFFFFFFFFFFFFF8D
:10C3C000FFFFFFFFFFFFFFFFFFFFFFFFFFFFFFFF7D
:10C3D000FFFFFFFFFFFFFFFFFFFFFFFFFFFFFFFF6D
:10C3E000FFFFFFFFFFFFFFFFFFFFFFFFFFFFFFFF5D
:10C3F000FFFFFFFFFFFFFFFFFFFFFFFFFFFFFFFF4D
:10C40000FFFFFFFFFFFFFFFFFFFFFFFFFFFFFFFF3C
:10C41000FFFFFFFFFFFFFFFFFFFFFFFFFFFFFFFF2C
:10C42000FFFFFFFFFFFFFFFFFFFFFFFFFFFFFFFF1C
:10C43000FFFFFFFFFFFFFFFFFFFFFFFFFFFFFFFF0C
:10C44000FFFFFFFFFFFFFFFFFFFFFFFFFFFFFFFFFC
:10C45000FFFFFFFFFFFFFFFFFFFFFFFFFFFFFFFFEC
:10C46000FFFFFFFFFFFFFFFFFFFFFFFFFFFFFFFFDC
:10C47000FFFFFFFFFFFFFFFFFFFFFFFFFFFFFFFFCC
:10C48000FFFFFFFFFFFFFFFFFFFFFFFFFFFFFFFFBC
:10C49000FFFFFFFFFFFFFFFFFFFFFFFFFFFFFFFFAC
:10C4A000FFFFFFFFFFFFFFFFFFFFFFFFFFFFFFFF9C
:10C4B000FFFFFFFFFFFFFFFFFFFFFFFFFFFFFFFF8C
:10C4C000FFFFFFFFFFFFFFFFFFFFFFFFFFFFFFFF7C
:10C4D000FFFFFFFFFFFFFFFFFFFFFFFFFFFFFFFF6C
:10C4E000FFFFFFFFFFFFFFFFFFFFFFFFFFFFFFFF5C
:10C4F000FFFFFFFFFFFFFFFFFFFFFFFFFFFFFFFF4C
:10C50000FFFFFFFFFFFFFFFFFFFFFFFFFFFFFFFF3B
:10C51000FFFFFFFFFFFFFFFFFFFFFFFFFFFFFFFF2B
:10C52000FFFFFFFFFFFFFFFFFFFFFFFFFFFFFFFF1B
:10C53000FFFFFFFFFFFFFFFFFFFFFFFFFFFFFFFF0B
:10C54000FFFFFFFFFFFFFFFFFFFFFFFFFFFFFFFFFB
:10C55000FFFFFFFFFFFFFFFFFFFFFFFFFFFFFFFFEB
:10C56000FFFFFFFFFFFFFFFFFFFFFFFFFFFFFFFFDB
:10C57000FFFFFFFFFFFFFFFFFFFFFFFFFFFFFFFFCB
:10C58000FFFFFFFFFFFFFFFFFFFFFFFFFFFFFFFFBB
:10C59000FFFFFFFFFFFFFFFFFFFFFFFFFFFFFFFFAB
:10C5A000FFFFFFFFFFFFFFFFFFFFFFFFFFFFFFFF9B
:10C5B000FFFFFFFFFFFFFFFFFFFFFFFFFFFFFFFF8B
:10C5C000FFFFFFFFFFFFFFFFFFFFFFFFFFFFFFFF7B
:10C5D000FFFFFFFFFFFFFFFFFFFFFFFFFFFFFFFF6B
:10C5E000FFFFFFFFFFFFFFFFFFFFFFFFFFFFFFFF5B
:10C5F000FFFFFFFFFFFFFFFFFFFFFFFFFFFFFFFF4B
:10C60000FFFFFFFFFFFFFFFFFFFFFFFFFFFFFFFF3A
:10C61000FFFFFFFFFFFFFFFFFFFFFFFFFFFFFFFF2A
:10C62000FFFFFFFFFFFFFFFFFFFFFFFFFFFFFFFF1A
:10C63000FFFFFFFFFFFFFFFFFFFFFFFFFFFFFFFF0A
:10C64000FFFFFFFFFFFFFFFFFFFFFFFFFFFFFFFFFA
:10C65000FFFFFFFFFFFFFFFFFFFFFFFFFFFFFFFFEA
:10C66000FFFFFFFFFFFFFFFFFFFFFFFFFFFFFFFFDA
:10C67000FFFFFFFFFFFFFFFFFFFFFFFFFFFFFFFFCA
:10C68000FFFFFFFFFFFFFFFFFFFFFFFFFFFFFFFFBA
:10C69000FFFFFFFFFFFFFFFFFFFFFFFFFFFFFFFFAA
:10C6A000FFFFFFFFFFFFFFFFFFFFFFFFFFFFFFFF9A
:10C6B000FFFFFFFFFFFFFFFFFFFFFFFFFFFFFFFF8A
:10C6C000FFFFFFFFFFFFFFFFFFFFFFFFFFFFFFFF7A
:10C6D000FFFFFFFFFFFFFFFFFFFFFFFFFFFFFFFF6A
:10C6E000FFFFFFFFFFFFFFFFFFFFFFFFFFFFFFFF5A
:10C6F000FFFFFFFFFFFFFFFFFFFFFFFFFFFFFFFF4A
:10C70000FFFFFFFFFFFFFFFFFFFFFFFFFFFFFFFF39
:10C71000FFFFFFFFFFFFFFFFFFFFFFFFFFFFFFFF29
:10C72000FFFFFFFFFFFFFFFFFFFFFFFFFFFFFFFF19
:10C73000FFFFFFFFFFFFFFFFFFFFFFFFFFFFFFFF09
:10C74000FFFFFFFFFFFFFFFFFFFFFFFFFFFFFFFFF9
:10C75000FFFFFFFFFFFFFFFFFFFFFFFFFFFFFFFFE9
:10C76000FFFFFFFFFFFFFFFFFFFFFFFFFFFFFFFFD9
:10C77000FFFFFFFFFFFFFFFFFFFFFFFFFFFFFFFFC9
:10C78000FFFFFFFFFFFFFFFFFFFFFFFFFFFFFFFFB9
:10C79000FFFFFFFFFFFFFFFFFFFFFFFFFFFFFFFFA9
:10C7A000FFFFFFFFFFFFFFFFFFFFFFFFFFFFFFFF99
:10C7B000FFFFFFFFFFFFFFFFFFFFFFFFFFFFFFFF89
:10C7C000FFFFFFFFFFFFFFFFFFFFFFFFFFFFFFFF79
:10C7D000FFFFFFFFFFFFFFFFFFFFFFFFFFFFFFFF69
:10C7E000FFFFFFFFFFFFFFFFFFFFFFFFFFFFFFFF59
:10C7F000FFFFFFFFFFFFFFFFFFFFFFFFFFFFFFFF49
:10C80000FFFFFFFFFFFFFFFFFFFFFFFFFFFFFFFF38
:10C81000FFFFFFFFFFFFFFFFFFFFFFFFFFFFFFFF28
:10C82000FFFFFFFFFFFFFFFFFFFFFFFFFFFFFFFF18
:10C83000FFFFFFFFFFFFFFFFFFFFFFFFFFFFFFFF08
:10C84000FFFFFFFFFFFFFFFFFFFFFFFFFFFFFFFFF8
:10C85000FFFFFFFFFFFFFFFFFFFFFFFFFFFFFFFFE8
:10C86000FFFFFFFFFFFFFFFFFFFFFFFFFFFFFFFFD8
:10C87000FFFFFFFFFFFFFFFFFFFFFFFFFFFFFFFFC8
:10C88000FFFFFFFFFFFFFFFFFFFFFFFFFFFFFFFFB8
:10C89000FFFFFFFFFFFFFFFFFFFFFFFFFFFFFFFFA8
:10C8A000FFFFFFFFFFFFFFFFFFFFFFFFFFFFFFFF98
:10C8B000FFFFFFFFFFFFFFFFFFFFFFFFFFFFFFFF88
:10C8C000FFFFFFFFFFFFFFFFFFFFFFFFFFFFFFFF78
:10C8D000FFFFFFFFFFFFFFFFFFFFFFFFFFFFFFFF68
:10C8E000FFFFFFFFFFFFFFFFFFFFFFFFFFFFFFFF58
:10C8F000FFFFFFFFFFFFFFFFFFFFFFFFFFFFFFFF48
:10C90000FFFFFFFFFFFFFFFFFFFFFFFFFFFFFFFF37
:10C91000FFFFFFFFFFFFFFFFFFFFFFFFFFFFFFFF27
:10C92000FFFFFFFFFFFFFFFFFFFFFFFFFFFFFFFF17
:10C93000FFFFFFFFFFFFFFFFFFFFFFFFFFFFFFFF07
:10C94000FFFFFFFFFFFFFFFFFFFFFFFFFFFFFFFFF7
:10C95000FFFFFFFFFFFFFFFFFFFFFFFFFFFFFFFFE7
:10C96000FFFFFFFFFFFFFFFFFFFFFFFFFFFFFFFFD7
:10C97000FFFFFFFFFFFFFFFFFFFFFFFFFFFFFFFFC7
:10C98000FFFFFFFFFFFFFFFFFFFFFFFFFFFFFFFFB7
:10C99000FFFFFFFFFFFFFFFFFFFFFFFFFFFFFFFFA7
:10C9A000FFFFFFFFFFFFFFFFFFFFFFFFFFFFFFFF97
:10C9B000FFFFFFFFFFFFFFFFFFFFFFFFFFFFFFFF87
:10C9C000FFFFFFFFFFFFFFFFFFFFFFFFFFFFFFFF77
:10C9D000FFFFFFFFFFFFFFFFFFFFFFFFFFFFFFFF67
:10C9E000FFFFFFFFFFFFFFFFFFFFFFFFFFFFFFFF57
:10C9F000FFFFFFFFFFFFFFFFFFFFFFFFFFFFFFFF47
:10CA0000FFFFFFFFFFFFFFFFFFFFFFFFFFFFFFFF36
:10CA1000FFFFFFFFFFFFFFFFFFFFFFFFFFFFFFFF26
:10CA2000FFFFFFFFFFFFFFFFFFFFFFFFFFFFFFFF16
:10CA3000FFFFFFFFFFFFFFFFFFFFFFFFFFFFFFFF06
:10CA4000FFFFFFFFFFFFFFFFFFFFFFFFFFFFFFFFF6
:10CA5000FFFFFFFFFFFFFFFFFFFFFFFFFFFFFFFFE6
:10CA6000FFFFFFFFFFFFFFFFFFFFFFFFFFFFFFFFD6
:10CA7000FFFFFFFFFFFFFFFFFFFFFFFFFFFFFFFFC6
:10CA8000FFFFFFFFFFFFFFFFFFFFFFFFFFFFFFFFB6
:10CA9000FFFFFFFFFFFFFFFFFFFFFFFFFFFFFFFFA6
:10CAA000FFFFFFFFFFFFFFFFFFFFFFFFFFFFFFFF96
:10CAB000FFFFFFFFFFFFFFFFFFFFFFFFFFFFFFFF86
:10CAC000FFFFFFFFFFFFFFFFFFFFFFFFFFFFFFFF76
:10CAD000FFFFFFFFFFFFFFFFFFFFFFFFFFFFFFFF66
:10CAE000FFFFFFFFFFFFFFFFFFFFFFFFFFFFFFFF56
:10CAF000FFFFFFFFFFFFFFFFFFFFFFFFFFFFFFFF46
:10CB0000FFFFFFFFFFFFFFFFFFFFFFFFFFFFFFFF35
:10CB1000FFFFFFFFFFFFFFFFFFFFFFFFFFFFFFFF25
:10CB2000FFFFFFFFFFFFFFFFFFFFFFFFFFFFFFFF15
:10CB3000FFFFFFFFFFFFFFFFFFFFFFFFFFFFFFFF05
:10CB4000FFFFFFFFFFFFFFFFFFFFFFFFFFFFFFFFF5
:10CB5000FFFFFFFFFFFFFFFFFFFFFFFFFFFFFFFFE5
:10CB6000FFFFFFFFFFFFFFFFFFFFFFFFFFFFFFFFD5
:10CB7000FFFFFFFFFFFFFFFFFFFFFFFFFFFFFFFFC5
:10CB8000FFFFFFFFFFFFFFFFFFFFFFFFFFFFFFFFB5
:10CB9000FFFFFFFFFFFFFFFFFFFFFFFFFFFFFFFFA5
:10CBA000FFFFFFFFFFFFFFFFFFFFFFFFFFFFFFFF95
:10CBB000FFFFFFFFFFFFFFFFFFFFFFFFFFFFFFFF85
:10CBC000FFFFFFFFFFFFFFFFFFFFFFFFFFFFFFFF75
:10CBD000FFFFFFFFFFFFFFFFFFFFFFFFFFFFFFFF65
:10CBE000FFFFFFFFFFFFFFFFFFFFFFFFFFFFFFFF55
:10CBF000FFFFFFFFFFFFFFFFFFFFFFFFFFFFFFFF45
:10CC0000FFFFFFFFFFFFFFFFFFFFFFFFFFFFFFFF34
:10CC1000FFFFFFFFFFFFFFFFFFFFFFFFFFFFFFFF24
:10CC2000FFFFFFFFFFFFFFFFFFFFFFFFFFFFFFFF14
:10CC3000FFFFFFFFFFFFFFFFFFFFFFFFFFFFFFFF04
:10CC4000FFFFFFFFFFFFFFFFFFFFFFFFFFFFFFFFF4
:10CC5000FFFFFFFFFFFFFFFFFFFFFFFFFFFFFFFFE4
:10CC6000FFFFFFFFFFFFFFFFFFFFFFFFFFFFFFFFD4
:10CC7000FFFFFFFFFFFFFFFFFFFFFFFFFFFFFFFFC4
:10CC8000FFFFFFFFFFFFFFFFFFFFFFFFFFFFFFFFB4
:10CC9000FFFFFFFFFFFFFFFFFFFFFFFFFFFFFFFFA4
:10CCA000FFFFFFFFFFFFFFFFFFFFFFFFFFFFFFFF94
:10CCB000FFFFFFFFFFFFFFFFFFFFFFFFFFFFFFFF84
:10CCC000FFFFFFFFFFFFFFFFFFFFFFFFFFFFFFFF74
:10CCD000FFFFFFFFFFFFFFFFFFFFFFFFFFFFFFFF64
:10CCE000FFFFFFFFFFFFFFFFFFFFFFFFFFFFFFFF54
:10CCF000FFFFFFFFFFFFFFFFFFFFFFFFFFFFFFFF44
:10CD0000FFFFFFFFFFFFFFFFFFFFFFFFFFFFFFFF33
:10CD1000FFFFFFFFFFFFFFFFFFFFFFFFFFFFFFFF23
:10CD2000FFFFFFFFFFFFFFFFFFFFFFFFFFFFFFFF13
:10CD3000FFFFFFFFFFFFFFFFFFFFFFFFFFFFFFFF03
:10CD4000FFFFFFFFFFFFFFFFFFFFFFFFFFFFFFFFF3
:10CD5000FFFFFFFFFFFFFFFFFFFFFFFFFFFFFFFFE3
:10CD6000FFFFFFFFFFFFFFFFFFFFFFFFFFFFFFFFD3
:10CD7000FFFFFFFFFFFFFFFFFFFFFFFFFFFFFFFFC3
:10CD8000FFFFFFFFFFFFFFFFFFFFFFFFFFFFFFFFB3
:10CD9000FFFFFFFFFFFFFFFFFFFFFFFFFFFFFFFFA3
:10CDA000FFFFFFFFFFFFFFFFFFFFFFFFFFFFFFFF93
:10CDB000FFFFFFFFFFFFFFFFFFFFFFFFFFFFFFFF83
:10CDC000FFFFFFFFFFFFFFFFFFFFFFFFFFFFFFFF73
:10CDD000FFFFFFFFFFFFFFFFFFFFFFFFFFFFFFFF63
:10CDE000FFFFFFFFFFFFFFFFFFFFFFFFFFFFFFFF53
:10CDF000FFFFFFFFFFFFFFFFFFFFFFFFFFFFFFFF43
:10CE0000FFFFFFFFFFFFFFFFFFFFFFFFFFFFFFFF32
:10CE1000FFFFFFFFFFFFFFFFFFFFFFFFFFFFFFFF22
:10CE2000FFFFFFFFFFFFFFFFFFFFFFFFFFFFFFFF12
:10CE3000FFFFFFFFFFFFFFFFFFFFFFFFFFFFFFFF02
:10CE4000FFFFFFFFFFFFFFFFFFFFFFFFFFFFFFFFF2
:10CE5000FFFFFFFFFFFFFFFFFFFFFFFFFFFFFFFFE2
:10CE6000FFFFFFFFFFFFFFFFFFFFFFFFFFFFFFFFD2
:10CE7000FFFFFFFFFFFFFFFFFFFFFFFFFFFFFFFFC2
:10CE8000FFFFFFFFFFFFFFFFFFFFFFFFFFFFFFFFB2
:10CE9000FFFFFFFFFFFFFFFFFFFFFFFFFFFFFFFFA2
:10CEA000FFFFFFFFFFFFFFFFFFFFFFFFFFFFFFFF92
:10CEB000FFFFFFFFFFFFFFFFFFFFFFFFFFFFFFFF82
:10CEC000FFFFFFFFFFFFFFFFFFFFFFFFFFFFFFFF72
:10CED000FFFFFFFFFFFFFFFFFFFFFFFFFFFFFFFF62
:10CEE000FFFFFFFFFFFFFFFFFFFFFFFFFFFFFFFF52
:10CEF000FFFFFFFFFFFFFFFFFFFFFFFFFFFFFFFF42
:10CF0000FFFFFFFFFFFFFFFFFFFFFFFFFFFFFFFF31
:10CF1000FFFFFFFFFFFFFFFFFFFFFFFFFFFFFFFF21
:10CF2000FFFFFFFFFFFFFFFFFFFFFFFFFFFFFFFF11
:10CF3000FFFFFFFFFFFFFFFFFFFFFFFFFFFFFFFF01
:10CF4000FFFFFFFFFFFFFFFFFFFFFFFFFFFFFFFFF1
:10CF5000FFFFFFFFFFFFFFFFFFFFFFFFFFFFFFFFE1
:10CF6000FFFFFFFFFFFFFFFFFFFFFFFFFFFFFFFFD1
:10CF7000FFFFFFFFFFFFFFFFFFFFFFFFFFFFFFFFC1
:10CF8000FFFFFFFFFFFFFFFFFFFFFFFFFFFFFFFFB1
:10CF9000FFFFFFFFFFFFFFFFFFFFFFFFFFFFFFFFA1
:10CFA000FFFFFFFFFFFFFFFFFFFFFFFFFFFFFFFF91
:10CFB000FFFFFFFFFFFFFFFFFFFFFFFFFFFFFFFF81
:10CFC000FFFFFFFFFFFFFFFFFFFFFFFFFFFFFFFF71
:10CFD000FFFFFFFFFFFFFFFFFFFFFFFFFFFFFFFF61
:10CFE000FFFFFFFFFFFFFFFFFFFFFFFFFFFFFFFF51
:10CFF000FFFFFFFFFFFFFFFFFFFFFFFFFFFFFFFF41
:10D00000FFFFFFFFFFFFFFFFFFFFFFFFFFFFFFFF30
:10D01000FFFFFFFFFFFFFFFFFFFFFFFFFFFFFFFF20
:10D02000FFFFFFFFFFFFFFFFFFFFFFFFFFFFFFFF10
:10D03000FFFFFFFFFFFFFFFFFFFFFFFFFFFFFFFF00
:10D04000FFFFFFFFFFFFFFFFFFFFFFFFFFFFFFFFF0
:10D05000FFFFFFFFFFFFFFFFFFFFFFFFFFFFFFFFE0
:10D06000FFFFFFFFFFFFFFFFFFFFFFFFFFFFFFFFD0
:10D07000FFFFFFFFFFFFFFFFFFFFFFFFFFFFFFFFC0
:10D08000FFFFFFFFFFFFFFFFFFFFFFFFFFFFFFFFB0
:10D09000FFFFFFFFFFFFFFFFFFFFFFFFFFFFFFFFA0
:10D0A000FFFFFFFFFFFFFFFFFFFFFFFFFFFFFFFF90
:10D0B000FFFFFFFFFFFFFFFFFFFFFFFFFFFFFFFF80
:10D0C000FFFFFFFFFFFFFFFFFFFFFFFFFFFFFFFF70
:10D0D000FFFFFFFFFFFFFFFFFFFFFFFFFFFFFFFF60
:10D0E000FFFFFFFFFFFFFFFFFFFFFFFFFFFFFFFF50
:10D0F000FFFFFFFFFFFFFFFFFFFFFFFFFFFFFFFF40
:10D10000FFFFFFFFFFFFFFFFFFFFFFFFFFFFFFFF2F
:10D11000FFFFFFFFFFFFFFFFFFFFFFFFFFFFFFFF1F
:10D12000FFFFFFFFFFFFFFFFFFFFFFFFFFFFFFFF0F
:10D13000FFFFFFFFFFFFFFFFFFFFFFFFFFFFFFFFFF
:10D14000FFFFFFFFFFFFFFFFFFFFFFFFFFFFFFFFEF
:10D15000FFFFFFFFFFFFFFFFFFFFFFFFFFFFFFFFDF
:10D16000FFFFFFFFFFFFFFFFFFFFFFFFFFFFFFFFCF
:10D17000FFFFFFFFFFFFFFFFFFFFFFFFFFFFFFFFBF
:10D18000FFFFFFFFFFFFFFFFFFFFFFFFFFFFFFFFAF
:10D19000FFFFFFFFFFFFFFFFFFFFFFFFFFFFFFFF9F
:10D1A000FFFFFFFFFFFFFFFFFFFFFFFFFFFFFFFF8F
:10D1B000FFFFFFFFFFFFFFFFFFFFFFFFFFFFFFFF7F
:10D1C000FFFFFFFFFFFFFFFFFFFFFFFFFFFFFFFF6F
:10D1D000FFFFFFFFFFFFFFFFFFFFFFFFFFFFFFFF5F
:10D1E000FFFFFFFFFFFFFFFFFFFFFFFFFFFFFFFF4F
:10D1F000FFFFFFFFFFFFFFFFFFFFFFFFFFFFFFFF3F
:10D20000FFFFFFFFFFFFFFFFFFFFFFFFFFFFFFFF2E
:10D21000FFFFFFFFFFFFFFFFFFFFFFFFFFFFFFFF1E
:10D22000FFFFFFFFFFFFFFFFFFFFFFFFFFFFFFFF0E
:10D23000FFFFFFFFFFFFFFFFFFFFFFFFFFFFFFFFFE
:10D24000FFFFFFFFFFFFFFFFFFFFFFFFFFFFFFFFEE
:10D25000FFFFFFFFFFFFFFFFFFFFFFFFFFFFFFFFDE
:10D26000FFFFFFFFFFFFFFFFFFFFFFFFFFFFFFFFCE
:10D27000FFFFFFFFFFFFFFFFFFFFFFFFFFFFFFFFBE
:10D28000FFFFFFFFFFFFFFFFFFFFFFFFFFFFFFFFAE
:10D29000FFFFFFFFFFFFFFFFFFFFFFFFFFFFFFFF9E
:10D2A000FFFFFFFFFFFFFFFFFFFFFFFFFFFFFFFF8E
:10D2B000FFFFFFFFFFFFFFFFFFFFFFFFFFFFFFFF7E
:10D2C000FFFFFFFFFFFFFFFFFFFFFFFFFFFFFFFF6E
:10D2D000FFFFFFFFFFFFFFFFFFFFFFFFFFFFFFFF5E
:10D2E000FFFFFFFFFFFFFFFFFFFFFFFFFFFFFFFF4E
:10D2F000FFFFFFFFFFFFFFFFFFFFFFFFFFFFFFFF3E
:10D30000FFFFFFFFFFFFFFFFFFFFFFFFFFFFFFFF2D
:10D31000FFFFFFFFFFFFFFFFFFFFFFFFFFFFFFFF1D
:10D32000FFFFFFFFFFFFFFFFFFFFFFFFFFFFFFFF0D
:10D33000FFFFFFFFFFFFFFFFFFFFFFFFFFFFFFFFFD
:10D34000FFFFFFFFFFFFFFFFFFFFFFFFFFFFFFFFED
:10D35000FFFFFFFFFFFFFFFFFFFFFFFFFFFFFFFFDD
:10D36000FFFFFFFFFFFFFFFFFFFFFFFFFFFFFFFFCD
:10D37000FFFFFFFFFFFFFFFFFFFFFFFFFFFFFFFFBD
:10D38000FFFFFFFFFFFFFFFFFFFFFFFFFFFFFFFFAD
:10D39000FFFFFFFFFFFFFFFFFFFFFFFFFFFFFFFF9D
:10D3A000FFFFFFFFFFFFFFFFFFFFFFFFFFFFFFFF8D
:10D3B000FFFFFFFFFFFFFFFFFFFFFFFFFFFFFFFF7D
:10D3C000FFFFFFFFFFFFFFFFFFFFFFFFFFFFFFFF6D
:10D3D000FFFFFFFFFFFFFFFFFFFFFFFFFFFFFFFF5D
:10D3E000FFFFFFFFFFFFFFFFFFFFFFFFFFFFFFFF4D
:10D3F000FFFFFFFFFFFFFFFFFFFFFFFFFFFFFFFF3D
:10D40000FFFFFFFFFFFFFFFFFFFFFFFFFFFFFFFF2C
:10D41000FFFFFFFFFFFFFFFFFFFFFFFFFFFFFFFF1C
:10D42000FFFFFFFFFFFFFFFFFFFFFFFFFFFFFFFF0C
:10D43000FFFFFFFFFFFFFFFFFFFFFFFFFFFFFFFFFC
:10D44000FFFFFFFFFFFFFFFFFFFFFFFFFFFFFFFFEC
:10D45000FFFFFFFFFFFFFFFFFFFFFFFFFFFFFFFFDC
:10D46000FFFFFFFFFFFFFFFFFFFFFFFFFFFFFFFFCC
:10D47000FFFFFFFFFFFFFFFFFFFFFFFFFFFFFFFFBC
:10D48000FFFFFFFFFFFFFFFFFFFFFFFFFFFFFFFFAC
:10D49000FFFFFFFFFFFFFFFFFFFFFFFFFFFFFFFF9C
:10D4A000FFFFFFFFFFFFFFFFFFFFFFFFFFFFFFFF8C
:10D4B000FFFFFFFFFFFFFFFFFFFFFFFFFFFFFFFF7C
:10D4C000FFFFFFFFFFFFFFFFFFFFFFFFFFFFFFFF6C
:10D4D000FFFFFFFFFFFFFFFFFFFFFFFFFFFFFFFF5C
:10D4E000FFFFFFFFFFFFFFFFFFFFFFFFFFFFFFFF4C
:10D4F000FFFFFFFFFFFFFFFFFFFFFFFFFFFFFFFF3C
:10D50000FFFFFFFFFFFFFFFFFFFFFFFFFFFFFFFF2B
:10D51000FFFFFFFFFFFFFFFFFFFFFFFFFFFFFFFF1B
:10D52000FFFFFFFFFFFFFFFFFFFFFFFFFFFFFFFF0B
:10D53000FFFFFFFFFFFFFFFFFFFFFFFFFFFFFFFFFB
:10D54000FFFFFFFFFFFFFFFFFFFFFFFFFFFFFFFFEB
:10D55000FFFFFFFFFFFFFFFFFFFFFFFFFFFFFFFFDB
:10D56000FFFFFFFFFFFFFFFFFFFFFFFFFFFFFFFFCB
:10D57000FFFFFFFFFFFFFFFFFFFFFFFFFFFFFFFFBB
:10D58000FFFFFFFFFFFFFFFFFFFFFFFFFFFFFFFFAB
:10D59000FFFFFFFFFFFFFFFFFFFFFFFFFFFFFFFF9B
:10D5A000FFFFFFFFFFFFFFFFFFFFFFFFFFFFFFFF8B
:10D5B000FFFFFFFFFFFFFFFFFFFFFFFFFFFFFFFF7B
:10D5C000FFFFFFFFFFFFFFFFFFFFFFFFFFFFFFFF6B
:10D5D000FFFFFFFFFFFFFFFFFFFFFFFFFFFFFFFF5B
:10D5E000FFFFFFFFFFFFFFFFFFFFFFFFFFFFFFFF4B
:10D5F000FFFFFFFFFFFFFFFFFFFFFFFFFFFFFFFF3B
:10D60000FFFFFFFFFFFFFFFFFFFFFFFFFFFFFFFF2A
:10D61000FFFFFFFFFFFFFFFFFFFFFFFFFFFFFFFF1A
:10D62000FFFFFFFFFFFFFFFFFFFFFFFFFFFFFFFF0A
:10D63000FFFFFFFFFFFFFFFFFFFFFFFFFFFFFFFFFA
:10D64000FFFFFFFFFFFFFFFFFFFFFFFFFFFFFFFFEA
:10D65000FFFFFFFFFFFFFFFFFFFFFFFFFFFFFFFFDA
:10D66000FFFFFFFFFFFFFFFFFFFFFFFFFFFFFFFFCA
:10D67000FFFFFFFFFFFFFFFFFFFFFFFFFFFFFFFFBA
:10D68000FFFFFFFFFFFFFFFFFFFFFFFFFFFFFFFFAA
:10D69000FFFFFFFFFFFFFFFFFFFFFFFFFFFFFFFF9A
:10D6A000FFFFFFFFFFFFFFFFFFFFFFFFFFFFFFFF8A
:10D6B000FFFFFFFFFFFFFFFFFFFFFFFFFFFFFFFF7A
:10D6C000FFFFFFFFFFFFFFFFFFFFFFFFFFFFFFFF6A
:10D6D000FFFFFFFFFFFFFFFFFFFFFFFFFFFFFFFF5A
:10D6E000FFFFFFFFFFFFFFFFFFFFFFFFFFFFFFFF4A
:10D6F000FFFFFFFFFFFFFFFFFFFFFFFFFFFFFFFF3A
:10D70000FFFFFFFFFFFFFFFFFFFFFFFFFFFFFFFF29
:10D71000FFFFFFFFFFFFFFFFFFFFFFFFFFFFFFFF19
:10D72000FFFFFFFFFFFFFFFFFFFFFFFFFFFFFFFF09
:10D73000FFFFFFFFFFFFFFFFFFFFFFFFFFFFFFFFF9
:10D74000FFFFFFFFFFFFFFFFFFFFFFFFFFFFFFFFE9
:10D75000FFFFFFFFFFFFFFFFFFFFFFFFFFFFFFFFD9
:10D76000FFFFFFFFFFFFFFFFFFFFFFFFFFFFFFFFC9
:10D77000FFFFFFFFFFFFFFFFFFFFFFFFFFFFFFFFB9
:10D78000FFFFFFFFFFFFFFFFFFFFFFFFFFFFFFFFA9
:10D79000FFFFFFFFFFFFFFFFFFFFFFFFFFFFFFFF99
:10D7A000FFFFFFFFFFFFFFFFFFFFFFFFFFFFFFFF89
:10D7B000FFFFFFFFFFFFFFFFFFFFFFFFFFFFFFFF79
:10D7C000FFFFFFFFFFFFFFFFFFFFFFFFFFFFFFFF69
:10D7D000FFFFFFFFFFFFFFFFFFFFFFFFFFFFFFFF59
:10D7E000FFFFFFFFFFFFFFFFFFFFFFFFFFFFFFFF49
:10D7F000FFFFFFFFFFFFFFFFFFFFFFFFFFFFFFFF39
:10D80000FFFFFFFFFFFFFFFFFFFFFFFFFFFFFFFF28
:10D81000FFFFFFFFFFFFFFFFFFFFFFFFFFFFFFFF18
:10D82000FFFFFFFFFFFFFFFFFFFFFFFFFFFFFFFF08
:10D83000FFFFFFFFFFFFFFFFFFFFFFFFFFFFFFFFF8
:10D84000FFFFFFFFFFFFFFFFFFFFFFFFFFFFFFFFE8
:10D85000FFFFFFFFFFFFFFFFFFFFFFFFFFFFFFFFD8
:10D86000FFFFFFFFFFFFFFFFFFFFFFFFFFFFFFFFC8
:10D87000FFFFFFFFFFFFFFFFFFFFFFFFFFFFFFFFB8
:10D88000FFFFFFFFFFFFFFFFFFFFFFFFFFFFFFFFA8
:10D89000FFFFFFFFFFFFFFFFFFFFFFFFFFFFFFFF98
:10D8A000FFFFFFFFFFFFFFFFFFFFFFFFFFFFFFFF88
:10D8B000FFFFFFFFFFFFFFFFFFFFFFFFFFFFFFFF78
:10D8C000FFFFFFFFFFFFFFFFFFFFFFFFFFFFFFFF68
:10D8D000FFFFFFFFFFFFFFFFFFFFFFFFFFFFFFFF58
:10D8E000FFFFFFFFFFFFFFFFFFFFFFFFFFFFFFFF48
:10D8F000FFFFFFFFFFFFFFFFFFFFFFFFFFFFFFFF38
:10D90000FFFFFFFFFFFFFFFFFFFFFFFFFFFFFFFF27
:10D91000FFFFFFFFFFFFFFFFFFFFFFFFFFFFFFFF17
:10D92000FFFFFFFFFFFFFFFFFFFFFFFFFFFFFFFF07
:10D93000FFFFFFFFFFFFFFFFFFFFFFFFFFFFFFFFF7
:10D94000FFFFFFFFFFFFFFFFFFFFFFFFFFFFFFFFE7
:10D95000FFFFFFFFFFFFFFFFFFFFFFFFFFFFFFFFD7
:10D96000FFFFFFFFFFFFFFFFFFFFFFFFFFFFFFFFC7
:10D97000FFFFFFFFFFFFFFFFFFFFFFFFFFFFFFFFB7
:10D98000FFFFFFFFFFFFFFFFFFFFFFFFFFFFFFFFA7
:10D99000FFFFFFFFFFFFFFFFFFFFFFFFFFFFFFFF97
:10D9A000FFFFFFFFFFFFFFFFFFFFFFFFFFFFFFFF87
:10D9B000FFFFFFFFFFFFFFFFFFFFFFFFFFFFFFFF77
:10D9C000FFFFFFFFFFFFFFFFFFFFFFFFFFFFFFFF67
:10D9D000FFFFFFFFFFFFFFFFFFFFFFFFFFFFFFFF57
:10D9E000FFFFFFFFFFFFFFFFFFFFFFFFFFFFFFFF47
:10D9F000FFFFFFFFFFFFFFFFFFFFFFFFFFFFFFFF37
:10DA0000FFFFFFFFFFFFFFFFFFFFFFFFFFFFFFFF26
:10DA1000FFFFFFFFFFFFFFFFFFFFFFFFFFFFFFFF16
:10DA2000FFFFFFFFFFFFFFFFFFFFFFFFFFFFFFFF06
:10DA3000FFFFFFFFFFFFFFFFFFFFFFFFFFFFFFFFF6
:10DA4000FFFFFFFFFFFFFFFFFFFFFFFFFFFFFFFFE6
:10DA5000FFFFFFFFFFFFFFFFFFFFFFFFFFFFFFFFD6
:10DA6000FFFFFFFFFFFFFFFFFFFFFFFFFFFFFFFFC6
:10DA7000FFFFFFFFFFFFFFFFFFFFFFFFFFFFFFFFB6
:10DA8000FFFFFFFFFFFFFFFFFFFFFFFFFFFFFFFFA6
:10DA9000FFFFFFFFFFFFFFFFFFFFFFFFFFFFFFFF96
:10DAA000FFFFFFFFFFFFFFFFFFFFFFFFFFFFFFFF86
:10DAB000FFFFFFFFFFFFFFFFFFFFFFFFFFFFFFFF76
:10DAC000FFFFFFFFFFFFFFFFFFFFFFFFFFFFFFFF66
:10DAD000FFFFFFFFFFFFFFFFFFFFFFFFFFFFFFFF56
:10DAE000FFFFFFFFFFFFFFFFFFFFFFFFFFFFFFFF46
:10DAF000FFFFFFFFFFFFFFFFFFFFFFFFFFFFFFFF36
:10DB0000FFFFFFFFFFFFFFFFFFFFFFFFFFFFFFFF25
:10DB1000FFFFFFFFFFFFFFFFFFFFFFFFFFFFFFFF15
:10DB2000FFFFFFFFFFFFFFFFFFFFFFFFFFFFFFFF05
:10DB3000FFFFFFFFFFFFFFFFFFFFFFFFFFFFFFFFF5
:10DB4000FFFFFFFFFFFFFFFFFFFFFFFFFFFFFFFFE5
:10DB5000FFFFFFFFFFFFFFFFFFFFFFFFFFFFFFFFD5
:10DB6000FFFFFFFFFFFFFFFFFFFFFFFFFFFFFFFFC5
:10DB7000FFFFFFFFFFFFFFFFFFFFFFFFFFFFFFFFB5
:10DB8000FFFFFFFFFFFFFFFFFFFFFFFFFFFFFFFFA5
:10DB9000FFFFFFFFFFFFFFFFFFFFFFFFFFFFFFFF95
:10DBA000FFFFFFFFFFFFFFFFFFFFFFFFFFFFFFFF85
:10DBB000FFFFFFFFFFFFFFFFFFFFFFFFFFFFFFFF75
:10DBC000FFFFFFFFFFFFFFFFFFFFFFFFFFFFFFFF65
:10DBD000FFFFFFFFFFFFFFFFFFFFFFFFFFFFFFFF55
:10DBE000FFFFFFFFFFFFFFFFFFFFFFFFFFFFFFFF45
:10DBF000FFFFFFFFFFFFFFFFFFFFFFFFFFFFFFFF35
:10DC0000FFFFFFFFFFFFFFFFFFFFFFFFFFFFFFFF24
:10DC1000FFFFFFFFFFFFFFFFFFFFFFFFFFFFFFFF14
:10DC2000FFFFFFFFFFFFFFFFFFFFFFFFFFFFFFFF04
:10DC3000FFFFFFFFFFFFFFFFFFFFFFFFFFFFFFFFF4
:10DC4000FFFFFFFFFFFFFFFFFFFFFFFFFFFFFFFFE4
:10DC5000FFFFFFFFFFFFFFFFFFFFFFFFFFFFFFFFD4
:10DC6000FFFFFFFFFFFFFFFFFFFFFFFFFFFFFFFFC4
:10DC7000FFFFFFFFFFFFFFFFFFFFFFFFFFFFFFFFB4
:10DC8000FFFFFFFFFFFFFFFFFFFFFFFFFFFFFFFFA4
:10DC9000FFFFFFFFFFFFFFFFFFFFFFFFFFFFFFFF94
:10DCA000FFFFFFFFFFFFFFFFFFFFFFFFFFFFFFFF84
:10DCB000FFFFFFFFFFFFFFFFFFFFFFFFFFFFFFFF74
:10DCC000FFFFFFFFFFFFFFFFFFFFFFFFFFFFFFFF64
:10DCD000FFFFFFFFFFFFFFFFFFFFFFFFFFFFFFFF54
:10DCE000FFFFFFFFFFFFFFFFFFFFFFFFFFFFFFFF44
:10DCF000FFFFFFFFFFFFFFFFFFFFFFFFFFFFFFFF34
:10DD0000FFFFFFFFFFFFFFFFFFFFFFFFFFFFFFFF23
:10DD1000FFFFFFFFFFFFFFFFFFFFFFFFFFFFFFFF13
:10DD2000FFFFFFFFFFFFFFFFFFFFFFFFFFFFFFFF03
:10DD3000FFFFFFFFFFFFFFFFFFFFFFFFFFFFFFFFF3
:10DD4000FFFFFFFFFFFFFFFFFFFFFFFFFFFFFFFFE3
:10DD5000FFFFFFFFFFFFFFFFFFFFFFFFFFFFFFFFD3
:10DD6000FFFFFFFFFFFFFFFFFFFFFFFFFFFFFFFFC3
:10DD7000FFFFFFFFFFFFFFFFFFFFFFFFFFFFFFFFB3
:10DD8000FFFFFFFFFFFFFFFFFFFFFFFFFFFFFFFFA3
:10DD9000FFFFFFFFFFFFFFFFFFFFFFFFFFFFFFFF93
:10DDA000FFFFFFFFFFFFFFFFFFFFFFFFFFFFFFFF83
:10DDB000FFFFFFFFFFFFFFFFFFFFFFFFFFFFFFFF73
:10DDC000FFFFFFFFFFFFFFFFFFFFFFFFFFFFFFFF63
:10DDD000FFFFFFFFFFFFFFFFFFFFFFFFFFFFFFFF53
:10DDE000FFFFFFFFFFFFFFFFFFFFFFFFFFFFFFFF43
:10DDF000FFFFFFFFFFFFFFFFFFFFFFFFFFFFFFFF33
:10DE0000FFFFFFFFFFFFFFFFFFFFFFFFFFFFFFFF22
:10DE1000FFFFFFFFFFFFFFFFFFFFFFFFFFFFFFFF12
:10DE2000FFFFFFFFFFFFFFFFFFFFFFFFFFFFFFFF02
:10DE3000FFFFFFFFFFFFFFFFFFFFFFFFFFFFFFFFF2
:10DE4000FFFFFFFFFFFFFFFFFFFFFFFFFFFFFFFFE2
:10DE5000FFFFFFFFFFFFFFFFFFFFFFFFFFFFFFFFD2
:10DE6000FFFFFFFFFFFFFFFFFFFFFFFFFFFFFFFFC2
:10DE7000FFFFFFFFFFFFFFFFFFFFFFFFFFFFFFFFB2
:10DE8000FFFFFFFFFFFFFFFFFFFFFFFFFFFFFFFFA2
:10DE9000FFFFFFFFFFFFFFFFFFFFFFFFFFFFFFFF92
:10DEA000FFFFFFFFFFFFFFFFFFFFFFFFFFFFFFFF82
:10DEB000FFFFFFFFFFFFFFFFFFFFFFFFFFFFFFFF72
:10DEC000FFFFFFFFFFFFFFFFFFFFFFFFFFFFFFFF62
:10DED000FFFFFFFFFFFFFFFFFFFFFFFFFFFFFFFF52
:10DEE000FFFFFFFFFFFFFFFFFFFFFFFFFFFFFFFF42
:10DEF000FFFFFFFFFFFFFFFFFFFFFFFFFFFFFFFF32
:10DF0000FFFFFFFFFFFFFFFFFFFFFFFFFFFFFFFF21
:10DF1000FFFFFFFFFFFFFFFFFFFFFFFFFFFFFFFF11
:10DF2000FFFFFFFFFFFFFFFFFFFFFFFFFFFFFFFF01
:10DF3000FFFFFFFFFFFFFFFFFFFFFFFFFFFFFFFFF1
:10DF4000FFFFFFFFFFFFFFFFFFFFFFFFFFFFFFFFE1
:10DF5000FFFFFFFFFFFFFFFFFFFFFFFFFFFFFFFFD1
:10DF6000FFFFFFFFFFFFFFFFFFFFFFFFFFFFFFFFC1
:10DF7000FFFFFFFFFFFFFFFFFFFFFFFFFFFFFFFFB1
:10DF8000FFFFFFFFFFFFFFFFFFFFFFFFFFFFFFFFA1
:10DF9000FFFFFFFFFFFFFFFFFFFFFFFFFFFFFFFF91
:10DFA000FFFFFFFFFFFFFFFFFFFFFFFFFFFFFFFF81
:10DFB000FFFFFFFFFFFFFFFFFFFFFFFFFFFFFFFF71
:10DFC000FFFFFFFFFFFFFFFFFFFFFFFFFFFFFFFF61
:10DFD000FFFFFFFFFFFFFFFFFFFFFFFFFFFFFFFF51
:10DFE000FFFFFFFFFFFFFFFFFFFFFFFFFFFFFFFF41
:10DFF000FFFFFFFFFFFFFFFFFFFFFFFFFFFFFFFF31
:10E00000FFFFFFFFFFFFFFFFFFFFFFFFFFFFFFFF20
:10E01000FFFFFFFFFFFFFFFFFFFFFFFFFFFFFFFF10
:10E02000FFFFFFFFFFFFFFFFFFFFFFFFFFFFFFFF00
:10E03000FFFFFFFFFFFFFFFFFFFFFFFFFFFFFFFFF0
:10E04000FFFFFFFFFFFFFFFFFFFFFFFFFFFFFFFFE0
:10E05000FFFFFFFFFFFFFFFFFFFFFFFFFFFFFFFFD0
:10E06000FFFFFFFFFFFFFFFFFFFFFFFFFFFFFFFFC0
:10E07000FFFFFFFFFFFFFFFFFFFFFFFFFFFFFFFFB0
:10E08000FFFFFFFFFFFFFFFFFFFFFFFFFFFFFFFFA0
:10E09000FFFFFFFFFFFFFFFFFFFFFFFFFFFFFFFF90
:10E0A000FFFFFFFFFFFFFFFFFFFFFFFFFFFFFFFF80
:10E0B000FFFFFFFFFFFFFFFFFFFFFFFFFFFFFFFF70
:10E0C000FFFFFFFFFFFFFFFFFFFFFFFFFFFFFFFF60
:10E0D000FFFFFFFFFFFFFFFFFFFFFFFFFFFFFFFF50
:10E0E000FFFFFFFFFFFFFFFFFFFFFFFFFFFFFFFF40
:10E0F000FFFFFFFFFFFFFFFFFFFFFFFFFFFFFFFF30
:10E10000FFFFFFFFFFFFFFFFFFFFFFFFFFFFFFFF1F
:10E11000FFFFFFFFFFFFFFFFFFFFFFFFFFFFFFFF0F
:10E12000FFFFFFFFFFFFFFFFFFFFFFFFFFFFFFFFFF
:10E13000FFFFFFFFFFFFFFFFFFFFFFFFFFFFFFFFEF
:10E14000FFFFFFFFFFFFFFFFFFFFFFFFFFFFFFFFDF
:10E15000FFFFFFFFFFFFFFFFFFFFFFFFFFFFFFFFCF
:10E16000FFFFFFFFFFFFFFFFFFFFFFFFFFFFFFFFBF
:10E17000FFFFFFFFFFFFFFFFFFFFFFFFFFFFFFFFAF
:10E18000FFFFFFFFFFFFFFFFFFFFFFFFFFFFFFFF9F
:10E19000FFFFFFFFFFFFFFFFFFFFFFFFFFFFFFFF8F
:10E1A000FFFFFFFFFFFFFFFFFFFFFFFFFFFFFFFF7F
:10E1B000FFFFFFFFFFFFFFFFFFFFFFFFFFFFFFFF6F
:10E1C000FFFFFFFFFFFFFFFFFFFFFFFFFFFFFFFF5F
:10E1D000FFFFFFFFFFFFFFFFFFFFFFFFFFFFFFFF4F
:10E1E000FFFFFFFFFFFFFFFFFFFFFFFFFFFFFFFF3F
:10E1F000FFFFFFFFFFFFFFFFFFFFFFFFFFFFFFFF2F
:10E20000FFFFFFFFFFFFFFFFFFFFFFFFFFFFFFFF1E
:10E21000FFFFFFFFFFFFFFFFFFFFFFFFFFFFFFFF0E
:10E22000FFFFFFFFFFFFFFFFFFFFFFFFFFFFFFFFFE
:10E23000FFFFFFFFFFFFFFFFFFFFFFFFFFFFFFFFEE
:10E24000FFFFFFFFFFFFFFFFFFFFFFFFFFFFFFFFDE
:10E25000FFFFFFFFFFFFFFFFFFFFFFFFFFFFFFFFCE
:10E26000FFFFFFFFFFFFFFFFFFFFFFFFFFFFFFFFBE
:10E27000FFFFFFFFFFFFFFFFFFFFFFFFFFFFFFFFAE
:10E28000FFFFFFFFFFFFFFFFFFFFFFFFFFFFFFFF9E
:10E29000FFFFFFFFFFFFFFFFFFFFFFFFFFFFFFFF8E
:10E2A000FFFFFFFFFFFFFFFFFFFFFFFFFFFFFFFF7E
:10E2B000FFFFFFFFFFFFFFFFFFFFFFFFFFFFFFFF6E
:10E2C000FFFFFFFFFFFFFFFFFFFFFFFFFFFFFFFF5E
:10E2D000FFFFFFFFFFFFFFFFFFFFFFFFFFFFFFFF4E
:10E2E000FFFFFFFFFFFFFFFFFFFFFFFFFFFFFFFF3E
:10E2F000FFFFFFFFFFFFFFFFFFFFFFFFFFFFFFFF2E
:10E30000FFFFFFFFFFFFFFFFFFFFFFFFFFFFFFFF1D
:10E31000FFFFFFFFFFFFFFFFFFFFFFFFFFFFFFFF0D
:10E32000FFFFFFFFFFFFFFFFFFFFFFFFFFFFFFFFFD
:10E33000FFFFFFFFFFFFFFFFFFFFFFFFFFFFFFFFED
:10E34000FFFFFFFFFFFFFFFFFFFFFFFFFFFFFFFFDD
:10E35000FFFFFFFFFFFFFFFFFFFFFFFFFFFFFFFFCD
:10E36000FFFFFFFFFFFFFFFFFFFFFFFFFFFFFFFFBD
:10E37000FFFFFFFFFFFFFFFFFFFFFFFFFFFFFFFFAD
:10E38000FFFFFFFFFFFFFFFFFFFFFFFFFFFFFFFF9D
:10E39000FFFFFFFFFFFFFFFFFFFFFFFFFFFFFFFF8D
:10E3A000FFFFFFFFFFFFFFFFFFFFFFFFFFFFFFFF7D
:10E3B000FFFFFFFFFFFFFFFFFFFFFFFFFFFFFFFF6D
:10E3C000FFFFFFFFFFFFFFFFFFFFFFFFFFFFFFFF5D
:10E3D000FFFFFFFFFFFFFFFFFFFFFFFFFFFFFFFF4D
:10E3E000FFFFFFFFFFFFFFFFFFFFFFFFFFFFFFFF3D
:10E3F000FFFFFFFFFFFFFFFFFFFFFFFFFFFFFFFF2D
:10E40000FFFFFFFFFFFFFFFFFFFFFFFFFFFFFFFF1C
:10E41000FFFFFFFFFFFFFFFFFFFFFFFFFFFFFFFF0C
:10E42000FFFFFFFFFFFFFFFFFFFFFFFFFFFFFFFFFC
:10E43000FFFFFFFFFFFFFFFFFFFFFFFFFFFFFFFFEC
:10E44000FFFFFFFFFFFFFFFFFFFFFFFFFFFFFFFFDC
:10E45000FFFFFFFFFFFFFFFFFFFFFFFFFFFFFFFFCC
:10E46000FFFFFFFFFFFFFFFFFFFFFFFFFFFFFFFFBC
:10E47000FFFFFFFFFFFFFFFFFFFFFFFFFFFFFFFFAC
:10E48000FFFFFFFFFFFFFFFFFFFFFFFFFFFFFFFF9C
:10E49000FFFFFFFFFFFFFFFFFFFFFFFFFFFFFFFF8C
:10E4A000FFFFFFFFFFFFFFFFFFFFFFFFFFFFFFFF7C
:10E4B000FFFFFFFFFFFFFFFFFFFFFFFFFFFFFFFF6C
:10E4C000FFFFFFFFFFFFFFFFFFFFFFFFFFFFFFFF5C
:10E4D000FFFFFFFFFFFFFFFFFFFFFFFFFFFFFFFF4C
:10E4E000FFFFFFFFFFFFFFFFFFFFFFFFFFFFFFFF3C
:10E4F000FFFFFFFFFFFFFFFFFFFFFFFFFFFFFFFF2C
:10E50000FFFFFFFFFFFFFFFFFFFFFFFFFFFFFFFF1B
:10E51000FFFFFFFFFFFFFFFFFFFFFFFFFFFFFFFF0B
:10E52000FFFFFFFFFFFFFFFFFFFFFFFFFFFFFFFFFB
:10E53000FFFFFFFFFFFFFFFFFFFFFFFFFFFFFFFFEB
:10E54000FFFFFFFFFFFFFFFFFFFFFFFFFFFFFFFFDB
:10E55000FFFFFFFFFFFFFFFFFFFFFFFFFFFFFFFFCB
:10E56000FFFFFFFFFFFFFFFFFFFFFFFFFFFFFFFFBB
:10E57000FFFFFFFFFFFFFFFFFFFFFFFFFFFFFFFFAB
:10E58000FFFFFFFFFFFFFFFFFFFFFFFFFFFFFFFF9B
:10E59000FFFFFFFFFFFFFFFFFFFFFFFFFFFFFFFF8B
:10E5A000FFFFFFFFFFFFFFFFFFFFFFFFFFFFFFFF7B
:10E5B000FFFFFFFFFFFFFFFFFFFFFFFFFFFFFFFF6B
:10E5C000FFFFFFFFFFFFFFFFFFFFFFFFFFFFFFFF5B
:10E5D000FFFFFFFFFFFFFFFFFFFFFFFFFFFFFFFF4B
:10E5E000FFFFFFFFFFFFFFFFFFFFFFFFFFFFFFFF3B
:10E5F000FFFFFFFFFFFFFFFFFFFFFFFFFFFFFFFF2B
:10E60000FFFFFFFFFFFFFFFFFFFFFFFFFFFFFFFF1A
:10E61000FFFFFFFFFFFFFFFFFFFFFFFFFFFFFFFF0A
:10E62000FFFFFFFFFFFFFFFFFFFFFFFFFFFFFFFFFA
:10E63000FFFFFFFFFFFFFFFFFFFFFFFFFFFFFFFFEA
:10E64000FFFFFFFFFFFFFFFFFFFFFFFFFFFFFFFFDA
:10E65000FFFFFFFFFFFFFFFFFFFFFFFFFFFFFFFFCA
:10E66000FFFFFFFFFFFFFFFFFFFFFFFFFFFFFFFFBA
:10E67000FFFFFFFFFFFFFFFFFFFFFFFFFFFFFFFFAA
:10E68000FFFFFFFFFFFFFFFFFFFFFFFFFFFFFFFF9A
:10E69000FFFFFFFFFFFFFFFFFFFFFFFFFFFFFFFF8A
:10E6A000FFFFFFFFFFFFFFFFFFFFFFFFFFFFFFFF7A
:10E6B000FFFFFFFFFFFFFFFFFFFFFFFFFFFFFFFF6A
:10E6C000FFFFFFFFFFFFFFFFFFFFFFFFFFFFFFFF5A
:10E6D000FFFFFFFFFFFFFFFFFFFFFFFFFFFFFFFF4A
:10E6E000FFFFFFFFFFFFFFFFFFFFFFFFFFFFFFFF3A
:10E6F000FFFFFFFFFFFFFFFFFFFFFFFFFFFFFFFF2A
:10E70000FFFFFFFFFFFFFFFFFFFFFFFFFFFFFFFF19
:10E71000FFFFFFFFFFFFFFFFFFFFFFFFFFFFFFFF09
:10E72000FFFFFFFFFFFFFFFFFFFFFFFFFFFFFFFFF9
:10E73000FFFFFFFFFFFFFFFFFFFFFFFFFFFFFFFFE9
:10E74000FFFFFFFFFFFFFFFFFFFFFFFFFFFFFFFFD9
:10E75000FFFFFFFFFFFFFFFFFFFFFFFFFFFFFFFFC9
:10E76000FFFFFFFFFFFFFFFFFFFFFFFFFFFFFFFFB9
:10E77000FFFFFFFFFFFFFFFFFFFFFFFFFFFFFFFFA9
:10E78000FFFFFFFFFFFFFFFFFFFFFFFFFFFFFFFF99
:10E79000FFFFFFFFFFFFFFFFFFFFFFFFFFFFFFFF89
:10E7A000FFFFFFFFFFFFFFFFFFFFFFFFFFFFFFFF79
:10E7B000FFFFFFFFFFFFFFFFFFFFFFFFFFFFFFFF69
:10E7C000FFFFFFFFFFFFFFFFFFFFFFFFFFFFFFFF59
:10E7D000FFFFFFFFFFFFFFFFFFFFFFFFFFFFFFFF49
:10E7E000FFFFFFFFFFFFFFFFFFFFFFFFFFFFFFFF39
:10E7F000FFFFFFFFFFFFFFFFFFFFFFFFFFFFFFFF29
:10E80000FFFFFFFFFFFFFFFFFFFFFFFFFFFFFFFF18
:10E81000FFFFFFFFFFFFFFFFFFFFFFFFFFFFFFFF08
:10E82000FFFFFFFFFFFFFFFFFFFFFFFFFFFFFFFFF8
:10E83000FFFFFFFFFFFFFFFFFFFFFFFFFFFFFFFFE8
:10E84000FFFFFFFFFFFFFFFFFFFFFFFFFFFFFFFFD8
:10E85000FFFFFFFFFFFFFFFFFFFFFFFFFFFFFFFFC8
:10E86000FFFFFFFFFFFFFFFFFFFFFFFFFFFFFFFFB8
:10E87000FFFFFFFFFFFFFFFFFFFFFFFFFFFFFFFFA8
:10E88000FFFFFFFFFFFFFFFFFFFFFFFFFFFFFFFF98
:10E89000FFFFFFFFFFFFFFFFFFFFFFFFFFFFFFFF88
:10E8A000FFFFFFFFFFFFFFFFFFFFFFFFFFFFFFFF78
:10E8B000FFFFFFFFFFFFFFFFFFFFFFFFFFFFFFFF68
:10E8C000FFFFFFFFFFFFFFFFFFFFFFFFFFFFFFFF58
:10E8D000FFFFFFFFFFFFFFFFFFFFFFFFFFFFFFFF48
:10E8E000FFFFFFFFFFFFFFFFFFFFFFFFFFFFFFFF38
:10E8F000FFFFFFFFFFFFFFFFFFFFFFFFFFFFFFFF28
:10E90000FFFFFFFFFFFFFFFFFFFFFFFFFFFFFFFF17
:10E91000FFFFFFFFFFFFFFFFFFFFFFFFFFFFFFFF07
:10E92000FFFFFFFFFFFFFFFFFFFFFFFFFFFFFFFFF7
:10E93000FFFFFFFFFFFFFFFFFFFFFFFFFFFFFFFFE7
:10E94000FFFFFFFFFFFFFFFFFFFFFFFFFFFFFFFFD7
:10E95000FFFFFFFFFFFFFFFFFFFFFFFFFFFFFFFFC7
:10E96000FFFFFFFFFFFFFFFFFFFFFFFFFFFFFFFFB7
:10E97000FFFFFFFFFFFFFFFFFFFFFFFFFFFFFFFFA7
:10E98000FFFFFFFFFFFFFFFFFFFFFFFFFFFFFFFF97
:10E99000FFFFFFFFFFFFFFFFFFFFFFFFFFFFFFFF87
:10E9A000FFFFFFFFFFFFFFFFFFFFFFFFFFFFFFFF77
:10E9B000FFFFFFFFFFFFFFFFFFFFFFFFFFFFFFFF67
:10E9C000FFFFFFFFFFFFFFFFFFFFFFFFFFFFFFFF57
:10E9D000FFFFFFFFFFFFFFFFFFFFFFFFFFFFFFFF47
:10E9E000FFFFFFFFFFFFFFFFFFFFFFFFFFFFFFFF37
:10E9F000FFFFFFFFFFFFFFFFFFFFFFFFFFFFFFFF27
:10EA0000FFFFFFFFFFFFFFFFFFFFFFFFFFFFFFFF16
:10EA1000FFFFFFFFFFFFFFFFFFFFFFFFFFFFFFFF06
:10EA2000FFFFFFFFFFFFFFFFFFFFFFFFFFFFFFFFF6
:10EA3000FFFFFFFFFFFFFFFFFFFFFFFFFFFFFFFFE6
:10EA4000FFFFFFFFFFFFFFFFFFFFFFFFFFFFFFFFD6
:10EA5000FFFFFFFFFFFFFFFFFFFFFFFFFFFFFFFFC6
:10EA6000FFFFFFFFFFFFFFFFFFFFFFFFFFFFFFFFB6
:10EA7000FFFFFFFFFFFFFFFFFFFFFFFFFFFFFFFFA6
:10EA8000FFFFFFFFFFFFFFFFFFFFFFFFFFFFFFFF96
:10EA9000FFFFFFFFFFFFFFFFFFFFFFFFFFFFFFFF86
:10EAA000FFFFFFFFFFFFFFFFFFFFFFFFFFFFFFFF76
:10EAB000FFFFFFFFFFFFFFFFFFFFFFFFFFFFFFFF66
:10EAC000FFFFFFFFFFFFFFFFFFFFFFFFFFFFFFFF56
:10EAD000FFFFFFFFFFFFFFFFFFFFFFFFFFFFFFFF46
:10EAE000FFFFFFFFFFFFFFFFFFFFFFFFFFFFFFFF36
:10EAF000FFFFFFFFFFFFFFFFFFFFFFFFFFFFFFFF26
:10EB0000FFFFFFFFFFFFFFFFFFFFFFFFFFFFFFFF15
:10EB1000FFFFFFFFFFFFFFFFFFFFFFFFFFFFFFFF05
:10EB2000FFFFFFFFFFFFFFFFFFFFFFFFFFFFFFFFF5
:10EB3000FFFFFFFFFFFFFFFFFFFFFFFFFFFFFFFFE5
:10EB4000FFFFFFFFFFFFFFFFFFFFFFFFFFFFFFFFD5
:10EB5000FFFFFFFFFFFFFFFFFFFFFFFFFFFFFFFFC5
:10EB6000FFFFFFFFFFFFFFFFFFFFFFFFFFFFFFFFB5
:10EB7000FFFFFFFFFFFFFFFFFFFFFFFFFFFFFFFFA5
:10EB8000FFFFFFFFFFFFFFFFFFFFFFFFFFFFFFFF95
:10EB9000FFFFFFFFFFFFFFFFFFFFFFFFFFFFFFFF85
:10EBA000FFFFFFFFFFFFFFFFFFFFFFFFFFFFFFFF75
:10EBB000FFFFFFFFFFFFFFFFFFFFFFFFFFFFFFFF65
:10EBC000FFFFFFFFFFFFFFFFFFFFFFFFFFFFFFFF55
:10EBD000FFFFFFFFFFFFFFFFFFFFFFFFFFFFFFFF45
:10EBE000FFFFFFFFFFFFFFFFFFFFFFFFFFFFFFFF35
:10EBF000FFFFFFFFFFFFFFFFFFFFFFFFFFFFFFFF25
:10EC0000FFFFFFFFFFFFFFFFFFFFFFFFFFFFFFFF14
:10EC1000FFFFFFFFFFFFFFFFFFFFFFFFFFFFFFFF04
:10EC2000FFFFFFFFFFFFFFFFFFFFFFFFFFFFFFFFF4
:10EC3000FFFFFFFFFFFFFFFFFFFFFFFFFFFFFFFFE4
:10EC4000FFFFFFFFFFFFFFFFFFFFFFFFFFFFFFFFD4
:10EC5000FFFFFFFFFFFFFFFFFFFFFFFFFFFFFFFFC4
:10EC6000FFFFFFFFFFFFFFFFFFFFFFFFFFFFFFFFB4
:10EC7000FFFFFFFFFFFFFFFFFFFFFFFFFFFFFFFFA4
:10EC8000FFFFFFFFFFFFFFFFFFFFFFFFFFFFFFFF94
:10EC9000FFFFFFFFFFFFFFFFFFFFFFFFFFFFFFFF84
:10ECA000FFFFFFFFFFFFFFFFFFFFFFFFFFFFFFFF74
:10ECB000FFFFFFFFFFFFFFFFFFFFFFFFFFFFFFFF64
:10ECC000FFFFFFFFFFFFFFFFFFFFFFFFFFFFFFFF54
:10ECD000FFFFFFFFFFFFFFFFFFFFFFFFFFFFFFFF44
:10ECE000FFFFFFFFFFFFFFFFFFFFFFFFFFFFFFFF34
:10ECF000FFFFFFFFFFFFFFFFFFFFFFFFFFFFFFFF24
:10ED0000FFFFFFFFFFFFFFFFFFFFFFFFFFFFFFFF13
:10ED1000FFFFFFFFFFFFFFFFFFFFFFFFFFFFFFFF03
:10ED2000FFFFFFFFFFFFFFFFFFFFFFFFFFFFFFFFF3
:10ED3000FFFFFFFFFFFFFFFFFFFFFFFFFFFFFFFFE3
:10ED4000FFFFFFFFFFFFFFFFFFFFFFFFFFFFFFFFD3
:10ED5000FFFFFFFFFFFFFFFFFFFFFFFFFFFFFFFFC3
:10ED6000FFFFFFFFFFFFFFFFFFFFFFFFFFFFFFFFB3
:10ED7000FFFFFFFFFFFFFFFFFFFFFFFFFFFFFFFFA3
:10ED8000FFFFFFFFFFFFFFFFFFFFFFFFFFFFFFFF93
:10ED9000FFFFFFFFFFFFFFFFFFFFFFFFFFFFFFFF83
:10EDA000FFFFFFFFFFFFFFFFFFFFFFFFFFFFFFFF73
:10EDB000FFFFFFFFFFFFFFFFFFFFFFFFFFFFFFFF63
:10EDC000FFFFFFFFFFFFFFFFFFFFFFFFFFFFFFFF53
:10EDD000FFFFFFFFFFFFFFFFFFFFFFFFFFFFFFFF43
:10EDE000FFFFFFFFFFFFFFFFFFFFFFFFFFFFFFFF33
:10EDF000FFFFFFFFFFFFFFFFFFFFFFFFFFFFFFFF23
:10EE0000FFFFFFFFFFFFFFFFFFFFFFFFFFFFFFFF12
:10EE1000FFFFFFFFFFFFFFFFFFFFFFFFFFFFFFFF02
:10EE2000FFFFFFFFFFFFFFFFFFFFFFFFFFFFFFFFF2
:10EE3000FFFFFFFFFFFFFFFFFFFFFFFFFFFFFFFFE2
:10EE4000FFFFFFFFFFFFFFFFFFFFFFFFFFFFFFFFD2
:10EE5000FFFFFFFFFFFFFFFFFFFFFFFFFFFFFFFFC2
:10EE6000FFFFFFFFFFFFFFFFFFFFFFFFFFFFFFFFB2
:10EE7000FFFFFFFFFFFFFFFFFFFFFFFFFFFFFFFFA2
:10EE8000FFFFFFFFFFFFFFFFFFFFFFFFFFFFFFFF92
:10EE9000FFFFFFFFFFFFFFFFFFFFFFFFFFFFFFFF82
:10EEA000FFFFFFFFFFFFFFFFFFFFFFFFFFFFFFFF72
:10EEB000FFFFFFFFFFFFFFFFFFFFFFFFFFFFFFFF62
:10EEC000FFFFFFFFFFFFFFFFFFFFFFFFFFFFFFFF52
:10EED000FFFFFFFFFFFFFFFFFFFFFFFFFFFFFFFF42
:10EEE000FFFFFFFFFFFFFFFFFFFFFFFFFFFFFFFF32
:10EEF000FFFFFFFFFFFFFFFFFFFFFFFFFFFFFFFF22
:10EF0000FFFFFFFFFFFFFFFFFFFFFFFFFFFFFFFF11
:10EF1000FFFFFFFFFFFFFFFFFFFFFFFFFFFFFFFF01
:10EF2000FFFFFFFFFFFFFFFFFFFFFFFFFFFFFFFFF1
:10EF3000FFFFFFFFFFFFFFFFFFFFFFFFFFFFFFFFE1
:10EF4000FFFFFFFFFFFFFFFFFFFFFFFFFFFFFFFFD1
:10EF5000FFFFFFFFFFFFFFFFFFFFFFFFFFFFFFFFC1
:10EF6000FFFFFFFFFFFFFFFFFFFFFFFFFFFFFFFFB1
:10EF7000FFFFFFFFFFFFFFFFFFFFFFFFFFFFFFFFA1
:10EF8000FFFFFFFFFFFFFFFFFFFFFFFFFFFFFFFF91
:10EF9000FFFFFFFFFFFFFFFFFFFFFFFFFFFFFFFF81
:10EFA000FFFFFFFFFFFFFFFFFFFFFFFFFFFFFFFF71
:10EFB000FFFFFFFFFFFFFFFFFFFFFFFFFFFFFFFF61
:10EFC000FFFFFFFFFFFFFFFFFFFFFFFFFFFFFFFF51
:10EFD000FFFFFFFFFFFFFFFFFFFFFFFFFFFFFFFF41
:10EFE000FFFFFFFFFFFFFFFFFFFFFFFFFFFFFFFF31
:10EFF000FFFFFFFFFFFFFFFFFFFFFFFFFFFFFFFF21
:10F00000FFFFFFFFFFFFFFFFFFFFFFFFFFFFFFFF10
:10F01000FFFFFFFFFFFFFFFFFFFFFFFFFFFFFFFF00
:10F02000FFFFFFFFFFFFFFFFFFFFFFFFFFFFFFFFF0
:10F03000FFFFFFFFFFFFFFFFFFFFFFFFFFFFFFFFE0
:10F04000FFFFFFFFFFFFFFFFFFFFFFFFFFFFFFFFD0
:10F05000FFFFFFFFFFFFFFFFFFFFFFFFFFFFFFFFC0
:10F06000FFFFFFFFFFFFFFFFFFFFFFFFFFFFFFFFB0
:10F07000FFFFFFFFFFFFFFFFFFFFFFFFFFFFFFFFA0
:10F08000FFFFFFFFFFFFFFFFFFFFFFFFFFFFFFFF90
:10F09000FFFFFFFFFFFFFFFFFFFFFFFFFFFFFFFF80
:10F0A000FFFFFFFFFFFFFFFFFFFFFFFFFFFFFFFF70
:10F0B000FFFFFFFFFFFFFFFFFFFFFFFFFFFFFFFF60
:10F0C000FFFFFFFFFFFFFFFFFFFFFFFFFFFFFFFF50
:10F0D000FFFFFFFFFFFFFFFFFFFFFFFFFFFFFFFF40
:10F0E000FFFFFFFFFFFFFFFFFFFFFFFFFFFFFFFF30
:10F0F000FFFFFFFFFFFFFFFFFFFFFFFFFFFFFFFF20
:10F10000FFFFFFFFFFFFFFFFFFFFFFFFFFFFFFFF0F
:10F11000FFFFFFFFFFFFFFFFFFFFFFFFFFFFFFFFFF
:10F12000FFFFFFFFFFFFFFFFFFFFFFFFFFFFFFFFEF
:10F13000FFFFFFFFFFFFFFFFFFFFFFFFFFFFFFFFDF
:10F14000FFFFFFFFFFFFFFFFFFFFFFFFFFFFFFFFCF
:10F15000FFFFFFFFFFFFFFFFFFFFFFFFFFFFFFFFBF
:10F16000FFFFFFFFFFFFFFFFFFFFFFFFFFFFFFFFAF
:10F17000FFFFFFFFFFFFFFFFFFFFFFFFFFFFFFFF9F
:10F18000FFFFFFFFFFFFFFFFFFFFFFFFFFFFFFFF8F
:10F19000FFFFFFFFFFFFFFFFFFFFFFFFFFFFFFFF7F
:10F1A000FFFFFFFFFFFFFFFFFFFFFFFFFFFFFFFF6F
:10F1B000FFFFFFFFFFFFFFFFFFFFFFFFFFFFFFFF5F
:10F1C000FFFFFFFFFFFFFFFFFFFFFFFFFFFFFFFF4F
:10F1D000FFFFFFFFFFFFFFFFFFFFFFFFFFFFFFFF3F
:10F1E000FFFFFFFFFFFFFFFFFFFFFFFFFFFFFFFF2F
:10F1F000FFFFFFFFFFFFFFFFFFFFFFFFFFFFFFFF1F
:10F20000FFFFFFFFFFFFFFFFFFFFFFFFFFFFFFFF0E
:10F21000FFFFFFFFFFFFFFFFFFFFFFFFFFFFFFFFFE
:10F22000FFFFFFFFFFFFFFFFFFFFFFFFFFFFFFFFEE
:10F23000FFFFFFFFFFFFFFFFFFFFFFFFFFFFFFFFDE
:10F24000FFFFFFFFFFFFFFFFFFFFFFFFFFFFFFFFCE
:10F25000FFFFFFFFFFFFFFFFFFFFFFFFFFFFFFFFBE
:10F26000FFFFFFFFFFFFFFFFFFFFFFFFFFFFFFFFAE
:10F27000FFFFFFFFFFFFFFFFFFFFFFFFFFFFFFFF9E
:10F28000FFFFFFFFFFFFFFFFFFFFFFFFFFFFFFFF8E
:10F29000FFFFFFFFFFFFFFFFFFFFFFFFFFFFFFFF7E
:10F2A000FFFFFFFFFFFFFFFFFFFFFFFFFFFFFFFF6E
:10F2B000FFFFFFFFFFFFFFFFFFFFFFFFFFFFFFFF5E
:10F2C000FFFFFFFFFFFFFFFFFFFFFFFFFFFFFFFF4E
:10F2D000FFFFFFFFFFFFFFFFFFFFFFFFFFFFFFFF3E
:10F2E000FFFFFFFFFFFFFFFFFFFFFFFFFFFFFFFF2E
:10F2F000FFFFFFFFFFFFFFFFFFFFFFFFFFFFFFFF1E
:10F30000FFFFFFFFFFFFFFFFFFFFFFFFFFFFFFFF0D
:10F31000FFFFFFFFFFFFFFFFFFFFFFFFFFFFFFFFFD
:10F32000FFFFFFFFFFFFFFFFFFFFFFFFFFFFFFFFED
:10F33000FFFFFFFFFFFFFFFFFFFFFFFFFFFFFFFFDD
:10F34000FFFFFFFFFFFFFFFFFFFFFFFFFFFFFFFFCD
:10F35000FFFFFFFFFFFFFFFFFFFFFFFFFFFFFFFFBD
:10F36000FFFFFFFFFFFFFFFFFFFFFFFFFFFFFFFFAD
:10F37000FFFFFFFFFFFFFFFFFFFFFFFFFFFFFFFF9D
:10F38000FFFFFFFFFFFFFFFFFFFFFFFFFFFFFFFF8D
:10F39000FFFFFFFFFFFFFFFFFFFFFFFFFFFFFFFF7D
:10F3A000FFFFFFFFFFFFFFFFFFFFFFFFFFFFFFFF6D
:10F3B000FFFFFFFFFFFFFFFFFFFFFFFFFFFFFFFF5D
:10F3C000FFFFFFFFFFFFFFFFFFFFFFFFFFFFFFFF4D
:10F3D000FFFFFFFFFFFFFFFFFFFFFFFFFFFFFFFF3D
:10F3E000FFFFFFFFFFFFFFFFFFFFFFFFFFFFFFFF2D
:10F3F000FFFFFFFFFFFFFFFFFFFFFFFFFFFFFFFF1D
:10F40000FFFFFFFFFFFFFFFFFFFFFFFFFFFFFFFF0C
:10F41000FFFFFFFFFFFFFFFFFFFFFFFFFFFFFFFFFC
:10F42000FFFFFFFFFFFFFFFFFFFFFFFFFFFFFFFFEC
:10F43000FFFFFFFFFFFFFFFFFFFFFFFFFFFFFFFFDC
:10F44000FFFFFFFFFFFFFFFFFFFFFFFFFFFFFFFFCC
:10F45000FFFFFFFFFFFFFFFFFFFFFFFFFFFFFFFFBC
:10F46000FFFFFFFFFFFFFFFFFFFFFFFFFFFFFFFFAC
:10F47000FFFFFFFFFFFFFFFFFFFFFFFFFFFFFFFF9C
:10F48000FFFFFFFFFFFFFFFFFFFFFFFFFFFFFFFF8C
:10F49000FFFFFFFFFFFFFFFFFFFFFFFFFFFFFFFF7C
:10F4A000FFFFFFFFFFFFFFFFFFFFFFFFFFFFFFFF6C
:10F4B000FFFFFFFFFFFFFFFFFFFFFFFFFFFFFFFF5C
:10F4C000FFFFFFFFFFFFFFFFFFFFFFFFFFFFFFFF4C
:10F4D000FFFFFFFFFFFFFFFFFFFFFFFFFFFFFFFF3C
:10F4E000FFFFFFFFFFFFFFFFFFFFFFFFFFFFFFFF2C
:10F4F000FFFFFFFFFFFFFFFFFFFFFFFFFFFFFFFF1C
:10F50000FFFFFFFFFFFFFFFFFFFFFFFFFFFFFFFF0B
:10F51000FFFFFFFFFFFFFFFFFFFFFFFFFFFFFFFFFB
:10F52000FFFFFFFFFFFFFFFFFFFFFFFFFFFFFFFFEB
:10F53000FFFFFFFFFFFFFFFFFFFFFFFFFFFFFFFFDB
:10F54000FFFFFFFFFFFFFFFFFFFFFFFFFFFFFFFFCB
:10F55000FFFFFFFFFFFFFFFFFFFFFFFFFFFFFFFFBB
:10F56000FFFFFFFFFFFFFFFFFFFFFFFFFFFFFFFFAB
:10F57000FFFFFFFFFFFFFFFFFFFFFFFFFFFFFFFF9B
:10F58000FFFFFFFFFFFFFFFFFFFFFFFFFFFFFFFF8B
:10F59000FFFFFFFFFFFFFFFFFFFFFFFFFFFFFFFF7B
:10F5A000FFFFFFFFFFFFFFFFFFFFFFFFFFFFFFFF6B
:10F5B000FFFFFFFFFFFFFFFFFFFFFFFFFFFFFFFF5B
:10F5C000FFFFFFFFFFFFFFFFFFFFFFFFFFFFFFFF4B
:10F5D000FFFFFFFFFFFFFFFFFFFFFFFFFFFFFFFF3B
:10F5E000FFFFFFFFFFFFFFFFFFFFFFFFFFFFFFFF2B
:10F5F000FFFFFFFFFFFFFFFFFFFFFFFFFFFFFFFF1B
:10F60000FFFFFFFFFFFFFFFFFFFFFFFFFFFFFFFF0A
:10F61000FFFFFFFFFFFFFFFFFFFFFFFFFFFFFFFFFA
:10F62000FFFFFFFFFFFFFFFFFFFFFFFFFFFFFFFFEA
:10F63000FFFFFFFFFFFFFFFFFFFFFFFFFFFFFFFFDA
:10F64000FFFFFFFFFFFFFFFFFFFFFFFFFFFFFFFFCA
:10F65000FFFFFFFFFFFFFFFFFFFFFFFFFFFFFFFFBA
:10F66000FFFFFFFFFFFFFFFFFFFFFFFFFFFFFFFFAA
:10F67000FFFFFFFFFFFFFFFFFFFFFFFFFFFFFFFF9A
:10F68000FFFFFFFFFFFFFFFFFFFFFFFFFFFFFFFF8A
:10F69000FFFFFFFFFFFFFFFFFFFFFFFFFFFFFFFF7A
:10F6A000FFFFFFFFFFFFFFFFFFFFFFFFFFFFFFFF6A
:10F6B000FFFFFFFFFFFFFFFFFFFFFFFFFFFFFFFF5A
:10F6C000FFFFFFFFFFFFFFFFFFFFFFFFFFFFFFFF4A
:10F6D000FFFFFFFFFFFFFFFFFFFFFFFFFFFFFFFF3A
:10F6E000FFFFFFFFFFFFFFFFFFFFFFFFFFFFFFFF2A
:10F6F000FFFFFFFFFFFFFFFFFFFFFFFFFFFFFFFF1A
:10F70000FFFFFFFFFFFFFFFFFFFFFFFFFFFFFFFF09
:10F71000FFFFFFFFFFFFFFFFFFFFFFFFFFFFFFFFF9
:10F72000FFFFFFFFFFFFFFFFFFFFFFFFFFFFFFFFE9
:10F73000FFFFFFFFFFFFFFFFFFFFFFFFFFFFFFFFD9
:10F74000FFFFFFFFFFFFFFFFFFFFFFFFFFFFFFFFC9
:10F75000FFFFFFFFFFFFFFFFFFFFFFFFFFFFFFFFB9
:10F76000FFFFFFFFFFFFFFFFFFFFFFFFFFFFFFFFA9
:10F77000FFFFFFFFFFFFFFFFFFFFFFFFFFFFFFFF99
:10F78000FFFFFFFFFFFFFFFFFFFFFFFFFFFFFFFF89
:10F79000FFFFFFFFFFFFFFFFFFFFFFFFFFFFFFFF79
:10F7A000FFFFFFFFFFFFFFFFFFFFFFFFFFFFFFFF69
:10F7B000FFFFFFFFFFFFFFFFFFFFFFFFFFFFFFFF59
:10F7C000FFFFFFFFFFFFFFFFFFFFFFFFFFFFFFFF49
:10F7D000FFFFFFFFFFFFFFFFFFFFFFFFFFFFFFFF39
:10F7E000FFFFFFFFFFFFFFFFFFFFFFFFFFFFFFFF29
:10F7F000FFFFFFFFFFFFFFFFFFFFFFFFFFFFFFFF19
:00000001FF
