:020000041D00DD
:10600000FFFFFFFFFFFFFFFFFFFFFFFFFFFFFFFFA0
:10601000FFFFFFFFFFFFFFFFFFFFFFFFFFFFFFFF90
:10602000FFFFFFFFFFFFFFFFFFFFFFFFFFFFFFFF80
:10603000FFFFFFFFFFFFFFFFFFFFFFFFFFFFFFFF70
:10604000FFFFFFFFFFFFFFFFFFFFFFFFFFFFFFFF60
:10605000FFFFFFFFFFFFFFFFFFFFFFFFFFFFFFFF50
:10606000FFFFFFFFFFFFFFFFFFFFFFFFFFFFFFFF40
:10607000FFFFFFFFFFFFFFFFFFFFFFFFFFFFFFFF30
:10608000FFFFFFFFFFFFFFFFFFFFFFFFFFFFFFFF20
:10609000FFFFFFFFFFFFFFFFFFFFFFFFFFFFFFFF10
:1060A000FFFFFFFFFFFFFFFFFFFFFFFFFFFFFFFF00
:1060B000FFFFFFFFFFFFFFFFFFFFFFFFFFFFFFFFF0
:1060C000FFFFFFFFFFFFFFFFFFFFFFFFFFFFFFFFE0
:1060D000FFFFFFFFFFFFFFFFFFFFFFFFFFFFFFFFD0
:1060E000FFFFFFFFFFFFFFFFFFFFFFFFFFFFFFFFC0
:1060F000FFFFFFFFFFFFFFFFFFFFFFFFFFFFFFFFB0
:10610000FFFFFFFFFFFFFFFFFFFFFFFFFFFFFFFF9F
:10611000FFFFFFFFFFFFFFFFFFFFFFFFFFFFFFFF8F
:10612000FFFFFFFFFFFFFFFFFFFFFFFFFFFFFFFF7F
:10613000FFFFFFFFFFFFFFFFFFFFFFFFFFFFFFFF6F
:10614000FFFFFFFFFFFFFFFFFFFFFFFFFFFFFFFF5F
:10615000FFFFFFFFFFFFFFFFFFFFFFFFFFFFFFFF4F
:10616000FFFFFFFFFFFFFFFFFFFFFFFFFFFFFFFF3F
:10617000FFFFFFFFFFFFFFFFFFFFFFFFFFFFFFFF2F
:10618000029D1A3CA8BE5A270800400300000000E8
:10619000FFFFFFFFFFFFFFFFFFFFFFFFFFFFFFFF0F
:1061A000FFFFFFFFFFFFFFFFFFFFFFFFFFFFFFFFFF
:1061B000FFFFFFFFFFFFFFFFFFFFFFFFFFFFFFFFEF
:1061C000FFFFFFFFFFFFFFFFFFFFFFFFFFFFFFFFDF
:1061D000FFFFFFFFFFFFFFFFFFFFFFFFFFFFFFFFCF
:1061E000FFFFFFFFFFFFFFFFFFFFFFFFFFFFFFFFBF
:1061F000FFFFFFFFFFFFFFFFFFFFFFFFFFFFFFFFAF
:106200001872400B00000000FFFFFFFFFFFFFFFFC1
:10621000FFFFFFFFFFFFFFFFFFFFFFFFFFFFFFFF8E
:106220001872400B00000000FFFFFFFFFFFFFFFFA1
:10623000FFFFFFFFFFFFFFFFFFFFFFFFFFFFFFFF6E
:106240001872400B00000000FFFFFFFFFFFFFFFF81
:10625000FFFFFFFFFFFFFFFFFFFFFFFFFFFFFFFF4E
:106260001872400B00000000FFFFFFFFFFFFFFFF61
:10627000FFFFFFFFFFFFFFFFFFFFFFFFFFFFFFFF2E
:106280001872400B00000000FFFFFFFFFFFFFFFF41
:10629000FFFFFFFFFFFFFFFFFFFFFFFFFFFFFFFF0E
:1062A0001872400B00000000FFFFFFFFFFFFFFFF21
:1062B000FFFFFFFFFFFFFFFFFFFFFFFFFFFFFFFFEE
:1062C0001872400B00000000FFFFFFFFFFFFFFFF01
:1062D000FFFFFFFFFFFFFFFFFFFFFFFFFFFFFFFFCE
:1062E0001872400B00000000FFFFFFFFFFFFFFFFE1
:1062F000FFFFFFFFFFFFFFFFFFFFFFFFFFFFFFFFAE
:106300009933400B00000000FFFFFFFFFFFFFFFF7E
:10631000FFFFFFFFFFFFFFFFFFFFFFFFFFFFFFFF8D
:106320001872400B00000000FFFFFFFFFFFFFFFFA0
:10633000FFFFFFFFFFFFFFFFFFFFFFFFFFFFFFFF6D
:106340001872400B00000000FFFFFFFFFFFFFFFF80
:10635000FFFFFFFFFFFFFFFFFFFFFFFFFFFFFFFF4D
:106360001872400B00000000FFFFFFFFFFFFFFFF60
:10637000FFFFFFFFFFFFFFFFFFFFFFFFFFFFFFFF2D
:106380003E34400B00000000FFFFFFFFFFFFFFFF58
:10639000FFFFFFFFFFFFFFFFFFFFFFFFFFFFFFFF0D
:1063A0001872400B00000000FFFFFFFFFFFFFFFF20
:1063B000FFFFFFFFFFFFFFFFFFFFFFFFFFFFFFFFED
:1063C0001872400B00000000FFFFFFFFFFFFFFFF00
:1063D000FFFFFFFFFFFFFFFFFFFFFFFFFFFFFFFFCD
:1063E0001872400B00000000FFFFFFFFFFFFFFFFE0
:1063F000FFFFFFFFFFFFFFFFFFFFFFFFFFFFFFFFAD
:106400001D34400B00000000FFFFFFFFFFFFFFFFF8
:10641000FFFFFFFFFFFFFFFFFFFFFFFFFFFFFFFF8C
:106420001872400B00000000FFFFFFFFFFFFFFFF9F
:10643000FFFFFFFFFFFFFFFFFFFFFFFFFFFFFFFF6C
:106440001872400B00000000FFFFFFFFFFFFFFFF7F
:10645000FFFFFFFFFFFFFFFFFFFFFFFFFFFFFFFF4C
:106460001872400B00000000FFFFFFFFFFFFFFFF5F
:10647000FFFFFFFFFFFFFFFFFFFFFFFFFFFFFFFF2C
:10648000F933400B00000000FFFFFFFFFFFFFFFF9D
:10649000FFFFFFFFFFFFFFFFFFFFFFFFFFFFFFFF0C
:1064A0001872400B00000000FFFFFFFFFFFFFFFF1F
:1064B000FFFFFFFFFFFFFFFFFFFFFFFFFFFFFFFFEC
:1064C0001872400B00000000FFFFFFFFFFFFFFFFFF
:1064D000FFFFFFFFFFFFFFFFFFFFFFFFFFFFFFFFCC
:1064E0001872400B00000000FFFFFFFFFFFFFFFFDF
:1064F000FFFFFFFFFFFFFFFFFFFFFFFFFFFFFFFFAC
:106500001872400B00000000FFFFFFFFFFFFFFFFBE
:10651000FFFFFFFFFFFFFFFFFFFFFFFFFFFFFFFF8B
:106520001872400B00000000FFFFFFFFFFFFFFFF9E
:10653000FFFFFFFFFFFFFFFFFFFFFFFFFFFFFFFF6B
:106540001872400B00000000FFFFFFFFFFFFFFFF7E
:10655000FFFFFFFFFFFFFFFFFFFFFFFFFFFFFFFF4B
:106560001872400B00000000FFFFFFFFFFFFFFFF5E
:10657000FFFFFFFFFFFFFFFFFFFFFFFFFFFFFFFF2B
:106580001872400B00000000FFFFFFFFFFFFFFFF3E
:10659000FFFFFFFFFFFFFFFFFFFFFFFFFFFFFFFF0B
:1065A0007754400B00000000FFFFFFFFFFFFFFFFDD
:1065B000FFFFFFFFFFFFFFFFFFFFFFFFFFFFFFFFEB
:1065C0001872400B00000000FFFFFFFFFFFFFFFFFE
:1065D000FFFFFFFFFFFFFFFFFFFFFFFFFFFFFFFFCB
:1065E0005F34400B00000000FFFFFFFFFFFFFFFFD5
:1065F000FFFFFFFFFFFFFFFFFFFFFFFFFFFFFFFFAB
:106600001872400B00000000FFFFFFFFFFFFFFFFBD
:10661000FFFFFFFFFFFFFFFFFFFFFFFFFFFFFFFF8A
:106620001872400B00000000FFFFFFFFFFFFFFFF9D
:10663000FFFFFFFFFFFFFFFFFFFFFFFFFFFFFFFF6A
:106640001872400B00000000FFFFFFFFFFFFFFFF7D
:10665000FFFFFFFFFFFFFFFFFFFFFFFFFFFFFFFF4A
:106660001872400B00000000FFFFFFFFFFFFFFFF5D
:10667000FFFFFFFFFFFFFFFFFFFFFFFFFFFFFFFF2A
:106680001872400B00000000FFFFFFFFFFFFFFFF3D
:10669000FFFFFFFFFFFFFFFFFFFFFFFFFFFFFFFF0A
:1066A0001872400B00000000FFFFFFFFFFFFFFFF1D
:1066B000FFFFFFFFFFFFFFFFFFFFFFFFFFFFFFFFEA
:1066C0001872400B00000000FFFFFFFFFFFFFFFFFD
:1066D000FFFFFFFFFFFFFFFFFFFFFFFFFFFFFFFFCA
:1066E0001872400B00000000FFFFFFFFFFFFFFFFDD
:1066F000FFFFFFFFFFFFFFFFFFFFFFFFFFFFFFFFAA
:106700001872400B00000000FFFFFFFFFFFFFFFFBC
:10671000FFFFFFFFFFFFFFFFFFFFFFFFFFFFFFFF89
:106720001872400B00000000FFFFFFFFFFFFFFFF9C
:10673000FFFFFFFFFFFFFFFFFFFFFFFFFFFFFFFF69
:106740001872400B00000000FFFFFFFFFFFFFFFF7C
:10675000FFFFFFFFFFFFFFFFFFFFFFFFFFFFFFFF49
:106760001872400B00000000FFFFFFFFFFFFFFFF5C
:10677000FFFFFFFFFFFFFFFFFFFFFFFFFFFFFFFF29
:106780001872400B00000000FFFFFFFFFFFFFFFF3C
:10679000FFFFFFFFFFFFFFFFFFFFFFFFFFFFFFFF09
:1067A0001872400B00000000FFFFFFFFFFFFFFFF1C
:1067B000FFFFFFFFFFFFFFFFFFFFFFFFFFFFFFFFE9
:1067C0001872400B00000000FFFFFFFFFFFFFFFFFC
:1067D000FFFFFFFFFFFFFFFFFFFFFFFFFFFFFFFFC9
:1067E0001872400B00000000FFFFFFFFFFFFFFFFDC
:1067F000FFFFFFFFFFFFFFFFFFFFFFFFFFFFFFFFA9
:106800001872400B00000000FFFFFFFFFFFFFFFFBB
:10681000FFFFFFFFFFFFFFFFFFFFFFFFFFFFFFFF88
:106820001872400B00000000FFFFFFFFFFFFFFFF9B
:10683000FFFFFFFFFFFFFFFFFFFFFFFFFFFFFFFF68
:10684000FFFFFFFFFFFFFFFFFFFFFFFFFFFFFFFF58
:10685000FFFFFFFFFFFFFFFFFFFFFFFFFFFFFFFF48
:10686000FFFFFFFFFFFFFFFFFFFFFFFFFFFFFFFF38
:10687000FFFFFFFFFFFFFFFFFFFFFFFFFFFFFFFF28
:10688000FFFFFFFFFFFFFFFFFFFFFFFFFFFFFFFF18
:10689000FFFFFFFFFFFFFFFFFFFFFFFFFFFFFFFF08
:1068A000FFFFFFFFFFFFFFFFFFFFFFFFFFFFFFFFF8
:1068B000FFFFFFFFFFFFFFFFFFFFFFFFFFFFFFFFE8
:1068C000FFFFFFFFFFFFFFFFFFFFFFFFFFFFFFFFD8
:1068D000FFFFFFFFFFFFFFFFFFFFFFFFFFFFFFFFC8
:1068E000FFFFFFFFFFFFFFFFFFFFFFFFFFFFFFFFB8
:1068F000FFFFFFFFFFFFFFFFFFFFFFFFFFFFFFFFA8
:10690000FFFFFFFFFFFFFFFFFFFFFFFFFFFFFFFF97
:10691000FFFFFFFFFFFFFFFFFFFFFFFFFFFFFFFF87
:10692000FFFFFFFFFFFFFFFFFFFFFFFFFFFFFFFF77
:10693000FFFFFFFFFFFFFFFFFFFFFFFFFFFFFFFF67
:10694000FFFFFFFFFFFFFFFFFFFFFFFFFFFFFFFF57
:10695000FFFFFFFFFFFFFFFFFFFFFFFFFFFFFFFF47
:10696000FFFFFFFFFFFFFFFFFFFFFFFFFFFFFFFF37
:10697000FFFFFFFFFFFFFFFFFFFFFFFFFFFFFFFF27
:10698000FFFFFFFFFFFFFFFFFFFFFFFFFFFFFFFF17
:10699000FFFFFFFFFFFFFFFFFFFFFFFFFFFFFFFF07
:1069A000FFFFFFFFFFFFFFFFFFFFFFFFFFFFFFFFF7
:1069B000FFFFFFFFFFFFFFFFFFFFFFFFFFFFFFFFE7
:1069C000FFFFFFFFFFFFFFFFFFFFFFFFFFFFFFFFD7
:1069D000FFFFFFFFFFFFFFFFFFFFFFFFFFFFFFFFC7
:1069E000FFFFFFFFFFFFFFFFFFFFFFFFFFFFFFFFB7
:1069F000FFFFFFFFFFFFFFFFFFFFFFFFFFFFFFFFA7
:106A0000FFFFFFFFFFFFFFFFFFFFFFFFFFFFFFFF96
:106A1000FFFFFFFFFFFFFFFFFFFFFFFFFFFFFFFF86
:106A2000FFFFFFFFFFFFFFFFFFFFFFFFFFFFFFFF76
:106A3000FFFFFFFFFFFFFFFFFFFFFFFFFFFFFFFF66
:106A4000FFFFFFFFFFFFFFFFFFFFFFFFFFFFFFFF56
:106A5000FFFFFFFFFFFFFFFFFFFFFFFFFFFFFFFF46
:106A6000FFFFFFFFFFFFFFFFFFFFFFFFFFFFFFFF36
:106A7000FFFFFFFFFFFFFFFFFFFFFFFFFFFFFFFF26
:106A8000FFFFFFFFFFFFFFFFFFFFFFFFFFFFFFFF16
:106A9000FFFFFFFFFFFFFFFFFFFFFFFFFFFFFFFF06
:106AA000FFFFFFFFFFFFFFFFFFFFFFFFFFFFFFFFF6
:106AB000FFFFFFFFFFFFFFFFFFFFFFFFFFFFFFFFE6
:106AC000FFFFFFFFFFFFFFFFFFFFFFFFFFFFFFFFD6
:106AD000FFFFFFFFFFFFFFFFFFFFFFFFFFFFFFFFC6
:106AE000FFFFFFFFFFFFFFFFFFFFFFFFFFFFFFFFB6
:106AF000FFFFFFFFFFFFFFFFFFFFFFFFFFFFFFFFA6
:106B0000FFFFFFFFFFFFFFFFFFFFFFFFFFFFFFFF95
:106B1000FFFFFFFFFFFFFFFFFFFFFFFFFFFFFFFF85
:106B2000FFFFFFFFFFFFFFFFFFFFFFFFFFFFFFFF75
:106B3000FFFFFFFFFFFFFFFFFFFFFFFFFFFFFFFF65
:106B4000FFFFFFFFFFFFFFFFFFFFFFFFFFFFFFFF55
:106B5000FFFFFFFFFFFFFFFFFFFFFFFFFFFFFFFF45
:106B6000FFFFFFFFFFFFFFFFFFFFFFFFFFFFFFFF35
:106B7000FFFFFFFFFFFFFFFFFFFFFFFFFFFFFFFF25
:106B8000FFFFFFFFFFFFFFFFFFFFFFFFFFFFFFFF15
:106B9000FFFFFFFFFFFFFFFFFFFFFFFFFFFFFFFF05
:106BA000FFFFFFFFFFFFFFFFFFFFFFFFFFFFFFFFF5
:106BB000FFFFFFFFFFFFFFFFFFFFFFFFFFFFFFFFE5
:106BC000FFFFFFFFFFFFFFFFFFFFFFFFFFFFFFFFD5
:106BD000FFFFFFFFFFFFFFFFFFFFFFFFFFFFFFFFC5
:106BE000FFFFFFFFFFFFFFFFFFFFFFFFFFFFFFFFB5
:106BF000FFFFFFFFFFFFFFFFFFFFFFFFFFFFFFFFA5
:106C0000FFFFFFFFFFFFFFFFFFFFFFFFFFFFFFFF94
:106C1000FFFFFFFFFFFFFFFFFFFFFFFFFFFFFFFF84
:106C2000FFFFFFFFFFFFFFFFFFFFFFFFFFFFFFFF74
:106C3000FFFFFFFFFFFFFFFFFFFFFFFFFFFFFFFF64
:106C4000FFFFFFFFFFFFFFFFFFFFFFFFFFFFFFFF54
:106C5000FFFFFFFFFFFFFFFFFFFFFFFFFFFFFFFF44
:106C6000FFFFFFFFFFFFFFFFFFFFFFFFFFFFFFFF34
:106C7000FFFFFFFFFFFFFFFFFFFFFFFFFFFFFFFF24
:106C8000FFFFFFFFFFFFFFFFFFFFFFFFFFFFFFFF14
:106C9000FFFFFFFFFFFFFFFFFFFFFFFFFFFFFFFF04
:106CA000FFFFFFFFFFFFFFFFFFFFFFFFFFFFFFFFF4
:106CB000FFFFFFFFFFFFFFFFFFFFFFFFFFFFFFFFE4
:106CC000FFFFFFFFFFFFFFFFFFFFFFFFFFFFFFFFD4
:106CD000FFFFFFFFFFFFFFFFFFFFFFFFFFFFFFFFC4
:106CE000FFFFFFFFFFFFFFFFFFFFFFFFFFFFFFFFB4
:106CF000FFFFFFFFFFFFFFFFFFFFFFFFFFFFFFFFA4
:106D0000FFFFFFFFFFFFFFFFFFFFFFFFFFFFFFFF93
:106D1000FFFFFFFFFFFFFFFFFFFFFFFFFFFFFFFF83
:106D2000FFFFFFFFFFFFFFFFFFFFFFFFFFFFFFFF73
:106D3000FFFFFFFFFFFFFFFFFFFFFFFFFFFFFFFF63
:106D4000FFFFFFFFFFFFFFFFFFFFFFFFFFFFFFFF53
:106D5000FFFFFFFFFFFFFFFFFFFFFFFFFFFFFFFF43
:106D6000FFFFFFFFFFFFFFFFFFFFFFFFFFFFFFFF33
:106D7000FFFFFFFFFFFFFFFFFFFFFFFFFFFFFFFF23
:106D8000FFFFFFFFFFFFFFFFFFFFFFFFFFFFFFFF13
:106D9000FFFFFFFFFFFFFFFFFFFFFFFFFFFFFFFF03
:106DA000FFFFFFFFFFFFFFFFFFFFFFFFFFFFFFFFF3
:106DB000FFFFFFFFFFFFFFFFFFFFFFFFFFFFFFFFE3
:106DC000FFFFFFFFFFFFFFFFFFFFFFFFFFFFFFFFD3
:106DD000FFFFFFFFFFFFFFFFFFFFFFFFFFFFFFFFC3
:106DE000FFFFFFFFFFFFFFFFFFFFFFFFFFFFFFFFB3
:106DF000FFFFFFFFFFFFFFFFFFFFFFFFFFFFFFFFA3
:106E0000FFFFFFFFFFFFFFFFFFFFFFFFFFFFFFFF92
:106E1000FFFFFFFFFFFFFFFFFFFFFFFFFFFFFFFF82
:106E2000FFFFFFFFFFFFFFFFFFFFFFFFFFFFFFFF72
:106E3000FFFFFFFFFFFFFFFFFFFFFFFFFFFFFFFF62
:106E4000FFFFFFFFFFFFFFFFFFFFFFFFFFFFFFFF52
:106E5000FFFFFFFFFFFFFFFFFFFFFFFFFFFFFFFF42
:106E6000FFFFFFFFFFFFFFFFFFFFFFFFFFFFFFFF32
:106E7000FFFFFFFFFFFFFFFFFFFFFFFFFFFFFFFF22
:106E8000FFFFFFFFFFFFFFFFFFFFFFFFFFFFFFFF12
:106E9000FFFFFFFFFFFFFFFFFFFFFFFFFFFFFFFF02
:106EA000FFFFFFFFFFFFFFFFFFFFFFFFFFFFFFFFF2
:106EB000FFFFFFFFFFFFFFFFFFFFFFFFFFFFFFFFE2
:106EC000FFFFFFFFFFFFFFFFFFFFFFFFFFFFFFFFD2
:106ED000FFFFFFFFFFFFFFFFFFFFFFFFFFFFFFFFC2
:106EE000FFFFFFFFFFFFFFFFFFFFFFFFFFFFFFFFB2
:106EF000FFFFFFFFFFFFFFFFFFFFFFFFFFFFFFFFA2
:106F0000FFFFFFFFFFFFFFFFFFFFFFFFFFFFFFFF91
:106F1000FFFFFFFFFFFFFFFFFFFFFFFFFFFFFFFF81
:106F2000FFFFFFFFFFFFFFFFFFFFFFFFFFFFFFFF71
:106F3000FFFFFFFFFFFFFFFFFFFFFFFFFFFFFFFF61
:106F4000FFFFFFFFFFFFFFFFFFFFFFFFFFFFFFFF51
:106F5000FFFFFFFFFFFFFFFFFFFFFFFFFFFFFFFF41
:106F6000FFFFFFFFFFFFFFFFFFFFFFFFFFFFFFFF31
:106F7000FFFFFFFFFFFFFFFFFFFFFFFFFFFFFFFF21
:106F8000FFFFFFFFFFFFFFFFFFFFFFFFFFFFFFFF11
:106F9000FFFFFFFFFFFFFFFFFFFFFFFFFFFFFFFF01
:106FA000FFFFFFFFFFFFFFFFFFFFFFFFFFFFFFFFF1
:106FB000FFFFFFFFFFFFFFFFFFFFFFFFFFFFFFFFE1
:106FC000FFFFFFFFFFFFFFFFFFFFFFFFFFFFFFFFD1
:106FD000FFFFFFFFFFFFFFFFFFFFFFFFFFFFFFFFC1
:106FE000FFFFFFFFFFFFFFFFFFFFFFFFFFFFFFFFB1
:106FF000FFFFFFFFFFFFFFFFFFFFFFFFFFFFFFFFA1
:10700000021C400F0000000000601A40C0045A7FBC
:107010000500401300000000029D1A3C30C95A27A9
:10702000080040030000000000A01D3CF83FBD2701
:1070300000A01C3CF07F9C27029D083C7CC90825D1
:1070400009F800010000000000A0083C1C01082510
:1070500000A0093C141029250600001000000000C3
:10706000000000AD040000AD080000AD0C0000AD54
:10707000100008252B080901F9FF2014000000006A
:10708000029D083CCC8308250000098D18002011C2
:107090000400082500000A8D0400082500000B8D5F
:1070A000090060110400082500000C91FFFF4A252B
:1070B0000100082500002CA1FBFF40150100292537
:1070C0000500001000000000000020A1FFFF4A257D
:1070D000FDFF40150100292503000825FCFF0A24B7
:1070E000244048010000098DE7FF20150000000042
:1070F0000000093C000029251000201100000000BC
:107100000000093C0040292588BF0A3C10204A2580
:10711000000049AD0000093C0040292588BF0A3C19
:1071200020204A25000049AD0000093C00402925E7
:1071300088BF0A3C30204A25000049AD0048804005
:10714000FFFF0A2400588A40009D093C0060292561
:10715000017889400000093C0100292500000A242B
:1071600044492A7D01608A408000093C00688940CA
:10717000008008408005097D404C090000600840FF
:107180005800013C2440010125402801006088404E
:10719000029D083C84C9082509F800010000000090
:1071A00000600840BFFF013CFFFF21342440010183
:1071B00000608840000084300000A530029D083C3B
:1071C0006CC608250800000100000000FFFFFFFF5B
:1071D000FFFFFFFFFFFFFFFFFFFFFFFFFFFFFFFFBF
:1071E000FFFFFFFFFFFFFFFFFFFFFFFFFFFFFFFFAF
:1071F000FFFFFFFFFFFFFFFFFFFFFFFFFFFFFFFF9F
:10720000FFFFFFFFFFFFFFFFFFFFFFFFFFFFFFFF8E
:10721000FFFFFFFFFFFFFFFFFFFFFFFFFFFFFFFF7E
:10722000FFFFFFFFFFFFFFFFFFFFFFFFFFFFFFFF6E
:10723000FFFFFFFFFFFFFFFFFFFFFFFFFFFFFFFF5E
:10724000FFFFFFFFFFFFFFFFFFFFFFFFFFFFFFFF4E
:10725000FFFFFFFFFFFFFFFFFFFFFFFFFFFFFFFF3E
:10726000FFFFFFFFFFFFFFFFFFFFFFFFFFFFFFFF2E
:10727000FFFFFFFFFFFFFFFFFFFFFFFFFFFFFFFF1E
:10728000FFFFFFFFFFFFFFFFFFFFFFFFFFFFFFFF0E
:10729000FFFFFFFFFFFFFFFFFFFFFFFFFFFFFFFFFE
:1072A000FFFFFFFFFFFFFFFFFFFFFFFFFFFFFFFFEE
:1072B000FFFFFFFFFFFFFFFFFFFFFFFFFFFFFFFFDE
:1072C000FFFFFFFFFFFFFFFFFFFFFFFFFFFFFFFFCE
:1072D000FFFFFFFFFFFFFFFFFFFFFFFFFFFFFFFFBE
:1072E000FFFFFFFFFFFFFFFFFFFFFFFFFFFFFFFFAE
:1072F000FFFFFFFFFFFFFFFFFFFFFFFFFFFFFFFF9E
:10730000FFFFFFFFFFFFFFFFFFFFFFFFFFFFFFFF8D
:10731000FFFFFFFFFFFFFFFFFFFFFFFFFFFFFFFF7D
:10732000FFFFFFFFFFFFFFFFFFFFFFFFFFFFFFFF6D
:10733000FFFFFFFFFFFFFFFFFFFFFFFFFFFFFFFF5D
:10734000FFFFFFFFFFFFFFFFFFFFFFFFFFFFFFFF4D
:10735000FFFFFFFFFFFFFFFFFFFFFFFFFFFFFFFF3D
:10736000FFFFFFFFFFFFFFFFFFFFFFFFFFFFFFFF2D
:10737000FFFFFFFFFFFFFFFFFFFFFFFFFFFFFFFF1D
:10738000029D1A3C04C75A27080040030000000071
:10739000FFFFFFFFFFFFFFFFFFFFFFFFFFFFFFFFFD
:1073A000FFFFFFFFFFFFFFFFFFFFFFFFFFFFFFFFED
:1073B000FFFFFFFFFFFFFFFFFFFFFFFFFFFFFFFFDD
:1073C000FFFFFFFFFFFFFFFFFFFFFFFFFFFFFFFFCD
:1073D000FFFFFFFFFFFFFFFFFFFFFFFFFFFFFFFFBD
:1073E000FFFFFFFFFFFFFFFFFFFFFFFFFFFFFFFFAD
:1073F000FFFFFFFFFFFFFFFFFFFFFFFFFFFFFFFF9D
:10740000FFFFFFFFFFFFFFFFFFFFFFFFFFFFFFFF8C
:10741000FFFFFFFFFFFFFFFFFFFFFFFFFFFFFFFF7C
:10742000FFFFFFFFFFFFFFFFFFFFFFFFFFFFFFFF6C
:10743000FFFFFFFFFFFFFFFFFFFFFFFFFFFFFFFF5C
:10744000FFFFFFFFFFFFFFFFFFFFFFFFFFFFFFFF4C
:10745000FFFFFFFFFFFFFFFFFFFFFFFFFFFFFFFF3C
:10746000FFFFFFFFFFFFFFFFFFFFFFFFFFFFFFFF2C
:10747000FFFFFFFFFFFFFFFFFFFFFFFFFFFFFFFF1C
:10748000FFFFFFFFFFFFFFFFFFFFFFFFFFFFFFFF0C
:1074900000A0033CAC0E6224AC0E658C0400448C4E
:1074A0000800438C540045AC580044AC5C0043AC2D
:1074B0000C00458C1000448C1400438C600045ACDB
:1074C000640044AC680043AC1800458C1C00448C3C
:1074D0002000438C6C0045AC700044AC740043AC9D
:1074E0002400458C2800448C2C00438C780045AC4B
:1074F0007C0044AC800043AC3000458C3400448CAC
:107500003800438C840045AC880044AC8C0043AC0C
:107510003C00458C4000448C4400438C900045ACBA
:10752000940044AC980043AC4800458C4C00448C1B
:107530005000438C9C0045ACA00044ACA40043AC7C
:1075400000A0033C600F6224600F658C0400448C33
:107550000800438C540045AC580044AC5C0043AC7C
:107560000C00458C1000448C1400438C600045AC2A
:10757000640044AC680043AC1800458C1C00448C8B
:107580002000438C6C0045AC700044AC740043ACEC
:107590002400458C2800448C2C00438C780045AC9A
:1075A0007C0044AC800043AC3000458C3400448CFB
:1075B0003800438C840045AC880044AC8C0043AC5C
:1075C0003C00458C4000448C4400438C900045AC0A
:1075D000940044AC980043AC4800458C4C00448C6B
:1075E0005000438C9C0045ACA00044ACA40043ACCC
:1075F00007000B2400A00D3C00A00C3C00A0053CA3
:10760000AC0EA524AC00A724B91D400B00A00A3C79
:107610000000468C0C00448C2B20C40014008050C9
:107620000000668C0800488C0C00468C1000448CCE
:10763000A800A8ACAC00A6ACB000A4ACFCFF488C81
:107640000000468C0400448C080048AC0C0046AC9A
:10765000100044ACA800A88CAC00A68CB000A48C90
:10766000FCFF48AC000046AC040044AC0000668C53
:107670000C00648C2B20C400140080100C004224E9
:10768000600F44250800698C0C00688C1000668C23
:10769000A80089ACAC0088ACB00086ACFCFF698C5B
:1076A0000000688C0400668C080069AC0C0068ACB3
:1076B000100066ACA800888CAC00868CB000848C6E
:1076C000FCFF68AC000066AC040064ACD0FF47145B
:1076D0000C006324FFFF6B25FF006B310400601179
:1076E00000000000040FA225841D400BB80F832565
:1076F0000800E00300000000FF008430FC84838F5A
:10770000AC858A8FD885828FAC84898F23404900CD
:10771000C33F08002640E8002338070123306A00F1
:10772000C32F06002630A6002328C5002128E50027
:107730002A28A4003400A014C084859304000424E3
:107740001B00A41400800434528485972484848F01
:107750002120A4002B2083000900801450848497EA
:10776000C78483A302220300C88484A37C8583AFDB
:107770002118430142180300AC8583AF50848497DD
:107780002C84838F211883002B1862001E00601444
:10779000021A0200C98482A3CA8483A3B88482AF78
:1077A00021102201421002000800E003AC8482AFE5
:1077B0002B2064000900805000800334C78483A319
:1077C00002220300C88484A37C8583AF211843016F
:1077D00042180300AC8583AF008003342B184300AC
:1077E00009006010021A0200C98482A3CA8483A31C
:1077F000FF7F032423186200B88483AF2110220185
:1078000042100200AC8482AF0800E00300000000D8
:10781000E8FFBD271400BFAFC0858297D88083974B
:107820002B206200060080146E858497DE8084978A
:107830002B20440017008010DE8084976E8584978B
:10784000E48085972B28A4001000A0540200022495
:107850002B2862000400A010EA8085972B20850069
:107860000A00805402000224DE8084972B28440002
:107870000800A0106E858697EA8085972B28C500A2
:107880000500A0102B18620002000224361E400BD7
:10789000948582A32B1862000E006054010002241C
:1078A0002B1044000B004014010002246E858297C7
:1078B000E48083972B1862000600605401000224C4
:1078C000EA8083972B10430003004050948580A3E7
:1078D00001000224948582A3DC8480A300A0023CE2
:1078E000A80D428C9C0040109485829302000324D2
:1078F0003300431401000324288182972C85838F51
:107900001B006200F401400012180000FF0062300A
:107910000F00432C05006014DC8482A300A0023C0D
:10792000C7074290501E400BD48482A300A0033CA2
:10793000B80763242110430000004290D48482A33E
:10794000C0848393040002240D006210E0858393B9
:10795000170062141482828FF119422C1400401413
:107960001882828F401A422C11004010D4848293D6
:107970002082838F211062006C1E400BD48482A36E
:10798000040002240A0062141482828FF119422C2E
:10799000070040141882828F401A422C04004010C5
:1079A000D48482931C82838F21106200D48482A3AA
:1079B000BE1D400FD4848493721F400B1400BF8FF0
:1079C000320043142C85838F268182971B0062002E
:1079D000F401400012180000FF0062300F00432C39
:1079E00005006014DC8482A300A0023CC70742901B
:1079F000831E400BD48482A300A0033CB8076324F9
:107A00002110430000004290D48482A3C084839359
:107A1000040002240D006210E085839317006214B5
:107A20001482828FF119422C140040141882828F24
:107A3000401A422C11004010D48482932082838FFC
:107A4000211062009F1E400BD48482A304000224F4
:107A50000A0062141482828FF119422C070040142C
:107A60001882828F401A422C04004010D4848293E2
:107A70001C82838F21106200D48482A3BE1D400F1C
:107A8000D4848493721F400B1400BF8FCD00401428
:107A9000248182972C85838F1B006200F4014000B3
:107AA00012180000FF0062300F00432C0500601424
:107AB000DC8482A300A0023CC7074290B61E400BA4
:107AC000D48482A300A0033CB807632421104300A0
:107AD00000004290D48482A3C084839304000224D3
:107AE0000D006210E0858393170062141482828F68
:107AF000F119422C140040141882828F401A422C33
:107B000011004010D48482932082838F2110620060
:107B1000D21E400BD48482A3040002240A00621403
:107B20001482828FF119422C070040141882828F30
:107B3000401A422C04004010D48482931C82838F0C
:107B400021106200D48482A3BE1D400FD48484938C
:107B5000721F400B1400BF8F020003243300431434
:107B600001000324288182972C85838F1B006200EB
:107B7000F401400012180000FF0062300F00432C97
:107B800005006014DC8482A300A0023CC707429079
:107B9000EB1E400BD48482A300A0033CB8076324EF
:107BA0002110430000004290D48482A3C0848393B8
:107BB000040002240D006210E08583931700621414
:107BC0001482828FF119422C140040141882828F83
:107BD000401A422C11004010D48482932082838F5B
:107BE00021106200071F400BD48482A304000224EA
:107BF0000A0062141482828FF119422C070040148B
:107C00001882828F401A422C04004010D484829340
:107C10001C82838F21106200D48482A3BE1D400F7A
:107C2000D4848493721F400B1400BF8F320043141E
:107C30002C85838F268182971B006200F40140000F
:107C400012180000FF0062300F00432C0500601482
:107C5000DC8482A300A0023CC70742901E1F400B99
:107C6000D48482A300A0033CB807632421104300FE
:107C700000004290D48482A3C08483930400022431
:107C80000D006210E0858393170062141482828FC6
:107C9000F119422C140040141882828F401A422C91
:107CA00011004010D48482932082838F21106200BF
:107CB0003A1F400BD48482A3040002240A006214F9
:107CC0001482828FF119422C070040141882828F8F
:107CD000401A422C04004010D48482931C82838F6B
:107CE00021106200D48482A3BE1D400FD4848493EB
:107CF000721F400B1400BF8F320040142481829702
:107D00002C85838F1B006200F401400012180000D4
:107D1000FF0062300F00432C05006014DC8482A356
:107D200000A0023CC7074290511F400BD48482A39D
:107D300000A0033CB80763242110430000004290D8
:107D4000D48482A3C0848393040002240D006210B3
:107D5000E0858393170062141482828FF119422CFC
:107D6000140040141882828F401A422C11004010D7
:107D7000D48482932082838F211062006D1F400B78
:107D8000D48482A3040002240A0062141482828F25
:107D9000F119422C070040141882828F401A422C9D
:107DA00004004010D48482931C82838F21106200CF
:107DB000D48482A3BE1D400FD4848493721F400BD1
:107DC0001400BF8F1400BF8F0800E0031800BD2708
:107DD000E0858393040002241E006214768082935F
:107DE000F085828F1482838F2B18620019006050F7
:107DF000768082931882838F2B1843000A006010CC
:107E00001882838FC08484930400032405008310A8
:107E10002082838F7680829321106200961F400B10
:107E2000D48482A31882838F2B1043000900401052
:107E300076808293C0848393040002240500621438
:107E4000768082931C82838F21106200961F400BE4
:107E5000D48482A3D48482A3C084839304000224A4
:107E600028006210FC84838FAC85878FD885828F31
:107E7000AC84868F23204600C32F04002620A40054
:107E80002340850023286700C32705002628850096
:107E90002320A40021200401D48488932A20880070
:107EA0003C008014008004342B20640009008050C2
:107EB00000800334C78483A302220300C88484A300
:107EC0007C8583AF2118E30042180300AC8583AFA3
:107ED000008003342B1843002E006010021A0200A9
:107EE000C98482A3CA8483A3FF7F0324231862006A
:107EF000B88483AF2110C200421002000800E003E2
:107F0000AC8482AFAC85878FD885828FAC84868F16
:107F100023284600C3270500262885002340A40007
:107F200023286700C3270500262885002320A400F6
:107F300021200401D48488932A208800150080140D
:107F40002484848F2B208300090080542C84838F09
:107F5000C78483A302220300C88484A37C8583AFE3
:107F60002118E30042180300AC8583AF2C84838F73
:107F70002B18620007006014021A0200C98482A351
:107F8000CA8483A3B88482AF2110C20042100200C9
:107F9000AC8482AF0800E0030000000000A0023CB7
:107FA000800E438C528482972B204300080080145B
:107FB0002484848F03000224DD8482A30100022430
:107FC0004C8582AFF48480AF0220400BFC8480AFEC
:107FD000212044002B2883000800A050F48480AFA7
:107FE00003000224DD8482A301000224F48482AF12
:107FF0004C8580AF0220400BFC8484AF4C8580AF61
:1080000023106200FC8482AF00A0023C840E438CEB
:10801000508482972B204300080080542C84848F46
:1080200003000224DD8482A301000224DC8582AFE8
:10803000908580AF0800E003D88580AF2120440000
:108040002B2883000800A050DC8580AF03000224A9
:10805000DD8482A301000224908582AFDC8580AF9D
:108060000800E003D88584AF908580AF23106200BC
:108070000800E003D88582AF248282930600401076
:1080800025828293FC84828F2484838F2310620054
:10809000FC8482AF2582829304004010D885828FB1
:1080A0002C84838F23106200D88582AF0800E00300
:1080B000000000003E808393010002241B00621434
:1080C0006E858297EA8083972B1862000400601403
:1080D000E4808397010002243D20400BF38482A3B7
:1080E0002B10430003004054F38480A301000224BA
:1080F000F38482A3C0858297DE8083972B18620069
:1081000004006054D8808397010002240800E00333
:10811000D58482A32B10430004004054D58480A34F
:10812000010002240800E003D58482A30800E003D4
:1081300000000000C0FFBD273C00BFAF3800BEAF4D
:108140003400B7AF3000B6AF2C00B5AF2800B4AFE5
:108150002400B3AF2000B2AF1C00B1AF1800B0AF25
:108160007485828F2A04401400A0053CAC0EA5241F
:108170000400A48C1000A68C1C00B48C2800BE8CBB
:108180003400B58C4000A38C4C00A28C00A0053CB0
:10819000600FA5240400B08C1000B38C1C00B68CBA
:1081A0002800A78C1000A7AF3400B78C4000B28C19
:1081B0004C00B18CC885858FB08585AF2B28820097
:1081C0000E00A0142B2866002B28C3000800A01462
:1081D0002B2844002B2895020500A0102B284400D2
:1081E000C885858F0400057C9520400BC88585AF28
:1081F0000C00A0142138C4002B2866000900A0142C
:108200002138C4002B28B4020700A0102138F40044
:10821000C885858F010007240400E57C9520400B6C
:10822000C88585AF2138F400212875002128A200D7
:108230002B28A7000400A010C885858F0400057CAA
:108240009520400BC88585AF010007240400E57C1C
:10825000C88585AF2B2811020E00A0142B285302CD
:108260002B2872020800A0142B2830022B28D702DA
:108270000500A0102B283002C885858F4408057C96
:10828000BB20400BC88585AF0C00A01421387002BC
:108290002B2853020900A014213870022B28F60263
:1082A0000700A0102138F600C885858F010007243B
:1082B0004408E57CBB20400BC88585AF2138F6001B
:1082C000212857022128B1002B28A7000400A01064
:1082D000C885858F4408057CBB20400BC88585AFC9
:1082E000010007244408E57CC88585AFB085858FEB
:1082F000C885878F0900E5101E8587930100E72454
:10830000FF00E7301E8587A31F00E72C0500E05023
:108310001E8580A3C920400BC88585AF1E8580A31C
:10832000C88585AFC885858F0100A5301D00A05484
:10833000211843002130C400211043001B00C2005B
:10834000F401400012300000C48586AFAE71400FCA
:10835000402004008771400F212040001400A2AF8C
:1083600021A0D403AE71400F212095028771400FE8
:108370002120400021A040001400A48F029D023C57
:10838000DD6C400FF098458C21204000536B400F6E
:10839000212880022171400F212040000321400B41
:1083A000448582AF2120C4001B006400F4018000DA
:1083B00012200000C48584AFAE71400F402002003F
:1083C0008771400F212040001400A2AF21A0D403E8
:1083D000AE71400F212095028771400F212040008F
:1083E00021A040001400A48F029D023CDD6C400FD0
:1083F000F098458C21204000536B400F21288002CB
:108400002171400F21204000448582AFC885828FB2
:10841000020042301E004054219032022198700226
:10842000218832021B007102F40120021288000030
:10843000D88491AFAE71400F402010008771400F7B
:1084400021204000218840001000A28F21B056005A
:10845000AE71400F2120D7028771400F21204000CC
:108460002180400021202002029D023CDD6C400F53
:10847000F098458C21204000536B400F21280002CA
:108480002171400F212040003F21400B848582AFA5
:10849000218070021B005002F401000212800000D3
:1084A000D88490AFAE71400F402011008771400F0B
:1084B00021204000218840001000A28F21B05600EA
:1084C000AE71400F2120D7028771400F212040005C
:1084D0002180400021202002029D023CDD6C400FE3
:1084E000F098458C21204000536B400F212800025A
:1084F0002171400F21204000848582AFAE71400F72
:10850000A484848F029D113C21204000DD6C400F2B
:10851000F498258E21804000AE71400F4485848FF1
:10852000029D123C21204000DD6C400FF898458EE2
:10853000212000029169400F212840002171400F45
:108540002120400021804000BC8482AFAE71400FEA
:108550006885848F21204000DD6C400FF498258EC3
:1085600021884000AE71400F8485848F2120400017
:10857000DD6C400FF898458E212020029169400F54
:10858000212840002171400F21204000F88482AF53
:10859000A48490AF688582AF5000022E0300401083
:1085A000510002249B22400BAA8580A304000216DE
:1085B00052000224010002249B22400BAA8582A3C0
:1085C0000400021653000224020002249B22400BE6
:1085D000AA8582A304000216540002240300022488
:1085E0009B22400BAA8582A3040002165500022498
:1085F000040002249B22400BAA8582A304000216D9
:1086000056000224050002249B22400BAA8582A367
:108610000400021657000224060002249B22400B8D
:10862000AA8582A30400021658000224070002242F
:108630009B22400BAA8582A3040002165900022443
:10864000080002249B22400BAA8582A30400021684
:108650005A000224090002249B22400BAA8582A30F
:10866000040002165B0002240A0002249B22400B35
:10867000AA8582A3040002165C0002240B000224D7
:108680009B22400BAA8582A3040002165D000224EF
:108690000C0002249B22400BAA8582A30400021630
:1086A0005E0002240D0002249B22400BAA8582A3B7
:1086B000040002165F0002240E0002249B22400BDD
:1086C000AA8582A304000216600002240F0002247F
:1086D0009B22400BAA8582A304000216610002249B
:1086E000100002249B22400BAA8582A304000216DC
:1086F00062000224110002249B22400BAA8582A35F
:108700000400021663000224120002249B22400B84
:10871000AA8582A304000216640002241300022426
:108720009B22400BAA8582A3040002166500022446
:10873000140002249B22400BAA8582A30400021687
:1087400066000224150002249B22400BAA8582A306
:108750000400021667000224160002249B22400B2C
:10876000AA8582A3040002166800022417000224CE
:108770009B22400BAA8582A30400021669000224F2
:10878000180002249B22400BAA8582A30400021633
:108790006A000224190002249B22400BAA8582A3AE
:1087A000040002166B0002241A0002249B22400BD4
:1087B000AA8582A3040002166C0002241B00022476
:1087C0009B22400BAA8582A3040002166D0002249E
:1087D0001C0002249B22400BAA8582A304000216DF
:1087E0006E0002241D0002249B22400BAA8582A356
:1087F000040002166F0002241E0002249B22400B7C
:10880000AA8582A304000216700002241F0002241D
:108810009B22400BAA8582A3040002167100022449
:10882000200002249B22400BAA8582A3040002168A
:1088300072000224210002249B22400BAA8582A3FD
:108840000400021673000224220002249B22400B23
:10885000AA8582A3040002167400022423000224C5
:108860009B22400BAA8582A30400021675000224F5
:10887000240002249B22400BAA8582A30400021636
:1088800076000224250002249B22400BAA8582A3A5
:108890000400021677000224260002249B22400BCB
:1088A000AA8582A30400021678000224270002246D
:1088B0009B22400BAA8582A30400021679000224A1
:1088C000280002249B22400BAA8582A304000216E2
:1088D0007A000224290002249B22400BAA8582A34D
:1088E000040002167B0002242A0002249B22400B73
:1088F000AA8582A3040002167C0002242B00022415
:108900009B22400BAA8582A3040002167D0002244C
:108910002C0002249B22400BAA8582A3040002168D
:108920007E0002242D0002249B22400BAA8582A3F4
:10893000040002167F0002242E0002249B22400B1A
:10894000AA8582A304000216800002242F000224BC
:108950009B22400BAA8582A30400021681000224F8
:10896000300002249B22400BAA8582A30400021639
:1089700082000224310002249B22400BAA8582A39C
:108980000400021683000224320002249B22400BC2
:10899000AA8582A304000216840002243300022464
:1089A0009B22400BAA8582A30400021685000224A4
:1089B000340002249B22400BAA8582A304000216E5
:1089C00086000224350002249B22400BAA8582A344
:1089D0000400021687000224360002249B22400B6A
:1089E000AA8582A30400021688000224370002240C
:1089F0009B22400BAA8582A3040002168900022450
:108A0000380002249B22400BAA8582A30400021690
:108A10008A000224390002249B22400BAA8582A3EB
:108A2000040002168B0002243A0002249B22400B11
:108A3000AA8582A3040002168C0002243B000224B3
:108A40009B22400BAA8582A3040002568D00102EA3
:108A50003C0002249B22400BAA8582A3040000163E
:108A6000F884828F3C000224AA8582A3F884828F36
:108A70005000432C0300601051000324D123400B0D
:108A8000408580A304004314520003240100022403
:108A9000D123400B408582A30400431453000324D8
:108AA00002000224D123400B408582A3040043141A
:108AB0005400032403000224D123400B408582A3E9
:108AC000040043145500032404000224D123400B66
:108AD000408582A3040043145600032405000224A9
:108AE000D123400B408582A3040043145700032484
:108AF00006000224D123400B408582A304004314C6
:108B00005800032407000224D123400B408582A390
:108B1000040043145900032408000224D123400B0D
:108B2000408582A3040043145A0003240900022450
:108B3000D123400B408582A3040043145B0003242F
:108B40000A000224D123400B408582A30400431471
:108B50005C0003240B000224D123400B408582A338
:108B6000040043145D0003240C000224D123400BB5
:108B7000408582A3040043145E0003240D000224F8
:108B8000D123400B408582A3040043145F000324DB
:108B90000E000224D123400B408582A3040043141D
:108BA000600003240F000224D123400B408582A3E0
:108BB000040043146100032410000224D123400B5D
:108BC000408582A3040043146200032411000224A0
:108BD000D123400B408582A3040043146300032487
:108BE00012000224D123400B408582A304004314C9
:108BF0006400032413000224D123400B408582A388
:108C0000040043146500032414000224D123400B04
:108C1000408582A304004314660003241500022447
:108C2000D123400B408582A3040043146700032432
:108C300016000224D123400B408582A30400431474
:108C40006800032417000224D123400B408582A32F
:108C5000040043146900032418000224D123400BAC
:108C6000408582A3040043146A00032419000224EF
:108C7000D123400B408582A3040043146B000324DE
:108C80001A000224D123400B408582A30400431420
:108C90006C0003241B000224D123400B408582A3D7
:108CA000040043146D0003241C000224D123400B54
:108CB000408582A3040043146E0003241D00022497
:108CC000D123400B408582A3040043146F0003248A
:108CD0001E000224D123400B408582A304004314CC
:108CE000700003241F000224D123400B408582A37F
:108CF000040043147100032420000224D123400BFC
:108D0000408582A30400431472000324210002243E
:108D1000D123400B408582A3040043147300032435
:108D200022000224D123400B408582A30400431477
:108D30007400032423000224D123400B408582A326
:108D4000040043147500032424000224D123400BA3
:108D5000408582A3040043147600032425000224E6
:108D6000D123400B408582A30400431477000324E1
:108D700026000224D123400B408582A30400431423
:108D80007800032427000224D123400B408582A3CE
:108D9000040043147900032428000224D123400B4B
:108DA000408582A3040043147A000324290002248E
:108DB000D123400B408582A3040043147B0003248D
:108DC0002A000224D123400B408582A304004314CF
:108DD0007C0003242B000224D123400B408582A376
:108DE000040043147D0003242C000224D123400BF3
:108DF000408582A3040043147E0003242D00022436
:108E0000D123400B408582A3040043147F00032438
:108E10002E000224D123400B408582A3040043147A
:108E2000800003242F000224D123400B408582A31D
:108E3000040043148100032430000224D123400B9A
:108E4000408582A3040043148200032431000224DD
:108E5000D123400B408582A30400431483000324E4
:108E600032000224D123400B408582A30400431426
:108E70008400032433000224D123400B408582A3C5
:108E8000040043148500032434000224D123400B42
:108E9000408582A304004314860003243500022485
:108EA000D123400B408582A3040043148700032490
:108EB00036000224D123400B408582A304004314D2
:108EC0008800032437000224D123400B408582A36D
:108ED000040043148900032438000224D123400BEA
:108EE000408582A3040043148A000324390002242D
:108EF000D123400B408582A3040043148B0003243C
:108F00003A000224D123400B408582A3040043147D
:108F10008C0003243B000224D123400B408582A314
:108F2000040043148D00422C3C000224D123400B4A
:108F3000408582A3040040141885828F3C000224DF
:108F4000408582A31885828F260040100C85828F71
:108F50009885828F230040140C85828FD68482935B
:108F60000B00432C15006014208583934085839368
:108F70002B2043000D00801401004224C885828FFD
:108F80000200423005004010208580A3188580AF84
:108F9000D68480A30F24400B218583A3188580AF3E
:108FA000D68480A30F24400B218583A3FF00423089
:108FB000D68482A30F24400B218582A31500642C44
:108FC0001F0080508C85828F01004224FF004230B8
:108FD000D68482A3218582A3010063240F24400B41
:108FE000208583A3050040147485828FCC85828FF1
:108FF00011004010408582937485828F0E004014CA
:1090000040858293218580A300A0023C680F429492
:109010006100422C04004014C885828F4408027C01
:109020000F24400BC88582AF010003244408627CF2
:109030000F24400BC88582AF218582A38C85828F47
:1090400026004010B084828F9885828F23004014C0
:10905000B084828F9C8582930B00432C1500601492
:109060005C858393AA8583932B2043000D00801495
:1090700001004224C885828F010042300500401063
:109080005C8580A38C8580AF9C8580A34D24400B9C
:10909000F18483A38C8580AF9C8580A34D24400BF5
:1090A000F18483A3FF0042309C8582A34D24400BB2
:1090B000F18482A31500642C1F008050B084828F3D
:1090C00001004224FF0042309C8582A3F18482A3E8
:1090D000010063244D24400B5C8583A305004014EC
:1090E0007485828F5485828F11004010AA858293E7
:1090F0007485828F0E004014AA858293F18480A328
:1091000000A0023CB40E42946100422C04004014C2
:10911000C885828F0400027C4D24400BC88582AF35
:10912000010003240400627C4D24400BC88582AFFB
:10913000F18482A3B084828F05004014CC85828F95
:109140005485828F0A004010D884828FCC85828F0C
:1091500005004054F18480A30C85828F04004010E8
:10916000D884828FF18480A3218580A3D884828FC4
:109170000300422C0800401000A0023CC485828FEE
:109180000300422C0400401000A0023CB085828FF6
:10919000C88582AF00A0023CA80D428C0700401495
:1091A000AA858293108580A3748580AF188580AFCF
:1091B0008C8580AF988580AFAA8582930B00401084
:1091C00040858293C885828F010042300700401499
:1091D00040858293F18482932710020080FF03244C
:1091E00025104300F18482A340858293080040103B
:1091F000C885828F02004230050040142185829389
:109200002710020080FF032425104300218582A33C
:109210003C00BF8F3800BE8F3400B78F3000B68F50
:109220002C00B58F2800B48F2400B38F2000B28F9C
:109230001C00B18F1800B08F0800E0034000BD276C
:109240003E8084930100032439008314388582937F
:10925000C0858397DA8084972B2064000F008054A8
:1092600002000324D48084972B2083000B008054B9
:10927000020003246E858497E68085972B2885005D
:109280000600A05402000324E08085972B28A40048
:109290000400A010DC80869702000324CD24400B3C
:1092A000388583A3D28085972338C5002A38670084
:1092B0001100E05401000324D68087972140E50087
:1092C0002A4003010C00005501000324E880889720
:1092D000234805012A48890007002055010003247E
:1092E000E2808997212825012A28A4000400A050A3
:1092F0002B30C30001000324CD24400B388583A309
:109300000D00C050020003242B1867000A006010F3
:10931000020003242B400401070000112B208900C8
:1093200005008054388580A3CE24400B0000000047
:10933000388580A30200032407004314010003249E
:109340003885849304008314000000002100032466
:10935000E524400B648583A306004314388583937A
:10936000040060140000000010000224E824400BF8
:10937000648582A307004014388584930100032488
:10938000050083140000000001000224EE24400BBD
:10939000648582A30100032408004314108582938E
:1093A000388583930200022404006214108582939E
:1093B00012000224648582A310858293038582A310
:1093C000388282930500432C050060104A80839305
:1093D00001000224548582AFFF24400BB08480AF8B
:1093E000FCFF63242A10620005004010398282933A
:1093F000548580AF01000224B08482AF3982829309
:109400000500432C050060104B808393010002246B
:10941000CC8582AF0E25400B0C8580AFFCFF63240A
:109420002A1062000500401038828293CC8580AFFC
:10943000010002240C8582AF388282934A80839394
:10944000FCFF63242A206200140080143982849374
:109450000500442C11008054398284933982829310
:109460004B808393FCFF63242A186200130060542E
:10947000030002240500422C1000401403000224C3
:1094800001000224108582A3548580AFB08480AF90
:10949000CC8580AF3825400B0C8580AF4B80859301
:1094A000FCFFA5242A28A4000300A0140500842C96
:1094B000040080102A186200030002243825400BA3
:1094C000108582A305006054020002240500422C8E
:1094D000040040100385839302000224108582A3B8
:1094E00003858393010002240B0062140385839398
:1094F00010858293FEFF4224FF0042300200422C7E
:10950000060040100300022401000224748582AF8B
:10951000988582AF038583930300022408006214B8
:109520000385839310858393010002240400621451
:1095300003858393188582AF748580AF03858393F9
:1095400002000224060062141085839301000224A5
:1095500003006214000000008C8582AF748580AF28
:109560000800E0030000000052848397FC84828F8F
:109570002118620050848297D885848F2110820040
:10958000D88582AF1E8484972B1083000F00405033
:10959000FC8480AF488485972B10A3000A004014F8
:1095A000FF7F022423186400C0130300231043002C
:1095B0002320A4001B004400F401800012200000BE
:1095C0007325400BFC8484AFFC8482AFFC838497BA
:1095D000D885838F2B10830010004050D88580AF32
:1095E0003C8485972B10A3000A004014FF7F0224BF
:1095F00023186400C0130300231043002320A40099
:109600001B004400F4018000122000000800E00369
:10961000D88584AF0800E003D88582AF0800E00356
:1096200000000000FC84838F0D006050FC8480AF3C
:109630002484848F2B10830008004014FF7F0224B1
:10964000C0130300231043001B004400F4018000FA
:10965000122000009825400BFC8484AFFC8482AF6C
:10966000D885838F0D006050D88580AF2C84848F7F
:109670002B10830008004014FF7F0224C013030056
:10968000231043001B004400F4018000122000005E
:10969000A725400BD88584AFD88582AF24828293DA
:1096A0000600401025828293FC84828FFF7F032472
:1096B00023106200FC8482AF258282930400401054
:1096C000D885828FFF7F032423106200D88582AF64
:1096D0000800E0030000000000A0023CA00D428C46
:1096E00000A0033C800E638C2B206200040080509D
:1096F0002310620023104300C125400B608582AF18
:10970000608582AF00A0023CA40D428C00A0033C07
:10971000840E638C2B206200050080106085848F8E
:109720002110440023184300CF25400B608583AFF0
:109730002118640023106200608582AF6085828FEB
:109740003200432C0300601001000324D625400B97
:10975000708580AF708583AF00A0033CA80D638C3B
:109760008300601000818397D58483934200601446
:1097700000818397F38483933F0060140081839773
:109780002B18620004006010FE808397208182976E
:109790007526400BE88482AF2B186200040060102D
:1097A000FC8083971E8182977526400BE88482AFE8
:1097B0002B18620004006010FA8083971C81829746
:1097C0007526400BE88482AF2B18620004006010FD
:1097D000F88083971A8182977526400BE88482AFC0
:1097E0002B18620004006010F6808397188182971E
:1097F0007526400BE88482AF2B18620004006010CD
:10980000F4808397168182977526400BE88482AF97
:109810002B18620004006010F280839714818297F5
:109820007526400BE88482AF2B186200040060109C
:10983000F0808397128182977526400BE88482AF6F
:109840002B18620004006010EE80839710818297CD
:109850007526400BE88482AF2B1062000400401094
:109860000C8182970E8182977526400BE88482AF27
:109870007526400BE88482AF2B186200040060104C
:10988000FE808397208182977526400BE88482AF03
:109890002B18620004006010FC8083971E81829761
:1098A0007526400BE88482AF2B186200040060101C
:1098B000FA8083971C8182977526400BE88482AFDB
:1098C0002B18620004006010F88083971A81829739
:1098D0007526400BE88482AF2B18620004006010EC
:1098E000F6808397188182977526400BE88482AFB3
:1098F0002B18620004006010F48083971681829711
:109900007526400BE88482AF2B18620004006010BB
:10991000F2808397148182977526400BE88482AF8A
:109920002B18620004006010F080839712818297E8
:109930007526400BE88482AF2B186200040060108B
:10994000EE808397108182977526400BE88482AF62
:109950002B106200040040100C8182970E818297C8
:109960007526400BE88482AF7526400BE88482AFF1
:109970002B18620004006010FA8083970A81829796
:109980007526400BE88482AF2B186200040060103B
:10999000F8808397068182977526400BE88482AF12
:1099A0002B18620004006010EE8083970881829774
:1099B0007526400BE88482AF2B1062000400401033
:1099C00002818297048182977526400BE88482AFDA
:1099D000E88482AFE884868F010002240700C21069
:1099E00000A0023CA80E42902B184600090060100F
:1099F00000A0033C9626400B00A0023C00A0023CC5
:109A0000800E42241C0040AC200040AC9526400B48
:109A1000280040A0800E688C800E63240400678CB0
:109A20001C00648C2000638C23208800FFFF4224EC
:109A3000FF0042302B284600FBFFA01023186700D0
:109A400000A0053C800EA5241C00A4AC2000A3AC03
:109A50002800A2A000A0023C9C0D42240400478CD8
:109A600000A0043C800E84241C00858C2128E50085
:109A70001C0085AC0800468C2000838C2118C30094
:109A8000200083AC2800829001004224FF00423075
:109A90000C004010280082A000A0043C1B00A20083
:109AA000F401400012280000800E85AC800E842452
:109AB0001B006200F4014000121800000800E003DF
:109AC000040083AC00A0023C800E47AC800E422410
:109AD000040046AC0800E003280040A0D8FFBD27E2
:109AE0002400BFAF2000B3AF1C00B2AF1800B1AF6D
:109AF0001400B0AF3800B28F801005004088040019
:109B0000218824022388510023882602C3171100CC
:109B10002688510023882202408005002380040209
:109B200023800602C3171000268050002380020203
:109B300002000016FF00E73001001024AE71400F54
:109B40000220477221984000AE71400F422012005F
:109B500021904000AE71400F21202002218840005A
:109B6000AE71400F2120000221202002536B400FD4
:109B70002128400021204002DD6C400F21284000B8
:109B8000212060029169400F212840002171400F7F
:109B9000212040002400BF8F2000B38F1C00B28F13
:109BA0001800B18F1400B08F0800E0032800BD2713
:109BB000E0FFBD271C00BFAF1800B0AF00A0103CF5
:109BC000600F102654000292588482A3FFFF4524A0
:109BD0003C85848F8030050000190500231866003D
:109BE000211803020400658C2328A400040065AC3E
:109BF00080280200003102002328C5002128050228
:109C00000400A68C2330C4000400A6AC010042244A
:109C100080300200001102002310460021100202D1
:109C20000400468C2330C400040046AC0400648C5D
:109C30000400A58C010067904E808297B726400FE4
:109C40001000A2AF00A0033CA40D62AC540002922D
:109C500080180200001102002310430021805000F0
:109C600001000292028582A31C00BF8F1800B08FF2
:109C70000800E0032000BD27E0FFBD271C00BFAFA8
:109C80001800B0AF00A0103CAC0E10265400029299
:109C9000588482A3FFFF45243C85848F80300500D3
:109CA0000019050023186600211803020400658CC2
:109CB0002328A400040065AC8028020000310200C3
:109CC0002328C500212805020400A68C2330C400E7
:109CD0000400A6AC01004224803002000011020002
:109CE00023104600211002020400468C2330C400D9
:109CF000040046AC0400648C0400A58C010067904D
:109D00004C808297B726400F1000A2AF00A0033C02
:109D1000A00D62AC540002928018020000110200F3
:109D2000231043002180500001000292F28482A39C
:109D30001C00BF8F1800B08F0800E0032000BD2773
:109D4000D0FFBD272C00BFAF2800B5AF2400B4AFB3
:109D50002000B3AF1C00B2AF1800B1AF1400B0AF19
:109D600000A0023CAC0E422454005090588490A3B2
:109D7000FEFF03268020030000190300231864005F
:109D8000211843000400668CFFFF0426801804009D
:109D90000021040023208300212044000400918C32
:109DA00080201000001910002320640021204400AE
:109DB0000400938C01000426802804000021040084
:109DC00023208500212044000400928C23183302B4
:109DD00023187200020004268028040000210400D9
:109DE00023208500211044000400428C21186200C9
:109DF00029006050409813002A10510212004014AC
:109E00004C80829723203202022082701A00830045
:109E1000F4016000122000008018100000291000DA
:109E20002318A30000A0053CAC0EA5242118650052
:109E300001006390022843705A71400F2120A40052
:109E4000A527400B21A84000231832020218627097
:109E50002330D1002330D3002130D2001A00660015
:109E6000F401C00012300000801810000021100022
:109E70002318830000A0043CAC0E84242118640045
:109E800001006490021844705A71400F212066004E
:109E900021A8400040981300239871022398720271
:109EA0004098130013006052212080024C80839759
:109EB00080101000008110002380020200A0023CEC
:109EC000AC0E422421800202010002920210627054
:109ED00023883202021823721A007300F401600210
:109EE000129800005A71400F2320530021A0400017
:109EF000212080028F69400F2128A0020171400FAC
:109F000021204000C31F02002610620023184300D6
:109F10004C8084972A188300070060102120A0023B
:109F20000171400F212080025A71400F2120400012
:109F3000D627400B000000009169400F21288002C5
:109F40000171400F21204000C22702002120820021
:109F50005A71400F432004000171400F212040003E
:109F60002C00BF8F2800B58F2400B48F2000B38F42
:109F70001C00B28F1800B18F1400B08F0800E003EE
:109F80003000BD27D0FFBD272C00BFAF2800B5AFE4
:109F90002400B4AF2000B3AF1C00B2AF1800B1AFC3
:109FA0001400B0AF00A0023C600F42245400509057
:109FB000588490A3FEFF03268020030000190300AD
:109FC00023186400211843000400668CFFFF042658
:109FD0008018040000210400232083002120440075
:109FE0000400918C802010000019100023206400D0
:109FF000212044000400938C0100042680280400E2
:10A000000021040023208500212044000400928CBC
:10A01000231833022318720002000426802804004B
:10A020000021040023208500211044000400428CFC
:10A030002118620029006050409813002A10510234
:10A04000120040144E808297232032020220827038
:10A050001A008300F4016000122000008018100034
:10A06000002910002318A30000A0053C600FA524C0
:10A070002118650001006390022843705A71400F57
:10A080002120A4003628400B21A8400023183202CA
:10A09000021862702330D1002330D3002130D20067
:10A0A0001A006600F401C000123000008018100091
:10A0B000002110002318830000A0043C600F8424BA
:10A0C0002118640001006490021844705A71400F16
:10A0D0002120660021A840004098130023987102B7
:10A0E00023987202409813001300605221208002CE
:10A0F0004E808397801010000081100023800202A0
:10A1000000A0023C600F4224218002020100029262
:10A110000210627023883202021823721A00730040
:10A12000F4016002129800005A71400F232053007E
:10A1300021A04000212080028F69400F2128A00229
:10A140000171400F21204000C31F02002610620051
:10A15000231843004E8084972A188300070060105C
:10A160002120A0020171400F212080025A71400F6E
:10A17000212040006728400B000000009169400F3B
:10A18000212880020171400F21204000C2270200D7
:10A19000212082005A71400F432004000171400FBA
:10A1A000212040002C00BF8F2800B58F2400B48FE1
:10A1B0002000B38F1C00B28F1800B18F1400B08F35
:10A1C0000800E0033000BD27D8FFBD272400BFAF43
:10A1D0002000B3AF1C00B2AF1800B1AF1400B0AF95
:10A1E00000A0023CAC0E42241000528C1C00518C8A
:10A1F0002800508C3400438C4000538C2A1071008E
:10A200001100405423882302238871005A71400FA3
:10A210002120200221904000238833025A71400FF0
:10A220002120300221204002536B400F21284000A2
:10A2300021204000029D023C9169400FFC98458C12
:10A24000A028400B218040005A71400F212020029D
:10A2500021984000238832025A71400F2120300299
:10A2600021206002536B400F21284000029D033CD7
:10A27000FC98648C8F69400F2128400021804000A9
:10A2800000A0023C5A71400FD10E449021204000A2
:10A29000029D023C8F69400FFC98458C21204000B4
:10A2A0009169400F21280002218040005A71400F1F
:10A2B0004C80849721200002DD6C400F2128400053
:10A2C0000171400F212040002400BF8F2000B38F78
:10A2D0001C00B28F1800B18F1400B08F0800E0038B
:10A2E0002800BD27D8FFBD272400BFAF2000B3AF93
:10A2F0001C00B2AF1800B1AF1400B0AF00A0023C18
:10A30000600F42241000528C1C00518C2800508C8D
:10A310003400438C4000538C2A10710011004054CB
:10A3200023882302238871005A71400F21202002C4
:10A3300021904000238833025A71400F21203002BF
:10A3400021204002536B400F212840002120400073
:10A35000029D023C9169400FFC98458CE728400B18
:10A36000218040005A71400F212020022198400096
:10A37000238832025A71400F2120300221206002CE
:10A38000536B400F21284000029D033CFC98648CD5
:10A390008F69400F212840002180400000A0023C2E
:10A3A0005A71400F850F449021204000029D023CCD
:10A3B0008F69400FFC98458C212040009169400F27
:10A3C00021280002218040005A71400F4E8084975E
:10A3D00021200002DD6C400F212840000171400F58
:10A3E000212040002400BF8F2000B38F1C00B28FBB
:10A3F0001800B18F1400B08F0800E0032800BD27BB
:10A40000D0FFBD272C00BFAF2800B6AF2400B5AFEA
:10A410002000B4AF1C00B3AF1800B2AF1400B1AF4E
:10A420001000B0AF00A0023CAC0E4224540050908B
:10A43000588490A3FEFF0326802003000019030028
:10A4400023186400211843000400758CFFFF0326C5
:10A450008020030000190300231864002118430022
:10A460000400718C80181000002110002318830054
:10A47000211843000400738C010003268020030090
:10A480000019030023186400211843000400728C93
:10A490000200032680200300001903002318640033
:10A4A000211043000400568C5A71400F2320710282
:10A4B00021A0400040201300232091005A71400F3A
:10A4C0002320920021208002536B400F212840005E
:10A4D00021A040002A10510211004054238832026A
:10A4E000238851025A71400F2120200221A84000E8
:10A4F000238836025A71400F212033022120A00206
:10A50000536B400F2128400021204000029D023C57
:10A510009169400FFC98458C5629400B2120800200
:10A520005A71400F2120200221B0400023883502BB
:10A530005A71400F212033022120C002536B400F7B
:10A5400021284000029D033CFC98648C8F69400FD9
:10A5500021284000212080029169400F21284000DD
:10A56000219840005A71400F4C8084972190400000
:10A57000029D113C21206002DD6C400FFC98258E6D
:10A5800021204002DD6C400F21284000219840002E
:10A5900080101000008110002380020200A0023C05
:10A5A000AC0E4224218002025A71400F0100049235
:10A5B000212040008F69400FFC98258E2120400209
:10A5C000DD6C400F21284000212060029169400F7E
:10A5D000212840000171400F212040002C00BF8F36
:10A5E0002800B68F2400B58F2000B48F1C00B38FD5
:10A5F0001800B28F1400B18F1000B08F0800E00374
:10A600003000BD27D0FFBD272C00BFAF2800B6AF5C
:10A610002400B5AF2000B4AF1C00B3AF1800B2AF38
:10A620001400B1AF1000B0AF00A0023C600F422494
:10A6300054005090588490A3FEFF0326802003000E
:10A640000019030023186400211843000400758CCE
:10A65000FFFF032680200300001903002318640075
:10A66000211843000400718C801810000021100094
:10A6700023188300211843000400738C0100032673
:10A6800080200300001903002318640021184300F0
:10A690000400728C020003268020030000190300CE
:10A6A00023186400211043000400568C5A71400F97
:10A6B0002320710221A0400040201300232091009C
:10A6C0005A71400F2320920021208002536B400FCB
:10A6D0002128400021A040002A10510211004054BE
:10A6E00023883202238851025A71400F2120200210
:10A6F00021A84000238836025A71400F21203302DE
:10A700002120A002536B400F21284000212040004F
:10A71000029D023C9169400FFC98458CD729400B63
:10A72000212080025A71400F2120200221B04000D8
:10A73000238835025A71400F212033022120C002A4
:10A74000536B400F21284000029D033CFC98648C11
:10A750008F69400F21284000212080029169400F1D
:10A7600021284000219840005A71400F4E80849764
:10A7700021904000029D113C21206002DD6C400FC1
:10A78000FC98258E21204002DD6C400F21284000DE
:10A7900021984000801010000081100023800202E8
:10A7A00000A0023C600F4224218002025A71400F37
:10A7B00001000492212040008F69400FFC98258EF3
:10A7C00021204002DD6C400F212840002120600242
:10A7D0009169400F212840000171400F2120400065
:10A7E0002C00BF8F2800B68F2400B58F2000B48FB7
:10A7F0001C00B38F1800B28F1400B18F1000B08FFF
:10A800000800E0033000BD27D0FFBD272C00BFAFFC
:10A810002800B6AF2400B5AF2000B4AF1C00B3AF22
:10A820001800B2AF1400B1AF1000B0AF00A0103CE0
:10A83000AC0E102654000292588482A3FEFF4224DC
:10A8400080180200001102002310430021100202B0
:10A85000AE71400F0400448C8771400F21204000EE
:10A8600021B0400058848293FFFF422480180200E8
:10A87000001102002310430021100202AE71400FAC
:10A880000400448C8771400F212040000171400F6B
:10A8900021204000218840005884829380180200C3
:10A8A000001102002310430021100202AE71400F7C
:10A8B0000400448C8771400F212040000171400F3B
:10A8C00021204000219840005884829301004224B6
:10A8D0008018020000110200231043002110020220
:10A8E000AE71400F0400448C8771400F212040005E
:10A8F0000171400F21204000219040005884829334
:10A9000002004224801802000011020023104300BC
:10A9100021800202AE71400F0400048E8771400F47
:10A920002120400023803302238012020171400F56
:10A9300021204000218002022E0000524098130086
:10A940002A105102140040544C8090974C808397F9
:10A9500023103202021043701A005000F40100026A
:10A96000128000005884859380100500002905009E
:10A970002328A20000A0023CAC0E42242128A20001
:10A980000100A490021064705A71400F2120500001
:10A990007C2A400B21A8400023A8320202A8B072F2
:10A9A0000171400F2120C0022310510023105300D9
:10A9B000211052001A00A202F401400012A8000067
:10A9C0005884839380100300001903002318620049
:10A9D00000A0023CAC0E42242118620001006490E9
:10A9E000021004725A71400F2120550021A8400026
:10A9F0004098130023987102239872024098130024
:10AA0000120060124C808397588482938020020049
:10AA1000001102002310440000A0043CAC0E84246A
:10AA2000211044000100429002106270238832021B
:10AA3000021823721A007300F401600212980000D9
:10AA40005A71400F2320530021A040002120A00272
:10AA50009169400F212880020171400F21204000A0
:10AA6000C2270200212082005A71400F43200400B7
:10AA70000171400F212040002C00BF8F2800B68FAD
:10AA80002400B58F2000B48F1C00B38F1800B28F44
:10AA90001400B18F1000B08F0800E0033000BD2714
:10AAA000D0FFBD272C00BFAF2800B5AF2400B4AF46
:10AAB0002000B3AF1C00B2AF1800B1AF1400B0AFAC
:10AAC00000A0023C600F422454005090588490A390
:10AAD000FEFF0326802003000019030023186400F2
:10AAE000211843000400668CFFFF04268018040030
:10AAF0000021040023208300212044000400918CC5
:10AB00008020100000191000232064002120440040
:10AB10000400938C01000426802804000021040016
:10AB200023208500212044000400928C2318330246
:10AB3000231872000200042680280400002104006B
:10AB400023208500211044000400428C211862005B
:10AB500029006050409813002A105102120040143E
:10AB60004E80829723203202022082701A008300D6
:10AB7000F40160001220000080181000002910006D
:10AB80002318A30000A0053C600FA5242118650030
:10AB900001006390022843705A71400F2120A400E5
:10ABA000FD2A400B21A840002318320202186270CF
:10ABB0002330D1002330D3002130D2001A006600A8
:10ABC000F401C000123000008018100000211000B5
:10ABD0002318830000A0043C600F84242118640023
:10ABE00001006490021844705A71400F21206600E1
:10ABF00021A8400040981300239871022398720204
:10AC000040981300110060124E808397801010004E
:10AC1000008110002380020200A0023C600F422449
:10AC20002180020201000292021062702388320227
:10AC3000021823721A007300F401600212980000D7
:10AC40005A71400F2320530021A040002120A00270
:10AC50009169400F212880020171400F212040009E
:10AC6000C2270200212082005A71400F43200400B5
:10AC70000171400F212040002C00BF8F2800B58FAC
:10AC80002400B48F2000B38F1C00B28F1800B18F46
:10AC90001400B08F0800E0033000BD2700A0023C84
:10ACA0008C0E478CBC84828F2B18E200040060500D
:10ACB0002310E20023104700312B400BD08482AFD9
:10ACC000D08482AF00A0023C900E468CF884828F24
:10ACD0002B18C20005006010D084838F2110430020
:10ACE000231046003E2B400BD08482AF2118C300B6
:10ACF00023106200D08482AF00A0023CA80D428CD9
:10AD00000A004010010002240A000224888582AF54
:10AD100000A0023CAA0E42900A00432C0A006010D8
:10AD200000A0033C632B400BBC84878F888582AFD7
:10AD300000A0023C800E4224140040AC180040AC3D
:10AD4000622B400B2A0040A0800E63241400648C08
:10AD50001800638C23380700233006002120870069
:10AD6000FFFF4224FF0042300A00452CFBFFA010E9
:10AD70002118660000A0053C800EA5241400A4AC98
:10AD80001800A3AC2A00A2A0BC84878F00A0043CBA
:10AD9000800E84241400858C2128E500140085ACE5
:10ADA000F884868F1800838C2118C300180083ACA8
:10ADB0002A00829001004224FF0042300C00401023
:10ADC0002A0082A000A0043C800E84241B00A20064
:10ADD000F4014000122800000C0085AC1B0062004A
:10ADE000F4014000121800000800E003100083ACDA
:10ADF00000A0023C800E42240C0047AC100046AC80
:10AE00000800E0032A0040A0E0FFBD271C00BFAF00
:10AE10001800B2AF1400B1AF1000B0AF7485828FCC
:10AE20008C02401400A0023CAC0E42240400458C6D
:10AE30001C004B8C2800478C34004A8C4C00448CFE
:10AE400000A0023C600F42240400438C1C00498C8B
:10AE50002800468C3400488C4C00428CC8858C8F6E
:10AE6000B0858CAF2B608500050080112B60A4009D
:10AE7000C8858C8F04000C7CA62B400BC8858CAF3A
:10AE8000060080112B604300C8858C8F01000D24C3
:10AE90000400AC7DC8858CAF2B6043000500801199
:10AEA0002B606200C8858C8F44080C7CB32B400B50
:10AEB000C8858CAF06008011B0858C8FC8858C8FBB
:10AEC00001000D244408AC7DC8858CAFB0858C8F03
:10AED000C8858D8F0900AC111E858D930100AD25AD
:10AEE000FF00AD311E858DA31500AD2D0500A051CD
:10AEF0001E8580A3C12B400BC8858CAF1E8580A307
:10AF0000C8858CAFC8858C8F01008C3115008015E9
:10AF10000000000005008010000000001B00A400DD
:10AF2000F401800012200000C48584AF2100E010ED
:10AF3000C885848FC0200500402905002128850090
:10AF4000802005002120A400002904002320A40063
:10AF50001B008700F401E00012380000EC2B400BCE
:10AF6000448587AF0500A010000000001B0085008D
:10AF7000F401A00012280000C48585AF0D00E05048
:10AF8000C885848FC0280400402104002120A4002B
:10AF90008028040021208500002904002320A4002B
:10AFA0001B008700F401E00012380000448587AFE1
:10AFB000C885848F020084301500801400000000D2
:10AFC00005004010000000001B006200F40140007A
:10AFD00012100000D88482AF2100C0108C80828FB4
:10AFE000C010030040190300211843008010030023
:10AFF0002110620000190200231062001B004600AD
:10B00000F401C00012300000172C400B848586AF7D
:10B0100005006010000000001B004300F401600008
:10B0200012180000D88483AF0D00C0508C80828F2E
:10B03000C0180200401102002110620080180200B6
:10B040002110430000190200231062001B0046007B
:10B05000F401C00012300000848586AF8C80828F9E
:10B0600023506A01C31F0A0026506A0023184301B7
:10B070002B186200060060144485838FC18484937A
:10B080000200032404008354234028014485838F55
:10B09000BC8483AF23402801C31F080026406800FA
:10B0A000231803012B106200050040148485828F51
:10B0B000C184839302000224020062148485828F7B
:10B0C000F88482AFAE71400FA484848F029D113C3E
:10B0D00021204000DD6C400F0099258E218040002A
:10B0E000AE71400FBC84848F029D123C2120400031
:10B0F000DD6C400F0499458E212000029169400FBC
:10B10000212840002171400F212040002180400073
:10B11000BC8482AFAE71400F6885848F21204000CF
:10B12000DD6C400F0099258E21884000AE71400FE4
:10B13000F884848F21204000DD6C400F0499458EF7
:10B14000212020029169400F212840002171400FE9
:10B1500021204000F88482AFA48490AF272B400FB9
:10B16000688582AF00A0023C800E42240C00448C13
:10B17000BC8484AF1000428CF88482AF9080908FA2
:10B180002B109000030040109480918FDE2C400B18
:10B19000AA8580A32B109100840140509880908F45
:10B1A000AE71400F23209000219040002380300298
:10B1B0000A0002241B000202F4014000AE71400F9D
:10B1C0001220000021204002536B400F2128400034
:10B1D000212040009169400F212800002171400F7B
:10B1E00021204000DE2C400BAA8582A3AE71400FC7
:10B1F0002320910021904000238011020A000224A4
:10B200001B000202F4014000AE71400F122000004A
:10B2100021204002536B400F212840002120400094
:10B22000029D023C9169400F0899458C2171400FA5
:10B2300021204000DE2C400BAA8582A3AE71400F76
:10B240002320900021904000238030020A00022435
:10B250001B000202F4014000AE71400F12200000FA
:10B2600021204002536B400F212840002120400044
:10B27000029D023C9169400F0C99458C2171400F51
:10B2800021204000DE2C400BAA8582A3AE71400F26
:10B290002320910021904000238011020A00022403
:10B2A0001B000202F4014000AE71400F12200000AA
:10B2B00021204002536B400F2128400021204000F4
:10B2C000029D023C9169400F1099458C2171400FFD
:10B2D00021204000DE2C400BAA8582A3AE71400FD6
:10B2E0002320900021904000238030020A00022495
:10B2F0001B000202F4014000AE71400F122000005A
:10B3000021204002536B400F2128400021204000A3
:10B31000029D023C9169400F1499458C2171400FA8
:10B3200021204000DE2C400BAA8582A3AE71400F85
:10B330002320910021904000238011020A00022462
:10B340001B000202F4014000AE71400F1220000009
:10B3500021204002536B400F212840002120400053
:10B36000029D023C9169400F1899458C2171400F54
:10B3700021204000AA8582A300A0023C900E448CAC
:10B38000AC80908F2B10900003004010B080918F04
:10B390005F2D400B408580A32B1091001801405079
:10B3A000B480908FAE71400F232090002190400018
:10B3B000238030020A0002241B000202F401400034
:10B3C000AE71400F1220000021204002536B400F4D
:10B3D00021284000212040009169400F21280000D1
:10B3E0002171400F212040005F2D400B408582A33A
:10B3F000AE71400F23209100219040002380110264
:10B400000A0002241B000202F4014000AE71400F4A
:10B410001220000021204002536B400F21284000E1
:10B4200021204000029D023C9169400F0899458C03
:10B430002171400F212040005F2D400B408582A3E9
:10B44000AE71400F232090002190400023803002F5
:10B450000A0002241B000202F4014000AE71400FFA
:10B460001220000021204002536B400F2128400091
:10B4700021204000029D023C9169400F0C99458CAF
:10B480002171400F212040005F2D400B408582A399
:10B49000AE71400F232091002190400023801102C3
:10B4A0000A0002241B000202F4014000AE71400FAA
:10B4B0001220000021204002536B400F2128400041
:10B4C00021204000029D023C9169400F1099458C5B
:10B4D0002171400F212040005F2D400B408582A349
:10B4E000AE71400F23209000219040002380300255
:10B4F0000A0002241B000202F4014000AE71400F5A
:10B500001220000021204002536B400F21284000F0
:10B5100021204000029D023C9169400F1499458C06
:10B520002171400F212040005F2D400B408582A3F8
:10B53000AE71400F23209100219040002380110222
:10B540000A0002241B000202F4014000AE71400F09
:10B550001220000021204002536B400F21284000A0
:10B5600021204000029D023C9169400F1899458CB2
:10B570002171400F21204000408582A31885828FD1
:10B580001F0040100C85828F9885828F1C0040140C
:10B590000C85828FD68482930B00432C0E0060149E
:10B5A00020858393408583932B20430006008014DD
:10B5B00001004224208580A3188580AFD68480A313
:10B5C0008B2D400B218583A3FF004230D68482A3BC
:10B5D0008B2D400B218582A31500642C1400805014
:10B5E0008C85828F01004224FF004230D68482A3E2
:10B5F000218582A3010063248B2D400B208583A32A
:10B60000050040147485828FCC85828F060040101F
:10B61000408582937485828F030040144085829315
:10B620008B2D400B218580A3218582A38C85828F61
:10B630001F004010B084828F9885828F1C004014B8
:10B64000B084828F9C8582930B00432C0E00601483
:10B650005C858393AA8583932B2043000600801486
:10B66000010042245C8580A38C8580AF9C8580A3EB
:10B67000B72D400BF18483A3FF0042309C8582A349
:10B68000B72D400BF18482A31500642C1400805068
:10B69000B084828F01004224FF0042309C8582A347
:10B6A000F18482A301006324B72D400B5C8583A342
:10B6B000050040147485828F5485828F06004010E7
:10B6C000AA8582937485828F03004014AA85829391
:10B6D000B72D400BF18480A3F18482A3B084828FC4
:10B6E00005004014CC85828F5485828F0A0040105B
:10B6F000D884828FCC85828F05004054F18480A34A
:10B700000C85828F04004010D884828FF18480A33E
:10B71000218580A3D884828F0300422C080040102A
:10B7200000A0023CC485828F0300422C040040101C
:10B7300000A0023CB085828FC88582AF00A0023C89
:10B74000A80D428C07004014AA858293108580A31F
:10B75000748580AF188580AF8C8580AF988580AF69
:10B76000AA8582930900401040858293C885828F04
:10B77000010042300500401440858293F184829399
:10B7800023100200F18482A340858293310040108F
:10B79000C885828F020042302E004014218582939A
:10B7A00023100200152E400B218582A32B10900040
:10B7B0008EFE4014000000009C80918F2B109100A1
:10B7C0009EFE401400000000A080908F2B1090007F
:10B7D000AEFE401400000000A480918F2B10910059
:10B7E000BEFE401400000000A880908F2B10900037
:10B7F000CEFE40143C000224DE2C400BAA8582A31E
:10B800002B109000FAFE401400000000B880918FC9
:10B810002B1091000AFF401400000000BC80908FA4
:10B820002B1090001AFF401400000000C080918F80
:10B830002B1091002AFF401400000000C480908F5C
:10B840002B1090003AFF40143C0002245F2D400B67
:10B85000408582A31C00BF8F1800B28F1400B18FE7
:10B860001000B08F0800E0032000BD27E0FFBD27D7
:10B870001C00BFAF1800B1AF1400B0AFB585829304
:10B880000800422C500440501C00BF8FB5858393A4
:10B8900080180300019D023CACB8422421104300F3
:10B8A0000000428C0800400000000000CCB8009D61
:10B8B00024BA009D90BB009D68BD009D90BE009D78
:10B8C000FCBF009D9CC1009D50C9009D00A0103C84
:10B8D000AC0E102655000292388282A300A0023CD2
:10B8E000B50F4290398282A3010004241C63400FEB
:10B8F000010005245800028E388083933A80849793
:10B90000022064702B208200040080103C80849709
:10B91000010002245E2E400B488582A3021883702A
:10B920002B10430007004010488583930100022438
:10B930000C0062141F858293008582A3622E400B47
:10B94000488580A301000224060062141F858293AB
:10B95000808182931F858393231062005A2E400BAF
:10B96000008582A3008582A3488583930100022479
:10B970000600621438828293808182931F858393AC
:10B9800023106200008582A338828293201C027CEF
:10B99000060060044A8083932B1862000300601441
:10B9A0000000000004004054B88580AF1D5D400FCA
:10B9B00000000000B88580AF00A0023C080F429450
:10B9C0007E8083976C0064242A2082000A00801005
:10B9D00094FF63247885828F01004224788582AFAA
:10B9E0007D8083932B1062000B004054788583AFD9
:10B9F000872E400B7885828F2A1043000600401066
:10BA00007885828F04004010FFFF4224020040141A
:10BA1000788582AF788580AF7885828F7132400BD0
:10BA2000CC8482AF848183930100022404006214D9
:10BA300059808293CC84828F912E400B3A8582A3C9
:10BA40003A8582A358808293A88482AF010004249F
:10BA50001C63400F020005243882839340180300C2
:10BA600000A0023C14104224211862003982849301
:10BA70004020040000A0023C9810422421108200C3
:10BA8000000064941F62400F00004594966C400FC4
:10BA900000000000A48580AF778083930400022417
:10BAA0002800621400858293F485828F0D00401473
:10BAB0000100032400858293029D033C8895632442
:10BAC0002118430000006390E88583A3029D033C96
:10BAD000949563242110430000004290DB2E400B1C
:10BAE000198682A30C00431400858293029D033CB7
:10BAF000C49563242118430000006390E88583A364
:10BB0000029D033CD0956324211043000000429025
:10BB1000DB2E400B198682A3029D033C0096632412
:10BB20002118430000006390E88583A3029D033C35
:10BB30000C9663242110430000004290DB2E400B42
:10BB4000198682A3029D033C249563242118430097
:10BB500000006390E88583A3029D033C4495632421
:10BB60002110430000004290198682A300020224A3
:10BB700088BF033C341062AC88BF033C641062ACE5
:10BB800088BF033C681062AC7232400B1C00BF8F50
:10BB900041858393010002248B0362141C00BF8F34
:10BBA00002000224418582A3B885838F01006324AB
:10BBB000B88583AF388084932B1064005400401400
:10BBC0000100022404006214E084828F3485828F95
:10BBD000FC2E400BE08482AF3485838F21106200FD
:10BBE0001B004400F401800012200000E08484AFB8
:10BBF0007C848393801003000021030023108200C3
:10BC000000A0043CAC0E84242110440038828493AC
:10BC1000010044A0E084848F040044AC000043A0F1
:10BC20006C858497080044A4D08584970A0044A4B6
:10BC3000DC83828F04004054088580AF01006324B8
:10BC40007C8483A3088580AFE08480AF00A0023CA1
:10BC5000010F4290388282A37C8482930700422C99
:10BC600022004054B88580AF7C8480A337808393C2
:10BC70003C85828F2110620000A0033CCC0E6394AF
:10BC80002B1843000D00601400A0033CD80E6394F1
:10BC90002B1843000900601400A0033CE40E6394D9
:10BCA0002B10430005004014000000001D5D400FF4
:10BCB000000000007132400B348580AFDC83828F3E
:10BCC00005004014010004241C63400F03000524F8
:10BCD0007132400B348580AF1C63400F0100052496
:10BCE000DC8380AF7132400B348580AF01000424C7
:10BCF0001C63400F01000524DC83838F01000224B4
:10BD000017006250DC8380AF7132400B348580AF06
:10BD100000A0023C010F4290388282A3010004245B
:10BD20001C63400F0100052401000224B885838FA5
:10BD300004006214E084828F3485828F582F400B78
:10BD4000E08482AF3485838F21186200388082932B
:10BD50001B006200F401400012180000E08483AF71
:10BD60007132400B348580AF00A0103C600F10266C
:10BD700055000292398282A3020004241C63400F02
:10BD8000040005245800038E388084933A808297FB
:10BD9000021082702B204300040080102B106200E0
:10BDA00001000224792F400B1D8582A3080040105A
:10BDB0001F8582931D858393010002240400621471
:10BDC0001F858293508582A37D2F400B1D8580A304
:10BDD000508582A31D85839301000224060062140E
:10BDE00039828293808182931F858393231062001E
:10BDF000508582A339828293201C027C0600600455
:10BE00004B8083932B186200030060140000000035
:10BE100004004054B88580AF1D5D400F0000000055
:10BE2000B88580AF00A0023CBC0F42947E8083970F
:10BE30006C0064242A2082000A00801094FF63248E
:10BE40002485828F01004224248582AF7D808393E4
:10BE50002B1062000B004054248583AFA22F400BAF
:10BE60002485828F2A104300060040102485828F8B
:10BE700004004010FFFF422402004014248582AFDA
:10BE8000248580AF2485828F7132400BCC8482AFB1
:10BE900084818393010002240400621459808293F8
:10BEA000CC84828FAC2F400B3A8582A33A8582A343
:10BEB00058808293A88482AF020004241C63400F40
:10BEC00005000524388283934018030000A0023C3B
:10BED0001410422421186200398284934020040007
:10BEE00000A0023C981042242110820000006494BB
:10BEF0001F62400F00004594966C400F0000000048
:10BF0000A48580AF77808393040002242800621404
:10BF100050858293F485828F0D0040140100032424
:10BF200050858293029D033C889563242118430029
:10BF300000006390E88583A3029D033C94956324ED
:10BF40002110430000004290F62F400B198682A377
:10BF50000C00431450858293029D033CC4956324D6
:10BF60002118430000006390E88583A3029D033CF1
:10BF7000D09563242110430000004290F62F400B1F
:10BF8000198682A3029D033C009663242118430076
:10BF900000006390E88583A3029D033C0C96632414
:10BFA0002110430000004290F62F400B198682A317
:10BFB000029D033C249563242118430000006390F4
:10BFC000E88583A3029D033C44956324211043002C
:10BFD00000004290198682A30002022488BF033C1D
:10BFE000341062AC88BF033C641062AC88BF033C71
:10BFF000681062AC7232400B1C00BF8F4185839386
:10C0000001000224700262141C00BF8F020002248F
:10C01000418582A3B885838F01006324B88583AFEF
:10C02000388084932B1064004600401401000224E1
:10C03000040062140885828F3485828F1730400B8C
:10C04000088582AF3485838F211062001B00440075
:10C05000F401800012200000088584AF7C84839363
:10C0600080100300002103002310820000A0043C84
:10C07000600F84242110440039828593010045A07B
:10C080000885858F040045AC000043A06C8585972A
:10C09000080045A4D08585970A0045A401006324C3
:10C0A000FF0063307C8483A3088580AFE08480AF89
:10C0B000550082900700632C1C006014398282A313
:10C0C0007C8480A3378083933C85828F211062001B
:10C0D00000A0033C800F63942B1843000E006014F3
:10C0E00000A0033C8C0F63942B1843000B006014DA
:10C0F0000200042400A0033C980F63942B1043001B
:10C1000006004014000000001D5D400F000000000C
:10C110007132400B348580AF020004241C63400F51
:10C12000060005247132400B348580AFB88580AF9E
:10C13000020004241C63400F040005247132400BEC
:10C14000348580AF00A0023CB50F4290398282A3B3
:10C15000020004241C63400F040005240100022493
:10C16000B885838F040062140885828F3485828F9E
:10C170006530400B088582AF3485838F21186200BB
:10C18000388082931B006200F40140001218000006
:10C19000088583AF7132400B348580AF241D400F7A
:10C1A0000000000000A0023CCC0E42941800405059
:10C1B00000A0023C00A0033CD80E63942B20620038
:10C1C0001300805000A0023C2310430015004228B9
:10C1D0000C00401400A0023C010F4390B484828FF5
:10C1E0000700621000A0023CA80D428C050040141C
:10C1F00000A0023CFFFF02248330400BE08582A3B5
:10C2000000A0023C010F4290B48482AF00A0023C27
:10C21000800F429418004050EC80829300A0033CB1
:10C220008C0F63942B20620013008050EC8082936B
:10C2300023104300150042280C00401400A0023CCB
:10C24000B50F4390A084828F0700621000A0023CCB
:10C25000A80D428C0500401400A0023CFFFF022400
:10C260009D30400BE08582A300A0023CB50F4290B8
:10C27000A08482AFEC808293290040140100032443
:10C2800000A0023C010F4290030043104A808393B8
:10C2900006006214000000005027400F000000005C
:10C2A00000A0033CB330400BA00D62AC1E27400F32
:10C2B00000A0113C9C0D31260029400F0400308E57
:10C2C0002180500042801000040030AE00A0023CEB
:10C2D000B50F429001000324030043104B80839369
:10C2E0000600621400000000E127400F000000007B
:10C2F00000A0033C0E31400BA40D62ACEC26400FB5
:10C3000000A0113C9C0D31268129400F0800308E81
:10C3100021805000428010000E31400B080030AEEA
:10C3200007004314020003241E27400F00000000F2
:10C33000EC26400F000000000F31400B86818293F5
:10C340001A004314030003245027400F00A0103CA0
:10C350009C0D1026E127400F040002AE080002AE3B
:10C3600000A0023CAC0E4224540043908020030005
:10C37000001903002318640021106200010042909C
:10C38000F28482A300A0023C600F42245400439038
:10C3900080200300001903002318640021106200AC
:10C3A000010042900E31400B028582A30800431425
:10C3B000040003247228400F00A0103C9C0D10269E
:10C3C000B928400F040002AE0E31400B080002AE47
:10C3D0001A00431486818293022A400F00A0103C69
:10C3E0009C0D1026A82A400F040002AE080002AEE1
:10C3F00000A0023CAC0E4224540043908020030075
:10C40000001903002318640021106200010042900B
:10C41000F28482A300A0023C600F422454004390A7
:10C42000802003000019030023186400211062001B
:10C4300001004290028582A3868182930900401008
:10C4400000A0023C818182930600401400A0023CBF
:10C45000246E400F00000000566E400F00000000E8
:10C4600000A0023C9C0D42240400438CC08583A79D
:10C470000800428C6E8582A7F08482934B80839360
:10C4800005006210010003240400431000A0023CD8
:10C490002D20400F0000000000A0023CB80F438C8C
:10C4A000C218030000A0023C040F428CC21002001C
:10C4B000211062002C8582AFA8858293F284839339
:10C4C00023204300010085240300A52C0300A05075
:10C4D0004A8083934731400BA88583A303006210F1
:10C4E000010003240E004314F084829300A0023C58
:10C4F000A80D428C0A004010F0848293C3170400F8
:10C500002620440023108200030042280400401427
:10C51000F084829301000224048582A3F084829334
:10C520000285839323204300010085240300A52C6A
:10C530000300A0504B8083936031400BF08483A3B1
:10C5400003006210010003240E0043143F80829315
:10C5500000A0023CA80D428C0A0040103F8082934C
:10C56000C317040026204400231082000300422841
:10C57000040040143F80829301000224048582A3BA
:10C580003F8082931D004014010003241E20400FB1
:10C590000000000000A0033C00A0023C9C0D4224CF
:10C5A0000400448C800E64AC800E63240800428C2E
:10C5B000E71F400F040062ACC08483930400022490
:10C5C00004006210FC84838F8925400F0000000066
:10C5D000FC84838FC78483A302120300C88482A3D0
:10C5E000D885828FC98482A302220200CA8484A3D0
:10C5F000AC8583AFEF31400BAC8482AF14004314A1
:10C6000002000324C0848393010002240400621406
:10C6100000A0023C8925400F0000000000A0023C61
:10C620009C0D42240400438CC78483A30222030090
:10C63000C88484A30800428CC98482A30222020019
:10C64000CA8484A3AC8583AFEF31400BAC8482AF46
:10C650005A00431400000000B625400F00000000FF
:10C66000E71F400F00000000C084839304000224F1
:10C670000E006210000000008925400F000000003D
:10C68000758082930500401000000000041E400FDA
:10C6900000000000B731400B7085828F741F400F7F
:10C6A00000000000B731400B7085828F1E20400FC4
:10C6B000000000007580829305004010000000001B
:10C6C000041E400F00000000B731400B7085828FC0
:10C6D000741F400F000000007085828F13004054CB
:10C6E000A98580A3C184829306004014010003241D
:10C6F00001000224A98582A3B882828FCB31400B2E
:10C70000588582AF0A004314C08483935885828F72
:10C71000B882838F231062001E00422C0400401454
:10C72000C084839302000224A98582A3C0848393DA
:10C730000500022404006214048583935A25400FE7
:10C740000000000004858393010002241800621495
:10C7500000A0023C6E85829786808497EA8083974A
:10C76000211883002A18430014006014E480849781
:10C7700084808397231883002A1062000F004014DE
:10C78000C085829782808497DE80839721188300FA
:10C790002A18430009006014D8808497808083970A
:10C7A000231883002A1062000400401400A0023CF9
:10C7B000A80D428C01004050048580A39024400FB6
:10C7C0000000000089808293010003240500435487
:10C7D00002000324822B400F000000000132400BB6
:10C7E000DD84839305004354F18480A34D20400FE2
:10C7F000000000000132400BDD848393218580A37B
:10C80000DD8483930100022415006214DD84839388
:10C8100000A0023CB50F429010004050018580A35B
:10C820004B8083932B1062000C004054018580A341
:10C8300000A0023C010F429008004050018580A3F7
:10C840004A8083932B10620004004054018580A32A
:10C8500002000224DD8482A3018580A3DD8483930A
:10C8600003000224040062140100022400A0023C20
:10C87000A80D40AC010002244C85838F0700621094
:10C88000F484838F05006210DC85838F03006210BF
:10C890009085838F0C006214B58582930185829305
:10C8A00001004224FF004230018582A3C800422CCF
:10C8B00005004014B58582930A000224018582A3F5
:10C8C000048580A3B585829301004224B58582A3A7
:10C8D00000A0023C010F4290FFFF4324FF006330A1
:10C8E0000200632C110060144A808393FFFF6424CC
:10C8F0000F004450808582930C00431000A0023C3E
:10C90000B50F4290010003240800431002000324E5
:10C91000060043104B808393FFFF642404004450BF
:10C9200080858293280043141C00BF8F80858293EA
:10C93000C00003240300431080000324220043149A
:10C940001C00BF8F00A0023C7132400BA80D40AC10
:10C95000B58580A3DD8480A300A0023C400E4294F4
:10C960007E8083976C0064242A2082000A00801055
:10C9700094FF63243085828F01004224308582AF8A
:10C980007C8083932B1062000C004054308583AF71
:10C990007032400B3085828F2A104300080040100F
:10C9A0003085828F07004050CC8482AFFFFF422445
:10C9B00002004014308582AF308580AF3085828F91
:10C9C000CC8482AF1C00BF8F1800B18F1400B08FD1
:10C9D0000800E0032000BD27E8FFBD271400BFAF1B
:10C9E00088BF023C8050428C020042300E00401052
:10C9F0001400BF8F88BF023C4010438C8410037C1E
:10CA0000401043AC88BF033C7010648C01000224CA
:10CA10008410447C701064AC708382AF1D5D400F45
:10CA2000000000001400BF8F0800E0031800BD27BD
:10CA30000800E003000000000800E0030000000020
:10CA40000800E00300000000E8FFBD271400BFAFAE
:10CA50002968400F000000001400BF8F0800E003A9
:10CA60001800BD270800E00300000000E8FFBD2714
:10CA70001400BFAF010004248152400F1D000524A3
:10CA8000010004242128000000A0063C3809C62427
:10CA90009C52400F40000724388182AF02000424DA
:10CAA0008152400F1D0005240200042421280000AB
:10CAB000C88286279C52400F08000724408182AF1D
:10CAC000030004248152400F1D00052403000424A8
:10CAD0002128000000A0063C7809C6249C52400F83
:10CAE0000A000724488182AF1400BF8F0800E003CA
:10CAF0001800BD27D883838F01000224250062140B
:10CB000000000000B083838F2200621488BF023CC3
:10CB10007010438C8410037C701043AC88BF023CBF
:10CB20008050438C4408037C805043ACB08380AF7A
:10CB3000100E0224FFFF4224FFFF4230FEFF40148C
:10CB4000FFFF422488BF023C5052438C0100042462
:10CB50008410837C505243AC08070224FFFF422418
:10CB6000FFFF4230FEFF4014FFFF42247C8180A77C
:10CB700088BF023C5052438C8410037C505243AC1B
:10CB800088BF023C7010438C010004248410837C15
:10CB9000701043AC0800E00300000000E8FFBD2770
:10CBA000030002240A0082101400BFAF75000224A3
:10CBB0000B008210010002240D0082141400BF8FAC
:10CBC0009B32400F00000000FB32400B01000224AA
:10CBD0009232400F00000000FB32400B01000224A3
:10CBE0007632400F00000000010002241400BF8FC5
:10CBF0000800E0031800BD27E8FFBD271400BFAF01
:10CC00004167400F000000004C6D400F0000000025
:10CC10006062400F000000008F62400F00000000C3
:10CC2000029D023C04E0428CFFFF032405004314F4
:10CC30007F00423002000224D88282A31333400BCB
:10CC4000C08482A3C08482A3D88282A3029D023CB6
:10CC500014E0428CFFFF032404004314408282AF9F
:10CC6000010002241C33400BD08282A3D08282A315
:10CC7000009D023C005F438C648383AF045F438C60
:10CC8000608383AF085F438CB88383AF0C5F438CB2
:10CC9000848383AF105F4324448283AF105F428C50
:10CCA000908382AF1400BF8F0800E0031800BD27F7
:10CCB00080BF023C000840AC80BF023C100840AC82
:10CCC0007700032480BF023C200843AC008004347A
:10CCD00080BF023C080844AC1C00072488BF023C0B
:10CCE000B41047AC1400032488BF023CB81043AC16
:10CCF00088BF053C000202243410A2AC88BF033C6C
:10CD0000641062AC88BF023C681040AC0800063C6E
:10CD10003410A6AC88BF093CD41027AD88BF083CAE
:10CD20000C000724D81007AD03000A24D4102AAD44
:10CD3000D81000AD641066AC681046AC80BF063CED
:10CD4000000CC0AC80BF063C100CC0AC60EA0834DC
:10CD500080BF063C200CC8AC80BF063C080CC4ACAD
:10CD600080BF063C000AC0AC80BF063C100AC0ACC5
:10CD70006A18082480BF063C200AC8AC80BF063C65
:10CD8000080AC4AC0010043C3410A4AC88BF063CB4
:10CD9000001C053CE410C5AC88BF053CE810A0AC05
:10CDA0000003083CE410C8ACE810A0AC641064AC0C
:10CDB000681040AC81BF053C1700063C4090A6AC13
:10CDC00000A0093481BF083C009009AD81BF083C38
:10CDD000109000AD0107092481BF083C209009ADE7
:10CDE0004000082488BF093C186428AD88BF093C6E
:10CDF000086428AD81BF083C509000AD4090A6ACBF
:10CE0000641064AC681040AC010002242D8282A33F
:10CE10000680033480BF023C003043AC80BF023C3C
:10CE2000103040AC80BF023C203040AC81BF023C9F
:10CE300058FB438C0418E37C58FB43AC0E8003344E
:10CE400080BF023C003643AC80BF023C103640AC91
:10CE5000F915032480BF023C203643AC0800E003F0
:10CE60000000000000E85D4100701B4002601A40B5
:10CE700090FFBD276C00BBAF00601B406400BAAFE1
:10CE80006800BBAF44781B7C00147B3700609B407C
:10CE90001800A3AF1400A2AF6400A38F0F0063308B
:10CEA00011006014000000005400BFAF5000B9AF83
:10CEB0004C00B8AF4800AFAF4400AEAF4000ADAFDC
:10CEC0003C00ACAF3800ABAF3400AAAF3000A9AF24
:10CED0002C00A8AF2800A7AF2400A6AF2000A5AF64
:10CEE0001C00A4AF1000A1AF121000005C00A2AFA4
:10CEF000101800005800A3AFA485828FA884838FE8
:10CF0000FFFF63242B1843000E006010E885849314
:10CF100080BF033C203064AC1986849380BF033CFF
:10CF2000200864AC01004224A48582AF5C8380AFFA
:10CF30000002032488BF023C341043ACD533400BBD
:10CF40000000000001000224CD5F400F5C8382AF2F
:10CF5000A48580AF5C00A28F130040005800A38F0F
:10CF60006400A28F0F0042301300401411006000D3
:10CF70005400BF8F5000B98F4C00B88F4800AF8F5E
:10CF80004400AE8F4000AD8F3C00AC8F3800AB8FBB
:10CF90003400AA8F3000A98F2C00A88F2800A78FFB
:10CFA0002400A68F2000A58F1C00A48F1800A38F3B
:10CFB0001400A28F1000A18F00606041C00000002B
:10CFC0006C00BA8F6800BB8F00709A406400BA8F03
:10CFD0007000BD2702609A4000E8DD4100609B4080
:10CFE0001800004200E85D4100701B4002601A40DA
:10CFF000E8FFBD271400BBAF00601B400C00BAAFB8
:10D000001000BBAF44781B7C00107B3700609B4056
:10D010000400A3AF0000A2AF0001033C88BF023CA4
:10D02000341043AC1C83828F010042241C8382AFE6
:10D030000C00A28F0F0042300300401400000000DB
:10D040000400A38F0000A28F00606041C0000000B8
:10D050001400BA8F1000BB8F00709A400C00BA8F7A
:10D060001800BD2702609A4000E8DD4100609B4047
:10D070001800004200E85D4100701B4002601A4049
:10D08000E8FFBD271400BBAF00601B400C00BAAF27
:10D090001000BBAF44781B7C000C7B3700609B40CA
:10D0A0000400A3AF0000A2AF0800033C88BF023C0D
:10D0B000341043AC0C00A28F0F0042300300401428
:10D0C000000000000400A38F0000A28F00606041F8
:10D0D000C00000001400BA8F1000BB8F00709A408F
:10D0E0000C00BA8F1800BD2702609A4000E8DD41AD
:10D0F00000609B401800004200E85D4100701B404A
:10D1000002601A40E8FFBD271400BBAF00601B405F
:10D110000C00BAAF1000BBAF44781B7C00187B3703
:10D1200000609B400400A3AF0000A2AF00400324B6
:10D1300088BF023C341043AC0C00A28F0F00423079
:10D1400003004014000000000400A38F0000A28F21
:10D1500000606041C00000001400BA8F1000BB8F57
:10D1600000709A400C00BA8F1800BD2702609A40E8
:10D1700000E8DD4100609B401800004200E85D418E
:10D1800000701B4002601A4088FFBD277400BBAFCF
:10D1900000601B406C00BAAF7000BBAF44781B7CD2
:10D1A000000C7B3700609B401C00A3AF1800A2AFAF
:10D1B0006C00A38F0F0063301200601400000000A9
:10D1C0005C00BFAF5800B9AF5400B8AF5000B0AF6B
:10D1D0004C00AFAF4800AEAF4400ADAF4000ACAFC5
:10D1E0003C00ABAF3800AAAF3400A9AF3000A8AF05
:10D1F0002C00A7AF2800A6AF2400A5AF2000A4AF45
:10D200001400A1AF121000006400A2AF10180000BB
:10D210006000A3AF88BF023C4010428C80004230C7
:10D220006B0240106881838F80BF023C3060458C68
:10D2300000A0023C640A442421206400000085A070
:10D2400001006324688183AF640A429014000424BF
:10D250003E0244144900042400A0023C650A4490A4
:10D26000060002242A0282140800022400A0023CC4
:10D27000660A42900C000424200044140D0004248B
:10D2800000A0043C670A84901C0080140D00042454
:10D2900000A0043C680A8490180080140D00042447
:10D2A00000A0043C690A8490480080140E00042405
:10D2B00000A0043C6A0A8490440080540E000424B8
:10D2C000080002243F02621488BF023C00A0103C08
:10D2D000640A04261670400F07000524768182A395
:10D2E000640A10260700039235026254688180AFF9
:10D2F0000C000224C336400B4C8382AF33004454ED
:10D300000E000424080002242E02621488BF023C8E
:10D3100000A0103C640A04261670400F0700052484
:10D32000768182A3640A10260700039224026254C5
:10D33000688180AF0D0002244C8382AF0300022479
:10D34000368182A300A0023C2118000203006490F1
:10D35000200844A02008422404006490010044A056
:10D3600005006490020044A006006390030043A0FF
:10D370008483838F040043A08483838F021A030075
:10D38000050043A08483838F021C0300060043A092
:10D390008483838F021E0300070043A09083838F42
:10D3A000080043A09083838F021A0300090043A062
:10D3B0009083838F021C03000A0043A09083838F15
:10D3C000021E0300C336400B0B0043A0330044543D
:10D3D0000F00042408000224FA01621488BF023CF2
:10D3E00000A0103C640A04261670400F07000524B4
:10D3F000768182A3640A102607000392F00162542A
:10D40000688180AF0E0002244C8382AF03000224A7
:10D41000368182A3B883838F00A0023C200843A0FA
:10D42000B883838F20084224021A0300010043A01E
:10D43000B883838F021C0300020043A0B883838F4C
:10D44000021E0300030043A02118000203006490A1
:10D45000040044A004006490050044A0050064900A
:10D46000060044A006006390070043A09083838FCA
:10D47000080043A09083838F021A0300090043A091
:10D480009083838F021C03000A0043A09083838F44
:10D49000021E0300C336400B0B0043A0330044546C
:10D4A0000100042408000224C601621488BF023C63
:10D4B00000A0103C640A04261670400F07000524E3
:10D4C000768182A3640A102607000392BC0162548D
:10D4D000688180AF0F0002244C8382AF03000224D6
:10D4E000368182A3B883838F00A0023C200843A02A
:10D4F000B883838F20084224021A0300010043A04E
:10D50000B883838F021C0300020043A0B883838F7B
:10D51000021E0300030043A08483838F040043A002
:10D520008483838F021A0300050043A08483838FC2
:10D53000021C0300060043A08483838F021E0300A5
:10D54000070043A02118000203006490080044A0D3
:10D5500004006490090044A0050064900A0044A0FF
:10D5600006006390C336400B0B0043A02000441418
:10D570000200042400A0043C670A84901C0080146C
:10D580000200042400A0043C680A8490180080145F
:10D590000200042400A0043C690A84903500801431
:10D5A0000300042400A0043C6A0A849031008054E3
:10D5B00003000424080002248201621488BF023C94
:10D5C00000A0103C640A04261670400F07000524D2
:10D5D000768182A3640A10260700039278016254C0
:10D5E000688180AF01000224C336400B4C8382AFB8
:10D5F000200044140300042400A0043C670A849023
:10D600001C0080140300042400A0043C680A8490D9
:10D61000180080140300042400A0043C690A8490CC
:10D62000350080140400042400A0043C6A0A84909D
:10D6300031008054040004240800022461016214B3
:10D6400088BF023C00A0103C640A04261670400FFC
:10D6500007000524768182A3640A1026070003923E
:10D6600057016254688180AF02000224C336400B28
:10D670004C8382AF200044140400042400A0043C26
:10D68000670A84901C0080140400042400A0043C59
:10D69000680A8490180080140400042400A0043C4C
:10D6A000690A8490350080140500042400A0043C1D
:10D6B0006A0A849031008054050004240800022482
:10D6C0004001621488BF023C00A0103C640A04269A
:10D6D0001670400F07000524768182A3640A102685
:10D6E0000700039236016254688180AF0300022470
:10D6F000C336400B4C8382AF200044140500042441
:10D7000000A0043C670A84901C00801405000424D7
:10D7100000A0043C680A84901800801405000424CA
:10D7200000A0043C690A849035008014060004249B
:10D7300000A0043C6A0A849031008054060004244E
:10D74000080002241F01621488BF023C00A0103CA4
:10D75000640A04261670400F07000524768182A310
:10D76000640A10260700039215016254688180AF95
:10D7700004000224C336400B4C8382AF20004414C3
:10D780000600042400A0043C670A84901C00801456
:10D790000600042400A0043C680A84901800801449
:10D7A0000600042400A0043C690A8490350080141B
:10D7B0000700042400A0043C6A0A849031008054CD
:10D7C0000700042408000224FE00621488BF023C03
:10D7D00000A0103C640A04261670400F07000524C0
:10D7E000768182A3640A102607000392F400625433
:10D7F000688180AF05000224C336400B4C8382AFA2
:10D80000200044140700042400A0043C670A84900C
:10D810001C0080140700042400A0043C680A8490C3
:10D82000180080140700042400A0043C690A8490B6
:10D83000350080140800042400A0043C6A0A849087
:10D84000310080540800042408000224DD00621422
:10D8500088BF023C00A0103C640A04261670400FEA
:10D8600007000524768182A3640A1026070003922C
:10D87000D3006254688180AF06000224C336400B97
:10D880004C8382AF200044140800042400A0043C10
:10D89000670A84901C0080140800042400A0043C43
:10D8A000680A8490180080140800042400A0043C36
:10D8B000690A8490350080140900042400A0043C07
:10D8C0006A0A84903100805409000424080002246C
:10D8D000BC00621488BF023C00A0103C640A04260D
:10D8E0001670400F07000524768182A3640A102673
:10D8F00007000392B2006254688180AF07000224DF
:10D90000C336400B4C8382AF20004414090004242A
:10D9100000A0043C670A84901C00801409000424C1
:10D9200000A0043C680A84901800801409000424B4
:10D9300000A0043C690A8490350080140A00042485
:10D9400000A0043C6A0A8490310080540A00042438
:10D95000080002249B00621488BF023C00A0103C17
:10D96000640A04261670400F07000524768182A3FE
:10D97000640A10260700039291006254688180AF08
:10D9800008000224C436400B4C8382AF20004414AC
:10D990000A00042400A0043C670A84901C00801440
:10D9A0000A00042400A0043C680A84901800801433
:10D9B0000A00042400A0043C690A84903400801406
:10D9C0000B00042400A0043C6A0A849030008054B8
:10D9D0000B000424080002247A00621488BF023C71
:10D9E00000A0103C640A04261670400F07000524AE
:10D9F000768182A3640A10260700039270006254A5
:10DA0000688180AF09000224C336400B4C8382AF8B
:10DA10001F0044140B00042400A0043C670A8490F7
:10DA20001B0080140B00042400A0043C680A8490AE
:10DA3000170080540B00042400A0023C690A4290A5
:10DA4000330040140800022400A0023C6A0A4290FD
:10DA50002F004014080002245A00621488BF023CC0
:10DA600000A0103C640A04261670400F070005242D
:10DA7000768182A3640A1026070003925000625444
:10DA8000688180AF0A000224C336400B4C8382AF0A
:10DA90001F0044140800022400A0023C670A4290C0
:10DAA0001B0040140800022400A0023C680A4290B7
:10DAB000170040140800022400A0023C690A4290AA
:10DAC000130040140800022400A0023C6A0A42909D
:10DAD0000F004014080002243A00621488BF023C80
:10DAE00000A0103C640A04261670400F07000524AD
:10DAF000768182A3640A10260700039230006254E4
:10DB0000688180AF0B0002244C8382AF080002249E
:10DB10006881838F2B00621488BF023C688180AFCC
:10DB200000A0023C640A40A0640A4224010040A014
:10DB3000020040A0030040A0040040A0050040A057
:10DB4000060040A0F036400B070040A01800441427
:10DB500000A0023C080002241A00621488BF023CA4
:10DB600000A0023C6B0A43900A00022414006214D5
:10DB7000688180AF80BF023C1060438C0463037CEB
:10DB8000106043AC00A0023C640A40A0640A422436
:10DB9000010040A0020040A0030040A0040040A0FB
:10DBA000050040A0060040A0F036400B070040A052
:10DBB000640A40A0640A4224010040A0688180AF4A
:10DBC00088BF023C4010438CC439037C401043ACF6
:10DBD0006400A28F130040006000A38F6C00A28F2E
:10DBE0000F00423014004014110060005C00BF8F31
:10DBF0005800B98F5400B88F5000B08F4C00AF8FD1
:10DC00004800AE8F4400AD8F4000AC8F3C00AB8F1E
:10DC10003800AA8F3400A98F3000A88F2C00A78F5E
:10DC20002800A68F2400A58F2000A48F1C00A38F9E
:10DC30001800A28F1400A18F00606041C000000096
:10DC40007400BA8F7000BB8F00709A406C00BA8F5E
:10DC50007800BD2702609A4000E8DD4100609B40EB
:10DC6000180000421C83828F0A00422C06004014D8
:10DC7000FAFF02341C8380AFB882828F01004224F5
:10DC8000B88282AFFAFF0234B882838F2B10620011
:10DC900001004050B88280AF51C302342483838F87
:10DCA0002B10620001004050248380AF0800E00385
:10DCB00000000000E8FFBD271400BFAF1000B0AFA8
:10DCC000B083838F0100022493016210AC8284939D
:10DCD000100082149C82828F1000032488BF023CB3
:10DCE000346143AC0300032430750224FFFF422457
:10DCF000FFFF4014FFFF4224FFFF6324FBFF60147B
:10DD000030750224DC8282AF03000224E48282AFF9
:10DD10009C82828F06004050010002240000429045
:10DD200080004230FF0042307B0140140100022499
:10DD300003008210E8828393780162141400BF8F7D
:10DD40001000032488BF023C346143ACC482828F3C
:10DD50006D014014B082828FD88283930100022427
:10DD600007006254E88282936883838F0400621400
:10DD7000E882829304000224D88282A3E8828293FC
:10DD80000100032425004314D8828393B08280AF1E
:10DD9000108380AF88BF033C2065658C0100A530EF
:10DDA00027280500212000000400A47CB08284AF55
:10DDB0002065638C4000637C271803004408647C62
:10DDC000B08284AF88BF033C2064658C0100A5301D
:10DDD000272805008410A47CB08284AF2064658C61
:10DDE0004000A57C27280500C418A47CB08284AF1D
:10DDF0002064658C8000A57C272805000421A47C74
:10DE0000B08284AF2064638CC000637C2718030059
:10DE10004429647CB08284AFD88283930700632C4A
:10DE200037016010D882849380200400019D033C58
:10DE300044DE6324211864000000638C0800600045
:10DE40000000000000E3009D60DE009DDCDF009D1F
:10DE500000E3009D38E2009D58E1009DC8E1009D6F
:10DE60000100032427004314AC82839300A0063CE6
:10DE700006000224200DC2A031838293200DC62407
:10DE80000100C2A000A0023C200943900200C3A0F0
:10DE900020094224010043900300C3A002004390E4
:10DEA0000400C3A0030043900500C3A004004390F6
:10DEB0000600C3A0050042900700C2A0080002248B
:10DEC000208382A301000424010005249C52400FFA
:10DED000080007249C8282AF00000000E88280A333
:10DEE0006081828F0400432C0400601401004224EE
:10DEF00002000224C037400B608182AF608182AF94
:10DF0000AC82839301000224FD00621400A0023C55
:10DF100006000324200D43A0200D4224030040A04E
:10DF2000040040A0050040A0060040A01983839390
:10DF30000100022409006214BC82839300A0023C09
:10DF4000200D422401000324010043A056000324B5
:10DF5000020043A0E437400B198380A30100022490
:10DF60000800621400A0023C200D4224010003249A
:10DF7000010043A057000324020043A0E437400BF4
:10DF8000BC8280A3200D4224010040A0020040A0DA
:10DF900000A0103C200D1026070000A2080002245B
:10DFA000208382A301000424010005242130000203
:10DFB0009C52400F080007249C8282AF00000000A2
:10DFC000AC8280A302000292FF004230CC004010DD
:10DFD00001000224C038400BAC8282A3010003245C
:10DFE00027004314AC82839300A0063C0600022461
:10DFF000200DC2A031838293200DC6240100C2A04F
:10E0000000A0023C200943900200C3A02009422442
:10E01000010043900300C3A0020043900400C3A08A
:10E02000030043900500C3A0040043900600C3A072
:10E03000050042900700C2A008000224208382A3AA
:10E0400001000424010005249C52400F080007240D
:10E050009C8282AF00000000E88280A36081828FF2
:10E060000400432C04006014010042240200022436
:10E070001F38400B608182AF608182AFAC82839396
:10E08000010002249E00621400A0023C060003244A
:10E09000200D43A0200D4224030040A0040040A016
:10E0A000050040A0060040A01983839301000224CC
:10E0B00009006214BC82839300A0023C200D42241C
:10E0C00001000324010043A056000324020043A0E2
:10E0D0004338400B198380A3010002240800621416
:10E0E00000A0023C200D422401000324010043A0B3
:10E0F00057000324020043A04338400BBC8280A396
:10E10000200D4224010040A0020040A000A0103CCD
:10E11000200D1026070000A208000224208382A3FD
:10E120000100042401000524213000029C52400F0C
:10E13000080007249C8282AF00000000AC8280A30C
:10E1400002000292FF0042306D00401001000224E4
:10E15000C038400BAC8282A300A0063C020002241F
:10E16000200DC2A0200DC624F0FF02240100C2A091
:10E17000B08282930200C2A00300C0A00400C0A02D
:10E180000500C0A00600C0A0108382930700C2A0B3
:10E190000800C0A00900C0A00A00C0A00B00C0A0D9
:10E1A0000C000224208382A3030004240100052420
:10E1B0009C52400F0C0007249C8282AFAC8280A34B
:10E1C000C038400BE88280A300A0063C0200022475
:10E1D000200DC2A0200DC624F0FF02240100C2A021
:10E1E000B08282930200C2A00300C0A00400C0A0BD
:10E1F0000500C0A00600C0A0108382930700C2A043
:10E200000800C0A00900C0A00A00C0A00B00C0A068
:10E210000C000224208382A30300042401000524AF
:10E220009C52400F0C0007249C8282AFAC8280A3DA
:10E23000C038400BE88280A3AC82839301000224A3
:10E240000D006254108380AF19838393040062141D
:10E25000BC828393108382AF9E38400B198380A3C6
:10E260000100022404006254108380AF02000224E3
:10E27000108382AFBC8280A300A0103C0200022465
:10E28000200D02A2200D1026F0FF0224010002A2A0
:10E29000B0828293020002A2030000A2040000A246
:10E2A000050000A2060000A210838293070002A2CC
:10E2B000080000A2090000A20A0000A20B0000A2B0
:10E2C0000C000224208382A30300042401000524FF
:10E2D000213000029C52400F0C0007249C8282AF28
:10E2E000AC8280A307000292FF004230040040503D
:10E2F000E88280A301000224AC8282A3E88280A38A
:10E3000000000000B082828F03004014100003243C
:10E3100088BF023C386143AC1400BF8F1000B08F3F
:10E320000800E0031800BD27E8FFBD271400BFAFB9
:10E33000D282829306004050B882828F010003246B
:10E34000960043141400BF8FDE38400B0C83828F7D
:10E350000C8382AF948280AF448380AFF48280AF1D
:10E36000548380AFBC8280A3198380A30100022460
:10E370006639400BD28282A3B882838F2310620059
:10E380000300422C160040109482838FD56C400FFE
:10E3900000000000050040104483828F9482828F29
:10E3A00001004224ED38400B948282AF01004224E8
:10E3B000448382AFD96C400F00000000050040107C
:10E3C0005483828FF482828F010042246639400B8D
:10E3D000F48282AF010042246639400B548382AF3D
:10E3E0004483828F2B204300040080102B10620096
:10E3F000010002240139400B908282A301004054A5
:10E40000908280A3F482838F5483828F2B204300D9
:10E41000040080102B106200010002240B39400B15
:10E42000588382A301004054588380A39082829332
:10E430005883839324004354F88280AFF882838FFB
:10E4400001006324F88283AF0200632C060060544D
:10E45000508380A302000224F88282AF01000224CC
:10E460005C39400B508382A3DA8284930100032439
:10E4700009008314D182839308838393050062107B
:10E4800002000224DA8282A301000224198382A3FB
:10E49000AC8282A3D18283930100022435006214EE
:10E4A00090828293908283931883829330006210CB
:10E4B00002000224D18282A301000224BC8282A332
:10E4C0005C39400BAC8282A3508385930100042405
:10E4D0001500A414DA828493B48284930800821015
:10E4E000A4828493088383A3D28280A301000224A0
:10E4F000DA8282A3D18280A34839400BA88280AF00
:10E500001B008350508380A3188382A3D28280A3F0
:10E51000DA8280A301000224D18282A3008380AF2B
:10E520005C39400B508380A302000324070083144E
:10E53000D1828393B482839303006210A882828F76
:10E5400001004224A88282AFD18283930200022478
:10E55000080062149082829358838393A4828293EA
:10E56000030062100083828F01004224008382AF87
:10E5700090828293B48282A358838293A48282A3DE
:10E58000948280AF448380AFF48280AF548380AFA5
:10E59000B882828F0C8382AF1400BF8F0800E00323
:10E5A0001800BD270800E003000000004882828FA9
:10E5B00098004010000000000100032412004314E2
:10E5C0000200032400A0033CAC0E63245C006494AE
:10E5D00082200400FF00853000A0023C200D422470
:10E5E000060045A002220400070044A055006390E5
:10E5F000080043A000A0033CB50F6390090043A0AE
:10E600000800E0030000000012004314030003248C
:10E6100000A0033C600F63245C006494822004002B
:10E62000FF00853000A0023C200D4224060045A0DA
:10E6300002220400070044A000A0043C010F8490C3
:10E64000080044A055006390090043A00800E003BF
:10E6500000000000110043140400032400A0023C49
:10E66000400E4394FF00643000A0023C200D422481
:10E67000060044A0021A0300070043A000A0033CC8
:10E68000010F6390080043A000A0033CB50F639006
:10E69000090043A00800E00300000000100043143C
:10E6A00005000324F085838FFF00643000A0023C46
:10E6B000200D4224060044A0003A637C070043A0DA
:10E6C00000A0033C010F6390080043A000A0033C9E
:10E6D000B50F6390090043A00800E00300000000AC
:10E6E00010004314060003242C85838FFF00643040
:10E6F00000A0023C200D4224060044A0003A637CA6
:10E70000070043A000A0033C010F6390080043A052
:10E7100000A0033CB50F6390090043A00800E0038C
:10E72000000000000E00431407000324D4848393E8
:10E7300000A0023C200D4224060043A0070040A098
:10E7400000A0033C010F6390080043A000A0033C1D
:10E75000B50F6390090043A00800E003000000002B
:10E7600010004314080003246085838FFF00643089
:10E7700000A0023C200D4224060044A0003A637C25
:10E78000070043A000A0033C010F6390080043A0D2
:10E7900000A0033CB50F6390090043A00800E0030C
:10E7A000000000000E00431409000324BC84838F82
:10E7B000FF00643000A0023C200D4224060044A06B
:10E7C000003A637C070043A0F1848393080043A0D0
:10E7D00021858393090043A00800E00300000000A6
:10E7E0000C00431400000000F884838FFF006430A5
:10E7F00000A0023C200D4224060044A0003A637CA5
:10E80000070043A0F1848393080043A021858393EC
:10E81000090043A00800E00300000000E8FFBD2756
:10E820001400BFAF1000B0AFC082828F390040101B
:10E8300000A0023C00A0103C09000224200D02A20E
:10E8400010000224808582A300A0063C0C08C62488
:10E850000100C2A05881828F0200C2A002120200F1
:10E860000300C2A05C81828F0400C2A002120200D9
:10E870000500C2A00600C0A00700C0A00800022436
:10E88000208382A301000424010005249C52400F30
:10E89000080007249C8282AF0000000002000224CE
:10E8A000200D02A2C0FF0224808582A3200D06262F
:10E8B0000100C2A05081828FFF0043300200C3A03C
:10E8C000003A427C0300C2A05481828FFF00433093
:10E8D0000400C3A0003A427C0500C2A00600C0A00C
:10E8E0000700C0A00800C0A00900C0A00A000224C0
:10E8F000208382A303000424010005249C52400FBE
:10E900000A0007249C8282AF000000008F3A400B6F
:10E910005C8480A3A80D428C050040145C84829323
:10E92000E085829340100200563A400B808582A316
:10E9300006004014E085829340100200808582A387
:10E9400000A0023C563A400BA80D40AC401002001B
:10E9500001004224808582A300A0063C0900022415
:10E960000C08C2A00C08C624808582930100C2A0B6
:10E97000FC84828F0200C2A0021202000300C2A027
:10E98000D885828F0400C2A0021202000500C2A036
:10E9900000A0103C9C0D10260C00028E0600C2A0A8
:10E9A000021202000700C2A008000224208382A3F2
:10E9B00001000424010005249C52400F0800072494
:10E9C0009C8282AF00A0063C02000224200DC2A05F
:10E9D00080858293A0FF4224FF004230200DC62490
:10E9E0000100C2A0C78482930200C2A0C88482939F
:10E9F0000300C2A0C98482930400C2A0CA84829387
:10EA00000500C2A00C00028EFF0043300600C3A028
:10EA1000003A427C0700C2A00800C0A00900C0A0C4
:10EA20000A000224208382A3030004240100052499
:10EA30009C52400F0A0007249C8282AF1400BF8FB3
:10EA40001000B08F0800E0031800BD27D0FFBD27DD
:10EA50002C00BFAF2800B5AF2400B4AF2000B3AF87
:10EA60001C00B2AF1800B1AF1400B0AFC082828FEB
:10EA70003900401000A0023C00A0063C0700022420
:10EA80000C08C2A0C0FF1024808590A30C08C624E7
:10EA90000100D0A05081828F0200C2A002120200A9
:10EAA0000300C2A05481828F0400C2A0021202009F
:10EAB0000500C2A00600C0A00700C0A00800C0A0BA
:10EAC0000900C0A00A001124208391A3020004249D
:10EAD000010005249C52400F0A0007249C8282AF4B
:10EAE0000000000000A0063C02000224200DC2A08D
:10EAF000808590A3200DC6240100D0A05081828F74
:10EB0000FF0043300200C3A0003A427C0300C2A0D1
:10EB10005481828FFF0043300400C3A0003A427C3E
:10EB20000500C2A00600C0A00700C0A00800C0A049
:10EB30000900C0A0208391A3030004240100052440
:10EB40009C52400F0A0007249C8282AF0000000004
:10EB5000253B400B5C8480A3A80D428C060040142A
:10EB60005C848293E085829340100200A0FF4224DF
:10EB7000E93A400B808582A307004014E085829328
:10EB800040100200A0FF4224808582A300A0023C26
:10EB9000E93A400BA80D40AC40100200A1FF42240E
:10EBA000808582A300A0063C070002240C08C2A0B6
:10EBB0000C08C624808582930100C2A0C7849027D8
:10EBC000000002920200C2A0C88491270000229295
:10EBD0000300C2A0C9849227000042920400C2A090
:10EBE000CA849327000062920500C2A000A0143CD2
:10EBF0009C0D94260C00828E0600C2A00212020018
:10EC00000700C2A00800C0A00900C0A00A00152487
:10EC1000208395A302000424010005249C52400F88
:10EC20000A0007249C8282AF00A0063C0200022456
:10EC3000200DC2A080858293200DC6240100C2A0B1
:10EC4000000002920200C2A0000022920300C2A0B3
:10EC5000000042920400C2A0000062920500C2A01F
:10EC60000C00828EFF0043300600C3A0003A427CB5
:10EC70000700C2A00800C0A00900C0A0208395A37F
:10EC800003000424010005249C52400F0A000724BD
:10EC90009C8282AF2C00BF8F2800B58F2400B48FD8
:10ECA0002000B38F1C00B28F1800B18F1400B08FFA
:10ECB0000800E0033000BD27E8FFBD271400BFAF08
:10ECC0009C82828F060040504080829300004290D8
:10ECD00080004230FF0042301A004014408082938E
:10ECE0000200032409004310030003240B00431017
:10ECF000000000000C004054020004249466400F01
:10ED0000000000004A3B400B020004244766400F0D
:10ED1000000000004A3B400B020004246F66400FD5
:10ED200000000000020004240100052400A0063CAD
:10ED3000200DC6249C52400F208387939C8282AF73
:10ED4000400000001400BF8F0800E0031800BD273A
:10ED50003C83829309004014FF0084301000032498
:10ED600088BF023C386143AC2483828F408382AFEA
:10ED7000010002240800E0033C8382A30100032475
:10ED80000F004314020003242483828F4083858F65
:10ED90002328450064000324231864002B18A300D3
:10EDA0000F006014000000000D008050408382AF0F
:10EDB000020003243C8383A30800E003408382AF66
:10EDC00007004314000000004083828F2483838F58
:10EDD000231062002B204400010080503C8380A35C
:10EDE0000800E003000000009882838FB80B022423
:10EDF000FFFF4224FFFF4014FFFF4224B80B6224B0
:10EE0000988282AFB80B02240800E003DC8282AF54
:10EE1000E8FFBD271400BFAFDC8280AF7A3B400F14
:10EE200000000000DC82828F01004224DC8282AF7D
:10EE30000A00422CF9FF40141400BF8F0800E003C1
:10EE40001800BD27E8FFBD271400BFAF1000B0AF0A
:10EE50002180800009008010DC8280AF843B400F5D
:10EE600000000000DC82828F01004224DC8282AF3D
:10EE70002B105000F9FF4014000000001400BF8F59
:10EE80001000B08F0800E0031800BD279882838F20
:10EE900060090224FFFF4224FFFF4014FFFF4224C9
:10EEA00060096224988282AF600902240800E003AE
:10EEB000DC8282AF9882838F2C010224FFFF4224E0
:10EEC000FFFF4014FFFF42242C016224988282AF8E
:10EED0002C0102240800E003DC8282AFD8FFBD27AA
:10EEE0002400BFAF2000B3AF1C00B2AF1800B1AF19
:10EEF0001400B0AF218080002188A0002190C000C4
:10EF0000448284AF296B400F0000938C24887102E7
:10EF100021200002336B400F252832022400BF8FCE
:10EF20002000B38F1C00B28F1800B18F1400B08F77
:10EF30000800E0032800BD27D8FFBD272400BFAF8D
:10EF40002000B4AF1C00B3AF1800B2AF1400B1AFD3
:10EF50001000B0AF00A0023C7809429002000324E8
:10EF6000660243542400BF8F00A0033C79096490DB
:10EF700050008324FF0065303000A52C5F02A050B4
:10EF80002400BF8FFF00633080180300019D053C03
:10EF9000A4EFA5242118A3000000638C08006000E2
:10EFA0000000000064F0009DF8F8009D6CF6009DE4
:10EFB000F8F8009DF8F8009DF8F8009DF8F8009D1D
:10EFC000F8F8009DF8F8009DF8F8009DF8F8009D0D
:10EFD000F8F8009DF8F8009DF8F8009DF8F8009DFD
:10EFE000F8F8009DF8F8009DF8F8009DF8F8009DED
:10EFF000F8F8009DF8F8009DF8F8009DF8F8009DDD
:10F00000F8F8009DF8F8009DF8F8009DF8F8009DCC
:10F01000F8F8009DF8F8009DF8F8009DF8F8009DBC
:10F02000F8F8009DD0F0009DFCF1009DF8F8009DDF
:10F03000F8F8009DF8F8009DF8F8009DF8F8009D9C
:10F04000F8F8009DF8F8009DF8F8009DF8F8009D8C
:10F05000F8F8009DF8F8009DF8F8009DF8F8009D7C
:10F060004CF1009D00A0103C78090226020042905D
:10F070007F004330C08483A3D88283A300A0063CD2
:10F0800002000324200DC3A0200DC624B1FF0324D9
:10F090000100C3A00200C2A00300C0A00400C0A0E1
:10F0A0000500C0A00600C0A00700C0A00300042403
:10F0B000010005249C52400F0A0007244C8182AFB6
:10F0C000780900A2010002243E3E400B7B8182A30E
:10F0D00000A0023C7A09429004004330060260100E
:10F0E00000A0033C7B096390040260142400BF8FDE
:10F0F00000A0063C02000324200DC3A0200DC6245E
:10F10000E0FF03240100C3A00200C2A00300C0A0CE
:10F1100000A0103C78090226040042900400C2A01E
:10F12000300002240500C2A00600C0A00700C0A055
:10F1300003000424010005249C52400F0A00072408
:10F140004C8182AF3E3E400B780900A200A0023CF9
:10F150007809422403004390001A030005004590FB
:10F160000600449007004690040042902118620077
:10F17000140902240C00621421180000002A050062
:10F180002120A400BD2802240800821400A0103C05
:10F19000090002240500C21400000000020002243D
:10F1A000D08382AF0100032400A0103C78090292B2
:10F1B00000A0063C200DC2A0200DC624EFFF0224B3
:10F1C0000100C2A00200C3A00300C0A00400C0A0B0
:10F1D0000500C0A00600C0A00700C0A003000424D2
:10F1E000010005249C52400F0A0007244C8182AF85
:10F1F000780900A23E3E400B308180AF00A0023C67
:10F200007A09429001000324E000435001000224E7
:10F210000600405000A0023C80000324B7014314C4
:10F220002400BF8F953D400B358183937C0942902C
:10F2300002000324380043100300432C0600601032
:10F240000300032401000324AC0143142400BF8FF6
:10F250009C3C400B00A0103C5E00431004000324C3
:10F26000A60143142400BF8F2A3D400B00A0103C90
:10F270007809022603004390019D023C00E44234D9
:10F28000211062002C8182AF448282AF0000429044
:10F2900034839127000022A200A0063C020004242F
:10F2A000200DC4A0200DC624E1FF04240100C4A049
:10F2B0000200C3A0010003240300C3A00400C2A0F5
:10F2C00035839227000042920500C2A0368393271F
:10F2D000000062920600C2A0378394270000829249
:10F2E0000700C2A00800C0A00900C0A003000424B9
:10F2F000010005249C52400F0A0007244C8182AF74
:10F30000780900A2000020A2000040A2000060A234
:10F310003E3E400B000080A200A0103C780902266F
:10F3200003004290019D033C00E46334212043002C
:10F330002C8184AF448284AF000084903483912771
:10F34000000024A201006324211843002C8183AF14
:10F35000448283AF0000639035839227000043A26C
:10F3600000A0063C02000524200DC5A0200DC624E7
:10F37000E1FF07240100C7A00200C2A00300C5A04E
:10F380000400C4A00500C3A0368393270000629246
:10F390000600C2A037839427000082920700C2A013
:10F3A0000800C0A00900C0A0030004240100052437
:10F3B0009C52400F0A0007244C8182AF780900A2BA
:10F3C000000020A2000040A2000060A23E3E400BD0
:10F3D000000080A200A0103C7809022603004290A1
:10F3E000019D033C00E46334212043002C8184AF61
:10F3F000448284AF0000859034839127000025A2C9
:10F4000001006424212044002C8184AF448284AF15
:10F410000000849035839227000044A202006324F8
:10F42000211843002C8183AF448283AF0000639096
:10F4300036839327000063A200A0063C0200072445
:10F44000200DC7A0200DC624E1FF07240100C7A09E
:10F450000200C2A0030002240300C2A00400C5A051
:10F460000500C4A00600C3A0378394270000829241
:10F470000700C2A00800C0A00900C0A00300042427
:10F48000010005249C52400F0A0007244C8182AFE2
:10F49000780900A2000020A2000040A2000060A2A3
:10F4A0003E3E400B000080A27809022603004290F5
:10F4B000019D033C00E46334212043002C8184AF90
:10F4C000448284AF0000879034839127000027A2F4
:10F4D00001006424212044002C8184AF448284AF45
:10F4E0000000859035839227000045A20200642425
:10F4F000212044002C8184AF448284AF000084909A
:10F5000036839327000064A203006324211843007C
:10F510002C8183AF448283AF0000639037839427AC
:10F52000000083A200A0063C02000824200DC8A011
:10F53000200DC624E1FF08240100C8A00200C2A0DB
:10F54000040002240300C2A00400C7A00500C5A057
:10F550000600C4A00700C3A00800C0A00900C0A006
:10F5600003000424010005249C52400F0A000724D4
:10F570004C8182AF780900A2000020A2000040A2C6
:10F58000000060A23E3E400B000080A2358182A3B5
:10F5900000A0023C7B0945901900A01000A0023C8D
:10F5A00034818693FFFFA2241400C2100100C724F7
:10F5B000FF00E7302B10E500CF0040102110E000E5
:10F5C00000A0043C200884242118440001004224A7
:10F5D000FF004230FCFF4514000060A0FEFFA224A3
:10F5E0002138E2002330E600348186A3FF00C630D4
:10F5F000FFFFA224C100C2142400BF8F00A0023C60
:10F600007C094790BC00E01000A0023C7D09422428
:10F6100000A0033C2008632421186500FFFFE424B8
:10F62000FF00843000A0063C7E09C6242130C400BF
:10F6300000004490000064A001004224FCFF461436
:10F64000010063242128A700FFFFA5243E3E400BB4
:10F65000348185A301000224A80062142400BF8F16
:10F66000020002243E3E400B358182A300A0033CF1
:10F670007A096390200005244800655000A0033CEF
:10F6800080000424830064103681849301000224E6
:10F690009A0062142400BF8F368182A300A0023C2E
:10F6A0007B0944901900801000A0023C34818693AD
:10F6B000FFFF82241400C2100100C724FF00E730BE
:10F6C0002B10E4001E0040102110E00000A0053CBB
:10F6D0002008A5242118450001004224FF004230E3
:10F6E000FCFF4414000060A0FEFF82242138E200E9
:10F6F0002330E600348186A3FF00C630FFFF82245A
:10F700001000C21400A0103C00A0023C7C0942245E
:10F7100000A0033C200863242118640000A0063CDC
:10F720008009C62400004590000065A00100422425
:10F73000FCFF46140100632403008424348184A365
:10F7400000A0103C7809029200A0063C200DC2A047
:10F75000200DC624B2FF02240100C2A078090226AF
:10F76000020042900200C2A0010002240300C2A0D5
:10F770000400C0A00500C0A00600C0A00700C0A0F3
:10F7800003000424010005249C52400F08000724B4
:10F790004C8182AF3E3E400B780900A27B0963900A
:10F7A000010005241D006514000000000200032470
:10F7B000A48383A300A0063C200DC2A0200DC62474
:10F7C0000100C4A0010010240200D0A00300D0A0BA
:10F7D0000400C0A00500C0A00600C0A00700C0A093
:10F7E000030004249C52400F0C0007244C8182AF7C
:10F7F00000A0023C780940A0D08290A3019D103C5B
:10F80000296B400F14E0043614E00436336B400FCC
:10F81000D08285933F3E400B2400BF8F3700605459
:10F820002400BF8F01000324A48383A300A0063C0F
:10F83000200DC2A0200DC6240100C4A00200C0A05B
:10F840000300C3A00400C0A00500C0A00600C0A023
:10F850000700C0A003000424010005249C52400FAF
:10F860000C0007244C8182AF00A0023C780940A024
:10F87000D08280A3019D103C296B400F14E0043618
:10F8800014E00436336B400FD08285933F3E400B2B
:10F890002400BF8F01000324180083142400BF8FAD
:10F8A00002000324368183A300A0063C200DC2A0E1
:10F8B000200DC624B2FF02240100C2A080FF022452
:10F8C0000200C2A0010002240300C2A00400C0A0E4
:10F8D0000500C0A00600C0A00700C0A003000424CB
:10F8E000010005249C52400F080007244C8182AF80
:10F8F00000A0023C780940A02400BF8F2000B48FF4
:10F900001C00B38F1800B28F1400B18F1000B08F9D
:10F910000800E0032800BD27D8FFBD272400BFAFA3
:10F920002000B4AF1C00B3AF1800B2AF1400B1AFE9
:10F930001000B0AFB083838F01000224CE026210AA
:10F940004C81828F060040100000000000004290B1
:10F9500080004230FF0042300B0040143681839318
:10F96000CE3B400F000000000300042421280000CB
:10F9700000A0063C7809C6249C52400F0A000724C8
:10F98000488182AF368183930200022433006214DF
:10F990003581839334818293FF0003240D0043104B
:10F9A000010042240001432C0A00601000A0053C25
:10F9B0002008A5242118A200000060A0FF00443008
:10F9C000010042240001432CFBFF60142118A20017
:10F9D000348184A3009D113C296B400F005F2426D5
:10F9E00000A0103C23081026005F313600A0123C16
:10F9F0009C065226FF62133C00A17336009D143C06
:10FA00000060942600000592002A0500FFFF029284
:10FA10002528A200002A0500FEFF02922528A20048
:10FA2000002A0500FDFF02922528A20021105102A4
:10FA300021105300000045AC336B400F2120200201
:10FA400004003126EFFF341604001026368180A30F
:10FA5000348180A335818393020002243200621432
:10FA60007B81829334818293FF0003240D00431035
:10FA7000010042240001432C0A00601000A0053C54
:10FA80002008A5242118A200000060A0FF00443037
:10FA9000010042240001432CFBFF60142118A20046
:10FAA000348184A3019D113C296B400F00E424366E
:10FAB00000A0103C2308102600E4313600A0123CC0
:10FAC0009C065226FE62133C001C7326019D143CCA
:10FAD00000E5943600000592002A0500FFFF02921F
:10FAE0002528A200002A0500FEFF02922528A20078
:10FAF000002A0500FDFF02922528A20021105102D4
:10FB000021105300000045AC336B400F2120200230
:10FB100004003126EFFF341604001026358180A33F
:10FB2000348180A37B8182930A00401000A0023CB4
:10FB30007A0946902014067C060043047B8180A34A
:10FB4000019D043C04E08434B73B400F00FF0524D2
:10FB50007B8180A3D083838F020002241300621470
:10FB60009C82828F3081828F01004224308182AF5B
:10FB70007017422C0D0040149C82828F88BF023C7B
:10FB80008050438C0400037C805043AC019D043CB6
:10FB900000E08434336B400F12120524C0BF023CD6
:10FBA00009F84000000000009C82828F060040108F
:10FBB0005C8484930000439080006330FF006330D6
:10FBC000C80060140000000003000324C300831475
:10FBD0002882838F0400632CC00060103886838FD6
:10FBE000BE0060141000032488BF023C386143AC9F
:10FBF000C08482930700422CA3004050C08580A798
:10FC0000C084839380180300019D023C20FC4224A1
:10FC1000211043000000428C08004000000000005A
:10FC200084FE009D3CFC009DC4FC009D84FE009D64
:10FC3000C4FD009D64FE009D78FE009D00A0103C68
:10FC400009000224200D02A2808580A3200D102629
:10FC5000010000A25081828FFF004330020003A206
:10FC6000003A427C030002A25481828FFF0043309D
:10FC7000040003A2003A427C050002A2060000A292
:10FC8000070000A208000224208382A301000424AC
:10FC900001000524213000029C52400F0800072477
:10FCA0009C8282AF000000005C8480A3010002926D
:10FCB000FF0042307300401003000224A13F400BBC
:10FCC0005C8482A300A0033C07000224200D62A0F4
:10FCD000C0FF0224808582A3200D6324010062A05E
:10FCE000D082839301000224140062145081838F18
:10FCF000A4838393FF006330020002240F00621488
:10FD00005081838F5481838FFF00643000A0023CB8
:10FD1000200D4224020044A0003A637C030043A06B
:10FD20005081838FFF006430040044A0003A637C5C
:10FD3000050043A05B3F400B00A0103CFF00643077
:10FD400000A0023C200D4224020044A0003A637C43
:10FD5000030043A05481838FFF006430040044A05B
:10FD6000003A637C050043A000A0103C200D102643
:10FD7000060000A2070000A2080000A2090000A2DD
:10FD80000A000224208382A3020004240100052427
:10FD9000213000029C52400F0A0007249C8282AF4F
:10FDA000000000005C8480A301000392FF00633028
:10FDB000C00002243300621003000224A13F400B64
:10FDC0005C8482A300A0103C02000224200D02A249
:10FDD000C0FF0224808582A3200D1026010002A20C
:10FDE0005081828FFF004330020003A2003A427C20
:10FDF000030002A25481828FFF004330040003A25B
:10FE0000003A427C050002A2060000A2070000A200
:10FE1000080000A2090000A20A0000A20B0000A234
:10FE20000C000224208382A3030004240100052483
:10FE3000213000029C52400F0C0007249C8282AFAC
:10FE4000000000005C8480A301000392FF00633087
:10FE5000C00002240B00621003000224A13F400BEB
:10FE60005C8482A301000224073A400FC08282AF63
:10FE7000A23F400BC08580A701000224933A400FA7
:10FE8000C08282AFC08580A76E8580A7AC8580AF19
:10FE9000AC8480AFFC8480AFD88580AF00A0033CE9
:10FEA0009C0D63240C0060AC00A0043C800E8224F6
:10FEB000080040AC040060AC800E80AC080060AC70
:10FEC000040040AC0C0040AC100040AC140040AC4E
:10FED000180040A01E41400B190040A006004050F1
:10FEE000DD8482930000429080004230FF00423067
:10FEF00061014014DD8482930200422C5E014014B3
:10FF0000E0858293FF0003245B014310010003247A
:10FF10003886848F590183142400BF8F00A0033CCE
:10FF2000A80D638C090060141000032405004050E4
:10FF300001000224040003240400431410000324DD
:10FF400001000224D63F400B648482A388BF023C98
:10FF5000346143AC648480A3DD8483930300022472
:10FF600042006214D0828393DC85828F110040109E
:10FF70009085828FC98480A3CA8480A3D082839312
:10FF800001000224250062144C85828FA483839390
:10FF9000FF00633002000224200062144C85828F2F
:10FFA000FFFF0224C98482A37F0002240640400B85
:10FFB000CA8482A3190040104C85828FC084839329
:10FFC0000400022406006214FFFF02242C84828FA6
:10FFD000C98482A303120200FB3F400BCA8482A3A0
:10FFE000C98482A37F000224CA8482A3D08283931F
:10FFF00001000224090062144C85828FA48383933C
:020000041D01DC
:10000000FF00633002000224040062144C85828FDA
:10001000C98480A3CA8480A34C85828F04004010C9
:10002000F484828FC78480A31A40400BC88480A3C5
:100030000E004010D0828393C08483930400022476
:1000400006006214FFFF02242484828FC78482A3E7
:10005000031202001A40400BC88482A3C78482A303
:100060007F000224C88482A3D082839301000224EB
:100070000F006214C0848293A4838393FF006330D3
:10008000020002240A006214C08482935481828F89
:10009000FF7F032423106200548182AFB884828FD3
:1000A000C98482A302120200CA8482A3C0848293FC
:1000B0000700422CD3004010C084839380180300B3
:1000C000019D023CD8004224211043000000428CD4
:1000D00008004000000000000404019DF400019DA0
:1000E000AC01019D0404019D0003019DEC03019DF1
:1000F000FC03019D00A0023CA80D428C05004014A9
:100100005C848293E0858293401002004F40400B54
:10011000808582A306004014E0858293401002008F
:10012000808582A300A0023C4F40400BA80D40AC4C
:100130004010020001004224808582A300A0063CFA
:1001400009000224200DC2A080858293200DC624C0
:100150000100C2A0C78482930200C2A0C884829317
:100160000300C2A0C98482930400C2A0CA848293FF
:100170000500C2A000A0023CA80D428CFF00433045
:100180000600C3A0003A427C0700C2A00800022477
:10019000208382A301000424010005249C52400F07
:1001A000080007240141400B9C8282AF00A0023C62
:1001B000A80D428C0700401401000224E0858293C0
:1001C00040100200A0FF4224808582A38240400BA1
:1001D0002D8680A32D8682A35C8482930700401421
:1001E000E085829340100200A0FF4224808582A314
:1001F00000A0023C8240400BA80D40AC4010020021
:10020000A1FF4224808582A380858393A9000224D4
:100210000400621400A0023CA4FF0224808582A393
:1002200000A0023C07000324200D43A08085839397
:10023000200D4224010043A0D082839301000224B8
:1002400012006214C7848393A4838393FF006330F6
:10025000020002240D006214C7848393C98483932F
:1002600000A0023C200D4224020043A0CA848393D4
:10027000030043A0C7848393040043A0C8848393EE
:10028000050043A0AD40400B00A0023C00A0023C92
:10029000200D4224020043A0C8848393030043A09E
:1002A000C9848393040043A0CA848393050043A0B8
:1002B00000A0023CA80D428CFF00433000A0063C89
:1002C000200DC6240600C3A0003A427C0700C2A04D
:1002D000F18482930800C2A0218582930900C2A004
:1002E0000A000224208382A30200042401000524C2
:1002F0009C52400F0A0007240141400B9C8282AFB0
:1003000000A0023CA80D428C07004014010002240A
:10031000E085829340100200A0FF4224808582A3E2
:10032000D740400B2D8680A32D8682A35C848293C8
:1003300007004014E085829340100200A0FF422491
:10034000808582A300A0023CD740400BA80D40ACA2
:1003500040100200A1FF4224808582A300A0103C2F
:1003600002000224200D02A280858293200D102617
:10037000010002A2C7848293020002A2C884829371
:10038000030002A2C9848293040002A2CA84829359
:10039000050002A200A0023CA80D428CFF004330E1
:1003A000060003A2003A427C070002A2F184829375
:1003B000080002A221858293090002A20A0000A27D
:1003C0006B39400F0B0000A20C000224208382A393
:1003D0000300042401000524213000029C52400F38
:1003E0000C0007240141400B9C8282AF073A400F6A
:1003F000C08280AF0141400B00000000933A400FE3
:10040000C08280AF40000000A9858293C18482A38E
:10041000C8848393001A0300C7848293211062006A
:10042000508182AFCA848393001A0300C9848293E7
:1004300021106200548182AFC0848393050002249E
:100440000C00621403000224FC84828F001A020054
:100450002110620002120200588182AFD885828F7B
:10046000001A020021106200021202005C8182AFB9
:10047000030002245C8482A32400BF8F2000B48F79
:100480001C00B38F1800B28F1400B18F1000B08F12
:100490000800E0032800BD27648483930100022440
:1004A00025006254FC8280A3FC82829309004014E0
:1004B000010003241000032488BF023C346143ACD4
:1004C000B882828FEC8282AF010002240800E00330
:1004D000FC8282A30E00431402000324B882828FA0
:1004E000EC82838F23184300C800632C1200601431
:1004F000000000001000042488BF033C386164AC95
:1005000002000324FC8283A30800E003EC8282AF94
:100510000900431400000000EC82828FB882838FB0
:1005200023106200280A422C03004014000000003F
:100530000800E003FC8280A30800E0030000000044
:10054000E8FFBD271400BFAF2C8282930600405005
:100550002D828293010003243E0043141400BF8FB8
:100560007141400B2882828F3A0040541400BF8FA3
:100570002C33400F0000000020FF023488BF033CF2
:10058000146162AC88BF033C046162AC7F0002244A
:1005900088BF033C146362AC88BF033C046362AC55
:1005A000CD6C400F000000003B8280A301000224BC
:1005B0002C8282A3708380AFEC8380AF9541400B87
:1005C0001400BF8F0400422C050040100000000002
:1005D0007E5D400F000000008E41400B5C83828FE7
:1005E0007083828F0B004014DD84829305004014D9
:1005F000000000001D47400F000000008E41400B2E
:100600005C83828F1B2E400F000000008E41400B48
:100610005C83828F01000424708384AF88BF023C16
:100620008050438C4408837C805043AC1D5D400F58
:10063000000000005C83828F060040101400BF8F12
:100640002641400F00000000463E400F0000000021
:100650001400BF8F0800E0031800BD27E8FFBD2786
:100660001400BFAF5D72400F1000B0AF4000042413
:1006700088BF033C042064AC81BF033C00F0638C62
:100680004572400F212040009C8280AFFFFF023462
:1006900088BF033C186162AC88BF043C046182AC33
:1006A00088BF033C186262AC88BF033C046262AC42
:1006B00088BF033C186362AC88BF033C046362AC30
:1006C00088BF033C186462AC88BF033C046462AC1E
:1006D00088BF033C186562AC88BF033C046562AC0C
:1006E00088BF033C186662AC88BF033C046662ACFA
:1006F0000300032488BF023C506143AC88BF023C26
:10070000506240AC0007052488BF023C506345ACF2
:100710003F00052488BF023C506445AC88BF023CC2
:10072000506543AC0003052488BF023C506645ACCD
:100730001000102488BF023C146150AC046190ACDE
:100740000001023C88BF043C341082AC88BF053CE9
:100750001C000424E410A4AC88BF043CE81090AC56
:10076000E410A3ACE81080AC88BF033C641062AC1A
:1007700088BF033C681062AC80BF023C000E40ACF6
:1007800080BF023C100E40AC7017032480BF023CB7
:10079000200E43AC0080033480BF023C080E43AC03
:1007A000708380AFAC6C400F00000000966C400F6F
:1007B00000000000C86C400F00000000606C400F9B
:1007C000000000002080033481BF023C009843AC4D
:1007D0005140032481BF023C20A043ACFD51400F97
:1007E00000000000FE32400F000000009B53400F4D
:1007F000000000000800032488BF023C346543ACBD
:1008000088BF023C346150ACF401032430750224EB
:10081000FFFF4224FFFF4014FFFF4224FFFF632439
:10082000FBFF601430750224DC8282AFF4010224E5
:10083000E48282AF1000032488BF023C386143ACDD
:100840007C83828F2000422C0300401400000000B3
:100850005041400F000000001937400F0000000019
:100860001042400B000000000800E0030000000000
:10087000E0FFBD271C00BFAF3A8282930100032432
:100880005000431041858393090040503B8282937E
:10089000020003248500431000A0033C030003244E
:1008A000380243141C00BF8F9243400B0484828F94
:1008B0002000422C05004014748082931D5D400F7F
:1008C000000000006144400B1C00BF8FA88482AF71
:1008D000858183930200022406006214020004242E
:1008E000010004241C63400F212800004042400BFB
:1008F00000A0023C1C63400F2128000000A0023C25
:10090000010F4390388283A300A0023CB50F4290B0
:10091000398282A34018030000A0043C14108424F0
:10092000211864004010020000A0043C98108424A8
:1009300021104400000064941F62400F00004594A1
:10094000966C400F00000000A48580AF3B8282932C
:10095000029D033C2495632421184300000063900A
:10096000E88583A3029D033C449563242110430042
:1009700000004290198682A384818393010002249F
:100980000400621459808293CC84828F6642400BAB
:100990003A8582A33A8582A30002022488BF033CE1
:1009A000341062AC88BF033C641062AC88BF033C67
:1009B000681062AC3A828293010042246044400B8A
:1009C0003A8282A301000224EE0162141C00BF8F50
:1009D0005484828F14004014020003240086839301
:1009E0003B82859380200300003103002330C40044
:1009F00000A0043CFC0D84242120C400010085A03B
:100A00003485868F040086AC6C858697080086A4A2
:100A1000000083A00100A5243B8285A3010063247C
:100A2000008683A302000324418583A30086839369
:100A30000500632C1B0060543A8280A30700401419
:100A40000100032401000224548482AF0500022423
:100A50003B8282A3A942400B3A8280A3090043143F
:100A60000200032402000224548482AF0A000224FC
:100A70003B8282A33485828F288482AFA942400BB7
:100A80003A8280A3BE014354348580AF3485828F7F
:100A9000088482AF008680A3020002243A8282A3E7
:100AA000548480AF6044400B348580AFFC0D6224D9
:100AB000FC0D658C0400448C0800438C3C0045AC64
:100AC000400044AC440043AC0C00458C1000448C06
:100AD0001400438C480045AC4C0044AC500043AC7F
:100AE0001800458C1C00448C2000438C540045ACFD
:100AF000580044AC5C0043AC2400458C2800448C76
:100B00002C00438C600045AC640044AC680043ACEE
:100B10003000458C3400448C3800438C6C0045AC6C
:100B2000700044AC740043AC0500082400A0093CEC
:100B300021184000ED42400B7C0046240000458C0B
:100B40000C00448C2B20A400140080500C00422484
:100B50000800478C0C00458C1000448C780067AC72
:100B60007C0065AC800064ACFCFF478C0000458CC9
:100B70000400448C080047AC0C0045AC100044ACA9
:100B80007800678C7C00658C8000648CFCFF47AC2F
:100B9000000045AC040044AC0C004224E8FF46547D
:100BA0000000458CFFFF0825FF00083103000051BD
:100BB00000A0023CCF42400B3C0E22253C0E428C52
:100BC0002884838F2B2062000B0080102B20430091
:100BD0000884848F2B208200070080102B20430084
:100BE00000A0023C390E42901F8582A3FEFF4224E2
:100BF0001243400B3B8282A3090080100884848F3B
:100C00002B208300060080100884848F05000224B6
:100C10001F8582A3030002241243400B3B8282A360
:100C20002B1044000900401000A0023C2B18640067
:100C300007006010400E42940A0002241F8582A320
:100C4000080002243B8282A300A0023C400E429492
:100C5000CA8083972B1862000700601001000324EC
:100C60003886838F040060140100032401000224ED
:100C70002543400B388682AF3886848F0600835424
:100C800000A0023CCC8083972B10620001004050F2
:100C9000388680AF00A0023C3C0E428C49004010D8
:100CA00000A0023C010002243886838F45006214B4
:100CB00000A0023C00A0033CFC0D63241C00628CDD
:100CC0001000658C2B1845001400601400A0033C34
:100CD00000A0033C240E668C2B18C2000F0060108D
:100CE00000A0033C368083932B1843000B00601454
:100CF00000A0033C00A0033C090E6790348083975A
:100D00001000A3AF2120A000B726400F21284000EB
:100D100000A0033C7743400BA80D62AC000E648C2E
:100D20002B18A4001100601400A0033C2B184500F0
:100D30000E00601000A0033C368083932B18A300A4
:100D40000A00601400A0033C00A0033CFD0D679066
:100D5000348083971000A3AFB726400F21304000A6
:100D600000A0033C7743400BA80D62AC240E658CB9
:100D70002B18A2001A00605400A0023C00A0033C03
:100D8000300E668C2B18C5001500605000A0023C88
:100D9000368083932B18A3001100605400A0023CFE
:100DA00000A0033C150E6790348083971000A3AF1A
:100DB000B726400F2120400000A0033C7743400BA2
:100DC000A80D62ACA80D40AC048480AF70AD0234B5
:100DD000F08582AF8B43400B2110000000A0023C45
:100DE000A80D428C048482AF0600043C60C68434A3
:100DF000212044000A0003241B008300F40160004A
:100E000012200000F08584AF0082838F2B186200CF
:100E100006006010F881838F2B18620004006014B4
:100E2000FFFF03248D43400BE08580A3FFFF0324D5
:100E3000E08583A3308482AF3A828293010042240A
:100E40006044400B3A8282A30100033C61E46334B6
:100E50002B1843005B0060100600033C60C663343F
:100E6000211843004C8483AF0A0008241B0068004B
:100E7000F401000112200000148484AF0100043C3E
:100E8000A08684341B006400F40180001238000046
:100E9000FF00E730F48387A380200700C029070004
:100EA0002320A40021208700802804002120850021
:100EB000802804002128850040290500232865009A
:100EC000102704241B00A400F4018000123000004D
:100ED000FF00C6303E8486A380200600C04906007D
:100EE000232024012120860080480400212089003D
:100EF000002104002320A400E80309241B0089002A
:100F0000F401200112280000FF00A530208485A3F1
:100F100080480500C05105002348490121482501AA
:100F2000C04809002348890064000A241B002A01E4
:100F3000F401400112200000FF0084304A8484A3A1
:100F4000805804000051040021506A0180580A00B2
:100F500021504B0123482A011B002801F401000104
:100F600012480000FF0028314B8488A34039070055
:100F700080480700233827012118E30023300600AA
:100F80000039060021386700C028050080180500D8
:100F9000232865002138E500C028040080180500DA
:100FA0002128A3002320A400801804002118E300B6
:100FB00040400800802008002140040123186800F8
:100FC000348483A3150040100484838F4084838F6E
:100FD000120060500484838F2B2062000700801071
:100FE0002B2043004484848F2110440023184300A5
:100FF000448483AF0644400B388480AF07008050A0
:101000000484838F448480AF3884848F21186400E3
:1010100023106200388482AF0484838F408483AFBE
:10102000E08582934B00401400A0023C0082828F36
:101030002B104300440040501C8480A3F881828F11
:101040002B104300400040541C8480A3F481858F02
:101050002B10A30021004010FC81848F40868393D5
:101060000100022419006254188680A35C80838FDB
:1010700016006254188680A31886839301006324A7
:10108000FF006330188683A36080828F2B18620074
:10109000050060542086828F188682A3E08580A395
:1010A000408680A32086828F6480838F02186270BE
:1010B000640002241B006200F401400012180000CA
:1010C00000A0043C4944400BA80D83ACE08580A3FC
:1010D00000A0023C4944400BA80D40AC2B1064001A
:1010E000050040101C8480A37880838F00A0023C00
:1010F0004944400BA80D43AC2318A3007880828F8D
:10110000021062702320A4001B004400F401800040
:101110001220000000A0033CA80D64AC01000224D2
:10112000408682A37880828F00A0033CA80D638C48
:101130002B186200090060540100022400A0033C47
:101140005644400BA80D62AC00A0023C5644400B34
:10115000A80D40ACA80D40AC010002245C80838F38
:1011600004006254208680AF00A0023CA80D428C8F
:10117000208682AF3A8280A301000224DD8482A30C
:101180001C00BF8F0800E0032000BD27E0FFBD2743
:101190001C00BFAF3A828293010003245000431029
:1011A00041858393090040503B82829302000324CF
:1011B0008500431000A0033C030003244E024314A7
:1011C0001C00BF8FD045400B0484828F2000422C2E
:1011D00005004014460002241D5D400F0000000081
:1011E000BE46400B1C00BF8FA88482AF85818393CD
:1011F00002000224060062140200042401000424F8
:101200001C63400F212800008744400B00A0023CD3
:101210001C63400F2128000000A0023C010F4390F6
:10122000388283A300A0023CB50F4290398282A38A
:101230004018030000A0043C14108424211864000A
:101240004010020000A0043C9810842421104400A7
:10125000000064941F62400F00004594966C400F9C
:1012600000000000A48580AF3B828293029D033C76
:10127000249563242118430000006390E88583A32C
:10128000029D033C449563242110430000004290DA
:10129000198682A3848183930100022404006214CE
:1012A00059808293CC84828FAD44400B3A8582A3CF
:1012B0003A8582A30002022488BF033C341062AC4A
:1012C00088BF033C641062AC88BF033C681062AC0A
:1012D0003A82829301004224BD46400B3A8282A3A7
:1012E00001000224040262141C00BF8F5484828F08
:1012F0001400401402000324008683933B828593EC
:1013000080200300003103002330C40000A0043C0F
:10131000FC0D84242120C400010085A03485868F23
:10132000040086AC6C858697080086A4000083A024
:101330000100A5243B8285A301006324008683A3CA
:1013400002000324418583A3008683930500632C58
:101350001B0060543A8280A307004014010003245C
:1013600001000224548482AF050002243B8282A340
:10137000F044400B3A8280A3090043140200032486
:1013800002000224548482AF0A0002243B8282A31A
:101390003485828F288482AFF044400B3A8280A348
:1013A000D4014354348580AF3485828F088482AF62
:1013B000008680A3020002243A8282A3548480AF74
:1013C000BD46400B348580AFFC0D6224FC0D658C5E
:1013D0000400448C0800438C3C0045AC400044AC05
:1013E000440043AC0C00458C1000448C1400438C2A
:1013F000480045AC4C0044AC500043AC1800458C50
:101400001C00448C2000438C540045AC580044AC74
:101410005C0043AC2400458C2800448C2C00438C99
:10142000600045AC640044AC680043AC3000458CBF
:101430003400448C3800438C6C0045AC700044ACE4
:10144000740043AC0500082400A0093C21184000AA
:101450003445400B7C0046240000458C0C00448C35
:101460002B20A400140080500C0042240800478C5C
:101470000C00458C1000448C780067AC7C0065AC97
:10148000800064ACFCFF478C0000458C0400448C59
:10149000080047AC0C0045AC100044AC7800678CE9
:1014A0007C00658C8000648CFCFF47AC000045AC80
:1014B000040044AC0C004224E8FF46540000458C74
:1014C000FFFF0825FF0008310300005100A0023C87
:1014D0001645400B3C0E22253C0E428C2884838FFF
:1014E0002B2062000B0080102B2043000884848F87
:1014F0002B208200070080102B20430000A0023C1C
:10150000390E42901F8582A3FEFF42245945400BAD
:101510003B8282A3090080100884848F2B208300E3
:10152000060080100884848F050002241F8582A392
:10153000030002245945400B3B8282A32B10440038
:101540000900401000A0023C2B1864000700601046
:10155000400E42940A0002241F8582A30800022440
:101560003B8282A300A0023C400E4294CA80839733
:101570002B18620007006010010003243886838F57
:101580000400601401000324010002246C45400B98
:10159000388682AF3886848F0600835400A0023CD0
:1015A000CC8083972B10620001004050388680AFBA
:1015B00000A0023C3C0E428C4900401000A0023CBE
:1015C000010002243886838F4500621400A0023C8B
:1015D00000A0033CFC0D63241C00628C1000658C91
:1015E0002B1845001400601400A0033C00A0033C2D
:1015F000240E668C2B18C2000F00601000A0033C64
:10160000368083932B1843000B00601400A0033C2A
:1016100000A0033C090E6790348083971000A3AFAD
:101620002120A000B726400F2128400000A0033C45
:10163000BB45400BA80D62AC000E648C2B18A400B7
:101640001100601400A0033C2B1845000E00601030
:1016500000A0033C368083932B18A3000A0060147B
:1016600000A0033C00A0033CFD0D679034808397ED
:101670001000A3AFB726400F2130400000A0033C6C
:10168000BB45400BA80D62AC240E658C2B18A20044
:101690001700605400A0023C00A0033C300E668C92
:1016A0002B18C5001200605000A0023C36808393C6
:1016B0002B18A3000E00605400A0023C00A0033CC5
:1016C000150E6790348083971000A3AFB726400FA4
:1016D0002120400000A0033CBB45400BA80D62AC9C
:1016E000A80D40ACC745400B048480AF00A0023C6D
:1016F000A80D438C048483AF0482828F2B10430097
:10170000060040101082828F2B104300040040140A
:10171000FFFF0224C945400BE08580A3FFFF0224A0
:10172000E08582A300A0023C880E428C308482AF08
:101730003A82829301004224BD46400B3A8282A342
:101740000100033C61E463342B1843005B0060102C
:101750000600033C60C66334211843004C8483AF09
:101760000A0008241B006800F40100011220000098
:10177000148484AF0100043CA08684341B00640000
:10178000F401800012380000FF00E730F48387A3E3
:1017900080200700C02907002320A4002120870003
:1017A000802804002120850080280400212885004D
:1017B0004029050023286500102704241B00A400ED
:1017C000F401800012300000FF00C6303E8486A382
:1017D00080200600C0490600232024012120860025
:1017E0008048040021208900002104002320A40057
:1017F000E80309241B008900F401200112280000DD
:10180000FF00A530208485A380480500C051050055
:101810002348490121482501C0480900234889007F
:1018200064000A241B002A01F40140011220000078
:10183000FF0084304A8484A38058040000510400CF
:1018400021506A0180580A0021504B0123482A0187
:101850001B002801F401000112480000FF0028319C
:101860004B8488A3403907008048070023382701AC
:101870002118E300233006000039060021386700F4
:10188000C028050080180500232865002138E500E0
:10189000C0280400801805002128A3002320A400EC
:1018A000801804002118E300404008008020080050
:1018B0002140040123186800348483A315004010DC
:1018C0000484838F4084838F120060500484838F4C
:1018D0002B206200070080102B2043004484848F5B
:1018E0002110440023184300448483AF4446400B36
:1018F000388480AF070080500484838F448480AF95
:101900003884848F2118640023106200388482AFE9
:101910000484838F408483AFE08582936A004014FF
:1019200000A0023C0482828F2B10430063004050D1
:101930001C8480A31082828F2B1043005F004054D0
:101940001C8480A30882848F2B1064002600401022
:101950000082828F1C848293030040540C8680A3F3
:10196000010002241C8482A3408683930100022488
:1019700019006254188680A35C80838F160062541D
:10198000188680A31886839301006324FF006330C8
:10199000188683A36080828F2B1862000500605434
:1019A0002086828F188682A3E08580A3408680A34C
:1019B0002086828F6480838F021862706400022404
:1019C0001B006200F40140001218000000A0043C5B
:1019D000A646400BA80D83ACE08580A300A0023C86
:1019E000A646400BA80D40AC2B1043001400401439
:1019F0000C8682930C82828F2B10430010004010C3
:101A00000C86829301004224FF0042300C8682A3A0
:101A10000700422C0800401400A0023C07000224EA
:101A20000C8682A31C8480A37880838F00A0023C54
:101A3000A646400BA80D43ACA646400BA80D40ACF3
:101A400001004224FF0042300C8682A30700422C92
:101A50001000401400A0023C070002240C8682A360
:101A6000231864007880828F021062700C82838F4A
:101A7000232064001B004400F401800012200000B9
:101A800000A0033CA80D64AC01000224A646400B54
:101A9000408682A3A80D40AC7880828F00A0033CD2
:101AA000A80D638C2B186200090060540100022409
:101AB00000A0033CB346400BA80D62AC00A0023C62
:101AC000B346400BA80D40ACA80D40AC0100022469
:101AD0005C80838F04006254208680AF00A0023CAB
:101AE000A80D428C208682AF3A8280A30100022496
:101AF000DD8482A31C00BF8F0800E0032000BD2707
:101B0000E0FFBD271C00BFAF1800B1AF1400B0AF9D
:101B1000AE71400F2180A00021204000029D023CB8
:101B2000DD6C400F10C6458C21884000029D023CB0
:101B300014C6448C536B400F212800022120200240
:101B4000886E400F2128400021204000029D023C69
:101B5000DD6C400F18C6458C2171400F21204000DC
:101B6000010042241C00BF8F1800B18F1400B08FF9
:101B70000800E0032000BD27E085829308004014A0
:101B80000400032400A0023CA90E45900A00A22CE8
:101B90000700405000A0023C0447400B00A0023C5C
:101BA0003000435400A0023CE246400B00A0023C3F
:101BB000800E42240800468C2400428C2118A0008C
:101BC00009000424FFFF6324FF006330FEFF641458
:101BD000FFFF63242310460000A0033C800E632413
:101BE000F6FFA524FF00A5300220C5702330440075
:101BF00000A0023CA80D428C21104600240062ACDB
:101C00000A000424290064A00E47400B0A000524A2
:101C1000A80D438C00A0043C800E84242400828CF8
:101C200021106200240082AC0100A524FF00A53031
:101C30000700A010290085A01B004500F401A000AA
:101C40001228000000A0033C0800E003880E65ACE9
:101C500000A0023C800E4224080043AC0800E003D0
:101C6000290040A0800E4224240040AC0800E0037C
:101C7000290040A0E0FFBD271C00BFAF3A8282933D
:101C80000100032450004310418583930900405014
:101C90003B828293020003248500431000A0033C92
:101CA00003000324570343141C00BF8F7C49400BDF
:101CB000E08582932000422C0500401474808293BA
:101CC0001D5D400F00000000814A400B1C00BF8FCB
:101CD000A88482AF858183930200022406006214E7
:101CE00002000424010004241C63400F212800008A
:101CF0004147400B00A0023C1C63400F212800001C
:101D000000A0023C010F4390388283A300A0023C54
:101D1000B50F4290398282A34018030000A0043C12
:101D200014108424211864004010020000A0043C18
:101D30009810842421104400000064941F62400F16
:101D400000004594966C400F00000000A48580AF11
:101D50003B828293029D033C249563242118430017
:101D600000006390E88583A3029D033C44956324AF
:101D70002110430000004290198682A3848183933E
:101D8000010002240400621459808293CC84828F63
:101D90006747400B3A8582A33A8582A3000202245A
:101DA00088BF033C341062AC88BF033C641062AC53
:101DB00088BF033C681062AC3A82829301004224DF
:101DC000804A400B3A8282A3010002240D03621470
:101DD0001C00BF8F5484828F14004014020003241F
:101DE000008683933B8285938020030000310300AB
:101DF0002330C40000A0043CFC0D84242120C40036
:101E0000010085A03485868F040086AC6C8586979A
:101E1000080086A4000083A00100A5243B8285A3BE
:101E200001006324008683A302000324418583A369
:101E3000008683930500632C1B0060543A8280A3C4
:101E4000070040140100032401000224548482AFDF
:101E5000050002243B8282A3AA47400B3A8280A35A
:101E6000090043140200032402000224548482AFB8
:101E70000A0002243B8282A33485828F288482AFA9
:101E8000AA47400B3A8280A3DD024354348580AFD9
:101E90003485828F088482AF008680A302000224EA
:101EA0003A8282A3548480AF804A400B348580AF4D
:101EB000FC0D6224FC0D658C0400448C0800438CEE
:101EC0003C0045AC400044AC440043AC0C00458CA5
:101ED0001000448C1400438C480045AC4C0044ACCA
:101EE000500043AC1800458C1C00448C2000438CEF
:101EF000540045AC580044AC5C0043AC2400458C15
:101F00002800448C2C00438C600045AC640044AC39
:101F1000680043AC3000458C3400448C3800438C5E
:101F20006C0045AC700044AC740043AC0500082460
:101F300000A0093C21184000EE47400B7C004624DD
:101F40000000458C0C00448C2B20A4001400805011
:101F50000C0042240800478C0C00458C1000448C77
:101F6000780067AC7C0065AC800064ACFCFF478CFB
:101F70000000458C0400448C080047AC0C0045ACC4
:101F8000100044AC7800678C7C00658C8000648C09
:101F9000FCFF47AC000045AC040044AC0C004224FC
:101FA000E8FF46540000458CFFFF0825FF0008317C
:101FB0000300005100A0023CD047400B3C0E2225FC
:101FC0003C0E428C2884838F2B2062000B008010F3
:101FD0002B2043000884848F2B2082000700801070
:101FE0002B20430000A0023C390E42901F8582A3A3
:101FF000FEFF42241348400B3B8282A3090080105D
:102000000884848F2B208300060080100884848F2E
:10201000050002241F8582A3030002241348400BFD
:102020003B8282A32B1044000900401000A0023C18
:102030002B18640007006010400E42940A0002242E
:102040001F8582A3080002243B8282A300A0023CD9
:10205000400E4294CA8083972B18620007006010DC
:10206000010003243886838F0400601401000324D8
:10207000010002242648400B388682AF3886848FC0
:102080000600835400A0023CCC8083972B10620092
:1020900001004050388680AF00A0023C3C0E428CCC
:1020A0007900401000A0023C010002243886838F92
:1020B0007500621400A0023C00A0033CFC0D6324E8
:1020C0001C00628C1000658C2B18450014006014F5
:1020D00000A0033C00A0033C240E668C2B18C20019
:1020E0000F00601000A0033C368083932B18430040
:1020F0000B00601400A0033C00A0033C090E679095
:10210000348083971000A3AF2120A000B726400F92
:102110002128400000A0033C7148400BA80D62AC90
:10212000000E648C2B18A4001100601400A0033C66
:102130002B1845000E00601000A0033C36808393EE
:102140002B18A3000A00601400A0033C00A0033C6D
:10215000FD0D6790348083971000A3AFB726400F22
:102160002130400000A0033C7148400BA80D62AC38
:10217000240E658C2B18A20013006054ED8082930E
:1021800000A0033C300E668C2B18C5000E0060507A
:10219000ED808293368083932B18A3000A0060544D
:1021A000ED80829300A0033C150E679034808397E6
:1021B0001000A3AFB726400F2120400000A0033C31
:1021C000A80D62ACED8082932300401060EA0234D7
:1021D0008A8183972118620096818297231062007A
:1021E000048682AF8C818397EEFC02342118620052
:1021F0009881829723106200308682AF8E81839708
:102200006C3963249A81829723106200248682AFFE
:1022100090818397F05563249C81829723106200FC
:10222000E48582AF92818397B491023421186200D1
:102230009E818297231062003C8682AF94818397AF
:10224000A8AC023421186200A0818297231062009A
:10225000A348400BF88582AF048682AFEEFC0234BF
:10226000308682AF6C390224248682AFF055022476
:10227000E48582AFB49102343C8682AFA8AC0234CC
:10228000A348400BF88582AFA80D40AC00A0023CEB
:10229000400E4394A481828F2B1043000D00401404
:1022A00000A0023CA80D428CFFFF033C3F256324A5
:1022B000211843000F27632C0600605000A0023C49
:1022C000A881838F2310430000A0033CA80D62ACBB
:1022D00000A0023CA80D428C0600033C60C663349B
:1022E000211843000A0004241B006400F40180004C
:1022F00012200000F08584AFC481838F2B18430027
:1023000017006014C881838F2B206200180080544E
:102310000100043CFC85828F010042240A00401029
:10232000FC8582AFE08580A301000224FC8582AF9A
:102330001C8680AF088680AF448680AF288680AF39
:102340006749400B108680AF1C8680AF088680AF3F
:10235000448680AF288680AF6749400B108680AFE7
:102360002B2062001A008010AC81848F0100043C95
:10237000007784242B20440015008050AC81848F8A
:102380001C86828F010042241C8682AF0200422CF0
:102390000900401402000224E08580A3FC8580AF80
:1023A0001C8682AF088680AF448680AF288680AFC7
:1023B0006749400B108680AFFC8580AF088680AFF0
:1023C000448680AF288680AF6749400B108680AF77
:1023D0002B20440019008014B081848F2B208200B0
:1023E00019008054B881848F0886828F01004224AE
:1023F000088682AF0300422C0B004054FC8580AF5E
:1024000001000224E08582A3FC8580AF1C8680AF9A
:1024100003000224088682AF448680AF288680AFFE
:102420006749400B108680AF1C8680AF448680AF22
:10243000288680AF6749400B108680AF2B20820032
:1024400019008010B881848F2B204400190080501F
:10245000BC81848F4486828F01004224448682AFEF
:102460000300422C0B004054FC8580AF0100022485
:10247000E08582A3FC8580AF1C8680AF088680AF94
:1024800003000224448682AF288680AF6749400B50
:10249000108680AF1C8680AF088680AF288680AF0C
:1024A0006749400B108680AF2B2044001900801430
:1024B000BC81848F2B2082001A0080142B104300D3
:1024C0002886828F01004224288682AF0300422C96
:1024D0000B004054FC8580AF02000224E08582A3FB
:1024E000FC8580AF1C8680AF088680AF448680AFB5
:1024F00003000224288682AF6749400B108680AF14
:102500001C8680AF088680AF448680AF6749400B49
:10251000108680AF2B20820019008050FFFF02241C
:102520002B10430016004010FFFF02241086828FFC
:1025300001004224108682AF0300422C0B0040545D
:10254000FC8580AF02000224E08582A3FC8580AF79
:102550001C8680AF088680AF448680AF288680AF17
:10256000030002246749400B108682AF1C8680AFAF
:10257000088680AF448680AF6749400B288680AFCD
:10258000E08582A3FC8580AF1C8680AF088680AF83
:10259000448680AF288680AF108680AF37808293D4
:1025A00000A0033C1C0E63942B1862000B006054C7
:1025B000FFFF022400A0033C100E63942B1862005E
:1025C00006006054FFFF022400A0033C280E639421
:1025D0002B10620002004010FFFF0224E08582A35E
:1025E0003A82829301004224804A400B3A8282A3BD
:1025F0002900401400A0023CA80D438CC881828FA2
:102600002B10620008004050EC8580AFEC85828F73
:10261000010042240200432C0F006010EC8582AFC1
:102620008C49400B2086838F211000002086838FE9
:10263000D007632C090060100400422CDE46400FD6
:102640000000000000A0023C880E438C00A0023C69
:10265000A649400BA80D43AC0400422C0C004010CE
:10266000040002242086828FD007422C08004014E8
:1026700004000224DE46400F0000000000A0023CDF
:10268000880E438C00A0023CA649400BA80D43AC29
:10269000EC8582AF00A0023CA80D438C348683AF4A
:1026A000E08582937B004014010004240100022491
:1026B000FC85848F04008210020002241C86848F13
:1026C000C400821400A0023C00A0023C3C0E428CDC
:1026D0000001422C6A0040142D868293C481828FAF
:1026E0002B10620030004014C881848F2B108300AF
:1026F000310040140100023C408683930100022413
:1027000025006254188680A35C80838F2200625467
:10271000188680A31886839301006324FF0063302A
:10272000188683A36080828F010044242B206400DC
:10273000070080542B106200188682A3E08580A3D6
:1027400000A0023CA80D40AC044A400B408680A388
:10275000080040142086828FD101422C05004014CD
:102760002086828FD001032400A0023C044A400B43
:10277000A80D43AC6480838F021862706400022449
:102780001B006200F40140001218000000A0043C8D
:10279000044A400BA80D83ACE08580A300A0023C56
:1027A000044A400BA80D40AC2B10830019004010C8
:1027B0001486828F0100023C017742242B106200B4
:1027C000140040101486828F231864007880828F52
:1027D00002106270CC81838F232064001B004400B0
:1027E000F40180001220000000A0033CA80D64AC9E
:1027F00000A0023C380E439002000224050062143F
:102800001486828F01000224408682A3188680A34A
:102810001486828F0D004050C481828F3486838F4E
:1028200039F904342B20640009008054C481828F5C
:10283000C881848F2B18640004006050C481828F8B
:1028400000A0033CA80D62ACC481828F3486838FC4
:102850002B10620001004054148680AF7880828F74
:1028600000A0033CA80D638C2B1862005B00605431
:102870000100022400A0033C764A400BA80D62AC84
:10288000560040140100022400A0023C764A400B8E
:10289000A80D40AC270044140200042403000224C5
:1028A0000886848F030082104486848F4900821436
:1028B00000A0023CAC81828F2B1062000700401404
:1028C000B081848F2B10830008004014231864000B
:1028D00000A0023C444A400BA80D40AC2B108300E2
:1028E0000C0040107880828F231864007880828FDB
:1028F00002106270B481838F232064001B004400A7
:10290000F40180001220000000A0033CA80D64AC7C
:102910007880828F00A0033CA80D638C2B18620086
:102920002E0060540100022400A0033C764A400BB4
:10293000A80D62AC26004414030002242886848F6C
:10294000030082101086848F2200821400A0023CB3
:10295000B881828F2B10620007004014BC81848FE5
:102960002B108300080040142318640000A0023CD0
:102970006B4A400BA80D40AC2B1083000C0040109C
:102980007880828F231864007880828F02106270B2
:10299000C081838F232064001B004400F401800069
:1029A0001220000000A0033CA80D64AC7880828F48
:1029B00000A0033CA80D638C2B1862000700605434
:1029C0000100022400A0033C764A400BA80D62AC33
:1029D00000A0023CA80D40AC010002245C80838F63
:1029E00004006254208680AF00A0023CA80D428CF7
:1029F000208682AF3A8280A301000224DD8482A374
:102A00001C00BF8F0800E0032000BD27E0858293F3
:102A1000080040140400032400A0023CA90E4590C5
:102A20000A00A22C0700405000A0023CA94A400B1B
:102A300000A0023C3000435400A0023C874A400BF7
:102A400000A0023C800E42240800468C2400428CE8
:102A50002118A00009000424FFFF6324FF00633055
:102A6000FEFF6414FFFF63242310460000A0033C14
:102A7000800E6324F6FFA524FF00A5300220C57058
:102A80002330440000A0023CA80D428C21104600D7
:102A9000240062AC0A000424290064A0B34A400B5D
:102AA0000A000524A80D438C00A0043C800E842459
:102AB0002400828C21106200240082AC0100A52435
:102AC000FF00A5300700A010290085A01B004500CD
:102AD000F401A0001228000000A0033C0800E0035D
:102AE000880E65AC00A0023C800E4224080043AC76
:102AF0000800E003290040A0800E4224240040ACDE
:102B00000800E003290040A0D0FFBD272C00BFAF84
:102B10002800B5AF2400B4AF2000B3AF1C00B2AFA3
:102B20001800B1AF1400B0AF00A0043CFC0D842429
:102B30003C008290588482A3FEFF43248028030037
:102B40000019030023186500211883000400688C15
:102B5000FFFF452480180500002905002328A30055
:102B6000212885000400B08C801802000029020092
:102B70002328A300212885000400B28C01004624EC
:102B800080380600003106002330C700213086005F
:102B90000400D18C0100B390231812022318710095
:102BA0000200422480280200001102002310450088
:102BB000212082000400828C211862001B006050DA
:102BC000409012002A1030020B004014348082978B
:102BD00023201102022082701A008300F401600099
:102BE00012200000021853705A71400F2120640017
:102BF0000A4B400B21A840002318110202186270F2
:102C00002340100123401201214011011A006800E5
:102C1000F401000112400000021853705A71400F75
:102C20002120680021A8400040901200239050020B
:102C300023905102409012000A0040123480829783
:102C40000298537023801102021002721A0052007F
:102C5000F4014002129000005A71400F23207202CA
:102C600021A040002120A0029169400F212880026C
:102C70000171400F21204000C22702002120820064
:102C80005A71400F432004000171400F2120400081
:102C90002C00BF8F2800B58F2400B48F2000B38F85
:102CA0001C00B28F1800B18F1400B08F0800E00331
:102CB0003000BD27E8FFBD271400BFAF00A0053CD2
:102CC000FC0DA5243D00A9903C00A690FFFFC32465
:102CD0008010030000190300231862002118A300CC
:102CE0000400688C0100C724801007000039070029
:102CF0002338E2002138A7000400E78C801006008A
:102D0000003106002330C2002128A6000400A58C53
:102D1000402805002328A8001300A71080110900EF
:102D2000004A0900214849000011090023484900D0
:102D3000A0F622252340E80040190800C041080001
:102D40002118680000410300231803012338A7005D
:102D50001A006700F401E000123800005A71400FB9
:102D600021204700212040000171400F0000000099
:102D70005A71400F212040000171400F2120400076
:102D80001400BF8F0800E0031800BD27E8FFBD272F
:102D90001400BFAF3A828293010003246B004310FA
:102DA00041858393090040503B82829302000324B3
:102DB0008700431000A0033C0300032426034314B0
:102DC0001400BF8F894D400BE08583930900422C8E
:102DD00005004014748082931D5D400F00000000C8
:102DE000964E400B1400BF8FA88482AF85818393D9
:102DF00002000224060062140200042401000424DC
:102E00001C63400F21280000874B400B00A0023CB0
:102E10001C63400F2128000000A0023C010F4390DA
:102E2000388283A300A0023CB50F4290398282A36E
:102E30004018030000A0043C1410842421186400EE
:102E40004010020000A0043C98108424211044008B
:102E5000000064941F62400F00004594966C400F80
:102E600000000000A48580AFF485828F0D0040141F
:102E7000010003243B828293029D033C88956324D6
:102E80002118430000006390E88583A3029D033C62
:102E9000949563242110430000004290C04B400BE6
:102EA000198682A30C0043143B828293029D033C4B
:102EB000C49563242118430000006390E88583A330
:102EC000029D033CD09563242110430000004290F2
:102ED000C04B400B198682A3029D033C00966324DD
:102EE0002118430000006390E88583A3029D033C02
:102EF0000C9663242110430000004290198682A39F
:102F00008481839301000224040062145980829317
:102F1000CC84828FC84B400B3A8582A33A8582A32A
:102F20000002022488BF033C341062AC88BF033C1B
:102F3000641062AC88BF033C681062AC3A82829332
:102F400001004224954E400B3A8282A301000224E4
:102F5000C10262141400BF8F008682933B82849367
:102F600080180200002902002328A30000A0033CCF
:102F7000FC0D63242118A300010064A03485858F13
:102F8000040065AC6C858597080065A4000062A00C
:102F9000010084243B8284A301004224FF004230CC
:102FA000008682A3020003240500422C0500401481
:102FB000418583A3008680A302000224F24B400BCC
:102FC0003A8282A33A8280A3954E400B348580AF2B
:102FD000FC0D6224FC0D658C0400448C0800438CBD
:102FE0003C0045AC400044AC440043AC0C00458C74
:102FF0001000448C1400438C480045AC4C0044AC99
:10300000500043AC1800458C1C00448C2000438CBD
:10301000540045AC580044AC5C0043AC2400458CE3
:103020002800448C2C00438C600045AC640044AC08
:10303000680043AC3000458C3400448C3800438C2D
:103040006C0045AC700044AC740043AC050008242F
:1030500000A0093C21184000364C400B7C0046245F
:103060000000458C0C00448C2B20A40014008050E0
:103070000C0042240800478C0C00458C1000448C46
:10308000780067AC7C0065AC800064ACFCFF478CCA
:103090000000458C0400448C080047AC0C0045AC93
:1030A000100044AC7800678C7C00658C8000648CD8
:1030B000FCFF47AC000045AC040044AC0C004224CB
:1030C000E8FF46540000458CFFFF0825FF0008314B
:1030D0000300005100A0023C184C400B3C0E22257E
:1030E000FC0D42243D0043901F8583A3FEFF632413
:1030F0003B8283A344004294CA8083972B186200CA
:103100000A0060103886838F0900601401000424CF
:1031100002000324F485848F040083103886838F93
:10312000010002246D4C400B388682AF010004245C
:103130000B006414CE808497CC8084972B2082006F
:1031400007008014CE80849702000424F485858FC4
:103150000300A410CE8084976D4C400B388680AF5E
:103160002B20820009008010010004240700601455
:10317000F485858F020004240400A41401000424B3
:10318000010002246D4C400B388682AF0A00645463
:1031900000A0023CD08083972B10620006004014F0
:1031A00000A0023C02000224F485838F01006250DB
:1031B000388680AF00A0023C3C0E428C0A004010D2
:1031C00000A0023C010002243886838F06006214AE
:1031D00000A0023C2D4B400F0000000000A0033C6B
:1031E0007B4C400BA80D62ACA80D40AC00A0023C8B
:1031F000A80D428CF88382AF600903241B004300B2
:10320000F4016000122000000C8484AFF485838FE9
:103210001A0060140100052480180400029D063C79
:10322000B498C624212866000000A58C01008424DF
:10323000029D073C0098E724211867000000638C7A
:1032400080200400213887000000E78C2338E30049
:10325000231045000210E270212086000000848CBB
:10326000232085001B004400F40180001220000090
:1032700021188300D04C400B008483AF19006514E3
:1032800080180400029D063CB498C62421286600DC
:103290000000A58C01008424029D073C3C98E72493
:1032A000211867000000638C80200400213887000B
:1032B0000000E78C2338E300231045000210E27081
:1032C000212086000000848C232085001B00440000
:1032D000F40180001220000021188300D04C400B24
:1032E000008483AF029D063CB498C6242128660062
:1032F0000000A58C01008424029D073C7898E724F7
:10330000211867000000638C8020040021388700AA
:103310000000E78C2338E300231045000210E27020
:10332000212086000000848C232085001B0044009F
:10333000F40180001220000021188300008483AF74
:103340000084828F00A0033CA80D62AC64000324BB
:103350001B004300F401600012180000F08583AFE9
:10336000E881838F2B206200180080100700043C46
:10337000EC81848F2B208200140080540700043CD1
:10338000FC85828F010042240A004010FC8582AF38
:10339000E08580A301000224FC8582AF1C8680AFFB
:1033A000088680AF448680AF288680AF854D400B6D
:1033B000108680AF1C8680AF088680AF448680AFC1
:1033C000288680AF854D400B108680AF107A84240C
:1033D0002B20440018008054D081838F2B1862006A
:1033E00015006054D081838F1C86828F0100422497
:1033F0001C8682AF0200422C090040140200022405
:10340000E08580A3FC8580AF1C8682AF088680AFF4
:10341000448680AF288680AF854D400B108680AFF4
:10342000FC8580AF088680AF448680AF288680AF59
:10343000854D400B108680AF2B2062001A00801053
:103440000500043CD481848F2B2082001600805418
:103450000500043C0886828F01004224088682AF62
:103460000300422C0B004054FC8580AF0100022475
:10347000E08582A3FC8580AF1C8680AF0300022418
:10348000088682AF448680AF288680AF854D400B8A
:10349000108680AF1C8680AF448680AF288680AFC0
:1034A000854D400B108680AF70F384342B20440090
:1034B00019008054DC81838F2B1862001600605441
:1034C000DC81838F4486828F01004224448682AF50
:1034D0000300422C0B004054FC8580AF0100022405
:1034E000E08582A3FC8580AF1C8680AF088680AF14
:1034F00003000224448682AF288680AF854D400BAE
:10350000108680AF1C8680AF088680AF288680AF8B
:10351000854D400B108680AF2B2062001A00801072
:103520000900043CE081848F2B2082001600805427
:103530000900043C2886828F01004224288682AF3D
:103540000200422C0A00401404000224E08582A3F9
:10355000FC8580AF1C8680AF088680AF448680AF34
:1035600002000224288682AF854D400B108680AF72
:10357000FC8580AF1C8680AF088680AF448680AF14
:10358000854D400B108680AF10EB84342B20440017
:1035900019008054FFFF02242B1043001600401036
:1035A000FFFF02241086828F01004224108682AF22
:1035B0000200422C0A00401404000224E08582A389
:1035C000FC8580AF1C8680AF088680AF448680AFC4
:1035D000288680AF02000224854D400B108682AF02
:1035E000FC8580AF1C8680AF088680AF448680AFA4
:1035F000854D400B288680AFE08582A3FC8580AF97
:103600001C8680AF088680AF448680AF288680AF56
:10361000108680AF3A82829301004224954E400B7F
:103620003A8282A3010002242800621000A0023C1A
:10363000A80D438CE881828F2B1043000800405076
:10364000EC8580AFEC85828F010042240200432C80
:103650000F006010EC8582AF9A4D400B2086838F5F
:10366000211000002086838FD007632C0900601092
:103670000400422CDE46400F0000000000A0023C87
:10368000880E438C00A0023CB44D400BA80D43AC07
:103690000400422C0C004010040002242086828F7B
:1036A000D007422C0800401404000224DE46400FDC
:1036B0000000000000A0023C880E438C00A0023CE9
:1036C000B44D400BA80D43ACEC8582AF00A0023C8A
:1036D000A80D438C348683AFE08582936600401446
:1036E0000100042401000224FC85848F0400821060
:1036F000020002241C86848FCF00821400A0023CAA
:1037000000A0023C3C0E428C0001422C56004014AA
:103710002D868293E881848F2B1083003100401026
:103720000700023CEC81828F2B1043002D004014D7
:103730000700023C40868393010002242500625466
:10374000188680A35C80838F22006254188680A331
:103750001886839301006324FF006330188683A3D7
:103760006080828F010044242B2064000700805475
:103770002B106200188682A3E08580A300A0023C83
:10378000A80D40AC114E400B408680A308004014A9
:103790002086828FA103422C050040142086828F50
:1037A000A003032400A0023C114E400BA80D43AC23
:1037B0006480838F02186270640002241B00620020
:1037C000F40140001218000000A0043C114E400B10
:1037D000A80D83ACE08580A300A0023C114E400BF5
:1037E000A80D40AC107A42242B1062001600401441
:1037F0007880828F2B108300130040147880828F92
:103800002318830002106270F081838F23208300CD
:103810001B004400F40180001220000000A0033CC3
:10382000A80D64AC00A0023C380E439002000224B4
:10383000050062147880828F01000224408682A3F2
:10384000188680A37880828F00A0033CA80D638C2B
:103850002B1862007A00605400A0023C00A0033CD8
:103860008F4E400BA80D62AC7500401400A0023CC6
:10387000904E400BA80D40AC2400441404000424D6
:10388000030002240886848F030082104486848FFC
:103890006900821400A0023CD081848F2B10830029
:1038A0000800405023188300D481828F2B184300D6
:1038B0000E0060147880828F00A0023C3A4E400BCC
:1038C000A80D40AC7880828F02106270D881838FFF
:1038D000232083001B004400F4018000122000001C
:1038E00000A0033CA80D64AC7880828F00A0033C4C
:1038F000A80D638C2B1862005100605400A0023C9C
:1039000000A0033C8F4E400BA80D62AC490044144C
:10391000020002242886848F030082101086848F80
:10392000410082542086838FDC81848F2B1083009A
:103930002900405023188300E081828F2B18430018
:10394000310060147880828F2C86839301000224DA
:103950001C006254188680A35C80838F1900625417
:10396000188680A31886839301006324FF006330C8
:10397000188683A36080828F2B1862000800605431
:103980002086828F188682A304000224E08582A309
:1039900000A0023CA80D40AC814E400B2C8680A3B9
:1039A0006480838F02186270640002241B0062002E
:1039B000F40140001218000000A0043C814E400BAE
:1039C000A80D83AC04000224E08582A300A0023C81
:1039D000814E400BA80D40AC7880828F021062703F
:1039E000E481838F232083001B004400F4018000C6
:1039F0001220000000A0033CA80D64AC01000224CA
:103A0000408682A37880828F00A0033CA80D638C3F
:103A10002B1862000A00605400A0023C00A0033C86
:103A20008F4E400BA80D62AC00A0023C904E400BA4
:103A3000A80D43AC00A0023CA80D40AC00A0023C85
:103A4000A80D428C208682AF3A8280A30100022416
:103A5000DD8482A31400BF8F0800E0031800BD2797
:103A6000E8FFBD271400BFAF3A8282930100032410
:103A70005000431041858393090040503B8282935C
:103A8000020003248500431000A0033C030003242C
:103A9000E60243141400BF8FAC50400B00A0023C60
:103AA0002000422C05004014748082931D5D400F5D
:103AB000000000008B51400B1400BF8FA88482AF20
:103AC000858183930200022406006214020004240C
:103AD000010004241C63400F21280000BC4E400B51
:103AE00000A0023C1C63400F2128000000A0023C03
:103AF000010F4390388283A300A0023CB50F42908F
:103B0000398282A34018030000A0043C14108424CE
:103B1000211864004010020000A0043C9810842486
:103B200021104400000064941F62400F000045947F
:103B3000966C400F00000000A48580AF3B8282930A
:103B4000029D033C249563242118430000006390E8
:103B5000E88583A3029D033C449563242110430020
:103B600000004290198682A384818393010002247D
:103B70000400621459808293CC84828FE24E400B01
:103B80003A8582A33A8582A30002022488BF033CBF
:103B9000341062AC88BF033C641062AC88BF033C45
:103BA000681062AC3A828293010042248A51400B31
:103BB0003A8282A3010002249C0262141400BF8F87
:103BC0005484828F140040140200032400868393DF
:103BD0003B82859380200300003103002330C40022
:103BE00000A0043CFC0D84242120C400010085A019
:103BF0003485868F040086AC6C858697080086A481
:103C0000000083A00100A5243B8285A3010063245A
:103C1000008683A302000324418583A30086839347
:103C20000500632C1B0060543A8280A307004014F7
:103C30000100032401000224548482AF0500022401
:103C40003B8282A3254F400B3A8280A30900431494
:103C50000200032402000224548482AF0A000224DA
:103C60003B8282A33485828F288482AF254F400B0C
:103C70003A8280A36C024354348580AF3485828FAE
:103C8000088482AF008680A3020002243A8282A3C5
:103C9000548480AF8A51400B348580AFFC0D622480
:103CA000FC0D658C0400448C0800438C3C0045AC42
:103CB000400044AC440043AC0C00458C1000448CE4
:103CC0001400438C480045AC4C0044AC500043AC5D
:103CD0001800458C1C00448C2000438C540045ACDB
:103CE000580044AC5C0043AC2400458C2800448C54
:103CF0002C00438C600045AC640044AC680043ACCD
:103D00003000458C3400448C3800438C6C0045AC4A
:103D1000700044AC740043AC0500082400A0093CCA
:103D200021184000694F400B7C0046240000458C60
:103D30000C00448C2B20A400140080500C00422462
:103D40000800478C0C00458C1000448C780067AC50
:103D50007C0065AC800064ACFCFF478C0000458CA7
:103D60000400448C080047AC0C0045AC100044AC87
:103D70007800678C7C00658C8000648CFCFF47AC0D
:103D8000000045AC040044AC0C004224E8FF46545B
:103D90000000458CFFFF0825FF000831030000519B
:103DA00000A0023C4B4F400B3C0E22253C0E428CA7
:103DB0002884838F2B2062000B0080102B2043006F
:103DC0000884848F2B208200070080102B20430062
:103DD00000A0023C390E42901F8582A3FEFF4224C0
:103DE0008E4F400B3B8282A3090080100884848F91
:103DF0002B208300060080100884848F0500022495
:103E00001F8582A3030002248E4F400B3B8282A3B6
:103E10002B1044000900401000A0023C2B18640045
:103E200007006010400E42940A0002241F8582A3FE
:103E3000080002243B8282A300A0023C400E429470
:103E4000CA8083972B1862000700601001000324CA
:103E50003886838F040060140100032401000224CB
:103E6000A14F400B388682AF3886848F060083547A
:103E700000A0023CCC8083972B10620001004050D0
:103E8000388680AF00A0023C3C0E428C0A004010F5
:103E900000A0023C010002243886838F06006214D1
:103EA00000A0023C2D4B400F0000000000A0033C8E
:103EB000AF4F400BA80D62ACA80D40AC00A0033C76
:103EC0009C0D63240C00628CF88382AF600904248B
:103ED0001B004400F4018000122800000C8485AF10
:103EE00080480500029D073C0C97E724212027010C
:103EF0000000868C0100A524029D083C1896082528
:103F0000214828010000248D802805002140A800B8
:103F10000000088D234004012310460002100271A6
:103F20002128A7000000A58C2328A6001B0045001F
:103F3000F401A000122800002120A400008484AF16
:103F4000F9FF023CA0394224211082000C0062AC2F
:103F500000A0033C400E6594A481838F2B1865005C
:103F60000E0060140084838FFFFF033C3F25632411
:103F7000211843000F27632C080060100084838FF2
:103F8000A881838F2310430000A0053CA80DA2AC9C
:103F900023208300008484AF0084838F0A000224DE
:103FA0001B006200F401400012180000F08583AF8E
:103FB00000A0023CA80D428CC481838F2B184300C3
:103FC00017006014C881838F2B2062001800805472
:103FD0000100043CFC85828F010042240A0040104D
:103FE000FC8582AFE08580A301000224FC8582AFBE
:103FF0001C8680AF088680AF448680AF288680AF5D
:104000009750400B108680AF1C8680AF088680AF2B
:10401000448680AF288680AF9750400B108680AFD3
:104020002B2062001A008010AC81848F0100043CB8
:10403000007784242B20440015008050AC81848FAD
:104040001C86828F010042241C8682AF0200422C13
:104050000900401402000224E08580A3FC8580AFA3
:104060001C8682AF088680AF448680AF288680AFEA
:104070009750400B108680AFFC8580AF088680AFDC
:10408000448680AF288680AF9750400B108680AF63
:104090002B20440019008014B081848F2B208200D3
:1040A00019008054B881848F0886828F01004224D1
:1040B000088682AF0300422C0B004054FC8580AF81
:1040C00001000224E08582A3FC8580AF1C8680AFBE
:1040D00003000224088682AF448680AF288680AF22
:1040E0009750400B108680AF1C8680AF448680AF0F
:1040F000288680AF9750400B108680AF2B2082001F
:1041000019008010B881848F2B2044001900805042
:10411000BC81848F4486828F01004224448682AF12
:104120000300422C0B004054FC8580AF01000224A8
:10413000E08582A3FC8580AF1C8680AF088680AFB7
:1041400003000224448682AF288680AF9750400B3C
:10415000108680AF1C8680AF088680AF288680AF2F
:104160009750400B108680AF2B204400190080141C
:10417000BC81848F2B2082001A0080142B104300F6
:104180002886828F01004224288682AF0300422CB9
:104190000B004054FC8580AF02000224E08582A31E
:1041A000FC8580AF1C8680AF088680AF448680AFD8
:1041B00003000224288682AF9750400B108680AF00
:1041C0001C8680AF088680AF448680AF9750400B36
:1041D000108680AF2B20820019008050FFFF022440
:1041E0002B10430016004010FFFF02241086828F20
:1041F00001004224108682AF0300422C0B00405481
:10420000FC8580AF02000224E08582A3FC8580AF9C
:104210001C8680AF088680AF448680AF288680AF3A
:10422000030002249750400B108682AF1C8680AF9B
:10423000088680AF448680AF9750400B288680AFB9
:10424000E08582A3FC8580AF1C8680AF088680AFA6
:10425000448680AF288680AF108680AF37808293F7
:1042600000A0033C1C0E63942B1862000B006054EA
:10427000FFFF022400A0033C100E63942B18620081
:1042800006006054FFFF022400A0033C280E639444
:104290002B10620002004010FFFF0224E08582A381
:1042A0003A828293010042248A51400B3A8282A3CF
:1042B000A80D438CC881828F2B1043000C00401046
:1042C00000A0023C00A0023C880E428C0800401076
:1042D00000A0023C834A400F0000000000A0023C06
:1042E000880E438C00A0023CA80D43AC00A0023C09
:1042F000A80D438C348683AFE08582936F00401411
:104300000100042401000224FC85848F0400821033
:10431000020002241C86848FB800821400A0023C94
:1043200000A0023C3C0E428C0001422C5E00401476
:104330002D868293C481828F2B106200240040144A
:10434000C881848F2B108300250040140100023C9B
:10435000408683930100022419006254188680A3CA
:104360005C80838F16006254188680A3188683931E
:1043700001006324FF006330188683A36080828F6E
:104380002B186200050060542086828F188682A355
:10439000E08580A3408680A32086828F6480838FFF
:1043A00002186270640002241B006200F4014000E5
:1043B0001218000000A0043C0E51400BA80D83AC65
:1043C000E08580A300A0023C0E51400BA80D40AC3C
:1043D0002B108300190040101486828F0100023CCC
:1043E000017742242B106200140040101486828F43
:1043F000231864007880828F02106270CC81838FD2
:10440000232064001B004400F401800012200000FF
:1044100000A0033CA80D64AC00A0023C380E439001
:1044200002000224050062141486828F0100022417
:10443000408682A3188680A31486828F0D00405088
:10444000C481828F3486838F39F904342B20640031
:1044500009008054C481828FC881848F2B18640026
:1044600004006050C481828F00A0033CA80D62ACA0
:10447000C481828F3486838F2B10620001004054E8
:10448000148680AF7880828F00A0033CA80D638CD7
:104490002B1862005B0060540100022400A0033C62
:1044A0008051400BA80D62AC56004014010002245C
:1044B00000A0023C8051400BA80D40AC27004414E2
:1044C00002000424030002240886848F0300821063
:1044D0004486848F4900821400A0023CAC81828F04
:1044E0002B10620007004014B081848F2B108300D2
:1044F000080040142318640000A0023C4E51400BF9
:10450000A80D40AC2B1083000C0040107880828FE7
:10451000231864007880828F02106270B481838FC8
:10452000232064001B004400F401800012200000DE
:1045300000A0033CA80D64AC7880828F00A0033CEF
:10454000A80D638C2B1862002E0060540100022419
:1045500000A0033C8051400BA80D62AC260044141F
:10456000030002242886848F030082101086848F23
:104570002200821400A0023CB881828F2B106200BE
:1045800007004014BC81848F2B1083000800401466
:104590002318640000A0023C7551400BA80D40ACEC
:1045A0002B1083000C0040107880828F2318640049
:1045B0007880828F02106270C081838F2320640014
:1045C0001B004400F40180001220000000A0033C06
:1045D000A80D64AC7880828F00A0033CA80D638C8A
:1045E0002B186200070060540100022400A0033C65
:1045F0008051400BA80D62AC00A0023CA80D40AC5D
:10460000010002245C80838F04006254208680AF06
:1046100000A0023CA80D428C208682AF3A8280A383
:1046200001000224DD8482A31400BF8F0800E00390
:104630001800BD27401804002118A300001903002A
:1046400000A0023C000C42242110430000004390D3
:10465000C439037C000043A00600A014802004009D
:1046600000A0033C600D632421208300A151400B76
:10467000000082AC00A0033C100D632421208300C5
:10468000000082AC000043908431037C000043A012
:1046900008004390010004248431837C080043A077
:1046A0000800E0030000000000A0023C000D4224CE
:1046B00008004294FFFF42304000422C1500401099
:1046C0004000022400A0023C000D42240800429455
:1046D000FF004230C8838393FF00633004006014FE
:1046E00001000324C88383A3C651400B00A0043CEF
:1046F000C8838493FF0084300100032406008354A0
:1047000000A0043C02000324C88383A3C651400BCD
:1047100000A0043C00A0043C000D84240800839405
:1047200023186200FFFF6330080083A400A0033C4D
:10473000100D638CFF00453002006690020065A0FA
:1047400003006590FCFF06242428C500030065A033
:1047500000A0033C800C63246C8383AF0400838C33
:1047600001006330050060100000000013004014D9
:1047700000A0053C0800E00300000000FDFF401021
:1047800000A0053C6C83848F000DA38C0000669014
:10479000000086A0010084246C8384AF01006324A0
:1047A000000DA3ACFFFF4224FF004230F6FF40148F
:1047B0006C83848F0800E003000000006C83848F0A
:1047C000000DA38C00006690000086A001008424E8
:1047D0006C8384AF01006324000DA3ACFFFF42246F
:1047E000FF004230F6FF40146C83848F0800E00322
:1047F0000000000088BF023C7010438C8410037CD2
:10480000701043ACFF00022488BF033C205262AC0E
:1048100088BF033C005262AC88BF023C005340ACEE
:1048200088BF023C105340AC88BF023C2053432455
:10483000205340AC100060AC88BF023CE05240AC5A
:104840009F00022488BF033C305262AC88BF033C07
:10485000105262AC88BF023C7050438C0F00633032
:10486000705043AC7050438C705043AC88BF023CD6
:104870008050438C010004240400837C805043ACAE
:1048800000A0023C000C422400E0427C0226020010
:1048900088BF033CD05264AC0224020088BF033CB2
:1048A000C05264AC0212020088BF033C705262AC7A
:1048B0002110000000A0053C000CA52410000424D9
:1048C000C0180200211865002130000021380000C6
:1048D000000066AC040067AC01004224F9FF4414F8
:1048E000C018020088BF023C5052438C01000424CF
:1048F0004408837C505243AC88BF033C605260AC98
:104900005052438C4429037C505243AC5052438C48
:104910004408037C505243AC88BF023C0052428C96
:10492000080042301100401088BF043C88BF083C9A
:104930000800072400A0063C00A0053C005207AD7B
:10494000000DC224040040A0700DA224040040A069
:104950000400438C04BA037C040043AC0052828CF4
:1049600008004230F5FF401400000000010002245E
:10497000948382AFA08382AF748380AF788380AF4B
:10498000B08380AF00A0023C600D40AC00A0043CAE
:10499000100D8324040060AC600D4224040040AC80
:1049A000080060AC080040AC0C0060AC0C0040ACEF
:1049B00000A0023C100C4224100D82AC0D00032418
:1049C00088BF023C005343AC00A0023C000C4324CF
:1049D000BC83842700E0847C040064AC000C438C1E
:1049E0004000042404CC837C000C43AC84000324EA
:1049F000000C43A4D48380A37C8380AF0800E00331
:104A000000000000E0FFBD271C00BFAF1800B1AFE1
:104A10001400B0AFFF00B0300800023204004010B4
:104A2000FF009130212020028D51400F21280000ED
:104A300004000232050040500089110021202002AC
:104A40008D51400F010005240089110088BF023CF0
:104A50000053422421885100000030A21C00BF8F67
:104A60001800B18F1400B08F0800E0032000BD27AC
:104A7000FF008430FF00A5300700A010FF00E730E2
:104A80008018040000A0023C100D42242110620096
:104A9000AB52400B0000428C8018040000A0023C86
:104AA000600D4224211062000000428C3A00401048
:104AB00000E0C37CFF00C63004004890040046A01C
:104AC000003A667C05004890050046A0003C667CE4
:104AD00006004890060046A0021E0300070046900C
:104AE000070043A0FF00E73002004390020047A008
:104AF00003004390FCFF06242418C300030043A0D6
:104B0000000043900100469040006330FFFF633097
:104B1000FF00633000004690000043A00100439076
:104B2000010040A000004690FF00C6300100439005
:104B3000FF006330001A030025186600800063340C
:104B4000FF00663000004790000046A0021A0300F4
:104B500001004690010043A00800A010802004003E
:104B600000A0033C100D632421206400000083900A
:104B7000080063380800E003000083A000A0033CA5
:104B8000600D6324212064000000839008006338D6
:104B90000800E003000083A00800E00321100000EB
:104BA000FF00843026008014FF00A530AC83828F84
:104BB0000200439040000324020043A003004490FD
:104BC000FCFF032424188300030043A0AC83828FDE
:104BD000BC83842700E0837CFF0084300400459080
:104BE000040044A0003A647C05004590050044A000
:104BF000003C647C06004590060044A0021E0300B1
:104C000007004490070043A0000043908CFF03245A
:104C1000000043A001004390010040A000A0023C1E
:104C2000100D428C0000439084FF0324000043A039
:104C300001004390010040A00800E00300000000D4
:104C4000402004002120A4000021040000A0033C17
:104C5000000C632421106400000046900100459080
:104C6000002A05002528A6008400A534000045A0E0
:104C7000022A0500010045A00800842421206400C8
:104C80000000839001008290001202002510430072
:104C900084004234000082A0021202000800E003F7
:104CA000010082A0FF00843088BF023C5052428C39
:104CB00020004230640040102014047C3300410482
:104CC000801804007F0084308018040000A0023C9B
:104CD000100D4224211062000000428C000043901D
:104CE00080006330FF0063300B006050010005243A
:104CF000000043900100459040006330FFFF6330A7
:104D0000FF00633000004590000043A00100439085
:104D1000010040A0212800008018040000A0023CEF
:104D2000100D422421184300000066900800C63888
:104D3000000066A00000628C000044908000843077
:104D4000FF0084300B008010000000000100A52C43
:104D5000000044900100469040008430FFFF843002
:104D6000FF00843000004690000044A00100449001
:104D7000010040A03400A01000000000000062907C
:104D8000080042380800E003000062A000A0023CD6
:104D9000600D4224211062000000428C000043900C
:104DA00080006330FF0063300B0060500100052479
:104DB000000043900100459040006330FFFF6330E6
:104DC000FF00633000004590000043A001004390C5
:104DD000010040A0212800008018040000A0023C2F
:104DE000600D422421184300000066900800C63878
:104DF000000066A00000628C0000449080008430B7
:104E0000FF0084300B008010000000000100A52C82
:104E1000000044900100469040008430FFFF843041
:104E2000FF00843000004690000044A00100449040
:104E3000010040A00400A0100000000000006290EB
:104E400008004238000062A00800E00300000000F3
:104E500088BF023C505240AC88BF023C105240AC6C
:104E60007C8380AF0800E00300000000E8FFBD275E
:104E70001400BFAF7C83828F300040141400BF8FBA
:104E800088BF023C505240AC88BF023C105240AC3C
:104E900088BF033CE05260AC9F00032488BF043C01
:104EA000305283AC105243AC88BF023C7050438CEC
:104EB0000F006330705043AC7050438C705043AC63
:104EC00088BF023C7010438C010004248410837C52
:104ED000701043AC00FF033488BF023C041143ACA4
:104EE0000007032488BF023C081143AC2672400F20
:104EF000000000005B72400F0000000088BF023C11
:104F00005052428C010042300900401488BF023CDC
:104F1000010004245052438C0400837C505243AC63
:104F20005052438C01006330FAFF60100000000013
:104F3000010002247C8382AF1400BF8F0800E003CD
:104F40001800BD279483828F1800401401000224AA
:104F5000948382AFA083828F140040140100022446
:104F6000A08382AF80838393FF006330020002241A
:104F70001000621400A0033C100D628C02004490EB
:104F8000020040A003004590FCFF04242420A4005C
:104F9000030044A0100D628C00004390C8FF03245E
:104FA000000043A001004390010040A00800E0037E
:104FB0000000000080838393FF006330010002241F
:104FC0003400621400000000A88380AFCC83828F7D
:104FD0000200439040000824020048A003004390D0
:104FE000FCFF072424186700030043A0CC83828FB2
:104FF000BC83862700E0C37CFF00C63004004490D9
:10500000040046A0003A657C05004490050045A0D8
:10501000003C647C06004990060044A0021E030088
:1050200007004990070043A00000499084FF09242D
:10503000000049A001004990010040A001000224A5
:10504000A88382AFAC83828F02004990020048A0FF
:105050000300489024380701030047A0AC83828FE7
:1050600004004790040046A005004690050045A0B6
:1050700006004590060044A007004490070043A0A6
:105080000000439080FF0324000043A001004390F0
:10509000010040A00800E00300000000E8FFBD2779
:1050A0001400BFAF748380AF788380AF8083839315
:1050B000FF006330020002241F006214AC83828F61
:1050C0000200439040000324020043A003004490E8
:1050D000FCFF032424188300030043A0AC83828FC9
:1050E00000A0043C800C842400E0837CFF0084301A
:1050F00004004590040044A0003A647C05004590FB
:10510000050044A0003C647C06004590060044A0D5
:10511000021E030007004490070043A000004390D4
:10512000C8FF0324000043A001004390010040A0F9
:105130007554400B1400BF8FC2838397FFFF633009
:1051400000A0023C000D422408004294FFFF4230C0
:105150002B1062000600401000000000C2838397FD
:10516000FFFF633000A0023C000D4224080043A46E
:10517000AA51400F0000000000A0023C100D428C1C
:1051800000A0043C800C842400E0837CFF00843079
:1051900004004590040044A0003A647C050045905A
:1051A000050044A0003C647C06004590060044A035
:1051B000021E030007004490070043A00000439034
:1051C000C8FF0324000043A001004390010040A059
:1051D0001400BF8F0800E0031800BD2700E85D4100
:1051E00000701B4002601A4058FFBD27A400BBAFEF
:1051F00000601B40A000BAAF00681A409C00BBAF23
:1052000082D21A00847A5B7F44201B7C00609B4022
:105210002C00A3AF2800A2AFA000A38F0F00633023
:105220001A006014000000008C00BFAF8800BEAF01
:105230008400B9AF8000B8AF7C00B7AF7800B6AFDC
:105240007400B5AF7000B4AF6C00B3AF6800B2AF1C
:105250006400B1AF6000B0AF5C00AFAF5800AEAF5C
:105260005400ADAF5000ACAF4C00ABAF4800AAAF9C
:105270004400A9AF4000A8AF3C00A7AF3800A6AFDC
:105280003400A5AF3000A4AF2400A1AF121000007D
:105290009400A2AF101800009000A3AF1483828F77
:1052A0006400422C01004050148380AF7C83838FC4
:1052B000010002240F00621488BF023CFF00032497
:1052C00088BF023C005243AC88BF023C1052438C62
:1052D000010004240400837C105243AC1052438C20
:1052E0000421837C105243AC020002247C8382AFF1
:1052F00088BF023C0052428C200042301A0040100D
:1053000088BF023C88BF023C1052428C20004230D1
:105310001500401088BF023C88BF113C20001024BB
:10532000005230AEB08380AF740004242128000006
:10533000E732400F2130000001000224EC8382AFED
:1053400088BF023C8050438C4408037C805043ACAF
:1053500088BF023C1052438C4429037C105243AC5A
:10536000005230AE88BF023C8050428C0200423076
:105370000700401088BF023C88BF023C4010438CAD
:105380008410037C401043ACE05C400B0000000044
:105390000052428C010042301200401088BF023C93
:1053A00088BF023C1052428C010042300D00401078
:1053B00088BF023CFD51400F0000000088BF033C45
:1053C0007010648C010002248410447C701064AC62
:1053D000040003247C8383AF88BF033C005262AC8B
:1053E00088BF023C0052428C100042301500401031
:1053F00088BF023C88BF023C1052428C10004230F1
:105400001000401088BF023C88BF033C1052648CDF
:10541000010002244429447C105264AC88BF113C32
:1054200010001024005230AEB08382AF7500042407
:1054300021280000E732400F21300000005230AE3A
:1054400088BF023C0052428C040042300E004010E3
:1054500088BF023C88BF023C1052428C040042309C
:1054600006004010040003247300042421280000D7
:10547000E732400F010006240400032488BF023CE9
:10548000005243AC88BF023C0052428C8000423044
:105490002C00401088BF023C88BF023C1052428C56
:1054A000800042302700401088BF023C88BF023C89
:1054B0000053428C020042301E004010CC83828F89
:1054C00000004390FF00633001004490FF008430EF
:1054D000002204002520830080000324120083544E
:1054E00088BF023C00A0033C100D638C0000659057
:1054F000FF00A53001006490FF008430002204000A
:1055000025208500840003240700835488BF023CC3
:10551000000043908CFF0324000043A0010043904F
:10552000010040A088BF023C0053438C4408037C28
:10553000005343AC8000032488BF023C005243ACBC
:1055400088BF023C0052428C020042300F004010E3
:1055500088BF023C1052428C020042300B004010C7
:1055600000000000FFFF042421280000E732400F64
:1055700001000624FF00032488BF023C205243ACF4
:105580000200032488BF023C005243AC7C83828F1C
:105590000400422C0700401088BF023C88BF023C38
:1055A0004010438C8410037C401043ACE05C400B03
:1055B000000000001052428C080042306D0740107D
:1055C00088BF023C88BF023C0052428C0800423037
:1055D0000900405404001124DD5C400B88BF023CEC
:1055E0000052428C080042300E00405488BF023CFA
:1055F000DD5C400B88BF023C88BF143C08001224CD
:105600002198400200A0163C800CD52600E0B77E11
:10561000003AE27E1800A2AF00A01E3C000CDE277C
:1056200088BF023C4052428CFF004230E08382A39C
:10563000E08382930019427C888382A3005293AE58
:10564000E083829308004230FF0042300D00401496
:105650000000000088838293FF0042308C83832700
:105660002110620000004490010084300100843861
:10567000000043900400837C000043A0AC55400B25
:105680000000000088838293FF004230C483832798
:105690002110620000004490010084300100843831
:1056A000000043900400837C000043A08883829321
:1056B00088838293FF0042301B07401400000000E3
:1056C000E0838293FB004230AB06401400000000F0
:1056D000E08383938028637CC01003002110C20301
:1056E000CC8382AFAC8382AF08004438AC8384A300
:1056F000000045903C00A53034000424EB05A414C0
:105700000000000021280000BC83892700A0083C7D
:1057100004004A90FF004A3105004790FF00E7303F
:10572000003A07002538EA0006004490FF00843064
:10573000002404002520870007004690003606005C
:105740002530C400212025012530C8000000C69066
:10575000000086A004004A90FF004A3105004790EF
:10576000FF00E730003A07002538EA0006004690BF
:10577000FF00C630003406002530C7000700449003
:10578000002604002520860001008424FF008630C6
:1057900004004790040046A0003A867C050047902C
:1057A000050046A0003C867C06004790060046A007
:1057B0000226040007004690070044A00100A5242B
:1057C000D3FFB21400000000BC83852700E0A27C58
:1057D000C018030021187E00040062ACC88380A3B7
:1057E000E88380AF748380AF788380AFA88380AF75
:1057F000808380A300A0023C100D438C00006490C5
:10580000FF00843001006690FF00C63000320600C1
:105810002530C4007FFF04242430C400FF00C730BB
:1058200000006890000067A0023206000100679047
:10583000010066A0100D439008006338100D43A0CE
:10584000100D438C00006790FF00E7300100669068
:10585000FF00C630003206002530C7002430C400E7
:10586000FF00C73000006890000067A00232060009
:1058700001006790010066A0100D43900800633896
:10588000100D43A0AC83828F00004690FF00C6300D
:1058900001004390FF006330001A030025186600E2
:1058A00024206400FF00833000004690000043A0E5
:1058B0000222040001004390010044A000A0023C29
:1058C000000D4224040040A0080040A400A0023CB7
:1058D000700D4224040040A00400438C04BA037CF1
:1058E000040043AC0000A29060004230F204405437
:1058F00003000424BD838293FF0042300C00432C3C
:10590000ED0460500300042480100200019D033C5C
:1059100024596324211062000000428C08004000DA
:10592000000000001867019D6068019DB46C019D36
:105930006068019DB46C019D5459019D7859019D89
:10594000A46C019DE066019DEC65019D246C019DA8
:10595000686C019D00A0023C000D42240400438CB1
:1059600001000424C439837C040043AC7C8393AFDE
:105970002E5B400B03000424BC838393FF00633041
:1059800080000224CC04621403000424C0FF03241A
:1059900000A0023C000D4224040043A0BF83829378
:1059A000FF004230020003240D00431003000324D3
:1059B00025004310010003240803431400A0023C07
:1059C000029D033C108D6324000D43AC000D422466
:1059D00012000324080043A42E5B400B03000424A0
:1059E000BE838293FF0042300500401000A0023CBD
:1059F000000D4224040040A02E5B400B0300042451
:105A0000BE838393FF00633080180300029D023C35
:105A1000A4904224211062000000438C00A0023CAC
:105A2000000D43AC000D438C02006490000D432434
:105A3000080064A0000D428C03004290090062A09F
:105A40002E5B400B03000424C2838397FFFF633067
:105A5000FF0002240400621401000224988382AF34
:105A60009B56400B00000000988380AFBE8382935A
:105A7000FF0042300300422C23004010BE838227E7
:105A800000004490FF00843080200400029D033C0D
:105A9000A8906324211883000000648C00A0033CBC
:105AA000000D64AC000D648C00008490000D632434
:105AB000080064A4C28384970000459000004690CB
:105AC000FFFF8430FF00A530155D400FFF00C6309A
:105AD000FF004230B58382A3B5838393FF00633018
:105AE0000200022401006250A48382A3B583839341
:105AF000FF006330010002246E046250A48382A37D
:105B00002E5B400B03000424BE838393FF006330AD
:105B1000030002242E016214009D023C005F438CAE
:105B2000B88383AF045F4324448283AF045F428C15
:105B3000848382AF00A0023C220003247C0D43A09A
:105B40007C0D422403000324010043A0B883828F0C
:105B50000019427C898382A389838293FF004230AB
:105B60000A00422C06004014000000008983839341
:105B70003700632400A0023CE456400B7E0D43A096
:105B8000898383933000632400A0023C7E0D43A0F0
:105B900000A0023C7F0D40A0B883828F0F004230EE
:105BA000898382A389838293FF0042300A00422CBA
:105BB00006004014000000008983839337006324AB
:105BC00000A0023CF756400B800D43A089838393CD
:105BD0003000632400A0023C800D43A000A0023CE2
:105BE000810D40A0B883828F001B427C898382A3F1
:105BF00089838293FF0042300A00422C0600401441
:105C000000000000898383933700632400A0023CD6
:105C10000A57400B820D43A089838393300063248D
:105C200000A0023C820D43A000A0023C830D40A0D6
:105C3000B883828F001A427C898382A389838293EE
:105C4000FF0042300A00422C060040140000000011
:105C5000898383933700632400A0023C1D57400BC7
:105C6000840D43A0898383933000632400A0023C09
:105C7000840D43A000A0023C850D40A0B883828F14
:105C8000001D427C898382A389838293FF00423076
:105C90000A00422C06004014000000008983839310
:105CA0003700632400A0023C3057400B860D43A010
:105CB000898383933000632400A0023C860D43A0B7
:105CC00000A0023C870D40A0B883828F001C427C5C
:105CD000898382A389838293FF0042300A00422C89
:105CE000060040140000000089838393370063247A
:105CF00000A0023C4357400B880D43A08983839347
:105D00003000632400A0023C880D43A000A0023CA8
:105D1000890D40A0B883828F02170200898382A375
:105D200089838293FF0042300A00422C060040140F
:105D300000000000898383933700632400A0023CA5
:105D40005657400B8A0D43A0898383933000632408
:105D500000A0023C8A0D43A000A0023C8B0D40A095
:105D6000B883828F001E427C898382A389838293B9
:105D7000FF0042300A00422C0600401400000000E0
:105D8000898383933700632400A0023C6957400B4A
:105D90008C0D43A0898383933000632400A0023CD0
:105DA0008C0D43A000A0023C8D0D40A08483828F07
:105DB0000019427C898382A389838293FF00423049
:105DC0000A00422C060040140000000089838393DF
:105DD0003700632400A0023C7C57400B8E0D43A08B
:105DE000898383933000632400A0023C8E0D43A07E
:105DF00000A0023C8F0D40A08483828F0F004230B0
:105E0000898382A389838293FF0042300A00422C57
:105E10000600401400000000898383933700632448
:105E200000A0023C8F57400B900D43A089838393C1
:105E30003000632400A0023C900D43A000A0023C6F
:105E4000910D40A08483828F001B427C898382A3B2
:105E500089838293FF0042300A00422C06004014DE
:105E600000000000898383933700632400A0023C74
:105E7000A257400B920D43A0898383933000632483
:105E800000A0023C920D43A000A0023C930D40A054
:105E90008483828F001A427C898382A389838293C0
:105EA000FF0042300A00422C0600401400000000AF
:105EB000898383933700632400A0023CB557400BCD
:105EC000940D43A0898383933000632400A0023C97
:105ED000940D43A000A0023C950D40A08483828FC6
:105EE000001D427C898382A389838293FF00423014
:105EF0000A00422C060040140000000089838393AE
:105F00003700632400A0023CC857400B960D43A005
:105F1000898383933000632400A0023C960D43A044
:105F200000A0023C970D40A08483828F001C427C1D
:105F3000898382A389838293FF0042300A00422C26
:105F40000600401400000000898383933700632417
:105F500000A0023CDB57400B980D43A0898383933C
:105F60003000632400A0023C980D43A000A0023C36
:105F7000990D40A0B883838FFFFF02240A006214AA
:105F800000A0033C8483838F0700621400A0033CBD
:105F9000029D023CB490438C00A0023C000D43AC37
:105FA000EE57400B00A0023C7C0D632400A0023C95
:105FB000000D43AC00A0023C000D438C0000639038
:105FC000000D4224080043A42E5B400B0300042470
:105FD000BE838393FF006330040002240A0062142E
:105FE000029D023CB890438C00A0023C000D43ACE3
:105FF000000D438C00006390000D4224080043A470
:106000002E5B400B03000424BE838393FF006330A8
:10601000050002240A006214029D023CBC90438CDD
:1060200000A0023C000D43AC000D438C00006390C7
:10603000000D4224080043A42E5B400B03000424FF
:10604000BE838393FF006330620002240A0062145F
:10605000029D023CC090438C00A0023C000D43AC6A
:10606000000D438C00006390000D4224080043A4FF
:106070002E5B400B03000424BE838393FF00633038
:10608000640002240C006214029D023CC490438C04
:1060900000A0023C000D43AC000D438C0000639057
:1060A000000D4224080043A4010002249C8382AF17
:1060B0002E5B400B03000424BE838393FF006330F8
:1060C000650002240A006214029D023CC890438CC1
:1060D00000A0023C000D43AC000D438C0000639017
:1060E000000D4224080043A42E5B400B030004244F
:1060F000BE838393FF006330660002240A006214AB
:10610000029D023CCC90438C00A0023C000D43ACAD
:10611000000D438C00006390000D4224080043A44E
:106120002E5B400B03000424BE838393FF00633087
:106130006D0002240A006214029D023CD090438C40
:1061400000A0023C000D43AC000D438C00006390A6
:10615000000D4224080043A42E5B400B03000424DE
:10616000BE838393FF0063306E0002240A00621432
:10617000029D023CD490438C00A0023C000D43AC35
:10618000000D438C00006390000D4224080043A4DE
:106190002E5B400B03000424BE838393FF00633017
:1061A0006F0002240A006214029D023CD890438CC6
:1061B00000A0023C000D43AC000D438C0000639036
:1061C000000D4224080043A42E5B400B030004246E
:1061D000BE838393FF006330790002240A006214B7
:1061E000029D023CDC90438C00A0023C000D43ACBD
:1061F000000D438C00006390000D4224080043A46E
:106200002E5B400B03000424BE838393FF006330A6
:106210007A0002240A006214029D023CE090438C42
:1062200000A0023C000D43AC000D438C00006390C5
:10623000000D4224080043A42E5B400B03000424FD
:10624000BE838393FF0063307B0002240C00621442
:10625000029D023CE490438C00A0023C000D43AC44
:10626000000D438C00006390000D4224080043A4FD
:1062700001000224688382AF2E5B400B03000424DC
:10628000BE838393FF0063307C0002240B00621402
:10629000029D023CE890438C00A0023C000D43AC00
:1062A000000D438C00006390000D4224080043A4BD
:1062B000688380AF2E5B400B03000424BE8383936E
:1062C000FF006330830002240A006214029D023C36
:1062D000EC90438C00A0023C000D43AC000D438CBD
:1062E00000006390000D4224080043A42E5B400B85
:1062F00003000424BE838393FF006330A8000224BC
:106300000A006214029D023CF090438C00A0023C03
:10631000000D43AC000D438C00006390000D42243F
:10632000080043A42E5B400B03000424BE83839328
:10633000FF006330140002240A006214029D023C34
:10634000F490438C00A0023C000D43AC000D438C44
:1063500000006390000D4224080043A42D5B400B15
:10636000488280AFBE838393FF0063301500022410
:106370000B006214029D023CF890438C00A0023C8A
:10638000000D43AC000D438C00006390000D4224CF
:10639000080043A4010002242D5B400B488282AF19
:1063A000BE838393FF006330160002240B00621447
:1063B000029D023CFC90438C00A0023C000D43ACCB
:1063C000000D438C00006390000D4224080043A49C
:1063D000020002242D5B400B488282AFBE83839370
:1063E000FF006330170002240B006214029D023C80
:1063F0000091438C00A0023C000D43AC000D438C87
:1064000000006390000D4224080043A4030002240E
:106410002D5B400B488282AFBE838393FF006330C5
:10642000180002240B006214029D023C0491438C6C
:1064300000A0023C000D43AC000D438C00006390B3
:10644000000D4224080043A4040002242D5B400BED
:10645000488282AFBE838393FF0063301900022419
:106460000B006214029D023C0891438C00A0023C88
:10647000000D43AC000D438C00006390000D4224DE
:10648000080043A4050002242D5B400B488282AF24
:10649000BE838393FF0063301A0002240B00621452
:1064A000029D023C0C91438C00A0023C000D43ACC9
:1064B000000D438C00006390000D4224080043A4AB
:1064C000060002242D5B400B488282AFBE8383937B
:1064D000FF0063301B0002240B006214029D023C8B
:1064E0001091438C00A0023C000D43AC000D438C86
:1064F00000006390000D4224080043A4070002241A
:106500002D5B400B488282AFBE838393FF006330D4
:106510001C0002240A006214029D023C1491438C68
:1065200000A0023C000D43AC000D438C00006390C2
:10653000000D4224080043A42D5B400B488293AF1A
:10654000BE838393FF0063301D0002240B0062149E
:10655000029D023C1891438C00A0023C000D43AC0C
:10656000000D438C00006390000D4224080043A4FA
:10657000090002242D5B400B488282AFBE838393C7
:10658000FF006330C80002241000621400A0023C27
:1065900088BF023C8050438C0400037C805043AC95
:1065A000019D103C296B400F00E0043600E00436EA
:1065B000336B400F12120524C0BF023C09F84000A3
:1065C000000000002E5B400B03000424000D422459
:1065D000040040A02E5B400B03000424000D422465
:1065E000040040A02E5B400B03000424BE83829372
:1065F000FF0042300200422CAF014010030004248F
:1066000000A0023C000D42240400438C010004243D
:10661000C439837C040043AC88BF023C105340ACB7
:1066200088BF023C20534324205340AC100060AC90
:106630002110000010000424C018020021187E0060
:106640002130000021380000000066AC040067AC77
:1066500001004224F9FF4414C018020088BF023C24
:106660005052438C010004244408837C505243ACB4
:10667000E48380A35052438C4408037C505243ACC3
:1066800000A0033C100C632400A0023C100D43AC9E
:10669000CC839EAFAC839EAFBE838293FF0042301B
:1066A000D48382A3D4838293FF0042300400401439
:1066B000100002247C8382AF2E5B400B0300042475
:1066C00001000424D4838527E732400F010006240B
:1066D000200002247C8382AF2E5B400B0300042445
:1066E00000A0023CD4838327000D43AC000D42245C
:1066F0000400448C010003240400647C040044ACC6
:10670000080043A00400448CC439647C040044ACF9
:106710002E5B400B03000424800CC0A20100A0A249
:10672000BC83828F1F0042300100032414004310F9
:10673000020003241A00435000A0023C3900401418
:1067400000A0023C00A0033C000D63240400648C04
:1067500001000224C439447C040064ACD883838FD4
:106760003000625400A0023C800CC292FF00423014
:1067700002004234800CC2A2095A400B00A0023C25
:1067800000A0023C000D42240400438C01000424BC
:10679000C439837C040043AC095A400B00A0023C7E
:1067A000000D42240400438C01000424C439837C7E
:1067B000040043ACC083829380004230FF0042302B
:1067C0000900401400000000C083838F0F00633075
:1067D0008018030000A0023C600D422421106200DA
:1067E000015A400B0000428CC083838F0F0063303E
:1067F0008018030000A0023C100D4224211062000A
:106800000000428C00004390840063308400022426
:106810000400621400A0023C01000224800CC2A209
:1068200000A0023C000D42240400428C8000423053
:106830002001401000A0023C000D55AC000D422488
:106840000400438C010004240400837C040043AC56
:1068500002000324080043A02E5B400B0300042425
:10686000BE838393FF00633001000224130062148F
:1068700000000000BC8382931F0042300F004014D0
:1068800000A0023C000D42240400438C01000424BB
:10689000C439837C040043ACBD838393FF00633021
:1068A000030002240400621401000224D88382AF92
:1068B0002F5A400B00000000D88380AFBE83829324
:1068C000FF004230FC00401403000424BC83839387
:1068D0001F00633002000224F80062142128000027
:1068E000C08382930F004230F4004010000000008B
:1068F000C083828F0F00423004004228EF00401016
:10690000000000007C83838F20000224EB006214CF
:1069100000A0023C000D42240400438C010004242A
:10692000C439837C040043ACC0838293800042302E
:10693000FF0042300A00401400000000C083838F33
:106940000F0063308018030000A0023C600D422459
:10695000211062000000428C605A400B1000A2AF70
:10696000C083838F0F0063308018030000A0023CB7
:10697000100D4224211062000000428C1000A2AFD2
:106980001000A293F70042301000A2A3C0838293AC
:1069900080004230FF0042300A0040140000000036
:1069A000C083838F0F0063308018030000A0023C77
:1069B000600D4224211062001000A38F795A400B11
:1069C000000043ACC083838F0F0063308018030046
:1069D00000A0023C100D4224211062001000A38F81
:1069E000000043ACBD838393FF00633003000224A7
:1069F000280062141000A2931000A28F00004290A1
:106A000080004230FF004230190040101000A28F79
:106A1000C083829380004230FF0042300B0040145C
:106A200000000000C083828F0F0042308C838327D8
:106A30002110620000004390010004244408837C7C
:106A4000000043A09C5A400B1000A28FC083828F8D
:106A50000F004230C483832721106200000043905E
:106A6000010004244408837C000043A01000A28F8E
:106A70000000449001004390001A030025186400B0
:106A800084006334000043A0021A03002D5B400B16
:106A9000010043A0080042381000A2A31000A28FFA
:106AA0000000439080006330FF00633017006010E7
:106AB0000000449001004390001A03002518640070
:106AC0007FFF6330000043A0021A0300010043A0CF
:106AD0001000A28F0000449001004390001A0300B0
:106AE0002518640040006334000043A0021A03002C
:106AF000010043A0050004241000A58FE732400FD9
:106B000004000624CB5A400B1000A29301004390CE
:106B1000001A03002518640040006334000043A0FD
:106B2000021A0300010043A01000A293080042389B
:106B30001000A2A31000A28F0000439080006330D9
:106B4000FF0063302500605000004490C0838293B2
:106B500080004230FF0042300A0040140000000074
:106B6000C083828F0F0042308C8383272110620004
:106B7000000043904408037C000043A0E95A400B06
:106B80001000A28FC083828F0F004230C4838327FE
:106B900021106200000043904408037C000043A0E1
:106BA0001000A28F0000449001004390001A0300DF
:106BB000251864003BFF6330000043A0021A030065
:106BC000010043A0050004241000A58FE732400F08
:106BD00004000624FE5A400B000000000100439010
:106BE000001A0300251864003BFF6330000043A037
:106BF000021A0300010043A0C083838F0F0063309B
:106C00000019030088BF023C0053422421104300B6
:106C10000000448CFDFF0324241883002D5B400BEF
:106C2000000043ACC0838293FF004230E48383279B
:106C30002118620000A0023C000D43AC000D42246C
:106C40000400448C010003240400647C040044AC70
:106C5000080043A00400448CC439647C040044ACA4
:106C60002E5B400B0300042400A0023C000D4224D4
:106C70000400438C01000424C439837C040043AC29
:106C8000C0838293FF004230BE838393FF00633052
:106C9000E483842721108200000043A02E5B400B78
:106CA000030004240200042421280000E732400FDE
:106CB000213000000300042421280000E732400FA7
:106CC0002130000088BF023C5052438C4429037C91
:106CD000505243AC00A0023C000D42240400428C00
:106CE000800042303600401400A0023C700D422467
:106CF0000400429080004230FF0042300B00401000
:106D000002000224808382A37883828F03004014D0
:106D1000000000002754400F00000000A08380AF57
:106D2000948380AFD95C400BFFFF3126AC83828F08
:106D30000200439040000324020043A0030044905B
:106D4000FCFF032424188300030043A0AC83828F3C
:106D5000BC83842700E0837CFF00843004004590DE
:106D6000040044A0003A647C05004590050044A05E
:106D7000003C647C06004590060044A0021E03000F
:106D800007004490070043A0000043908CFF0324B9
:106D9000000043A001004390010040A000A0023C7D
:106DA000100D428C0000439084FF0324000043A098
:106DB00001004390010040A0D95C400BFFFF312649
:106DC000BC83829380004230FF00423011004010AB
:106DD0000200022401000224808382A37483828F34
:106DE00003004014000000002754400F0000000082
:106DF000A08380AF948380AFE883828F59014014D1
:106E0000FFFF3126D153400F00000000DA5C400B39
:106E1000FF003132808382A3AC83828F02004390D3
:106E200040000324020043A003004490FCFF03241D
:106E300024188300030043A0AC83828FBC83842783
:106E400000E0837CFF00843004004590040044A0EF
:106E5000003A647C05004590050044A0003C647C39
:106E600006004590060044A0021E0300070044905F
:106E7000070043A00000439084FF0324000043A0C8
:106E800001004390010040A0A08380AF948380AFB5
:106E9000E883828F33014014FFFF3126D153400F26
:106EA00000000000DA5C400BFF00313280838493E5
:106EB000FF008430020002248B008214C0180300FB
:106EC00021187E000000668C003CC67C00A0023CBD
:106ED000700D42240400428C007A427C2B10460044
:106EE0000500401000A0023C700D42240400468CB6
:106EF000003AC67C00A0023C700D42240400448C81
:106F0000007A847C23208600FFFF84300400438CB9
:106F100004BA837C040043AC0D00C01021100000B3
:106F200000A0043C700D838C212855000000A59022
:106F3000000065A001006324700D83AC01004224B1
:106F4000FF0043302B186600F6FF601400000000BD
:106F500000A0023C700D42240400428C007A427C66
:106F600029004010AC83828F02004390400003242C
:106F7000020043A003004490FCFF03242418830074
:106F8000030043A0AC83828FFF00A332040044902F
:106F9000040043A0050043901800A78F050047A0F8
:106FA000003CE37E06004490060043A0021E17004A
:106FB00007004490070043A0CC83838F00006390B8
:106FC00040006330FF0063300800601400000000E0
:106FD00000004390C8FF0324000043A00100439039
:106FE000010040A0D95C400BFFFF31260000439018
:106FF00088FF0324000043A001004390010040A04B
:10700000D95C400BFFFF312602004390400003246F
:10701000020043A003004490FCFF032424188300D3
:10702000030043A0AC83828FBC83842700E0837C71
:10703000FF00843004004590040044A0003A647CC2
:1070400005004590050044A0003C647C0600459086
:10705000060044A0021E030007004490070043A05E
:107060000000439084FF0324000043A001004390EC
:10707000010040A000A0023C700D42240400438C9B
:10708000021E03000800428C00120200251043007B
:107090000900401000A0033C700D63240400648CC0
:1070A000022604000800628C001202002510440031
:1070B00009F840000000000000A0023C700D4224CE
:1070C0000400438CC439037C040043ACE883828F02
:1070D000A4004014FFFF3126D153400F00000000F0
:1070E000DA5C400BFF003132808380A3A883828F5B
:1070F0001E004014AC83828F0200439040000324A2
:10710000020043A003004490FCFF032424188300E2
:10711000030043A0AC83828FBC83842700E0837C80
:10712000FF00843004004590040044A0003A647CD1
:1071300005004590050044A0003C647C0600459095
:10714000060044A0021E030007004490070043A06D
:10715000000043908CFF0324000043A001004390F3
:10716000010040A0D95C400BFFFF3126A88380AF0F
:10717000D95C400BFFFF3126E0838293FB00423055
:1071800078005254FFFF312600A0023C100D438CC2
:10719000000070908001107E100D4390080063384D
:1071A000100D43A07C83828F0D005214000000005C
:1071B000BE838393FF00633088BF023C605243ACC0
:1071C0006052428C0500401004000224100002248A
:1071D0007C8382AF785C400B000000007C8382AF30
:1071E00080838393FF006330010002243000621427
:1071F00000A0023C00A0023C100D428CFF00A33214
:1072000004004490040043A0050043901800A38F9D
:10721000050043A0003CE37E06004490060043A026
:10722000021E170007004490070043A0AA51400F18
:1072300000000000C8838393FF0063300200022433
:107240000900621400A0023C100D428C0000439023
:1072500084FF0324000043A001004390010040A0EC
:10726000D95C400BFFFF31260A000016100D428C3E
:1072700000A0023C100D428C00004390C8FF032484
:10728000000043A001004390010040A0D95C400BE6
:10729000FFFF31260000439088FF0324000043A035
:1072A00001004390010040A0D95C400BFFFF312654
:1072B000700D42240400429080004230FF004230B2
:1072C0001600401000A0023C700D42240400438CC4
:1072D000021E03000800428C001202002510430029
:1072E0000900401000A0033C700D63240400648C6E
:1072F000022604000800628C0012020025104400DF
:1073000009F840000000000000A0023C700D42247B
:107310000400438CC439037C040043AC808380A305
:10732000D95C400BFFFF3126E08382930800423096
:10733000FF00423005004010000000008883829367
:107340007F00423080004234888382A38883869302
:1073500072000424E0838527E732400FFF00C63027
:10736000FFFF3126FF0031329DF8201688BF023C16
:1073700088BF023C4010438C8410037C401043AC17
:107380009400A28F130040009000A38FA000A28F52
:107390000F0042301C004014110060008C00BF8FB1
:1073A0008800BE8F8400B98F8000B88F7C00B78FB3
:1073B0007800B68F7400B58F7000B48F6C00B38FF7
:1073C0006800B28F6400B18F6000B08F5C00AF8F37
:1073D0005800AE8F5400AD8F5000AC8F4C00AB8F77
:1073E0004800AA8F4400A98F4000A88F3C00A78FB7
:1073F0003800A68F3400A58F3000A48F2C00A38FF7
:107400002800A28F2400A18F00606041C00000000E
:10741000A400BA8F9C00BB8F00709A40A000BA8F66
:10742000A800BD2702609A4000E8DD4100609B4053
:1074300018000042FF008430080002240300821478
:10744000000000000800E003010002240800E0033F
:1074500000000000FF008430FE000224030082547C
:10746000010002240800E003020002240800E003F7
:1074700000000000388680AF788580AF248580AF1B
:10748000308580AF648480A3AC8580AFAC8480AF4E
:10749000FC8480AFD88580AF018580A3FFFF0224E4
:1074A000E08582A33C8580AFF18480A3218580A301
:1074B0003A8280A3388280A301000224398282A309
:1074C000088580AFE08480AF3B8280A3288280AFB4
:1074D0001F8580A3C18480A3A98580A3DD8480A3A8
:1074E00000A0023C000E422400A0033C6C0E63246A
:1074F000000040ACFDFF40A00C004224FDFF4354BF
:10750000000040AC00A0023CAD0E422400A0033CB1
:10751000610F632400A0043C490F8424000040A0B4
:10752000030040AC000060A0030060AC0C004224EB
:10753000FAFF44140C00632400A0033C9C0D632458
:10754000040060AC00A0023C800E40AC080060ACBF
:10755000800E4224040040AC0C0060AC080040AC3B
:107560001C0040AC200040AC240040AC280040A0EF
:10757000290040A0148680AF348680AF548480AF49
:10758000B08480AF548580AFCC8580AF0C8580AF50
:107590005C8580A3208580A3188580AF8C8580AF13
:1075A000D68480A39C8580A3748580AFAA8580A3A0
:1075B000408580A3C88580AF0C0040AC100040AC73
:1075C000140040AC180040AC2A0040A0A48480AF56
:1075D000688580AFBC8480AFF88480AF448580AF7D
:1075E000848580AFC48580AFD88480AFB48580A304
:1075F0000800E003958580A3D8FFBD272400BFAF16
:10760000009D023C035B4588005B4598075B44880E
:10761000045B44980B5B4388085B43980F5B468888
:107620000C5B46981000A5AF1400A4AF1800A3AFE0
:107630001C00A6AF1000A427029D053C48C9A52444
:107640009570400F10000624370240142882828F64
:1076500001000324680043104185839308004050D3
:107660008581829302000324210143100300032437
:107670002E0243142400BF8F005F400B418583938B
:1076800027024050588082931000042488BF033C96
:10769000346164AC58808393A88483AF02000324D0
:1076A00012004314010004241C63400F0900052448
:1076B000388283934018030000A0023C1410422437
:1076C00021186200398284934020040000A0023C0B
:1076D0009810422421108200000064941F62400F21
:1076E00000004594CB5D400B000000000200042424
:1076F0001C63400F0900052438828393401803005F
:1077000000A0023C141042242118620039828493A4
:107710004020040000A0023C981042242110820066
:10772000000064941F62400F00004594966C400F67
:10773000A48580AF77808293030003240D00431457
:10774000040003243B828293029D033CE0C5632432
:107750002118430000006390E88583A3029D033C49
:10776000E8C563242110430000004290F45D400B03
:10777000198682A30C0043143B828293029D033C32
:10778000F8C563242118430000006390E88583A3B3
:10779000029D033C00C66324211043000000429078
:1077A000F45D400B198682A3029D033CC8C5632487
:1077B0002118430000006390E88583A3029D033CE9
:1077C000D0C563242110430000004290198682A393
:1077D0000002022488BF033C341062AC88BF033C23
:1077E000641062AC88BF033C681062AC01000224E4
:1077F000CA5F400B288282AF01000224CB016214D1
:107800002400BF8F02000224418582A385818393D7
:107810000200022405006214398282933882829326
:10782000010042240D5E400B388282A301004224F5
:10783000398282A33485828F00A0033CB80F638C09
:107840002B18620010006050858182933C85838FE5
:107850002B1843000C0060548581829300A0033CE8
:10786000600F6324580062AC39828293FFFF422488
:10787000550062A03B8282931F8582A36C8582970C
:107880005C0062A4858182930200032448004314B3
:1078900039828493388283934A8082930100422400
:1078A0002A10620090004054288280AF1000032408
:1078B00088BF023C386143AC01000224388282A3B5
:1078C0003B8282930600422C87004054288280AF7E
:1078D000378083933C85828F2110620000A0033C97
:1078E000B80F638C2B1043001300401000A0023C23
:1078F000B50F42901000401000000000398282A3B2
:10790000888082930A004010020002247083828FD4
:1079100005004010020002241D5D400F0000000021
:10792000CA5F400B348580AFBA5E400B288282AFBD
:10793000BA5E400B288282AF1D5D400F0000000040
:107940008880829378014050348580AF7083828F25
:107950000B00401000000000EC83828F08004014F0
:1079600001000424708384AF88BF023C8050438CA4
:107970004408837C805043ACCA5F400B348580AFA1
:107980007083828F68014050348580AFEC83838F91
:107990000100022464016254348580AF2C8280A3EC
:1079A0002D8280A3EC8380AFCA5F400B348580AF0B
:1079B0004B808393010063242A1883004A0060549B
:1079C000288280AF07004010010002241000032429
:1079D00088BF023C386143AC010002247D5E400B4D
:1079E000398282A3398282A33B828293010042249E
:1079F0003B8282A33B8282930600422C3A00405491
:107A0000288280AF378083933C85828F211062006B
:107A100000A0033CB80F638C2B10430014004010EF
:107A200000A0023CB50F4290110040100100032459
:107A3000388283A3398282A3888082930A0040100F
:107A4000020002247083828F05004010020002248D
:107A50001D5D400F00000000CA5F400B348580AF01
:107A6000BA5E400B288282AFBA5E400B288282AF9A
:107A70001D5D400F00000000888082932A01405065
:107A8000348580AF7083828F0B00401000000000AF
:107A9000EC83828F0800401401000424708384AFBB
:107AA00088BF023C8050438C4408837C805043ACA8
:107AB000CA5F400B348580AF7083828F1A014050BB
:107AC000348580AFEC83838F010002241601625459
:107AD000348580AF2C8280A32D8280A3EC8380AF7D
:107AE000CA5F400B348580AFCA5F400B348580AFDE
:107AF000212000001C63400F21280000388283935E
:107B00004018030000A0023C141042242118620017
:107B1000398284934020040000A0023C9810422443
:107B200021108200000064941F62400F0000459401
:107B3000966C400F00000000A48580AF7780829390
:107B4000030003240D004314040003243B828293AA
:107B5000029D033CE0C563242118430000006390AC
:107B6000E88583A3029D033CE8C5632421104300FC
:107B700000004290F65E400B198682A30C0043146D
:107B80001F858293029D033CF8C56324211843009E
:107B900000006390E88583A3029D033C00C6632434
:107BA0002110430000004290F65E400B198682A32C
:107BB000029D033CC8C56324211843000000639064
:107BC000E88583A3029D033CD0C5632421104300B4
:107BD00000004290198682A30002022488BF033C61
:107BE000341062AC88BF033C641062AC88BF033CB5
:107BF000681062AC03000224CA5F400B288282AF87
:107C000001000224C90062142400BF8F0200022474
:107C1000418582A33882839301006224388282A343
:107C20003485828F00A0043C040F848C2B208200BA
:107C30000C008050388283933C85848F2B20440035
:107C4000080080543882839300A0043CAC0E842446
:107C5000580082AC550083A06C8582975C0082A49A
:107C6000388283934A808293010042242A10620062
:107C7000A80040140200022401000224388282A3DA
:107C8000378083933C85828F2110620000A0033CE3
:107C9000040F638C2B1043009A00401000A0023C9C
:107CA000010F42909700401003000324A88582A38F
:107CB00000A0023CB50F4290F08482A32882828FFC
:107CC00001004224288282AF5C8480A37780829363
:107CD00031004354040003241F858293070040149D
:107CE00001000324029D023CF0C542901F8582A33F
:107CF00001000224625F400BE08582A30700431469
:107D000002000324029D023CF1C542901F8582A31C
:107D100001000224625F400BE08582A30600431449
:107D200003000324029D023CF2C542901F8582A3FA
:107D3000625F400BE08580A3060043140400032427
:107D4000029D023CF3C542901F8582A3625F400BF7
:107D5000E08580A30600431405000324029D023C35
:107D6000F4C542901F8582A3625F400BE08580A32B
:107D7000060043141F858293029D023CF5C5429084
:107D80001F8582A3E08580A31F858293FEFF422486
:107D9000BC5F400B3B8282A3270043141F85829364
:107DA0000500401401000324F48580AF0100022483
:107DB000BC5F400B3B8282A30500431402000324F6
:107DC000F48580AF03000224BC5F400B3B8282A39A
:107DD000050043140300032401000224F48582AF4C
:107DE000BC5F400B3B8282A30600431404000324C3
:107DF00001000224F48582AF03000224BC5F400B23
:107E00003B8282A3050043140500032402000224E0
:107E1000F48582AFBC5F400B3B8282A335004354A4
:107E2000788580AF02000224F48582AF030002242B
:107E3000BC5F400B3B8282A3070040140100032477
:107E4000029D023CD8C542901F8582A301000224F6
:107E5000B95F400BE08582A30700431402000324AE
:107E6000029D023CD9C542901F8582A301000224D5
:107E7000B95F400BE08582A306004314030003248E
:107E8000029D023CDAC542901F8582A3B95F400B78
:107E9000E08580A30600431404000324029D023CF5
:107EA000DBC542901F8582A3B95F400BE08580A3AC
:107EB0000600431405000324029D023CDCC54290E9
:107EC0001F8582A3B95F400BE08580A306004314A1
:107ED0001F858293029D023CDDC542901F8582A3CF
:107EE000E08580A31F858293FEFF42243B8282A30C
:107EF000788580AF248580AF308580AFC65F400B2A
:107F0000CC8480AF1D5D400F00000000CA5F400BB5
:107F1000348580AF288282AFCA5F400B348580AF42
:107F2000BB5D400BA88482AF2400BF8F0800E00334
:107F30002800BD27E8FFBD271400BFAF80BF023C6B
:107F4000203040AC0002032488BF023C641043ACE4
:107F500088BF023C681040AC2882828F0400422C0B
:107F6000A000401485818293DD8483930100022464
:107F70009C00621485818293CD6C400F000000004C
:107F8000B5858293020003244B00431405000324AB
:107F90007C8482930D004014010003248781839325
:107FA000010002240500621400A0023C010F42906F
:107FB000FDFF42242260400B388282A3010F4290D1
:107FC000FCFF42242260400B388282A30600431447
:107FD0000200032400A0023C010F4290FEFF422455
:107FE0002260400B388282A306004314030003245E
:107FF00000A0023C010F4290FFFF42242260400B90
:10800000388282A3050043140400032400A0023C2C
:10801000010F42902260400B388282A30600431475
:108020000500032400A0023C010F429001004224FD
:108030002260400B388282A306004314060003240A
:1080400000A0023C010F4290020042242260400B3B
:10805000388282A30D0043143882829387818393F0
:10806000010002240500621400A0023C010F4290AE
:10807000030042242260400B388282A3010F429009
:1080800004004224388282A338828293201C027C1E
:10809000040060044A8083932B10620002004010A9
:1080A00000000000388280A3CA62400F0000000078
:1080B0008460400B00000000550043147C848293D0
:1080C0000D004014010003248781839301000224E2
:1080D0000500621400A0023CB50F4290FDFF42244F
:1080E0006D60400B398282A3B50F4290FCFF4224A1
:1080F0006D60400B398282A3060043140200032402
:1081000000A0023CB50F4290FEFF42246D60400B80
:10811000398282A3060043140300032400A0023C1A
:10812000B50F4290FFFF42246D60400B398282A35D
:10813000050043140400032400A0023CB50F429044
:108140006D60400B398282A30600431405000324AE
:1081500000A0023CB50F4290010042246D60400B2C
:10816000398282A3060043140600032400A0023CC7
:10817000B50F4290020042246D60400B398282A309
:108180000D00431439828293878183930100022476
:108190000500621400A0023CB50F42900300422487
:1081A0006D60400B398282A3B50F429004004224D7
:1081B000398282A339828293201C027C04006004ED
:1081C0004B8083932B1062000200401000000000DF
:1081D000398280A3F162400F000000008460400BF0
:1081E00000000000010003240500431402000324E2
:1081F000F162400F000000008460400B00000000AE
:108200000300431400000000CA62400F0000000099
:10821000656C400F000000008481839301000224FC
:108220001200621400000000308280AFCC84858F81
:108230000E00A0102120000080BF033C88BF073C37
:108240000800063C100C60AC3410E6AC100C628CDC
:108250006E00422CFDFF4014000000000100842449
:10826000F8FF851400000000308285AF6A6C400F73
:1082700000000000308280AF348580AF8481899314
:10828000010002240500225532000224320003249A
:10829000CC84828F23106200FF0042303200192408
:1082A000CC84838F23C82303FF0039333082858F2A
:1082B0003482988F6C858E97D0858F9721300000FF
:1082C00081BF033C0100072480BF043C88BF0D3CF4
:1082D00008000C3C81BF083C02000B24D860400B16
:1082E0000A000A240090628C4408E27C009062AC90
:1082F000100C80AC3410ACAD100C828C0200422CFF
:10830000FDFF4014000000000090628C4408027CD5
:10831000009062AC0090628C01004230FDFF401082
:10832000000000007090028D0200AB142130C200EA
:108330007090188D030027150100A524D260400B12
:108340002110200332000224030045140000000025
:1083500070900E8DFFFFCE310100AA50FFFFCF308D
:108360002B10A200DFFF401401000224308285AFF1
:10837000348586AF348298AF6C858EA7D0858FA761
:108380002882838F06006214FFFFC3310A00022493
:108390001B006200F4014000121800003C8583AF0E
:1083A000966C400F00000000606C400F0000000061
:1083B000CD6C400F0000000001000224418582A323
:1083C0001400BF8F0800E0031800BD27380600A086
:1083D00064010000010000003300010203040506EF
:1083E0000708090A0B0C0D0E121242505530393095
:1083F000335F32303139303731325F3100000000C5
:1084000055475441424C4554000000003930335028
:10841000656E5461626C657442505530393033007A
:1084200000000000425055303930335F5230410077
:1084300032303139303731325F310000443322116C
:10844000341234128877665578567856000000004A
:10845000000000000000000000000000000000001C
:10846000000000000000000000000000000000000C
:1084700000000000000000000000000000000000FC
:1084800000000000000000000000000000000000EC
:1084900000000000000000000000000000000000DC
:1084A00000000000000000000000000000000000CC
:1084B00000000000000000000000000000000000BC
:1084C00000000000000000000000000000000000AC
:1084D000000000000000000000000000000000009C
:1084E000000000000000000000000000000000008C
:1084F000000000000000000000000000000000007C
:10850000000000000000000000000000000000006B
:10851000000000000000000000000000000000005B
:10852000000000000000000000000000000000004B
:108530000000000000000000000000001C0100A07E
:108540005400000000000000000000A02400000013
:108550000100000005000100080002000004040002
:108560001D0108002E0110002D01200057014000C0
:108570005601800012030127000800A078020000C5
:1085800000000000A81100A0700000000100000021
:10859000050D0902A10185070920A100094209442E
:1085A0000945093C150025017501950481029501D5
:1085B00081030932950181029502810375109501AD
:1085C0003500A4050109306513550D469B1826FF9B
:1085D0007F8102093146610F26FF7F8102B4093095
:1085E000450026FF1F8142093D1581257F750895AD
:1085F000018102093E1581257F8102C0C000000073
:10860000000C00A09A01000000000000240000A05F
:108610000E00000001000000A00F150F0100FFFF79
:10862000FFFF010209000000700100A0020000002D
:1086300000000000340000A0E8000000010000007D
:108640006019D70FD8131D138002800274400000F8
:108650003C2800001C0A000001000000030000008C
:1086600042000000010000000A0000000A000000B3
:1086700028011401FF1F00001E14940100010001D5
:108680000001000101010000B80B00000002000021
:1086900060020000B002000020030000700400002F
:1086A000B006000020070000000200006002000089
:1086B000B00200002003000070040000B0060000BB
:1086C00020070000060468003000680030005000F9
:1086D00089477645974281035E05A808912E192D9A
:1086E000142A5D030405C507020164009600C80052
:1086F000FA002C0190015802E803DC05D0071900AC
:108700000F0008000700050028001E001E001400CE
:108710000F000F000C00080005000300010001001D
:10872000590159012C010000740100A0A4000000AF
:1087300000000000180200A010000000000000006F
:10874000141000A00801000000000000280200A092
:1087500002000000000000009C0D00A0600000006E
:1087600000000000B80700A0100000000100000099
:1087700050463232322D2D2D2D2D2D231E19140F42
:10878000FC0D00A018020000000000002A0200A05A
:108790000200000000000000C80700A00400000064
:1087A00001000000010000001C1100A08C0000006E
:1087B0000100000007941D17D864AC2A89000080CE
:1087C000F81772B17E0000008A104B937E00000003
:1087D000D150A4F07D000000DFD1D7BF7D000000A4
:1087E0008A104B937D000000E4699FD47C00000058
:1087F0001174BC887C000000ADC52C847B00000097
:108800000000000000000000713B38F17B00000018
:108810003DBE7FE47C000000115E0CA37D000000E3
:10882000661F99CF7D000000FD7A94F87D0000005E
:10883000F4FA428F7E000000427FECA07E00000030
:108840009C0700A01C00000001000000500705006C
:1088500027BD2B008F243B01B3C41A071BC0BF1ECA
:10886000450CB958420000802C0200A00400000012
:10887000000000000000000022222222FFFF8430BE
:10888000FFFFA53088BF023C2061428C908482AFFC
:1088900088BF023C2063428C808482AFC88083936F
:1088A000050002240600621482190400C2190400A3
:1088B0009084828FC47B627C908482AF8219040092
:1088C0009084828F8473627C42190400446B627CC2
:1088D000021904000463627CC2180400C45A627C5A
:1088E000821804008452627C42180400444A627C6C
:1088F0000442827C908482AFC98082930400032466
:108900000800431403000324821905008084828F29
:108910008431627C421905004429627C4E62400B1E
:10892000808482AF04004314421905008084828F42
:108930004429627C808482AF021905008084828F82
:108940000421627CC2180500C418627C82180500EC
:108950008410627C421805004408627C0400A27CFA
:10896000808482AF88BF033C9084848F306164AC84
:1089700088BF033C306362AC0800E00300000000E5
:108980008881829304004014F800032400A0023C74
:108990006862400B141043A400A0023C141043A4CE
:1089A000C8808D932300A01900A0073CBC0DE724CC
:1089B00001000B242130000000A00E3C1410CE2535
:1089C000FFFFA92574848C2768848A278962400B5D
:1089D000080008240600261121204201000085908D
:1089E0000000E4942120A4008162400B000064A4F4
:1089F00021208201000085900000E4942120A40041
:108A0000000064A401004224F2FF48140200632421
:108A10000100C62408006B252A10CD000500401077
:108A20000200E72440180B002118C3017562400BB7
:108A3000211000000800E0030000000089818293FB
:108A400004004014F800032400A0023C9762400B8D
:108A5000981043A400A0023C981043A4C9808C93B2
:108A60002F00801921C08001FFFF8B2500A0093C49
:108A7000DC0D2925214000000100062498848E2762
:108A800000A00F3C9810EF250800CA25C262400BD9
:108A900001000D240700681100000000000047904D
:108AA000000026952130E600000066A4B962400B64
:108AB0002130800007008D550000A79000004790EE
:108AC000000026952130E600000066A4B962400B44
:108AD00021308000000026952130E600000066A4C9
:108AE000213080000100842401004224020063241C
:108AF000E8FF4A140100A524010008252A101801E6
:108B000007004010020029250100C4242110C001E3
:108B1000401806002118E301A562400B88848527D0
:108B20000800E00300000000FF00032488BF023CAF
:108B3000386343AC388283934018030000A0023CA2
:108B400014104224211062000000429488BF033CAC
:108B50002061638C908483AFC880849305000324D4
:108B60000600831482210200C22102009084838FB8
:108B7000C47B837C908483AF822102009084838FA6
:108B80008473837C42210200446B837C02210200B7
:108B90000463837CC2200200C45A837C82200200CA
:108BA0008452837C42200200444A837C0442437CFA
:108BB000908483AF88BF023C306143AC0800E0037F
:108BC0000000000000FF033488BF023C386143AC62
:108BD000398283934018030000A0023C981042247D
:108BE000211062000000429488BF033C2063638C24
:108BF000808483AFC9808393040004240800641434
:108C000003000424822102008084838F8431837CCA
:108C1000422102004429837C0D63400B808483AF92
:108C200004006414422102008084838F4429837CE1
:108C3000808483AF022102008084838F0421837C9F
:108C4000C2200200C418837C822002008410837C2E
:108C5000422002004408837C0400437C808483AF6C
:108C600088BF023C306343AC0800E0030000000012
:108C7000FF00A5300700A22C23004010708484A3BD
:108C800080280500029D023C9C8C4224212845003E
:108C90000000A28C0800400000000000B88C019D7C
:108CA000C08C019DCC8C019DD88C019DE48C019DD4
:108CB000F08C019DFC8C019D0800E003B58580A32C
:108CC000010002240800E003B58582A3020002240B
:108CD0000800E003B58582A3030002240800E00336
:108CE000B58582A3040002240800E003B58582A3B1
:108CF000050002240800E003B58582A306000224D3
:108D00000800E003B58582A30800E003B58580A3D1
:108D10001201100100000040BD28140900000102EA
:108D20000301000009025B00030100A02309040005
:108D300000010301020009210001000122B1000726
:108D40000581030800040904010001030102000970
:108D50002100010001226D00070582034000030984
:108D60000402000203000000092100010001222486
:108D700000070583030C0003070503030C000A002A
:108D80000403090412035500470054004100420047
:108D90004C0045005400000022033600200069000A
:108DA0006E00630068002000500065006E005400F3
:108DB000610062006C006500740000000E0330006A
:108DC0003000300030003000300000001C0355003F
:108DD00047003900300031005F004200500055006C
:108DE00030003600300031002603320030002D0004
:108DF000300035002D00320035005F005200650064
:108E00006C006500610073006500300032000000F6
:108E10001603540065007300740020004D006F00BD
:108E20006400650030000000160354006500730004
:108E3000740020004D006F006400650031000000E8
:108E40001603540065007300740020004D006F008D
:108E500064006500320000001603540065007300D2
:108E6000740020004D006F006400650033000000B6
:108E70001603540065007300740020004D006F005D
:108E800064006500340000001603540065007300A0
:108E9000740020004D006F00640065003500000084
:108EA0001603540065007300740020004D006F002D
:108EB000640065003600000016035400650073006E
:108EC000740020004D006F00640065003700000052
:108ED0001603540065007300740020004D006F00FD
:108EE000640065003800000016035400650073003C
:108EF000740020004D006F00640065003900000020
:108F0000200320002000200020002000200020005E
:108F10002000200020002000200020002000200051
:108F20000E037F3E0F270600FF1FEC090000000024
:108F3000040300672C03550047004500450020004E
:108F400054006500630068006E006F006C006F00E5
:108F500067007900200043006F00720070002E004F
:108F600006030000000000000B03003000030801AE
:108F70000000000005030500FF0000001003202092
:108F80002020202020202020202020200803000056
:108F9000000000000C0348004B0020004F006E0052
:108FA0000E0348004B0020004F00660066000000E2
:108FB00006030104000100001203320030003100FA
:108FC0003800300031003000340000000501090293
:108FD000A10185090901A10005091901290315004D
:108FE000250195037501810295058101050109306F
:108FF000093126FF7F950275108102050D09302683
:10900000FF07950175108102C0C005010902A10189
:109010000901A100850105091901290595057501B9
:1090200015002501810295038101050109300931EF
:109030009502751016008026FF7F8106093815817C
:10904000257F950175088106050C0A380295017582
:10905000088106C0C005010906A10185060507199A
:10906000E029E7150025017501950881020507191A
:109070000029FF26FF00750895068100C00000004A
:10908000060AFF0901A101850209027508950B1561
:109090000026FF00810209037508950B150026FFC5
:1090A000009102C0248D019D808D019D848D019DC4
:1090B000988D019DBC8D019DCC8D019DE88D019DFC
:1090C000008F019D208F019D308F019D348F019D68
:1090D000608F019D688F019D748F019D7C8F019D24
:1090E0008C8F019D948F019DA08F019DB08F019D5C
:1090F000B88F019D108E019D288E019D408E019D8F
:10910000588E019D708E019D888E019DA08E019DBF
:10911000B88E019DD08E019DE88E019DD0FFBD27A8
:109120000000BFAFC2550400FF004A31C26D050008
:10913000FF00AD310080083C004A040025482801AA
:1091400000620500256088012470A80024208800A2
:10915000FFFF4F25FE00E12DB200201000000000AF
:10916000FFFFAF25FE00E12DCC0020100000000025
:109170001000801082FFA725D500E0180000000035
:109180002000E12C03002014000000000900001062
:10919000000004240478EC00CD00E015000000007D
:1091A000FFFFE22404784C000200E01500000000FC
:1091B000000004240C00E12C04002010000000003A
:1091C0000478EC005400E011000000000400A4AF9B
:1091D0000800A5AF1000A7AF1400A8AF2400ACAFE3
:1091E0002800ADAF2C00AEAF2520090025280A00CD
:1091F000E268400F25300B00255818002550030069
:10920000254802002C00AE8F2800AD8F2400AC8FC3
:109210001400A88F1000A78F0800A58F0400A48F4A
:1092200082FF4F252168AF012670CB0119002C0168
:1092300012300000106000000600801900000000DD
:109240002A78C0002130C60021608C0121608F0186
:10925000FFFFAD252A78C0002130C60021608F01B4
:109260000400A4AF0800A5AF0C00A6AF1000A7AF84
:109270001400A8AF2400ACAF2800ADAF2C00AEAFF7
:1092800025200C0025280D00DF6B400F25300E0037
:109290002558180025500300254802002C00AE8FE9
:1092A0002800AD8F2400AC8F1400A88F1000A78F6A
:1092B0000C00A68F0800A58F0400A48FFFFF4F2588
:1092C000FE00E12D0C002014000000007D00401D78
:1092D00000000000090006242330CA002000C12C31
:1092E0000200201400000000000009340648C900F4
:1092F000060000102510890040480900424A090074
:10930000C07D0A0025482F01251089000000BF8F6D
:109310000800E0033000BD2720000F242378E70178
:109320000640EC012560090025680A0001000F31A4
:109330000300E015000000000080093C7F000A24C3
:1093400042400800160000110000000040680D00B7
:1093500082FFAD2519008C01106000000300801908
:109360000000000040600C00FFFFAD2501000F3140
:109370000900E0110000000082FFAF2521504F01DD
:1093800019002C0110480000030020190000000003
:1093900040480900FFFF4A25EAFF0010424008004C
:1093A000C6FFC0110000000000400C3CFE000F246E
:1093B0002350EA0125400900026C0800F401A001D5
:1093C0001B008D011230000010600000FFFF07310C
:1093D0001900E6001270000000640C002B788E016A
:1093E0000600E01123608E01FFFFC6242160880182
:1093F0002B088801FCFF201000000000F401A001F0
:109400001B008D0112480000007C060021482F013E
:10941000AAFF20190000000040480900A7FF001023
:10942000FFFF4A25080040150000000021482901DF
:109430000500201100000000203026712350460155
:1094400047FF00100448C9002178A5002000E01162
:10945000000000000800401500000000FF0001248B
:109460001B00A111000000001600A0040000000075
:109470001900001000000000217829011400E015F7
:10948000000000007F00A12D35FF2010000000002B
:109490007F000D2432FF0010FFFF0C240500A015F3
:1094A00021608C010E008011000000000C00801073
:1094B0000000000006008015000000000A000010F7
:1094C00000000000807F013C90FF0010251081000B
:1094D0008EFF0010C0FF023C8CFF0010251004001E
:1094E0008AFF0010803F023CF9FF8014000000005A
:1094F0000600A104000000007F004129F6FF2010B3
:1095000000000000EFFF0010000000007F00412974
:10951000ECFF201000000000EFFF00100000000032
:10952000000000004242414140403F3F3E3E3D3D41
:109530003C3C3B3B3A3A39393838373736363535A3
:10954000343433338584838281807F7E7D7C7B7A53
:10955000797877767574737271706F6E6D6C6B6AF3
:10956000696867667B0100008001000085010000DA
:109570008A01000090010000950100009B0100009D
:10958000A0010000A60100004E4D4C4B4A4948473F
:10959000460000009D9B99979593918F8D00000048
:1095A000E4010000E8010000EC010000F00100000F
:1095B000F4010000F8010000FC01000000020000BE
:1095C000050200003D3D3C3C3B3B3A3A390000007F
:1095D0007B7A7978777675747300000077020000E3
:1095E0007E020000850200008C0200009302000051
:1095F0009A020000A2020000AA020000B1020000CC
:109600002F2E2E2D2D2C2C2B2B0000005E5D5C5B55
:109610005A59585756000000A6DB060046E20600DD
:10962000E6E80600A0EF06005AF606002EFD06004A
:1096300003040700F20A0700E1110700EC18070015
:10964000F71F07001E270700452E07008935070072
:10965000CE3C07002F440700914B07001153070031
:10966000915A070031620700D06907008F71070027
:109670004E7907002E8107000D8907000F91070022
:109680001099070033A1070057A907009EB10700F2
:10969000E4B907004FC20700BACA070049D3070060
:1096A000D9DB07008FE4070044ED070021F607002F
:1096B000FEFE07000208080007110800341A08001F
:1096C00062230800BA2C080012360800953F0800F3
:1096D00018490800C7520800775C08005466080063
:1096E000317008003E7A08004A840800868E08001F
:1096F000C398080031A308009FAD080041B80800D6
:10970000E2C20800B8CD08008ED8080000000000B2
:1097100060090000C0120000201C0000802500002D
:10972000E02E000040380000A0410000004B000087
:1097300060540000C05D00002067000080700000E1
:10974000E079000040830000A08C0000009600003B
:10975000609F0000C0A8000020B2000080BB000095
:10976000E0C4000040CE0000A0D7000000E10000EF
:1097700060EA0000C0F3000020FD00008006010048
:10978000E00F010040190100A0220100002C01009F
:1097900060350100C03E01002048010080510100F9
:1097A000E05A010040640100A06D01000077010053
:1097B00060800100C089010020930100809C0100AD
:1097C000E0A5010040AF0100A0B8010000C2010007
:1097D00060CB0100C0D4010020DE010080E7010061
:1097E000E0F0010040FA0100A0030200000D0200B9
:1097F00060160200C01F0200202902008032020011
:10980000E5D4050087DE050029E805000BF2050018
:10981000EEFB05001306060039100600A41A060028
:109820000F250600C22F0600763A06007645060090
:1098300075500600C35B060011670600CE6907007D
:109840008D7107004C7907002C8107000C890700F7
:109850000D9107000E99070032A1070055A90700D6
:109860009BB10700E1B907004CC20700B7CA070067
:1098700047D30700D7DB070053AC090096B90900AE
:10988000DAC609005BD60900DCE50900B5F309007A
:109890008E010A00B50F0A00DC1D0A00542C0A00D4
:1098A000CC3A0A0098490A0064580A0086670A0000
:1098B000A9760A000000000060090000C012000044
:1098C000201C000080250000E02E00004038000031
:1098D000A0410000004B000060540000C05D00008B
:1098E0002067000080700000E079000040830000E5
:1098F000000048436666663FCDCCCC3D0000003F8B
:109900003333333F9A99993E000020410000A04133
:109910000000F041000020420000484210000224F4
:109920005E8282A300A0023C200D4224100040A0D1
:10993000110040A01F858393120043A03B828393B4
:10994000130043A0E0858393140043A06882838FB3
:10995000003C647C150044A0003A647C160044A0DE
:10996000FF006330170043A000A0033C080F63947E
:1099700002220300180044A0FF006330190043A036
:1099800000A0033CBC0F6394022203001A0044A011
:10999000FF0063301B0043A0018583931C0043A09C
:1099A000DD8483931D0043A01E0040A01F0040A043
:1099B000200002240800E003208382A31000022478
:1099C0005E8282A300A0023C200D422414000324E6
:1099D000100043A0110043A0120043A0130043A0B5
:1099E000140043A0150043A0160043A0170043A095
:1099F000180043A00F000324190043A01A0043A03D
:109A00001B0043A01C0043A01D0043A01E0043A058
:109A10001F0043A094858393200043A0DC8483939C
:109A2000210043A0D4848393220043A0230040A0BC
:109A30002C85838F003A647C240044A0FF006330AF
:109A4000250043A0260002240800E003208382A30F
:109A500000A0023C200D40A0200D4224010040A0A7
:109A600000A0033C400E639402220300020044A0C5
:109A7000FF006330030043A000A0033C080F639481
:109A800002220300040044A0FF006330050043A04D
:109A900000A0033CBC0F639402220300060044A014
:109AA000FF006330070043A0C0858397080040A0F3
:109AB00002220300090044A0FF0063300A0043A013
:109AC0006E8583970B0040A0022203000C0044A087
:109AD000FF0063300D0043A0D58483930E0043A0A4
:109AE000F38483930F0043A0100002240800E003D6
:109AF000208382A3200002245E8282A300A0033C74
:109B0000AC0E632408006494022A040000A0023C06
:109B1000200D4224200045A0FF008430210044A0F5
:109B200014006494022A0400220045A0FF0084303F
:109B3000230044A020006494022A0400240045A0CD
:109B4000FF008430250044A02C006494022A040005
:109B5000260045A0FF008430270044A0380064940C
:109B6000022A0400280045A0FF008430290044A0F8
:109B700044006494022A04002A0045A0FF008430B7
:109B80002B0044A050006494022A04002C0045A03D
:109B9000FF0084302D0044A05C0063940222030087
:109BA0002E0044A0FF0063302F0043A000A0033C20
:109BB000600F632408006494022A0400300045A06A
:109BC000FF008430310044A014006494022A040091
:109BD000320045A0FF008430330044A0200064948C
:109BE000022A0400340045A0FF008430350044A060
:109BF0002C006494022A0400360045A0FF00843043
:109C0000370044A038006494022A0400380045A0BC
:109C1000FF008430390044A044006494022A040008
:109C20003A0045A0FF0084303B0044A050006494FB
:109C3000022A04003C0045A0FF0084303D0044A0FF
:109C40005C006394022203003E0044A0FF006330E6
:109C50003F0043A00800E0030000000010000224C1
:109C60005E8282A300A0033CFC0D63240800649480
:109C7000022A040000A0023C200D4224100045A04E
:109C8000FF008430110044A014006494022A0400F0
:109C9000120045A0FF008430130044A0200064940B
:109CA000022A0400140045A0FF008430150044A0DF
:109CB0002C006494022A0400160045A0FF008430A2
:109CC000170044A038006494022A0400180045A03C
:109CD000FF008430190044A0440063940222030072
:109CE0001A0044A0FF0063301B0043A01C0040A0EA
:109CF0001D0040A01E0040A01F0040A00800E0037F
:109D0000000000009B180224448082A7610F0224F7
:109D1000468082A7EC090224488082A70100022421
:109D2000888082A37F3E0324248483AF0F270324EB
:109D30002C8483AF858180A31A0003244A8083A3E7
:109D4000110003244B8083A3778080A3FF1F03248B
:109D5000788083AF980203244C8083A74E8083A72A
:109D600023000324588083A3598080A32800032460
:109D7000748083A3010003245C8083AF0200052468
:109D8000608085AF42000424648084AF688080A333
:109D9000030004246C8084AF0F000624708086AF1B
:109DA000758083A314000624768086A31E000624F3
:109DB0007C8086A37D8086A3FF0106247E8086A703
:109DC000848182A3868182A304000224C88082A3A6
:109DD000C98084A3888180A3898180A31E00022476
:109DE000CA8082A714000624CC8086A72D000624F2
:109DF000CE8086A7D08082A750000224D28082A77E
:109E000051430224D48082A708420224D68082A72C
:109E10007B3E0224D88082A7BC020224DA8082A77B
:109E200023040224DC8082A7BC070224DE8082A7F0
:109E30000A2C0224E08082A7DF2A0224E28082A783
:109E40007F270224E48082A7D9020224E68082A729
:109E500074040224E88082A75C080224EA8082A7B6
:109E6000EC8085A3248280A3258280A36400022441
:109E7000EE8082A796000224F08082A7C800022408
:109E8000F28082A7FA000224F48082A72C01022427
:109E9000F68082A790010224F88082A75802052448
:109EA000FA8085A7E8030524FC8085A7D007052450
:109EB000FE8085A7A00F0524008185A70A0006243F
:109EC000028186A705000524048185A7088184A74F
:109ED00001000424068183A70A8184A70D000324BE
:109EE0000C8183A70C0003240E8183A70B0003249D
:109EF000108183A7128186A709000324148183A7F8
:109F000007000324168183A7188183A70600032472
:109F10001A8183A71C8185A7040003241E8183A7BF
:109F200003000324208183A7228184A3248182A7A4
:109F3000268182A7288182A72C010224A48182AFD6
:109F4000D0070224A88182AFC8320224AC8182AF3C
:109F50002E540224B08182AFC08F0234B48182AF0C
:109F600056900234B88182AFFEA60234BC8182AF23
:109F70003CD70234C08182AF3DD70334C48183AF64
:109F80009CF90334C88183AFA4514224CC8182AFB1
:109F90000600023C941F4324D08183AF90414324A8
:109FA000D48183AF98164224D88182AF0700023C47
:109FB00040A44234E88182AFF0234324EC8183AF94
:109FC00028F14224F08182AF0A00023C6031432430
:109FD000DC8183AF40604324E08183AF20124224C0
:109FE000E48182AFD8D60234F48182AF48EE0234E5
:109FF000F88182AFE0AB0334FC8183AFA08C0434E2
:10A00000008284AF048284AF088283AF20CB033404
:10A010000C8283AF108282AFF0190224148282AFC7
:10A02000401A0224188282AF320002241C8282AFBE
:10A0300064000224208282AF898080A3878180A36C
:10A04000881302248C8082AF00020724908087AF9F
:10A05000A8020624948086AF48030524988085AF23
:10A060002E0404249C8084AFE2040324A08083AFE8
:10A07000BE050224A48082AF90060824A88088AF81
:10A08000AC8087AFB08086AFB48085AFB88084AF36
:10A09000BC8083AFC08082AFB80602240800E00312
:10A0A000C48082AFBC8383931F006330010002240D
:10A0B000B300621400000000C0838293FF004230AE
:10A0C0000B00401000000000C0838393FF0063304A
:10A0D000010002240600621000000000C083839388
:10A0E000FF00633002000224A5006214000000009B
:10A0F000BD838393FF006330060002246C0062146A
:10A1000000000000BF838293FF004230220003243E
:10A110003200431023000324610043102100032474
:10A120006300431400000000D4838393FF00633076
:10A13000010002245E00621400000000C0838293CC
:10A14000FF0042300900401400A0023C029D033C85
:10A15000368D6324000D43AC000D42240900032416
:10A16000080043A4C0FF0324040043A0C0838393DA
:10A17000FF006330010002240900621400A0023CC9
:10A18000029D033C4F8D6324000D43AC000D42241F
:10A1900009000324080043A4C0FF0324040043A0D3
:10A1A000C0838393FF0063300200022440006214E6
:10A1B00000A0023C029D033C688D6324000D43AC6B
:10A1C000000D422409000324080043A4C0FF032417
:10A1D000040043A0AC68400B00000000D4838393CC
:10A1E000FF0063300100022431006214000000000F
:10A1F000C0838293FF0042300B00401400A0023C59
:10A20000029D033CCC8F6324000D43AC000D42241F
:10A21000B1000324080043A4C0FF0324040043A0AA
:10A22000AC68400B00000000C0838393FF006330E4
:10A23000010002240B00621400A0023C00A0033CB9
:10A24000A8116324000D43AC000D42246D000324CB
:10A25000080043A4C0FF0324040043A0AC68400BE3
:10A2600000000000C0838393FF00633002000224DB
:10A270000F00621400A0023C029D033C8090632406
:10A28000000D43AC000D422424000324080043A425
:10A29000C0FF0324040043A0AC68400B0000000092
:10A2A00080FF032400A0023C000D4224040043A0D0
:10A2B000BC8383936000633020000224300062146A
:10A2C00000000000BD838293FF004230030003249E
:10A2D0001D0043100400432C060060100A000324F4
:10A2E000020003240F00431400A0023CC368400B8B
:10A2F000F18383270D0043100B000324090043144E
:10A3000080FF0324DC68400B00A0023C000D43AC3E
:10A31000000D422401000324080043A4C1FF0324CC
:10A32000040043A00800E0030000000080FF0324B5
:10A3300000A0023C000D4224040043A0BF8382938E
:10A340000800E003F18382A300A0023CF08383278E
:10A35000000D43AC000D422401000324080043A477
:10A3600081FF0324040043A00800E0030000000074
:10A37000000D4224040043A0BE838293F08382A395
:10A380000800E00300000000C23E04001E00E730A9
:10A3900000F0013C244081007F00A1280800201427
:10A3A000000000000000062481FFAD2421580401B4
:10A3B000FF0F013CFFFF2134090000102420810021
:10A3C0000080063C7E000D242368A501F2FFE724EF
:10A3D0000010013C21400101215804012320040107
:10A3E00042580B000080013C255861017F00052484
:10A3F000204088702328A800042004012B088B002B
:10A400000300201400000000422004000100A524E5
:10A4100002640B00F40180011B008C00124000005C
:10A4200010200000FFFF69311900280112500000C0
:10A4300000240400427C0B0025208F002B788A002A
:10A440000600E01123208A00FFFF082521208B0051
:10A450002B088B00FCFF201000000000F40180019D
:10A460001B008C0012200000106000001900240165
:10A470001250000000640C002B788A010600E011E5
:10A4800023608A01FFFF842421608B012B088B014C
:10A49000FCFF201000000000007C080021208F003D
:10A4A0001900840010580000800008242340050192
:10A4B000404008002000012D020020140000000090
:10A4C00000000B3406580B0100A00E3C1C11CE25D9
:10A4D0000000CA8D0400CE2519006A01105000004A
:10A4E0000000C98D0400CE25215049010040013CE7
:10A4F0002B082101F8FF20140000000019008A0039
:10A50000124000001020000006008018000000002B
:10A510002A780001214008012120840021208F0099
:10A52000FFFFA52400A00F3C2811EF250100E22425
:10A53000801002002178E2010000E88D1500001172
:10A5400000000000234805012000212D02002014F6
:10A550000000000000000434062024012528080023
:10A5600000A00F3C2811EF25801007002178E201A0
:10A570000000E88D212088002B7888000500E0117C
:10A5800000000000422004000080013C25208100E2
:10A590000100A5242000A011000000009E000C2452
:10A5A0002040A8712360880104680D0172B10B3C42
:10A5B000F8176B3519006D011240000010580000AB
:10A5C00006006019000000002A78000121400801FF
:10A5D00021586B0121586F01FFFF8C252340850115
:10A5E0002000012D020020140000000000000434AF
:10A5F0000620040121208B002B788B000500E01140
:10A6000000000000422004000080013C2520810061
:10A6100001008C2525280C00020080140000000099
:10A6200000000524251004002518050025C006009B
:10A630000800E00300000000000000000080013C72
:10A640002628A100C24D0400FF002931C25D05008B
:10A65000FF006B310080073C0042040025400701E9
:10A660000052050025504701FFFF2D25FE00A12DBA
:10A670006100201000000000FFFF6D25FE00A12DED
:10A68000770020100000000023602B010D008005E2
:10A6900000000000200081290300201400000000B9
:10A6A0001500001002000A2425300A0006508A0115
:10A6B00004688A011000A611000000000E000010BE
:10A6C00002004A3525480B0023600C002000812938
:10A6D00003002014000000000700001002000824FE
:10A6E0002530080006408801046888010200A61190
:10A6F00000000000020008352460870026688501FC
:10A700001000A0050000000021400A012B680A018A
:10A710001700A0110000000001000D310200A0117F
:10A720000000000002000835424008000100292511
:10A73000FF0001240E002115000000000C00001095
:10A74000000008242B680A010400A01123400A011C
:10A75000234008000300001026608701500000110C
:10A760000000000020300671234826010440C80084
:10A770000E002019000000008000082580000D2D2B
:10A7800021482D01026A08000100AD3123400D016E
:10A790004040080042420800C06D090025400D01FC
:10A7A00025100C010800E003000000000100062451
:10A7B0002330C9002000C12C390020100000000007
:10A7C0000080013C2540010120000D242368A601E2
:10A7D0000448A801020020110640C8000100083505
:10A7E0000000092480000D25E3FFA1050000000002
:10A7F000E1FF0010010009240E00201500000000F8
:10A8000021400801050000110000000020600C71CB
:10A8100023482C0198FF001004408801FF00012408
:10A820000F006111000000000080013C1800A1141D
:10A8300000000000216808011B00A01500000000B6
:10A84000FF00012414006115000000002668850047
:10A850001500A005000000000D0000100000000021
:10A86000080060150000000021504A010A00401154
:10A870000000000020604C7123586C0182FF001022
:10A8800004508A0121684A010700A0150000000059
:10A89000C4FF001025100500C2FF001025100400A1
:10A8A000C0FF001000000224BEFF0010C0FF023CE9
:10A8B00000000000BC020000F202000030030000B3
:10A8C0006B030000AF03000023040000CB04000072
:10A8D0008705000034060000F5060000BC070000F4
:10A8E00087080000460900000E0A0000E90A00007F
:10A8F000AD0B00005C0C0000330D0000F10D0000FA
:10A90000C10E00008D0F00005D100000331100002B
:10A91000E9110000BB1200007A1300003814000097
:10A9200012150000E0150000981600007A170000CC
:10A9300033180000FD180000CF190000931A000022
:10A940004F1B00000B1C0000D51C00009F1D0000C9
:10A950005E1E00001D1F0000ED1F0000B82000005B
:10A96000872100005922000021230000DF2300007E
:10A97000C0240000782500004426000004270000C1
:10A98000D5270000962800005C2900003D2A000021
:10A99000E12A0000AE2B00007B2C0000472D0000B8
:10A9A0000E2E0000E02E00009C2F000066300000FC
:10A9B00033310000F2310000BB3200008D33000063
:10A9C0005134000019350000E2350000B6360000B1
:10A9D000713700003838000000390000CB39000022
:10A9E0008D3A0000513B0000273C0000EE3C000087
:10A9F000AF3D00007B3E0000343F0000F03F000010
:10AA0000B34000006C4100000842000062420000B8
:10AA1000A8420000E442000022430000514300002D
:10AA2000D90200000D03000049030000900300005C
:10AA3000E8030000740400003C050000FC05000071
:10AA4000D5060000970700005C0800001009000010
:10AA5000D8090000AB0A0000700B00002F0C0000AA
:10AA6000F70C0000CC0D00008C0E00003E0F000023
:10AA700010100000D0100000A11100006E120000A4
:10AA800036130000FB130000C914000096150000E7
:10AA90005F1600001D170000DA170000A61800005E
:10AAA000601900004A1A0000141B0000CC1B0000B3
:10AAB000A21C0000691D0000201E0000EB1E00000B
:10AAC000C01F000087200000422100001622000065
:10AAD000D72200009A2300006024000028250000EF
:10AAE000F0250000B62600007F2700003228000075
:10AAF000F3280000B2290000522A0000DF2A0000DB
:10AB00002D2B00006D2B0000AA2B0000E12B000074
:10AB10000A2C0000E0FFBD271C00BFAF1800B2AF39
:10AB20001400B1AF1000B0AF150080102188800074
:10AB30005772400F408111002190400040101100D9
:10AB4000238002025972400F212000005772400FEB
:10AB5000000000002B105000FCFF4014000000001B
:10AB60005972400F212050021C00BF8F1800B28F75
:10AB70001400B18F1000B08F0800E0032000BD2743
:10AB8000E06A400B00000000E0FFBD271C00BFAFE3
:10AB90001800B2AF1400B1AF1000B0AF5D72400F3B
:10ABA000218080002190400088BF023C0030518C01
:10ABB0000003317E0A0020560040103600100324A6
:10ABC00088BF023C083043AC88BF033C0030628C35
:10ABD00000084230FDFF4014000000000040103625
:10ABE00081BF023C00F450ACC56A400F070004244A
:10ABF00081BF023C99AA033C5566632410F443AC20
:10AC00006655033CAA99633410F443AC00800334C6
:10AC100081BF023C08F443AC81BF033C00F4628C6A
:10AC200000804230FDFF401481BF023C00400324FD
:10AC300004F443AC0E0020120010032488BF023C31
:10AC40000030428C0003427C0B00401488BF023C61
:10AC5000083043AC88BF033C0030628C00084230AF
:10AC6000FDFF4014000000001E6B400B00000000C0
:10AC700088BF023C043043AC4572400F21204002A3
:10AC800081BF023C00F4428C003042301C00BF8F78
:10AC90001800B28F1400B18F1000B08F0800E003CD
:10ACA0002000BD27E8FFBD271400BFAF00E0847C73
:10ACB00081BF023C20F444ACE26A400F044004240B
:10ACC0001400BF8F0800E0031800BD27E8FFBD2770
:10ACD0001400BFAF00E0847C81BF023C20F444AC90
:10ACE00081BF023C30F445ACE26A400F01400424CD
:10ACF0001400BF8F0800E0031800BD27E8FFBD2740
:10AD00001400BFAF00E0847C81BF023C20F444AC5F
:10AD100000E0A57C81BF023C40F445ACE26A400FF4
:10AD2000034004241400BF8F0800E0031800BD276F
:10AD3000E8FFBD271400BFAFE26A400F00400424C3
:10AD40001400BF8F0800E0031800BD2700800B3CF3
:10AD5000C2450400FF000831C2550500FF004A311A
:10AD6000003A04002538EB00004A050025482B0175
:10AD70002670850024586E01FFFF0E25FE00C12DB0
:10AD80003F00201000000000FFFF4E25FE00C12DF7
:10AD900053002010000000002B08E90003002014DD
:10ADA0000000000042380700010008258263090006
:10ADB000F40180011B00EC001220000010300000A4
:10ADC000FF3F2D311900A401122800008033060036
:10ADD0002B70C5000400C0112330C500FFFF842480
:10ADE0002130C9002B70C900F40180011B00CC0088
:10ADF00012380000103000001900A70112280000CE
:10AE0000803306002B70C5000400C0112330C5003C
:10AE1000FFFFE7242130C9002B70C90080730400B4
:10AE20002138EE000200C010003907000100E734AD
:10AE30007E000E242370CA0121400E01FFFF0E2563
:10AE4000FE00C12D34002010000000008000E72427
:10AE50008000EE2C21400E01027207000100CE316D
:10AE60002338EE0040380700423A0700C07508005A
:10AE70002538EE002510EB000800E003000000007C
:10AE800008000015000000002138E7000500E01070
:10AE9000000000002060EC7023400C01BAFF00109D
:10AEA00004388701040048150000000021702901C2
:10AEB0002F00C01100000000FF0001240800411114
:10AEC0000000000012000011000000002170E700E7
:10AED0002700C01500000000220000100000000044
:10AEE0000800401500000000214829011D00201124
:10AEF0000000000020602C7123504C01A6FF0010C0
:10AF000004488901217029011900C01500000000C2
:10AF1000D9FF001025100B001200001D00000000DA
:10AF200001000C24236088012000812DF8FF2010EF
:10AF30000000000020000E242370CC010440C70153
:10AF400002000011063887010200E73400000824DF
:10AF50008000EE24BDFFC10500000000BBFF001013
:10AF600001000824807F013CC3FF0010251061010F
:10AF7000C1FF0010C0FF023C00000000C337060004
:10AF800025400600AAB80A3C293B4A35190044016D
:10AF90001250000010580000060060190000000068
:10AFA0002A68400121504A0121586B0121586D0146
:10AFB000FFFFA5240000072483FFA5240800A12C7F
:10AFC0000A002014000000002F00A01C0000000058
:10AFD000235005002000412D020020140000000035
:10AFE00000000B340700001006584B010500A010AC
:10AFF0000000000020000D242368A5010638AB01E5
:10B000000458AB00050061050000000023580B0048
:10B01000FFFF0124264001010100E7242628E60065
:10B020002328A6007F00A52400A00C3C9C078C25AB
:10B030000000848D04008C2505000924190064019A
:10B040001020000026208800232088000000878D23
:10B0500004008C2521208700FFFF2925F7FF21050B
:10B0600000000000030080040000000040200400F5
:10B07000FFFFA524251004002518050025C00600A3
:10B080000800E003000000000080043CF9FF00100D
:10B09000FFFF0539F8FFBD270000BFAFC235040030
:10B0A000FF00C630002A04000080013C2528A100D2
:10B0B00025380400FFFFC924FE00212D15002010B3
:10B0C000000000000400A4AF25200500252806008C
:10B0D000DF6B400F253007002538180025300300AE
:10B0E000252802000400A48FFFFFC924FE00212DA3
:10B0F0001500201000000000401005004212020060
:10B10000C04D0600251049000000BF8F0800E00375
:10B110000800BD270300C01400000000FAFF001063
:10B12000803F023C40480500030020110000000061
:10B13000F5FF0010C0FF023C030081040000000086
:10B14000F1FF0010000002240A008104000000004A
:10B1500009000824234006012000012D02002014CC
:10B16000000000000000053406280501E6FF00107D
:10B1700025100500E4FF0010807F023C0000000065
:10B180008000032488BF023C386143AC0800E00320
:10B19000000000008000032488BF023C346143ACFF
:10B1A0000800E0030000000080BF023C100C40AC2F
:10B1B0000800033C88BF023C341043AC3A858493BA
:10B1C0007080828F2110820080180200802102008E
:10B1D0002320830080BF033C100C628C2B104400A2
:10B1E000FDFF401401000224688083931300621461
:10B1F0000002032488BF023C346343AC80BF023C9E
:10B20000100C40AC0800033C88BF023C341043AC37
:10B210006C80828F8018020080210200232083002E
:10B2200080BF033C100C628C2B104400FDFF4014C7
:10B2300000000000926C400B0001032488BF023C18
:10B24000346343AC0001032488BF023C346343AC45
:10B250000800E003000000000001032488BF023C56
:10B26000386343AC688083930100022405006214B4
:10B270000002032488BF023C386343AC0800E003AB
:10B280000000000088BF023C346343AC0800E003C8
:10B29000000000000008022488BF033C146362AC75
:10B2A00088BF033C046362AC0800E00300000000B8
:10B2B0000800022488BF033C146562AC88BF033CCD
:10B2C000046562AC88BF043C80000324146183AC35
:10B2D00088BF023C046143AC40000324146183AC8A
:10B2E000046143AC88BF043C00010324146383ACB5
:10B2F00088BF023C046343AC00020324146383ACA4
:10B30000046343AC0800E0030000000008000324CD
:10B3100088BF023C346543AC0800E0030000000035
:10B320000800032488BF023C386543AC0800E003F2
:10B3300000000000FF00032488BF023C386343ACD8
:10B3400000FF033488BF023C386143AC0800E003CF
:10B350000000000088BF023C2066428C0800E00329
:10B360000002427C88BF023C2066428C0800E00359
:10B370004002427CC23D0400FF00E730C24D0500A0
:10B38000FF00293100800A3C003204002530CA0049
:10B390000042050025400A012660850024504C012A
:10B3A000FFFFEC24FE00812D210020100000000092
:10B3B000FFFF2C25FE00812D36002010000000002C
:10B3C0001900C8001258000002006011103000007F
:10B3D0000100C6340300C004000000004030060035
:10B3E000FFFFE72482FF2C252138EC00FFFFEC242F
:10B3F000FE00812D3A002010000000008000C624CD
:10B400008000CC2C2138EC000262060001008C3157
:10B410002330CC004030060042320600C0650700F1
:10B420002530CC002510CA000800E0030000000011
:10B430000D00E014000000002130C6000500C0101F
:10B44000000000002058CB702338EB00D8FF00101C
:10B4500004306601FF0001241F00211100000000DC
:10B4600015000010000000002160C6001A008015C1
:10B470000000000004002015000000002160080109
:10B480001500801100000000FF0001240F002115AD
:10B49000000000000A002015000000002140080103
:10B4A000050000110000000020580B7123482B01FB
:10B4B000C3FF001004406801DBFF001025100A00E4
:10B4C000216008010400801500000000807F013C1D
:10B4D000D5FF001025104101D3FF0010C0FF023C32
:10B4E000FAFFE01C0000000001000B242358670154
:10B4F0002000612DF0FF20100000000020000C242F
:10B5000023608B01043886010200E01006306601DA
:10B510000200C634000007248000CC24B7FF810558
:10B5200000000000B5FF001001000724000000002B
:10B53000A00F0224348082A715000224368082A343
:10B5400014000324378083A3FF8F02243A8082A74C
:10B550003C8082A7808180A3818180A30100022496
:10B560003E8082A3020004243F8084A309000524B6
:10B57000408085A3A4060524528485A7540605248B
:10B58000508485A7888180A3898180A300A0053C81
:10B59000F0010A24BC0DAAA4BC0DA524E8010924CD
:10B5A0000200A9A4D80108240400A8A4B801072413
:10B5B0000600A7A4780106240800A6A4F8000B241E
:10B5C0000A00ABA400A0053CDC0DAAA4DC0DA52458
:10B5D0000200A9A40400A8A40600A7A40800A6A429
:10B5E000688484A3698482A36A8480A303000924F5
:10B5F0006B8489A3050008246C8488A307000724B2
:10B600006D8487A3060006246E8486A304000524A7
:10B610006F8485A3988484A3998482A39A8480A349
:10B620009B8489A39C8488A39D8487A39E8486A3EE
:10B630009F8485A3748484A3758482A3768480A365
:10B64000778489A3788488A3798487A37A8486A35E
:10B650007B8485A3888484A3898482A38A8480A32D
:10B660008B8489A38C8488A38D8487A38E8486A3EE
:10B670008F8485A3D6808297488482A7DC808297B6
:10B680001E8482A7E28082973C8482A7E88082970A
:10B69000FC8382A700A0023CB80743A0B80742245D
:10B6A000010043A0020043A0030043A0040043A004
:10B6B000050043A0060043A0070043A0080043A0E4
:10B6C0000F000324090043A00A0043A00B0043A07D
:10B6D0000C0043A00D0043A00E0043A00800E003AF
:10B6E0000F0043A0E8FFBD270000BFAFC245040024
:10B6F000003A04000080013C2538E100FFFF0D25E1
:10B70000FE00A12D48002010000000000400A4AF9E
:10B710001000A7AF1400A8AF252007006B6F400FE3
:10B720002528080025601800255803002550020030
:10B730001400A88F1000A78F0400A48F01000D3102
:10B740000200A011000000004238070019004A0161
:10B7500012300000102800002328A7002568A6004A
:10B760002700A011000000001200A004000000004B
:10B77000FFFF4A250100CD2CFFFFC6242328AD0082
:10B780002B68CA002330CA002328AD002B68CA00EA
:10B790002330CA002328AD001900A00400000000D7
:10B7A0002568A600F2FFA01500000000140000109C
:10B7B0000000000001004A2501004D2D0F00A015DA
:10B7C000000000002130CA002B68CA002128AD000B
:10B7D0002130CA002B68CA002128AD000100CD2C01
:10B7E000FFFFC6242328AD00F2FFA00400000000E4
:10B7F0002568A6000200A01100000000FFFF4A25F6
:10B8000080004A2580004D2D21586D0140100A000E
:10B8100042120200C06D0B0025104D000000BF8FCA
:10B820000800E0031800BD270600810400000000A6
:10B83000406804001300A01500000000F7FF00108E
:10B84000251004000A000015000000002138E70060
:10B850000500E010000000002028E57023400501ED
:10B86000AAFF00100438A700ECFF0010000002241B
:10B870002168E7000300A01500000000E7FF0010AA
:10B8800025100400E5FF0010C0FF023C000000008E
:10B8900000A0023CA00D478CBC02E22C0500401029
:10B8A0005243E22CBC02032400A0023C0800E00347
:10B8B000A00D43AC05004014029D053CF54903244E
:10B8C00000A0023C0800E003A00D43ACB4A8A524EE
:10B8D000212000005A000A240000A68C2B18C70063
:10B8E00019006050010084240400A98C2B1027014A
:10B8F0001500405401008424C0100400404104009D
:10B90000214048008010080021100201BC0242249E
:10B910002338E600C01807004039070021186700E7
:10B920008020030021186400233026011B006600DC
:10B93000F401C000123000002110460000A0043CB9
:10B940000800E003A00D82ACE3FF8A140400A524E4
:10B950000800E0030000000000A0023CA40D478C9A
:10B96000D902E22C050040100B2CE22CD902032452
:10B9700000A0023C0800E003A40D43AC0500401405
:10B98000029D053C5E32032400A0023C0800E00357
:10B99000A40D43AC20AAA524212000003C000A24C9
:10B9A0000000A68C2B18C7001900605001008424E9
:10B9B0000400A98C2B102701150040540100842499
:10B9C000C0100400404104002140480080100800DD
:10B9D00021100201D90242242338E600C0180700D2
:10B9E00040390700211867008020030021186400F7
:10B9F000233026011B006600F401C0001230000055
:10BA00002110460000A0043C0800E003A40D82AC15
:10BA1000E3FF8A140400A5240800E00300000000EE
:10BA2000D8FFBD271C00B1AF00A0113CC807228E73
:10BA3000029D033C98C9638C010042302000B2AFE4
:10BA40001800B0AF2400BFAF218080002190A0007B
:10BA5000240040101000A3AF4370400F000000000E
:10BA6000212040003C72400F212860001400401447
:10BA7000212000026E70400F2128000010004104B8
:10BA8000212000024370400F21204002212040006D
:10BA90003C72400F21286000090040142120000260
:10BAA0001000A527E16F400F212040022120400017
:10BAB0006E70400F21280000230040142120000256
:10BAC0006E70400F21280000070040142120000262
:10BAD000212040026E70400F212800001B004018FA
:10BAE00021000324212000024764400F2128400246
:10BAF00021804000C807228E010042300C00401017
:10BB00002400BF8F4370400F2120000221204000FD
:10BB10003C72400F21286000050040102400BF8FB8
:10BB20002200032400A0023C2C0243AC2400BF8F5F
:10BB3000211000022000B28F1C00B18F1800B08FBE
:10BB40000800E0032800BD272100032400A0023CD8
:10BB500021200000F8FF053C2B6F400F2C0243AC66
:10BB60002400BF8F21804000211000022000B28FEE
:10BB70001C00B18F1800B08F0800E0032800BD271B
:10BB8000FEFF092440500500405807002558640175
:10BB90002558660125504B010300401500000000A8
:10BBA0003C0000100000022402008010404005000C
:10BBB00001000825E0FF013C010021342B080101B0
:10BBC00037002010000000000200C01040400700B5
:10BBD00001000825E0FF013C010021342B08010190
:10BBE0002F002010000000001600A104000000003B
:10BBF0000300E0040000000026000010FFFF022404
:10BC00002B508600232086002B58AA002328AA0048
:10BC10002B50A70025504B01030040112328A700FB
:10BC20001C000010010002242550A4000300401154
:10BC30000000000017000010FFFF02241500001094
:10BC4000000002240300E1040000000011000010C5
:10BC5000010002242B508600232086002B58AA00C6
:10BC60002328AA002B50A70025504B0103004011A8
:10BC70002328A70007000010FFFF02242550A4007E
:10BC80000300401100000000020000100100022427
:10BC9000000002240800E003000000000000000093
:10BCA000FCFF00102510090000000000C03A05004C
:10BCB000425D04002538EB00C03204000080013CE6
:10BCC0002538E1000080013C2448A10040400500E7
:10BCD0004245080080FC0825FFFF0B25FE00612D72
:10BCE00012002010000000000200C0100000000040
:10BCF0000100E7348000E7248000EB2C21400B0199
:10BD0000025A070001006B312338EB00403807006E
:10BD1000423A0700C05D08002538EB002510E90015
:10BD20000800E00300000000000000007F04012480
:10BD30000700011500000000405807002558660163
:10BD40000300601100000000F5FF0010C0FF023C7E
:10BD5000FF0001290400201400000000807F013C46
:10BD6000EFFF00102510210101000A242350480193
:10BD70002000412D0300201400000000E8FF001007
:10BD80002510090020000C2423608A010458870133
:10BD90002530CB0006384701000008240080013C14
:10BDA000D1FF00102538E100000000003A008010AB
:10BDB000000000000100AD300B00A01100000000E9
:10BDC000F267093C00182935190089001048000065
:10BDD000134D013C00482134214821014220040038
:10BDE000070000100100A5240093093C19008900F8
:10BDF00010480000FF6C013C00FC21342148210167
:10BE0000433805003F00E724C24B0900F40120013C
:10BE10001B00890012500000804B090000540A00EA
:10BE200021482A012B682A0123482D0100800A3C61
:10BE3000025C0900F40160011B004B01125000007C
:10BE400000540A000200401500000000FFFF0A2411
:10BE500019002A011058000023580B0019004B014B
:10BE600010500000190044011050000040500A001A
:10BE70004248090021482A012B682A0123482D0144
:10BE800025300900251006002518070025C00800E8
:10BE90000800E0030000000000000724F9FF001084
:10BEA0002530070000000000A8FFBD270400A1AF57
:10BEB0000800A2AF0C00A3AF1000A4AF1400A5AF00
:10BEC0001800A6AF1C00A7AF2000A8AF2400A9AFA0
:10BED0002800AAAF2C00ABAF3000ACAF3400ADAF40
:10BEE0003800AEAF3C00AFAF4000B8AF4400B9AFD0
:10BEF0004800BFAF124000004C00A8AF1040000047
:10BF00005000A8AF029D1A3C4CC75A270000000001
:10BF1000006804400060054009F84003000000008C
:10BF20005000A88F110000014C00A88F13000001E1
:10BF30000400A18F0800A28F0C00A38F1000A48F13
:10BF40001400A58F1800A68F1C00A78F2000A88FB3
:10BF50002400A98F2800AA8F2C00AB8F3000AC8F53
:10BF60003400AD8F3800AE8F3C00AF8F4000B88FEB
:10BF70004400B98F4800BF8F5800BD27C0000000A3
:10BF800018000042C23D0400FF00E7300080083C7A
:10BF9000003204002530C80024400401FF000124C1
:10BFA0002800E11000000000254806002550070089
:10BFB000255808009E000C24236087010600801984
:10BFC00000000000200081291C002010000000005B
:10BFD00006488901044889014060090042620C005A
:10BFE000C06D0A0025608D0125688B010000ADAC95
:10BFF0002360EA002000812D0200201400000000D0
:10C0000000000934064889012330C9000800C01027
:10C01000000000002060CC702338EC000430860162
:10C020004030060042320600C06D07002530CD00CA
:10C030002510C8000800E00300000000F8FF001011
:10C040000000A8ACC0FF043C0000A4ACF9FF001045
:10C05000251004000000000021180000211000003D
:10C06000213083000000C6902110460001006324A7
:10C070002B306500FBFFC0542130830023100200E9
:10C080000800E003FF004230E8FFBD271400BFAF07
:10C090001000B0AF1800A4AF1C00A5AF2000A6AFE1
:10C0A0002180E000120002240000E2A00800022427
:10C0B0000100E2A01800A2930200E2A01900A293DE
:10C0C0000300E2A01A00A2930400E2A01B00A293C6
:10C0D0000500E2A01C00A2930600E2A01D00A293AE
:10C0E0000700E2A01E00A2930800E2A02120E000C9
:10C0F0001670400F09000524090002A21400BF8F2A
:10C100001000B08F0800E0031800BD27C23D0400F6
:10C11000FF00E7300080013C24308100FFFFE9246C
:10C12000FE00212D0D002010000000008003E724F8
:10C13000404A0400024B09002530C900402F04008A
:10C14000004D07002530C900251005002518060000
:10C150000800E003000000000000000000000524CB
:10C1600021208400F6FF8010000000000900E01488
:10C1700000000000FFFFE724212084008000013C34
:10C180002B088100FBFF201400000000E7FF0010D7
:10C1900000000000FF07072400FF013C01002134DC
:10C1A0002B088100E6FF201400000000E4FF0010CF
:10C1B000F8FF063C00000000FEFF082440300400A9
:10C1C000403805002548C7001B0020110000000072
:10C1D00000FF013C010021342B08C1001A0020108F
:10C1E0000000000000FF013C010021342B08E100A9
:10C1F00015002010000000000200810442300600FB
:10C20000233006000200A10442380700233807004B
:10C210002A08C700030020100000000007000010DB
:10C22000FFFF02242A08E60003002010000000009F
:10C230000200001001000224000002240800E003B4
:10C240000000000000000000FCFF001025100800A6
:10C25000000000000400C9280500201121388600D4
:10C260001700C01C000000000800E00321100000BF
:10C270002540850003000831030000110000000084
:10C2800010000010000088900000888C0000A98C2D
:10C2900004008424050009110400A524FCFFA52442
:10C2A000FCFF84240700001000008890FCFFC624D7
:10C2B000F5FFC01C000000000800E0032110000092
:10C2C000000088900000A990010084240300091157
:10C2D0000100A5240800E00323100901F8FF8714DA
:10C2E000000000000800E00321100000D8FFBD2777
:10C2F0001C00B2AF00F0847C2000B3AF1800B1AFD7
:10C300001400B0AF2400BFAF4370400F029D123C39
:10C3100090C9468E94C9478E212040002128600094
:10C3200021804000218860004071400F01001324EB
:10C33000090040142400BF8F90C9468E94C9478ECF
:10C3400021200002E06E400F212820020100405C05
:10C35000219800002400BF8F0100623A01004230A2
:10C360002000B38F1C00B28F1800B18F1400B08F63
:10C370000800E0032800BD27D8FFBD271C00B2AF8E
:10C3800000F0847C2000B3AF1800B1AF1400B0AF50
:10C390002400BFAF4370400F029D123C90C9468EEF
:10C3A00094C9478E21204000212860002180400050
:10C3B000218860004071400F0100132409004014DF
:10C3C0002400BF8F90C9468E94C9478E2120000259
:10C3D000E06E400F212820020100405C21980000FF
:10C3E0002400BF8F0100623A010042302000B38F69
:10C3F0001C00B28F1800B18F1400B08F0800E0034A
:10C400002800BD27002A04000080013C2528A10047
:10C41000C23D0400FF00E7309E0006242330C70021
:10C420000D00C018000000002000C12803002014E7
:10C43000000000000500001000000224020081043A
:10C440000628C50023280500251005000800E00384
:10C450000000000000000000807F013C010021344A
:10C460002B0881000300201400000000F7FF0010DB
:10C470000080023CFF7F023CF4FF0010FFFF4234CB
:10C4800000000000002A04000080013C2528A100D3
:10C49000C23D0400FF00E7309E0006242330C700A1
:10C4A0000D00C004000000002000C128030020147B
:10C4B00000000000050000100000022402008104BA
:10C4C0000628C50023280500251005000800E00304
:10C4D0000000000000000000807F013C01002134CA
:10C4E0002B0881000300201400000000F7FF00105B
:10C4F0000080023CF5FF0010FFFF02240000000056
:10C50000F07F023C00F0A57C010043242B18A3001F
:10C510000F006050010002240A00A210F07F033CCB
:10C5200000F0E77C010064242B20E4000800801068
:10C53000010002240800E310000000000800E003EE
:10C5400021100000F6FF801000000000010002240E
:10C550000800E00300000000FDFFC05021100000B3
:10C560000800E003000000000080013C1200801081
:10C570002430810002008104000000002320040018
:10C580009E000524203887702328A7000420E4009B
:10C59000800084248000882C2128A8000342040005
:10C5A00001000831232088004020040042220400BA
:10C5B000C045050025208800251086000800E003FE
:10C5C0000000000000000000403E3D3B3A39373695
:10C5D000807D7B7775736E6C05080A0E1013171932
:10C5E0003D3C3C3B3B3A37367A79787776756E6CD2
:10C5F0000B0C0D0E0F1017194B4A3C3B2D2C000055
:10C60000969478765A5900000204090B1011000024
:10C61000000000390000803F0000004600A0023CFE
:10C62000C807428CE8FFBD27010042301000B0AFC0
:10C630001400BFAF07004010218080006E70400FD3
:10C6400021280000030041042100032400A0023C33
:10C650002C0243ACB96D400F212000021400BF8FA3
:10C660001000B08F0800E0031800BD270000043C54
:10C67000E8FFBD2700008424030080101400BFAF32
:10C6800009F8800000000000000084300000A530A0
:10C690009741400F000000000000023C00004224CF
:10C6A000030040100000000009F8400000000000F6
:10C6B000F9FF001000000000E8FFBD271400BFAF25
:10C6C00006008004211080005A71400F0000000015
:10C6D0001400BF8F0800E0031800BD27010042309E
:10C6E000422004005A71400F252082002120400082
:10C6F0009169400F212840001400BF8F0800E0031B
:10C700001800BD270000023CE8FFBD2700004224BE
:10C71000060040101400BFAF0000023C000042249D
:10C7200003004010029D023C3F000070029D023C4D
:10C7300094C74224030040100000000009F84000A4
:10C7400000000000D171400B000000000000023C1E
:10C75000E8FFBD2700004224060040101400BFAFD0
:10C760000000023C0000422403004010029D023CF5
:10C770003F000070029D023C94C742240300401019
:10C780000000000009F8400000000000E371400BC9
:10C790000000000000606041C000000099AA033C56
:10C7A00081BF023C5566632430F240AC30F243ACAA
:10C7B0006655033CAA99633430F243AC81BF023C16
:10C7C0000100032418F643AC81BF023C10F6428CF2
:10C7D000E771400B00000000E8FFBD271000B0AF7C
:10C7E0001400BFAF4370400F01001024212040000F
:10C7F00021286000213040004071400F2138600046
:10C8000001004050218000001400BF8F2110000261
:10C810001000B08F0800E0031800BD27E8FFBD2717
:10C820001000B0AF1400BFAF4370400F01001024E0
:10C830002120400021286000213040004071400F3D
:10C840002138600001004050218000001400BF8F9B
:10C85000211000021000B08F0800E0031800BD276F
:10C860000000023C00004224050040100000023C91
:10C870000000422403004010029D023C3F00007073
:10C88000029D023C94C74224FDFF401000000000BE
:10C8900009F8400000000000E8FFBD271400BFAF0A
:10C8A000006803408000023C25106200006882405E
:10C8B0000010032488BF023C5B72400F081043AC99
:10C8C0001400BF8F0800E0031800BD27F07F033C71
:10C8D0002430A3000300C3100098A57C0800E003E7
:10C8E00021100000252085000800E0032B10040023
:10C8F000F07F033C2430A3000300C3100098A57C04
:10C900000800E00321100000252085000800E00356
:10C910000100822C0100843003008014000000001C
:10C920000800E003006060410800E003206060410F
:10C9300000601A40BFFF1B3CFFFF7B3724D05B0326
:10C9400000609A4018000042556765655F4C696257
:10C950007261727932303138000000000800E00363
:10C96000004802400800E003004884400800E0035B
:10C97000206062410800E003006062410800E003BB
:10C98000000000000800E003000000001E0000009E
:10C99000FFFFFFFFFFFFEF7F0000803FFFFFFFFF74
:10C9A000FFFFFFFFFFFFFFFFFFFFFFFFFFFFFFFF97
:10C9B000FFFFFFFFFFFFFFFFFFFFFFFFFFFFFFFF87
:10C9C000FFFFFFFFFFFFFFFFFFFFFFFFFFFFFFFF77
:10C9D000FFFFFFFFFFFFFFFFFFFFFFFFFFFFFFFF67
:10C9E000FFFFFFFFFFFFFFFFFFFFFFFFFFFFFFFF57
:10C9F000FFFFFFFFFFFFFFFFFFFFFFFFFFFFFFFF47
:10CA0000FFFFFFFFFFFFFFFFFFFFFFFFFFFFFFFF36
:10CA1000FFFFFFFFFFFFFFFFFFFFFFFFFFFFFFFF26
:10CA2000FFFFFFFFFFFFFFFFFFFFFFFFFFFFFFFF16
:10CA3000FFFFFFFFFFFFFFFFFFFFFFFFFFFFFFFF06
:10CA4000FFFFFFFFFFFFFFFFFFFFFFFFFFFFFFFFF6
:10CA5000FFFFFFFFFFFFFFFFFFFFFFFFFFFFFFFFE6
:10CA6000FFFFFFFFFFFFFFFFFFFFFFFFFFFFFFFFD6
:10CA7000FFFFFFFFFFFFFFFFFFFFFFFFFFFFFFFFC6
:10CA8000FFFFFFFFFFFFFFFFFFFFFFFFFFFFFFFFB6
:10CA9000FFFFFFFFFFFFFFFFFFFFFFFFFFFFFFFFA6
:10CAA000FFFFFFFFFFFFFFFFFFFFFFFFFFFFFFFF96
:10CAB000FFFFFFFFFFFFFFFFFFFFFFFFFFFFFFFF86
:10CAC000FFFFFFFFFFFFFFFFFFFFFFFFFFFFFFFF76
:10CAD000FFFFFFFFFFFFFFFFFFFFFFFFFFFFFFFF66
:10CAE000FFFFFFFFFFFFFFFFFFFFFFFFFFFFFFFF56
:10CAF000FFFFFFFFFFFFFFFFFFFFFFFFFFFFFFFF46
:10CB0000FFFFFFFFFFFFFFFFFFFFFFFFFFFFFFFF35
:10CB1000FFFFFFFFFFFFFFFFFFFFFFFFFFFFFFFF25
:10CB2000FFFFFFFFFFFFFFFFFFFFFFFFFFFFFFFF15
:10CB3000FFFFFFFFFFFFFFFFFFFFFFFFFFFFFFFF05
:10CB4000FFFFFFFFFFFFFFFFFFFFFFFFFFFFFFFFF5
:10CB5000FFFFFFFFFFFFFFFFFFFFFFFFFFFFFFFFE5
:10CB6000FFFFFFFFFFFFFFFFFFFFFFFFFFFFFFFFD5
:10CB7000FFFFFFFFFFFFFFFFFFFFFFFFFFFFFFFFC5
:10CB8000FFFFFFFFFFFFFFFFFFFFFFFFFFFFFFFFB5
:10CB9000FFFFFFFFFFFFFFFFFFFFFFFFFFFFFFFFA5
:10CBA000FFFFFFFFFFFFFFFFFFFFFFFFFFFFFFFF95
:10CBB000FFFFFFFFFFFFFFFFFFFFFFFFFFFFFFFF85
:10CBC000FFFFFFFFFFFFFFFFFFFFFFFFFFFFFFFF75
:10CBD000FFFFFFFFFFFFFFFFFFFFFFFFFFFFFFFF65
:10CBE000FFFFFFFFFFFFFFFFFFFFFFFFFFFFFFFF55
:10CBF000FFFFFFFFFFFFFFFFFFFFFFFFFFFFFFFF45
:10CC0000FFFFFFFFFFFFFFFFFFFFFFFFFFFFFFFF34
:10CC1000FFFFFFFFFFFFFFFFFFFFFFFFFFFFFFFF24
:10CC2000FFFFFFFFFFFFFFFFFFFFFFFFFFFFFFFF14
:10CC3000FFFFFFFFFFFFFFFFFFFFFFFFFFFFFFFF04
:10CC4000FFFFFFFFFFFFFFFFFFFFFFFFFFFFFFFFF4
:10CC5000FFFFFFFFFFFFFFFFFFFFFFFFFFFFFFFFE4
:10CC6000FFFFFFFFFFFFFFFFFFFFFFFFFFFFFFFFD4
:10CC7000FFFFFFFFFFFFFFFFFFFFFFFFFFFFFFFFC4
:10CC8000FFFFFFFFFFFFFFFFFFFFFFFFFFFFFFFFB4
:10CC9000FFFFFFFFFFFFFFFFFFFFFFFFFFFFFFFFA4
:10CCA000FFFFFFFFFFFFFFFFFFFFFFFFFFFFFFFF94
:10CCB000FFFFFFFFFFFFFFFFFFFFFFFFFFFFFFFF84
:10CCC000FFFFFFFFFFFFFFFFFFFFFFFFFFFFFFFF74
:10CCD000FFFFFFFFFFFFFFFFFFFFFFFFFFFFFFFF64
:10CCE000FFFFFFFFFFFFFFFFFFFFFFFFFFFFFFFF54
:10CCF000FFFFFFFFFFFFFFFFFFFFFFFFFFFFFFFF44
:10CD0000FFFFFFFFFFFFFFFFFFFFFFFFFFFFFFFF33
:10CD1000FFFFFFFFFFFFFFFFFFFFFFFFFFFFFFFF23
:10CD2000FFFFFFFFFFFFFFFFFFFFFFFFFFFFFFFF13
:10CD3000FFFFFFFFFFFFFFFFFFFFFFFFFFFFFFFF03
:10CD4000FFFFFFFFFFFFFFFFFFFFFFFFFFFFFFFFF3
:10CD5000FFFFFFFFFFFFFFFFFFFFFFFFFFFFFFFFE3
:10CD6000FFFFFFFFFFFFFFFFFFFFFFFFFFFFFFFFD3
:10CD7000FFFFFFFFFFFFFFFFFFFFFFFFFFFFFFFFC3
:10CD8000FFFFFFFFFFFFFFFFFFFFFFFFFFFFFFFFB3
:10CD9000FFFFFFFFFFFFFFFFFFFFFFFFFFFFFFFFA3
:10CDA000FFFFFFFFFFFFFFFFFFFFFFFFFFFFFFFF93
:10CDB000FFFFFFFFFFFFFFFFFFFFFFFFFFFFFFFF83
:10CDC000FFFFFFFFFFFFFFFFFFFFFFFFFFFFFFFF73
:10CDD000FFFFFFFFFFFFFFFFFFFFFFFFFFFFFFFF63
:10CDE000FFFFFFFFFFFFFFFFFFFFFFFFFFFFFFFF53
:10CDF000FFFFFFFFFFFFFFFFFFFFFFFFFFFFFFFF43
:10CE0000FFFFFFFFFFFFFFFFFFFFFFFFFFFFFFFF32
:10CE1000FFFFFFFFFFFFFFFFFFFFFFFFFFFFFFFF22
:10CE2000FFFFFFFFFFFFFFFFFFFFFFFFFFFFFFFF12
:10CE3000FFFFFFFFFFFFFFFFFFFFFFFFFFFFFFFF02
:10CE4000FFFFFFFFFFFFFFFFFFFFFFFFFFFFFFFFF2
:10CE5000FFFFFFFFFFFFFFFFFFFFFFFFFFFFFFFFE2
:10CE6000FFFFFFFFFFFFFFFFFFFFFFFFFFFFFFFFD2
:10CE7000FFFFFFFFFFFFFFFFFFFFFFFFFFFFFFFFC2
:10CE8000FFFFFFFFFFFFFFFFFFFFFFFFFFFFFFFFB2
:10CE9000FFFFFFFFFFFFFFFFFFFFFFFFFFFFFFFFA2
:10CEA000FFFFFFFFFFFFFFFFFFFFFFFFFFFFFFFF92
:10CEB000FFFFFFFFFFFFFFFFFFFFFFFFFFFFFFFF82
:10CEC000FFFFFFFFFFFFFFFFFFFFFFFFFFFFFFFF72
:10CED000FFFFFFFFFFFFFFFFFFFFFFFFFFFFFFFF62
:10CEE000FFFFFFFFFFFFFFFFFFFFFFFFFFFFFFFF52
:10CEF000FFFFFFFFFFFFFFFFFFFFFFFFFFFFFFFF42
:10CF0000FFFFFFFFFFFFFFFFFFFFFFFFFFFFFFFF31
:10CF1000FFFFFFFFFFFFFFFFFFFFFFFFFFFFFFFF21
:10CF2000FFFFFFFFFFFFFFFFFFFFFFFFFFFFFFFF11
:10CF3000FFFFFFFFFFFFFFFFFFFFFFFFFFFFFFFF01
:10CF4000FFFFFFFFFFFFFFFFFFFFFFFFFFFFFFFFF1
:10CF5000FFFFFFFFFFFFFFFFFFFFFFFFFFFFFFFFE1
:10CF6000FFFFFFFFFFFFFFFFFFFFFFFFFFFFFFFFD1
:10CF7000FFFFFFFFFFFFFFFFFFFFFFFFFFFFFFFFC1
:10CF8000FFFFFFFFFFFFFFFFFFFFFFFFFFFFFFFFB1
:10CF9000FFFFFFFFFFFFFFFFFFFFFFFFFFFFFFFFA1
:10CFA000FFFFFFFFFFFFFFFFFFFFFFFFFFFFFFFF91
:10CFB000FFFFFFFFFFFFFFFFFFFFFFFFFFFFFFFF81
:10CFC000FFFFFFFFFFFFFFFFFFFFFFFFFFFFFFFF71
:10CFD000FFFFFFFFFFFFFFFFFFFFFFFFFFFFFFFF61
:10CFE000FFFFFFFFFFFFFFFFFFFFFFFFFFFFFFFF51
:10CFF000FFFFFFFFFFFFFFFFFFFFFFFFFFFFFFFF41
:10D00000FFFFFFFFFFFFFFFFFFFFFFFFFFFFFFFF30
:10D01000FFFFFFFFFFFFFFFFFFFFFFFFFFFFFFFF20
:10D02000FFFFFFFFFFFFFFFFFFFFFFFFFFFFFFFF10
:10D03000FFFFFFFFFFFFFFFFFFFFFFFFFFFFFFFF00
:10D04000FFFFFFFFFFFFFFFFFFFFFFFFFFFFFFFFF0
:10D05000FFFFFFFFFFFFFFFFFFFFFFFFFFFFFFFFE0
:10D06000FFFFFFFFFFFFFFFFFFFFFFFFFFFFFFFFD0
:10D07000FFFFFFFFFFFFFFFFFFFFFFFFFFFFFFFFC0
:10D08000FFFFFFFFFFFFFFFFFFFFFFFFFFFFFFFFB0
:10D09000FFFFFFFFFFFFFFFFFFFFFFFFFFFFFFFFA0
:10D0A000FFFFFFFFFFFFFFFFFFFFFFFFFFFFFFFF90
:10D0B000FFFFFFFFFFFFFFFFFFFFFFFFFFFFFFFF80
:10D0C000FFFFFFFFFFFFFFFFFFFFFFFFFFFFFFFF70
:10D0D000FFFFFFFFFFFFFFFFFFFFFFFFFFFFFFFF60
:10D0E000FFFFFFFFFFFFFFFFFFFFFFFFFFFFFFFF50
:10D0F000FFFFFFFFFFFFFFFFFFFFFFFFFFFFFFFF40
:10D10000FFFFFFFFFFFFFFFFFFFFFFFFFFFFFFFF2F
:10D11000FFFFFFFFFFFFFFFFFFFFFFFFFFFFFFFF1F
:10D12000FFFFFFFFFFFFFFFFFFFFFFFFFFFFFFFF0F
:10D13000FFFFFFFFFFFFFFFFFFFFFFFFFFFFFFFFFF
:10D14000FFFFFFFFFFFFFFFFFFFFFFFFFFFFFFFFEF
:10D15000FFFFFFFFFFFFFFFFFFFFFFFFFFFFFFFFDF
:10D16000FFFFFFFFFFFFFFFFFFFFFFFFFFFFFFFFCF
:10D17000FFFFFFFFFFFFFFFFFFFFFFFFFFFFFFFFBF
:10D18000FFFFFFFFFFFFFFFFFFFFFFFFFFFFFFFFAF
:10D19000FFFFFFFFFFFFFFFFFFFFFFFFFFFFFFFF9F
:10D1A000FFFFFFFFFFFFFFFFFFFFFFFFFFFFFFFF8F
:10D1B000FFFFFFFFFFFFFFFFFFFFFFFFFFFFFFFF7F
:10D1C000FFFFFFFFFFFFFFFFFFFFFFFFFFFFFFFF6F
:10D1D000FFFFFFFFFFFFFFFFFFFFFFFFFFFFFFFF5F
:10D1E000FFFFFFFFFFFFFFFFFFFFFFFFFFFFFFFF4F
:10D1F000FFFFFFFFFFFFFFFFFFFFFFFFFFFFFFFF3F
:10D20000FFFFFFFFFFFFFFFFFFFFFFFFFFFFFFFF2E
:10D21000FFFFFFFFFFFFFFFFFFFFFFFFFFFFFFFF1E
:10D22000FFFFFFFFFFFFFFFFFFFFFFFFFFFFFFFF0E
:10D23000FFFFFFFFFFFFFFFFFFFFFFFFFFFFFFFFFE
:10D24000FFFFFFFFFFFFFFFFFFFFFFFFFFFFFFFFEE
:10D25000FFFFFFFFFFFFFFFFFFFFFFFFFFFFFFFFDE
:10D26000FFFFFFFFFFFFFFFFFFFFFFFFFFFFFFFFCE
:10D27000FFFFFFFFFFFFFFFFFFFFFFFFFFFFFFFFBE
:10D28000FFFFFFFFFFFFFFFFFFFFFFFFFFFFFFFFAE
:10D29000FFFFFFFFFFFFFFFFFFFFFFFFFFFFFFFF9E
:10D2A000FFFFFFFFFFFFFFFFFFFFFFFFFFFFFFFF8E
:10D2B000FFFFFFFFFFFFFFFFFFFFFFFFFFFFFFFF7E
:10D2C000FFFFFFFFFFFFFFFFFFFFFFFFFFFFFFFF6E
:10D2D000FFFFFFFFFFFFFFFFFFFFFFFFFFFFFFFF5E
:10D2E000FFFFFFFFFFFFFFFFFFFFFFFFFFFFFFFF4E
:10D2F000FFFFFFFFFFFFFFFFFFFFFFFFFFFFFFFF3E
:10D30000FFFFFFFFFFFFFFFFFFFFFFFFFFFFFFFF2D
:10D31000FFFFFFFFFFFFFFFFFFFFFFFFFFFFFFFF1D
:10D32000FFFFFFFFFFFFFFFFFFFFFFFFFFFFFFFF0D
:10D33000FFFFFFFFFFFFFFFFFFFFFFFFFFFFFFFFFD
:10D34000FFFFFFFFFFFFFFFFFFFFFFFFFFFFFFFFED
:10D35000FFFFFFFFFFFFFFFFFFFFFFFFFFFFFFFFDD
:10D36000FFFFFFFFFFFFFFFFFFFFFFFFFFFFFFFFCD
:10D37000FFFFFFFFFFFFFFFFFFFFFFFFFFFFFFFFBD
:10D38000FFFFFFFFFFFFFFFFFFFFFFFFFFFFFFFFAD
:10D39000FFFFFFFFFFFFFFFFFFFFFFFFFFFFFFFF9D
:10D3A000FFFFFFFFFFFFFFFFFFFFFFFFFFFFFFFF8D
:10D3B000FFFFFFFFFFFFFFFFFFFFFFFFFFFFFFFF7D
:10D3C000FFFFFFFFFFFFFFFFFFFFFFFFFFFFFFFF6D
:10D3D000FFFFFFFFFFFFFFFFFFFFFFFFFFFFFFFF5D
:10D3E000FFFFFFFFFFFFFFFFFFFFFFFFFFFFFFFF4D
:10D3F000FFFFFFFFFFFFFFFFFFFFFFFFFFFFFFFF3D
:10D40000FFFFFFFFFFFFFFFFFFFFFFFFFFFFFFFF2C
:10D41000FFFFFFFFFFFFFFFFFFFFFFFFFFFFFFFF1C
:10D42000FFFFFFFFFFFFFFFFFFFFFFFFFFFFFFFF0C
:10D43000FFFFFFFFFFFFFFFFFFFFFFFFFFFFFFFFFC
:10D44000FFFFFFFFFFFFFFFFFFFFFFFFFFFFFFFFEC
:10D45000FFFFFFFFFFFFFFFFFFFFFFFFFFFFFFFFDC
:10D46000FFFFFFFFFFFFFFFFFFFFFFFFFFFFFFFFCC
:10D47000FFFFFFFFFFFFFFFFFFFFFFFFFFFFFFFFBC
:10D48000FFFFFFFFFFFFFFFFFFFFFFFFFFFFFFFFAC
:10D49000FFFFFFFFFFFFFFFFFFFFFFFFFFFFFFFF9C
:10D4A000FFFFFFFFFFFFFFFFFFFFFFFFFFFFFFFF8C
:10D4B000FFFFFFFFFFFFFFFFFFFFFFFFFFFFFFFF7C
:10D4C000FFFFFFFFFFFFFFFFFFFFFFFFFFFFFFFF6C
:10D4D000FFFFFFFFFFFFFFFFFFFFFFFFFFFFFFFF5C
:10D4E000FFFFFFFFFFFFFFFFFFFFFFFFFFFFFFFF4C
:10D4F000FFFFFFFFFFFFFFFFFFFFFFFFFFFFFFFF3C
:10D50000FFFFFFFFFFFFFFFFFFFFFFFFFFFFFFFF2B
:10D51000FFFFFFFFFFFFFFFFFFFFFFFFFFFFFFFF1B
:10D52000FFFFFFFFFFFFFFFFFFFFFFFFFFFFFFFF0B
:10D53000FFFFFFFFFFFFFFFFFFFFFFFFFFFFFFFFFB
:10D54000FFFFFFFFFFFFFFFFFFFFFFFFFFFFFFFFEB
:10D55000FFFFFFFFFFFFFFFFFFFFFFFFFFFFFFFFDB
:10D56000FFFFFFFFFFFFFFFFFFFFFFFFFFFFFFFFCB
:10D57000FFFFFFFFFFFFFFFFFFFFFFFFFFFFFFFFBB
:10D58000FFFFFFFFFFFFFFFFFFFFFFFFFFFFFFFFAB
:10D59000FFFFFFFFFFFFFFFFFFFFFFFFFFFFFFFF9B
:10D5A000FFFFFFFFFFFFFFFFFFFFFFFFFFFFFFFF8B
:10D5B000FFFFFFFFFFFFFFFFFFFFFFFFFFFFFFFF7B
:10D5C000FFFFFFFFFFFFFFFFFFFFFFFFFFFFFFFF6B
:10D5D000FFFFFFFFFFFFFFFFFFFFFFFFFFFFFFFF5B
:10D5E000FFFFFFFFFFFFFFFFFFFFFFFFFFFFFFFF4B
:10D5F000FFFFFFFFFFFFFFFFFFFFFFFFFFFFFFFF3B
:10D60000FFFFFFFFFFFFFFFFFFFFFFFFFFFFFFFF2A
:10D61000FFFFFFFFFFFFFFFFFFFFFFFFFFFFFFFF1A
:10D62000FFFFFFFFFFFFFFFFFFFFFFFFFFFFFFFF0A
:10D63000FFFFFFFFFFFFFFFFFFFFFFFFFFFFFFFFFA
:10D64000FFFFFFFFFFFFFFFFFFFFFFFFFFFFFFFFEA
:10D65000FFFFFFFFFFFFFFFFFFFFFFFFFFFFFFFFDA
:10D66000FFFFFFFFFFFFFFFFFFFFFFFFFFFFFFFFCA
:10D67000FFFFFFFFFFFFFFFFFFFFFFFFFFFFFFFFBA
:10D68000FFFFFFFFFFFFFFFFFFFFFFFFFFFFFFFFAA
:10D69000FFFFFFFFFFFFFFFFFFFFFFFFFFFFFFFF9A
:10D6A000FFFFFFFFFFFFFFFFFFFFFFFFFFFFFFFF8A
:10D6B000FFFFFFFFFFFFFFFFFFFFFFFFFFFFFFFF7A
:10D6C000FFFFFFFFFFFFFFFFFFFFFFFFFFFFFFFF6A
:10D6D000FFFFFFFFFFFFFFFFFFFFFFFFFFFFFFFF5A
:10D6E000FFFFFFFFFFFFFFFFFFFFFFFFFFFFFFFF4A
:10D6F000FFFFFFFFFFFFFFFFFFFFFFFFFFFFFFFF3A
:10D70000FFFFFFFFFFFFFFFFFFFFFFFFFFFFFFFF29
:10D71000FFFFFFFFFFFFFFFFFFFFFFFFFFFFFFFF19
:10D72000FFFFFFFFFFFFFFFFFFFFFFFFFFFFFFFF09
:10D73000FFFFFFFFFFFFFFFFFFFFFFFFFFFFFFFFF9
:10D74000FFFFFFFFFFFFFFFFFFFFFFFFFFFFFFFFE9
:10D75000FFFFFFFFFFFFFFFFFFFFFFFFFFFFFFFFD9
:10D76000FFFFFFFFFFFFFFFFFFFFFFFFFFFFFFFFC9
:10D77000FFFFFFFFFFFFFFFFFFFFFFFFFFFFFFFFB9
:10D78000FFFFFFFFFFFFFFFFFFFFFFFFFFFFFFFFA9
:10D79000FFFFFFFFFFFFFFFFFFFFFFFFFFFFFFFF99
:10D7A000FFFFFFFFFFFFFFFFFFFFFFFFFFFFFFFF89
:10D7B000FFFFFFFFFFFFFFFFFFFFFFFFFFFFFFFF79
:10D7C000FFFFFFFFFFFFFFFFFFFFFFFFFFFFFFFF69
:10D7D000FFFFFFFFFFFFFFFFFFFFFFFFFFFFFFFF59
:10D7E000FFFFFFFFFFFFFFFFFFFFFFFFFFFFFFFF49
:10D7F000FFFFFFFFFFFFFFFFFFFFFFFFFFFFFFFF39
:10D80000FFFFFFFFFFFFFFFFFFFFFFFFFFFFFFFF28
:10D81000FFFFFFFFFFFFFFFFFFFFFFFFFFFFFFFF18
:10D82000FFFFFFFFFFFFFFFFFFFFFFFFFFFFFFFF08
:10D83000FFFFFFFFFFFFFFFFFFFFFFFFFFFFFFFFF8
:10D84000FFFFFFFFFFFFFFFFFFFFFFFFFFFFFFFFE8
:10D85000FFFFFFFFFFFFFFFFFFFFFFFFFFFFFFFFD8
:10D86000FFFFFFFFFFFFFFFFFFFFFFFFFFFFFFFFC8
:10D87000FFFFFFFFFFFFFFFFFFFFFFFFFFFFFFFFB8
:10D88000FFFFFFFFFFFFFFFFFFFFFFFFFFFFFFFFA8
:10D89000FFFFFFFFFFFFFFFFFFFFFFFFFFFFFFFF98
:10D8A000FFFFFFFFFFFFFFFFFFFFFFFFFFFFFFFF88
:10D8B000FFFFFFFFFFFFFFFFFFFFFFFFFFFFFFFF78
:10D8C000FFFFFFFFFFFFFFFFFFFFFFFFFFFFFFFF68
:10D8D000FFFFFFFFFFFFFFFFFFFFFFFFFFFFFFFF58
:10D8E000FFFFFFFFFFFFFFFFFFFFFFFFFFFFFFFF48
:10D8F000FFFFFFFFFFFFFFFFFFFFFFFFFFFFFFFF38
:10D90000FFFFFFFFFFFFFFFFFFFFFFFFFFFFFFFF27
:10D91000FFFFFFFFFFFFFFFFFFFFFFFFFFFFFFFF17
:10D92000FFFFFFFFFFFFFFFFFFFFFFFFFFFFFFFF07
:10D93000FFFFFFFFFFFFFFFFFFFFFFFFFFFFFFFFF7
:10D94000FFFFFFFFFFFFFFFFFFFFFFFFFFFFFFFFE7
:10D95000FFFFFFFFFFFFFFFFFFFFFFFFFFFFFFFFD7
:10D96000FFFFFFFFFFFFFFFFFFFFFFFFFFFFFFFFC7
:10D97000FFFFFFFFFFFFFFFFFFFFFFFFFFFFFFFFB7
:10D98000FFFFFFFFFFFFFFFFFFFFFFFFFFFFFFFFA7
:10D99000FFFFFFFFFFFFFFFFFFFFFFFFFFFFFFFF97
:10D9A000FFFFFFFFFFFFFFFFFFFFFFFFFFFFFFFF87
:10D9B000FFFFFFFFFFFFFFFFFFFFFFFFFFFFFFFF77
:10D9C000FFFFFFFFFFFFFFFFFFFFFFFFFFFFFFFF67
:10D9D000FFFFFFFFFFFFFFFFFFFFFFFFFFFFFFFF57
:10D9E000FFFFFFFFFFFFFFFFFFFFFFFFFFFFFFFF47
:10D9F000FFFFFFFFFFFFFFFFFFFFFFFFFFFFFFFF37
:10DA0000FFFFFFFFFFFFFFFFFFFFFFFFFFFFFFFF26
:10DA1000FFFFFFFFFFFFFFFFFFFFFFFFFFFFFFFF16
:10DA2000FFFFFFFFFFFFFFFFFFFFFFFFFFFFFFFF06
:10DA3000FFFFFFFFFFFFFFFFFFFFFFFFFFFFFFFFF6
:10DA4000FFFFFFFFFFFFFFFFFFFFFFFFFFFFFFFFE6
:10DA5000FFFFFFFFFFFFFFFFFFFFFFFFFFFFFFFFD6
:10DA6000FFFFFFFFFFFFFFFFFFFFFFFFFFFFFFFFC6
:10DA7000FFFFFFFFFFFFFFFFFFFFFFFFFFFFFFFFB6
:10DA8000FFFFFFFFFFFFFFFFFFFFFFFFFFFFFFFFA6
:10DA9000FFFFFFFFFFFFFFFFFFFFFFFFFFFFFFFF96
:10DAA000FFFFFFFFFFFFFFFFFFFFFFFFFFFFFFFF86
:10DAB000FFFFFFFFFFFFFFFFFFFFFFFFFFFFFFFF76
:10DAC000FFFFFFFFFFFFFFFFFFFFFFFFFFFFFFFF66
:10DAD000FFFFFFFFFFFFFFFFFFFFFFFFFFFFFFFF56
:10DAE000FFFFFFFFFFFFFFFFFFFFFFFFFFFFFFFF46
:10DAF000FFFFFFFFFFFFFFFFFFFFFFFFFFFFFFFF36
:10DB0000FFFFFFFFFFFFFFFFFFFFFFFFFFFFFFFF25
:10DB1000FFFFFFFFFFFFFFFFFFFFFFFFFFFFFFFF15
:10DB2000FFFFFFFFFFFFFFFFFFFFFFFFFFFFFFFF05
:10DB3000FFFFFFFFFFFFFFFFFFFFFFFFFFFFFFFFF5
:10DB4000FFFFFFFFFFFFFFFFFFFFFFFFFFFFFFFFE5
:10DB5000FFFFFFFFFFFFFFFFFFFFFFFFFFFFFFFFD5
:10DB6000FFFFFFFFFFFFFFFFFFFFFFFFFFFFFFFFC5
:10DB7000FFFFFFFFFFFFFFFFFFFFFFFFFFFFFFFFB5
:10DB8000FFFFFFFFFFFFFFFFFFFFFFFFFFFFFFFFA5
:10DB9000FFFFFFFFFFFFFFFFFFFFFFFFFFFFFFFF95
:10DBA000FFFFFFFFFFFFFFFFFFFFFFFFFFFFFFFF85
:10DBB000FFFFFFFFFFFFFFFFFFFFFFFFFFFFFFFF75
:10DBC000FFFFFFFFFFFFFFFFFFFFFFFFFFFFFFFF65
:10DBD000FFFFFFFFFFFFFFFFFFFFFFFFFFFFFFFF55
:10DBE000FFFFFFFFFFFFFFFFFFFFFFFFFFFFFFFF45
:10DBF000FFFFFFFFFFFFFFFFFFFFFFFFFFFFFFFF35
:10DC0000FFFFFFFFFFFFFFFFFFFFFFFFFFFFFFFF24
:10DC1000FFFFFFFFFFFFFFFFFFFFFFFFFFFFFFFF14
:10DC2000FFFFFFFFFFFFFFFFFFFFFFFFFFFFFFFF04
:10DC3000FFFFFFFFFFFFFFFFFFFFFFFFFFFFFFFFF4
:10DC4000FFFFFFFFFFFFFFFFFFFFFFFFFFFFFFFFE4
:10DC5000FFFFFFFFFFFFFFFFFFFFFFFFFFFFFFFFD4
:10DC6000FFFFFFFFFFFFFFFFFFFFFFFFFFFFFFFFC4
:10DC7000FFFFFFFFFFFFFFFFFFFFFFFFFFFFFFFFB4
:10DC8000FFFFFFFFFFFFFFFFFFFFFFFFFFFFFFFFA4
:10DC9000FFFFFFFFFFFFFFFFFFFFFFFFFFFFFFFF94
:10DCA000FFFFFFFFFFFFFFFFFFFFFFFFFFFFFFFF84
:10DCB000FFFFFFFFFFFFFFFFFFFFFFFFFFFFFFFF74
:10DCC000FFFFFFFFFFFFFFFFFFFFFFFFFFFFFFFF64
:10DCD000FFFFFFFFFFFFFFFFFFFFFFFFFFFFFFFF54
:10DCE000FFFFFFFFFFFFFFFFFFFFFFFFFFFFFFFF44
:10DCF000FFFFFFFFFFFFFFFFFFFFFFFFFFFFFFFF34
:10DD0000FFFFFFFFFFFFFFFFFFFFFFFFFFFFFFFF23
:10DD1000FFFFFFFFFFFFFFFFFFFFFFFFFFFFFFFF13
:10DD2000FFFFFFFFFFFFFFFFFFFFFFFFFFFFFFFF03
:10DD3000FFFFFFFFFFFFFFFFFFFFFFFFFFFFFFFFF3
:10DD4000FFFFFFFFFFFFFFFFFFFFFFFFFFFFFFFFE3
:10DD5000FFFFFFFFFFFFFFFFFFFFFFFFFFFFFFFFD3
:10DD6000FFFFFFFFFFFFFFFFFFFFFFFFFFFFFFFFC3
:10DD7000FFFFFFFFFFFFFFFFFFFFFFFFFFFFFFFFB3
:10DD8000FFFFFFFFFFFFFFFFFFFFFFFFFFFFFFFFA3
:10DD9000FFFFFFFFFFFFFFFFFFFFFFFFFFFFFFFF93
:10DDA000FFFFFFFFFFFFFFFFFFFFFFFFFFFFFFFF83
:10DDB000FFFFFFFFFFFFFFFFFFFFFFFFFFFFFFFF73
:10DDC000FFFFFFFFFFFFFFFFFFFFFFFFFFFFFFFF63
:10DDD000FFFFFFFFFFFFFFFFFFFFFFFFFFFFFFFF53
:10DDE000FFFFFFFFFFFFFFFFFFFFFFFFFFFFFFFF43
:10DDF000FFFFFFFFFFFFFFFFFFFFFFFFFFFFFFFF33
:10DE0000FFFFFFFFFFFFFFFFFFFFFFFFFFFFFFFF22
:10DE1000FFFFFFFFFFFFFFFFFFFFFFFFFFFFFFFF12
:10DE2000FFFFFFFFFFFFFFFFFFFFFFFFFFFFFFFF02
:10DE3000FFFFFFFFFFFFFFFFFFFFFFFFFFFFFFFFF2
:10DE4000FFFFFFFFFFFFFFFFFFFFFFFFFFFFFFFFE2
:10DE5000FFFFFFFFFFFFFFFFFFFFFFFFFFFFFFFFD2
:10DE6000FFFFFFFFFFFFFFFFFFFFFFFFFFFFFFFFC2
:10DE7000FFFFFFFFFFFFFFFFFFFFFFFFFFFFFFFFB2
:10DE8000FFFFFFFFFFFFFFFFFFFFFFFFFFFFFFFFA2
:10DE9000FFFFFFFFFFFFFFFFFFFFFFFFFFFFFFFF92
:10DEA000FFFFFFFFFFFFFFFFFFFFFFFFFFFFFFFF82
:10DEB000FFFFFFFFFFFFFFFFFFFFFFFFFFFFFFFF72
:10DEC000FFFFFFFFFFFFFFFFFFFFFFFFFFFFFFFF62
:10DED000FFFFFFFFFFFFFFFFFFFFFFFFFFFFFFFF52
:10DEE000FFFFFFFFFFFFFFFFFFFFFFFFFFFFFFFF42
:10DEF000FFFFFFFFFFFFFFFFFFFFFFFFFFFFFFFF32
:10DF0000FFFFFFFFFFFFFFFFFFFFFFFFFFFFFFFF21
:10DF1000FFFFFFFFFFFFFFFFFFFFFFFFFFFFFFFF11
:10DF2000FFFFFFFFFFFFFFFFFFFFFFFFFFFFFFFF01
:10DF3000FFFFFFFFFFFFFFFFFFFFFFFFFFFFFFFFF1
:10DF4000FFFFFFFFFFFFFFFFFFFFFFFFFFFFFFFFE1
:10DF5000FFFFFFFFFFFFFFFFFFFFFFFFFFFFFFFFD1
:10DF6000FFFFFFFFFFFFFFFFFFFFFFFFFFFFFFFFC1
:10DF7000FFFFFFFFFFFFFFFFFFFFFFFFFFFFFFFFB1
:10DF8000FFFFFFFFFFFFFFFFFFFFFFFFFFFFFFFFA1
:10DF9000FFFFFFFFFFFFFFFFFFFFFFFFFFFFFFFF91
:10DFA000FFFFFFFFFFFFFFFFFFFFFFFFFFFFFFFF81
:10DFB000FFFFFFFFFFFFFFFFFFFFFFFFFFFFFFFF71
:10DFC000FFFFFFFFFFFFFFFFFFFFFFFFFFFFFFFF61
:10DFD000FFFFFFFFFFFFFFFFFFFFFFFFFFFFFFFF51
:10DFE000FFFFFFFFFFFFFFFFFFFFFFFFFFFFFFFF41
:10DFF000FFFFFFFFFFFFFFFFFFFFFFFFFFFFFFFF31
:10E00000FFFF0000FFFFFFFFFFFFFFFFFFFFFFFF1E
:10E01000FFFFFFFFFFFFFFFFFFFFFFFFFFFFFFFF10
:10E02000FFFFFFFFFFFFFFFFFFFFFFFFFFFFFFFF00
:10E03000FFFFFFFFFFFFFFFFFFFFFFFFFFFFFFFFF0
:10E04000FFFFFFFFFFFFFFFFFFFFFFFFFFFFFFFFE0
:10E05000FFFFFFFFFFFFFFFFFFFFFFFFFFFFFFFFD0
:10E06000FFFFFFFFFFFFFFFFFFFFFFFFFFFFFFFFC0
:10E07000FFFFFFFFFFFFFFFFFFFFFFFFFFFFFFFFB0
:10E08000FFFFFFFFFFFFFFFFFFFFFFFFFFFFFFFFA0
:10E09000FFFFFFFFFFFFFFFFFFFFFFFFFFFFFFFF90
:10E0A000FFFFFFFFFFFFFFFFFFFFFFFFFFFFFFFF80
:10E0B000FFFFFFFFFFFFFFFFFFFFFFFFFFFFFFFF70
:10E0C000FFFFFFFFFFFFFFFFFFFFFFFFFFFFFFFF60
:10E0D000FFFFFFFFFFFFFFFFFFFFFFFFFFFFFFFF50
:10E0E000FFFFFFFFFFFFFFFFFFFFFFFFFFFFFFFF40
:10E0F000FFFFFFFFFFFFFFFFFFFFFFFFFFFFFFFF30
:10E10000FFFFFFFFFFFFFFFFFFFFFFFFFFFFFFFF1F
:10E11000FFFFFFFFFFFFFFFFFFFFFFFFFFFFFFFF0F
:10E12000FFFFFFFFFFFFFFFFFFFFFFFFFFFFFFFFFF
:10E13000FFFFFFFFFFFFFFFFFFFFFFFFFFFFFFFFEF
:10E14000FFFFFFFFFFFFFFFFFFFFFFFFFFFFFFFFDF
:10E15000FFFFFFFFFFFFFFFFFFFFFFFFFFFFFFFFCF
:10E16000FFFFFFFFFFFFFFFFFFFFFFFFFFFFFFFFBF
:10E17000FFFFFFFFFFFFFFFFFFFFFFFFFFFFFFFFAF
:10E18000FFFFFFFFFFFFFFFFFFFFFFFFFFFFFFFF9F
:10E19000FFFFFFFFFFFFFFFFFFFFFFFFFFFFFFFF8F
:10E1A000FFFFFFFFFFFFFFFFFFFFFFFFFFFFFFFF7F
:10E1B000FFFFFFFFFFFFFFFFFFFFFFFFFFFFFFFF6F
:10E1C000FFFFFFFFFFFFFFFFFFFFFFFFFFFFFFFF5F
:10E1D000FFFFFFFFFFFFFFFFFFFFFFFFFFFFFFFF4F
:10E1E000FFFFFFFFFFFFFFFFFFFFFFFFFFFFFFFF3F
:10E1F000FFFFFFFFFFFFFFFFFFFFFFFFFFFFFFFF2F
:10E20000FFFFFFFFFFFFFFFFFFFFFFFFFFFFFFFF1E
:10E21000FFFFFFFFFFFFFFFFFFFFFFFFFFFFFFFF0E
:10E22000FFFFFFFFFFFFFFFFFFFFFFFFFFFFFFFFFE
:10E23000FFFFFFFFFFFFFFFFFFFFFFFFFFFFFFFFEE
:10E24000FFFFFFFFFFFFFFFFFFFFFFFFFFFFFFFFDE
:10E25000FFFFFFFFFFFFFFFFFFFFFFFFFFFFFFFFCE
:10E26000FFFFFFFFFFFFFFFFFFFFFFFFFFFFFFFFBE
:10E27000FFFFFFFFFFFFFFFFFFFFFFFFFFFFFFFFAE
:10E28000FFFFFFFFFFFFFFFFFFFFFFFFFFFFFFFF9E
:10E29000FFFFFFFFFFFFFFFFFFFFFFFFFFFFFFFF8E
:10E2A000FFFFFFFFFFFFFFFFFFFFFFFFFFFFFFFF7E
:10E2B000FFFFFFFFFFFFFFFFFFFFFFFFFFFFFFFF6E
:10E2C000FFFFFFFFFFFFFFFFFFFFFFFFFFFFFFFF5E
:10E2D000FFFFFFFFFFFFFFFFFFFFFFFFFFFFFFFF4E
:10E2E000FFFFFFFFFFFFFFFFFFFFFFFFFFFFFFFF3E
:10E2F000FFFFFFFFFFFFFFFFFFFFFFFFFFFFFFFF2E
:10E30000FFFFFFFFFFFFFFFFFFFFFFFFFFFFFFFF1D
:10E31000FFFFFFFFFFFFFFFFFFFFFFFFFFFFFFFF0D
:10E32000FFFFFFFFFFFFFFFFFFFFFFFFFFFFFFFFFD
:10E33000FFFFFFFFFFFFFFFFFFFFFFFFFFFFFFFFED
:10E34000FFFFFFFFFFFFFFFFFFFFFFFFFFFFFFFFDD
:10E35000FFFFFFFFFFFFFFFFFFFFFFFFFFFFFFFFCD
:10E36000FFFFFFFFFFFFFFFFFFFFFFFFFFFFFFFFBD
:10E37000FFFFFFFFFFFFFFFFFFFFFFFFFFFFFFFFAD
:10E38000FFFFFFFFFFFFFFFFFFFFFFFFFFFFFFFF9D
:10E39000FFFFFFFFFFFFFFFFFFFFFFFFFFFFFFFF8D
:10E3A000FFFFFFFFFFFFFFFFFFFFFFFFFFFFFFFF7D
:10E3B000FFFFFFFFFFFFFFFFFFFFFFFFFFFFFFFF6D
:10E3C000FFFFFFFFFFFFFFFFFFFFFFFFFFFFFFFF5D
:10E3D000FFFFFFFFFFFFFFFFFFFFFFFFFFFFFFFF4D
:10E3E000FFFFFFFFFFFFFFFFFFFFFFFFFFFFFFFF3D
:10E3F000FFFFFFFFFFFFFFFFFFFFFFFFFFFFFFFF2D
:10E40000FFFFFFFFFFFFFFFFFFFFFFFFFFFFFFFF1C
:10E41000FFFFFFFFFFFFFFFFFFFFFFFFFFFFFFFF0C
:10E42000FFFFFFFFFFFFFFFFFFFFFFFFFFFFFFFFFC
:10E43000FFFFFFFFFFFFFFFFFFFFFFFFFFFFFFFFEC
:10E44000FFFFFFFFFFFFFFFFFFFFFFFFFFFFFFFFDC
:10E45000FFFFFFFFFFFFFFFFFFFFFFFFFFFFFFFFCC
:10E46000FFFFFFFFFFFFFFFFFFFFFFFFFFFFFFFFBC
:10E47000FFFFFFFFFFFFFFFFFFFFFFFFFFFFFFFFAC
:10E48000FFFFFFFFFFFFFFFFFFFFFFFFFFFFFFFF9C
:10E49000FFFFFFFFFFFFFFFFFFFFFFFFFFFFFFFF8C
:10E4A000FFFFFFFFFFFFFFFFFFFFFFFFFFFFFFFF7C
:10E4B000FFFFFFFFFFFFFFFFFFFFFFFFFFFFFFFF6C
:10E4C000FFFFFFFFFFFFFFFFFFFFFFFFFFFFFFFF5C
:10E4D000FFFFFFFFFFFFFFFFFFFFFFFFFFFFFFFF4C
:10E4E000FFFFFFFFFFFFFFFFFFFFFFFFFFFFFFFF3C
:10E4F000FFFFFFFFFFFFFFFFFFFFFFFFFFFFFFFF2C
:10E50000FFFFFFFFFFFFFFFFFFFFFFFFFFFFFFFF1B
:10E51000FFFFFFFFFFFFFFFFFFFFFFFFFFFFFFFF0B
:10E52000FFFFFFFFFFFFFFFFFFFFFFFFFFFFFFFFFB
:10E53000FFFFFFFFFFFFFFFFFFFFFFFFFFFFFFFFEB
:10E54000FFFFFFFFFFFFFFFFFFFFFFFFFFFFFFFFDB
:10E55000FFFFFFFFFFFFFFFFFFFFFFFFFFFFFFFFCB
:10E56000FFFFFFFFFFFFFFFFFFFFFFFFFFFFFFFFBB
:10E57000FFFFFFFFFFFFFFFFFFFFFFFFFFFFFFFFAB
:10E58000FFFFFFFFFFFFFFFFFFFFFFFFFFFFFFFF9B
:10E59000FFFFFFFFFFFFFFFFFFFFFFFFFFFFFFFF8B
:10E5A000FFFFFFFFFFFFFFFFFFFFFFFFFFFFFFFF7B
:10E5B000FFFFFFFFFFFFFFFFFFFFFFFFFFFFFFFF6B
:10E5C000FFFFFFFFFFFFFFFFFFFFFFFFFFFFFFFF5B
:10E5D000FFFFFFFFFFFFFFFFFFFFFFFFFFFFFFFF4B
:10E5E000FFFFFFFFFFFFFFFFFFFFFFFFFFFFFFFF3B
:10E5F000FFFFFFFFFFFFFFFFFFFFFFFFFFFFFFFF2B
:10E60000FFFFFFFFFFFFFFFFFFFFFFFFFFFFFFFF1A
:10E61000FFFFFFFFFFFFFFFFFFFFFFFFFFFFFFFF0A
:10E62000FFFFFFFFFFFFFFFFFFFFFFFFFFFFFFFFFA
:10E63000FFFFFFFFFFFFFFFFFFFFFFFFFFFFFFFFEA
:10E64000FFFFFFFFFFFFFFFFFFFFFFFFFFFFFFFFDA
:10E65000FFFFFFFFFFFFFFFFFFFFFFFFFFFFFFFFCA
:10E66000FFFFFFFFFFFFFFFFFFFFFFFFFFFFFFFFBA
:10E67000FFFFFFFFFFFFFFFFFFFFFFFFFFFFFFFFAA
:10E68000FFFFFFFFFFFFFFFFFFFFFFFFFFFFFFFF9A
:10E69000FFFFFFFFFFFFFFFFFFFFFFFFFFFFFFFF8A
:10E6A000FFFFFFFFFFFFFFFFFFFFFFFFFFFFFFFF7A
:10E6B000FFFFFFFFFFFFFFFFFFFFFFFFFFFFFFFF6A
:10E6C000FFFFFFFFFFFFFFFFFFFFFFFFFFFFFFFF5A
:10E6D000FFFFFFFFFFFFFFFFFFFFFFFFFFFFFFFF4A
:10E6E000FFFFFFFFFFFFFFFFFFFFFFFFFFFFFFFF3A
:10E6F000FFFFFFFFFFFFFFFFFFFFFFFFFFFFFFFF2A
:10E70000FFFFFFFFFFFFFFFFFFFFFFFFFFFFFFFF19
:10E71000FFFFFFFFFFFFFFFFFFFFFFFFFFFFFFFF09
:10E72000FFFFFFFFFFFFFFFFFFFFFFFFFFFFFFFFF9
:10E73000FFFFFFFFFFFFFFFFFFFFFFFFFFFFFFFFE9
:10E74000FFFFFFFFFFFFFFFFFFFFFFFFFFFFFFFFD9
:10E75000FFFFFFFFFFFFFFFFFFFFFFFFFFFFFFFFC9
:10E76000FFFFFFFFFFFFFFFFFFFFFFFFFFFFFFFFB9
:10E77000FFFFFFFFFFFFFFFFFFFFFFFFFFFFFFFFA9
:10E78000FFFFFFFFFFFFFFFFFFFFFFFFFFFFFFFF99
:10E79000FFFFFFFFFFFFFFFFFFFFFFFFFFFFFFFF89
:10E7A000FFFFFFFFFFFFFFFFFFFFFFFFFFFFFFFF79
:10E7B000FFFFFFFFFFFFFFFFFFFFFFFFFFFFFFFF69
:10E7C000FFFFFFFFFFFFFFFFFFFFFFFFFFFFFFFF59
:10E7D000FFFFFFFFFFFFFFFFFFFFFFFFFFFFFFFF49
:10E7E000FFFFFFFFFFFFFFFFFFFFFFFFFFFFFFFF39
:10E7F000FFFFFFFFFFFFFFFFFFFFFFFFFFFFFFFF29
:10E80000FFFFFFFFFFFFFFFFFFFFFFFFFFFFFFFF18
:10E81000FFFFFFFFFFFFFFFFFFFFFFFFFFFFFFFF08
:10E82000FFFFFFFFFFFFFFFFFFFFFFFFFFFFFFFFF8
:10E83000FFFFFFFFFFFFFFFFFFFFFFFFFFFFFFFFE8
:10E84000FFFFFFFFFFFFFFFFFFFFFFFFFFFFFFFFD8
:10E85000FFFFFFFFFFFFFFFFFFFFFFFFFFFFFFFFC8
:10E86000FFFFFFFFFFFFFFFFFFFFFFFFFFFFFFFFB8
:10E87000FFFFFFFFFFFFFFFFFFFFFFFFFFFFFFFFA8
:10E88000FFFFFFFFFFFFFFFFFFFFFFFFFFFFFFFF98
:10E89000FFFFFFFFFFFFFFFFFFFFFFFFFFFFFFFF88
:10E8A000FFFFFFFFFFFFFFFFFFFFFFFFFFFFFFFF78
:10E8B000FFFFFFFFFFFFFFFFFFFFFFFFFFFFFFFF68
:10E8C000FFFFFFFFFFFFFFFFFFFFFFFFFFFFFFFF58
:10E8D000FFFFFFFFFFFFFFFFFFFFFFFFFFFFFFFF48
:10E8E000FFFFFFFFFFFFFFFFFFFFFFFFFFFFFFFF38
:10E8F000FFFFFFFFFFFFFFFFFFFFFFFFFFFFFFFF28
:10E90000FFFFFFFFFFFFFFFFFFFFFFFFFFFFFFFF17
:10E91000FFFFFFFFFFFFFFFFFFFFFFFFFFFFFFFF07
:10E92000FFFFFFFFFFFFFFFFFFFFFFFFFFFFFFFFF7
:10E93000FFFFFFFFFFFFFFFFFFFFFFFFFFFFFFFFE7
:10E94000FFFFFFFFFFFFFFFFFFFFFFFFFFFFFFFFD7
:10E95000FFFFFFFFFFFFFFFFFFFFFFFFFFFFFFFFC7
:10E96000FFFFFFFFFFFFFFFFFFFFFFFFFFFFFFFFB7
:10E97000FFFFFFFFFFFFFFFFFFFFFFFFFFFFFFFFA7
:10E98000FFFFFFFFFFFFFFFFFFFFFFFFFFFFFFFF97
:10E99000FFFFFFFFFFFFFFFFFFFFFFFFFFFFFFFF87
:10E9A000FFFFFFFFFFFFFFFFFFFFFFFFFFFFFFFF77
:10E9B000FFFFFFFFFFFFFFFFFFFFFFFFFFFFFFFF67
:10E9C000FFFFFFFFFFFFFFFFFFFFFFFFFFFFFFFF57
:10E9D000FFFFFFFFFFFFFFFFFFFFFFFFFFFFFFFF47
:10E9E000FFFFFFFFFFFFFFFFFFFFFFFFFFFFFFFF37
:10E9F000FFFFFFFFFFFFFFFFFFFFFFFFFFFFFFFF27
:10EA0000FFFFFFFFFFFFFFFFFFFFFFFFFFFFFFFF16
:10EA1000FFFFFFFFFFFFFFFFFFFFFFFFFFFFFFFF06
:10EA2000FFFFFFFFFFFFFFFFFFFFFFFFFFFFFFFFF6
:10EA3000FFFFFFFFFFFFFFFFFFFFFFFFFFFFFFFFE6
:10EA4000FFFFFFFFFFFFFFFFFFFFFFFFFFFFFFFFD6
:10EA5000FFFFFFFFFFFFFFFFFFFFFFFFFFFFFFFFC6
:10EA6000FFFFFFFFFFFFFFFFFFFFFFFFFFFFFFFFB6
:10EA7000FFFFFFFFFFFFFFFFFFFFFFFFFFFFFFFFA6
:10EA8000FFFFFFFFFFFFFFFFFFFFFFFFFFFFFFFF96
:10EA9000FFFFFFFFFFFFFFFFFFFFFFFFFFFFFFFF86
:10EAA000FFFFFFFFFFFFFFFFFFFFFFFFFFFFFFFF76
:10EAB000FFFFFFFFFFFFFFFFFFFFFFFFFFFFFFFF66
:10EAC000FFFFFFFFFFFFFFFFFFFFFFFFFFFFFFFF56
:10EAD000FFFFFFFFFFFFFFFFFFFFFFFFFFFFFFFF46
:10EAE000FFFFFFFFFFFFFFFFFFFFFFFFFFFFFFFF36
:10EAF000FFFFFFFFFFFFFFFFFFFFFFFFFFFFFFFF26
:10EB0000FFFFFFFFFFFFFFFFFFFFFFFFFFFFFFFF15
:10EB1000FFFFFFFFFFFFFFFFFFFFFFFFFFFFFFFF05
:10EB2000FFFFFFFFFFFFFFFFFFFFFFFFFFFFFFFFF5
:10EB3000FFFFFFFFFFFFFFFFFFFFFFFFFFFFFFFFE5
:10EB4000FFFFFFFFFFFFFFFFFFFFFFFFFFFFFFFFD5
:10EB5000FFFFFFFFFFFFFFFFFFFFFFFFFFFFFFFFC5
:10EB6000FFFFFFFFFFFFFFFFFFFFFFFFFFFFFFFFB5
:10EB7000FFFFFFFFFFFFFFFFFFFFFFFFFFFFFFFFA5
:10EB8000FFFFFFFFFFFFFFFFFFFFFFFFFFFFFFFF95
:10EB9000FFFFFFFFFFFFFFFFFFFFFFFFFFFFFFFF85
:10EBA000FFFFFFFFFFFFFFFFFFFFFFFFFFFFFFFF75
:10EBB000FFFFFFFFFFFFFFFFFFFFFFFFFFFFFFFF65
:10EBC000FFFFFFFFFFFFFFFFFFFFFFFFFFFFFFFF55
:10EBD000FFFFFFFFFFFFFFFFFFFFFFFFFFFFFFFF45
:10EBE000FFFFFFFFFFFFFFFFFFFFFFFFFFFFFFFF35
:10EBF000FFFFFFFFFFFFFFFFFFFFFFFFFFFFFFFF25
:10EC0000FFFFFFFFFFFFFFFFFFFFFFFFFFFFFFFF14
:10EC1000FFFFFFFFFFFFFFFFFFFFFFFFFFFFFFFF04
:10EC2000FFFFFFFFFFFFFFFFFFFFFFFFFFFFFFFFF4
:10EC3000FFFFFFFFFFFFFFFFFFFFFFFFFFFFFFFFE4
:10EC4000FFFFFFFFFFFFFFFFFFFFFFFFFFFFFFFFD4
:10EC5000FFFFFFFFFFFFFFFFFFFFFFFFFFFFFFFFC4
:10EC6000FFFFFFFFFFFFFFFFFFFFFFFFFFFFFFFFB4
:10EC7000FFFFFFFFFFFFFFFFFFFFFFFFFFFFFFFFA4
:10EC8000FFFFFFFFFFFFFFFFFFFFFFFFFFFFFFFF94
:10EC9000FFFFFFFFFFFFFFFFFFFFFFFFFFFFFFFF84
:10ECA000FFFFFFFFFFFFFFFFFFFFFFFFFFFFFFFF74
:10ECB000FFFFFFFFFFFFFFFFFFFFFFFFFFFFFFFF64
:10ECC000FFFFFFFFFFFFFFFFFFFFFFFFFFFFFFFF54
:10ECD000FFFFFFFFFFFFFFFFFFFFFFFFFFFFFFFF44
:10ECE000FFFFFFFFFFFFFFFFFFFFFFFFFFFFFFFF34
:10ECF000FFFFFFFFFFFFFFFFFFFFFFFFFFFFFFFF24
:10ED0000FFFFFFFFFFFFFFFFFFFFFFFFFFFFFFFF13
:10ED1000FFFFFFFFFFFFFFFFFFFFFFFFFFFFFFFF03
:10ED2000FFFFFFFFFFFFFFFFFFFFFFFFFFFFFFFFF3
:10ED3000FFFFFFFFFFFFFFFFFFFFFFFFFFFFFFFFE3
:10ED4000FFFFFFFFFFFFFFFFFFFFFFFFFFFFFFFFD3
:10ED5000FFFFFFFFFFFFFFFFFFFFFFFFFFFFFFFFC3
:10ED6000FFFFFFFFFFFFFFFFFFFFFFFFFFFFFFFFB3
:10ED7000FFFFFFFFFFFFFFFFFFFFFFFFFFFFFFFFA3
:10ED8000FFFFFFFFFFFFFFFFFFFFFFFFFFFFFFFF93
:10ED9000FFFFFFFFFFFFFFFFFFFFFFFFFFFFFFFF83
:10EDA000FFFFFFFFFFFFFFFFFFFFFFFFFFFFFFFF73
:10EDB000FFFFFFFFFFFFFFFFFFFFFFFFFFFFFFFF63
:10EDC000FFFFFFFFFFFFFFFFFFFFFFFFFFFFFFFF53
:10EDD000FFFFFFFFFFFFFFFFFFFFFFFFFFFFFFFF43
:10EDE000FFFFFFFFFFFFFFFFFFFFFFFFFFFFFFFF33
:10EDF000FFFFFFFFFFFFFFFFFFFFFFFFFFFFFFFF23
:10EE0000FFFFFFFFFFFFFFFFFFFFFFFFFFFFFFFF12
:10EE1000FFFFFFFFFFFFFFFFFFFFFFFFFFFFFFFF02
:10EE2000FFFFFFFFFFFFFFFFFFFFFFFFFFFFFFFFF2
:10EE3000FFFFFFFFFFFFFFFFFFFFFFFFFFFFFFFFE2
:10EE4000FFFFFFFFFFFFFFFFFFFFFFFFFFFFFFFFD2
:10EE5000FFFFFFFFFFFFFFFFFFFFFFFFFFFFFFFFC2
:10EE6000FFFFFFFFFFFFFFFFFFFFFFFFFFFFFFFFB2
:10EE7000FFFFFFFFFFFFFFFFFFFFFFFFFFFFFFFFA2
:10EE8000FFFFFFFFFFFFFFFFFFFFFFFFFFFFFFFF92
:10EE9000FFFFFFFFFFFFFFFFFFFFFFFFFFFFFFFF82
:10EEA000FFFFFFFFFFFFFFFFFFFFFFFFFFFFFFFF72
:10EEB000FFFFFFFFFFFFFFFFFFFFFFFFFFFFFFFF62
:10EEC000FFFFFFFFFFFFFFFFFFFFFFFFFFFFFFFF52
:10EED000FFFFFFFFFFFFFFFFFFFFFFFFFFFFFFFF42
:10EEE000FFFFFFFFFFFFFFFFFFFFFFFFFFFFFFFF32
:10EEF000FFFFFFFFFFFFFFFFFFFFFFFFFFFFFFFF22
:10EF0000FFFFFFFFFFFFFFFFFFFFFFFFFFFFFFFF11
:10EF1000FFFFFFFFFFFFFFFFFFFFFFFFFFFFFFFF01
:10EF2000FFFFFFFFFFFFFFFFFFFFFFFFFFFFFFFFF1
:10EF3000FFFFFFFFFFFFFFFFFFFFFFFFFFFFFFFFE1
:10EF4000FFFFFFFFFFFFFFFFFFFFFFFFFFFFFFFFD1
:10EF5000FFFFFFFFFFFFFFFFFFFFFFFFFFFFFFFFC1
:10EF6000FFFFFFFFFFFFFFFFFFFFFFFFFFFFFFFFB1
:10EF7000FFFFFFFFFFFFFFFFFFFFFFFFFFFFFFFFA1
:10EF8000FFFFFFFFFFFFFFFFFFFFFFFFFFFFFFFF91
:10EF9000FFFFFFFFFFFFFFFFFFFFFFFFFFFFFFFF81
:10EFA000FFFFFFFFFFFFFFFFFFFFFFFFFFFFFFFF71
:10EFB000FFFFFFFFFFFFFFFFFFFFFFFFFFFFFFFF61
:10EFC000FFFFFFFFFFFFFFFFFFFFFFFFFFFFFFFF51
:10EFD000FFFFFFFFFFFFFFFFFFFFFFFFFFFFFFFF41
:10EFE000FFFFFFFFFFFFFFFFFFFFFFFFFFFFFFFF31
:10EFF000FFFFFFFFFFFFFFFFFFFFFFFFFFFFFFFF21
:00000001FF
