:020000041D00DD
:10600000FFFFFFFFFFFFFFFFFFFFFFFFFFFFFFFFA0
:10601000FFFFFFFFFFFFFFFFFFFFFFFFFFFFFFFF90
:10602000FFFFFFFFFFFFFFFFFFFFFFFFFFFFFFFF80
:10603000FFFFFFFFFFFFFFFFFFFFFFFFFFFFFFFF70
:10604000FFFFFFFFFFFFFFFFFFFFFFFFFFFFFFFF60
:10605000FFFFFFFFFFFFFFFFFFFFFFFFFFFFFFFF50
:10606000FFFFFFFFFFFFFFFFFFFFFFFFFFFFFFFF40
:10607000FFFFFFFFFFFFFFFFFFFFFFFFFFFFFFFF30
:10608000FFFFFFFFFFFFFFFFFFFFFFFFFFFFFFFF20
:10609000FFFFFFFFFFFFFFFFFFFFFFFFFFFFFFFF10
:1060A000FFFFFFFFFFFFFFFFFFFFFFFFFFFFFFFF00
:1060B000FFFFFFFFFFFFFFFFFFFFFFFFFFFFFFFFF0
:1060C000FFFFFFFFFFFFFFFFFFFFFFFFFFFFFFFFE0
:1060D000FFFFFFFFFFFFFFFFFFFFFFFFFFFFFFFFD0
:1060E000FFFFFFFFFFFFFFFFFFFFFFFFFFFFFFFFC0
:1060F000FFFFFFFFFFFFFFFFFFFFFFFFFFFFFFFFB0
:10610000FFFFFFFFFFFFFFFFFFFFFFFFFFFFFFFF9F
:10611000FFFFFFFFFFFFFFFFFFFFFFFFFFFFFFFF8F
:10612000FFFFFFFFFFFFFFFFFFFFFFFFFFFFFFFF7F
:10613000FFFFFFFFFFFFFFFFFFFFFFFFFFFFFFFF6F
:10614000FFFFFFFFFFFFFFFFFFFFFFFFFFFFFFFF5F
:10615000FFFFFFFFFFFFFFFFFFFFFFFFFFFFFFFF4F
:10616000FFFFFFFFFFFFFFFFFFFFFFFFFFFFFFFF3F
:10617000FFFFFFFFFFFFFFFFFFFFFFFFFFFFFFFF2F
:10618000029D1A3C48C25A27080040030000000044
:10619000FFFFFFFFFFFFFFFFFFFFFFFFFFFFFFFF0F
:1061A000FFFFFFFFFFFFFFFFFFFFFFFFFFFFFFFFFF
:1061B000FFFFFFFFFFFFFFFFFFFFFFFFFFFFFFFFEF
:1061C000FFFFFFFFFFFFFFFFFFFFFFFFFFFFFFFFDF
:1061D000FFFFFFFFFFFFFFFFFFFFFFFFFFFFFFFFCF
:1061E000FFFFFFFFFFFFFFFFFFFFFFFFFFFFFFFFBF
:1061F000FFFFFFFFFFFFFFFFFFFFFFFFFFFFFFFFAF
:106200000073400B00000000FFFFFFFFFFFFFFFFD8
:10621000FFFFFFFFFFFFFFFFFFFFFFFFFFFFFFFF8E
:106220000073400B00000000FFFFFFFFFFFFFFFFB8
:10623000FFFFFFFFFFFFFFFFFFFFFFFFFFFFFFFF6E
:106240000073400B00000000FFFFFFFFFFFFFFFF98
:10625000FFFFFFFFFFFFFFFFFFFFFFFFFFFFFFFF4E
:106260000073400B00000000FFFFFFFFFFFFFFFF78
:10627000FFFFFFFFFFFFFFFFFFFFFFFFFFFFFFFF2E
:106280000073400B00000000FFFFFFFFFFFFFFFF58
:10629000FFFFFFFFFFFFFFFFFFFFFFFFFFFFFFFF0E
:1062A0000073400B00000000FFFFFFFFFFFFFFFF38
:1062B000FFFFFFFFFFFFFFFFFFFFFFFFFFFFFFFFEE
:1062C0000073400B00000000FFFFFFFFFFFFFFFF18
:1062D000FFFFFFFFFFFFFFFFFFFFFFFFFFFFFFFFCE
:1062E0000073400B00000000FFFFFFFFFFFFFFFFF8
:1062F000FFFFFFFFFFFFFFFFFFFFFFFFFFFFFFFFAE
:106300006333400B00000000FFFFFFFFFFFFFFFFB4
:10631000FFFFFFFFFFFFFFFFFFFFFFFFFFFFFFFF8D
:106320000073400B00000000FFFFFFFFFFFFFFFFB7
:10633000FFFFFFFFFFFFFFFFFFFFFFFFFFFFFFFF6D
:106340000073400B00000000FFFFFFFFFFFFFFFF97
:10635000FFFFFFFFFFFFFFFFFFFFFFFFFFFFFFFF4D
:106360000073400B00000000FFFFFFFFFFFFFFFF77
:10637000FFFFFFFFFFFFFFFFFFFFFFFFFFFFFFFF2D
:106380000834400B00000000FFFFFFFFFFFFFFFF8E
:10639000FFFFFFFFFFFFFFFFFFFFFFFFFFFFFFFF0D
:1063A0000073400B00000000FFFFFFFFFFFFFFFF37
:1063B000FFFFFFFFFFFFFFFFFFFFFFFFFFFFFFFFED
:1063C0000073400B00000000FFFFFFFFFFFFFFFF17
:1063D000FFFFFFFFFFFFFFFFFFFFFFFFFFFFFFFFCD
:1063E0000073400B00000000FFFFFFFFFFFFFFFFF7
:1063F000FFFFFFFFFFFFFFFFFFFFFFFFFFFFFFFFAD
:10640000E733400B00000000FFFFFFFFFFFFFFFF2F
:10641000FFFFFFFFFFFFFFFFFFFFFFFFFFFFFFFF8C
:106420000073400B00000000FFFFFFFFFFFFFFFFB6
:10643000FFFFFFFFFFFFFFFFFFFFFFFFFFFFFFFF6C
:106440000073400B00000000FFFFFFFFFFFFFFFF96
:10645000FFFFFFFFFFFFFFFFFFFFFFFFFFFFFFFF4C
:106460000073400B00000000FFFFFFFFFFFFFFFF76
:10647000FFFFFFFFFFFFFFFFFFFFFFFFFFFFFFFF2C
:10648000C333400B00000000FFFFFFFFFFFFFFFFD3
:10649000FFFFFFFFFFFFFFFFFFFFFFFFFFFFFFFF0C
:1064A0000073400B00000000FFFFFFFFFFFFFFFF36
:1064B000FFFFFFFFFFFFFFFFFFFFFFFFFFFFFFFFEC
:1064C0000073400B00000000FFFFFFFFFFFFFFFF16
:1064D000FFFFFFFFFFFFFFFFFFFFFFFFFFFFFFFFCC
:1064E0000073400B00000000FFFFFFFFFFFFFFFFF6
:1064F000FFFFFFFFFFFFFFFFFFFFFFFFFFFFFFFFAC
:106500000073400B00000000FFFFFFFFFFFFFFFFD5
:10651000FFFFFFFFFFFFFFFFFFFFFFFFFFFFFFFF8B
:106520000073400B00000000FFFFFFFFFFFFFFFFB5
:10653000FFFFFFFFFFFFFFFFFFFFFFFFFFFFFFFF6B
:106540000073400B00000000FFFFFFFFFFFFFFFF95
:10655000FFFFFFFFFFFFFFFFFFFFFFFFFFFFFFFF4B
:106560000073400B00000000FFFFFFFFFFFFFFFF75
:10657000FFFFFFFFFFFFFFFFFFFFFFFFFFFFFFFF2B
:106580000073400B00000000FFFFFFFFFFFFFFFF55
:10659000FFFFFFFFFFFFFFFFFFFFFFFFFFFFFFFF0B
:1065A0009C56400B00000000FFFFFFFFFFFFFFFFB6
:1065B000FFFFFFFFFFFFFFFFFFFFFFFFFFFFFFFFEB
:1065C0000073400B00000000FFFFFFFFFFFFFFFF15
:1065D000FFFFFFFFFFFFFFFFFFFFFFFFFFFFFFFFCB
:1065E0002934400B00000000FFFFFFFFFFFFFFFF0B
:1065F000FFFFFFFFFFFFFFFFFFFFFFFFFFFFFFFFAB
:106600000073400B00000000FFFFFFFFFFFFFFFFD4
:10661000FFFFFFFFFFFFFFFFFFFFFFFFFFFFFFFF8A
:106620000073400B00000000FFFFFFFFFFFFFFFFB4
:10663000FFFFFFFFFFFFFFFFFFFFFFFFFFFFFFFF6A
:106640000073400B00000000FFFFFFFFFFFFFFFF94
:10665000FFFFFFFFFFFFFFFFFFFFFFFFFFFFFFFF4A
:106660000073400B00000000FFFFFFFFFFFFFFFF74
:10667000FFFFFFFFFFFFFFFFFFFFFFFFFFFFFFFF2A
:106680000073400B00000000FFFFFFFFFFFFFFFF54
:10669000FFFFFFFFFFFFFFFFFFFFFFFFFFFFFFFF0A
:1066A0000073400B00000000FFFFFFFFFFFFFFFF34
:1066B000FFFFFFFFFFFFFFFFFFFFFFFFFFFFFFFFEA
:1066C0000073400B00000000FFFFFFFFFFFFFFFF14
:1066D000FFFFFFFFFFFFFFFFFFFFFFFFFFFFFFFFCA
:1066E0000073400B00000000FFFFFFFFFFFFFFFFF4
:1066F000FFFFFFFFFFFFFFFFFFFFFFFFFFFFFFFFAA
:106700000073400B00000000FFFFFFFFFFFFFFFFD3
:10671000FFFFFFFFFFFFFFFFFFFFFFFFFFFFFFFF89
:106720000073400B00000000FFFFFFFFFFFFFFFFB3
:10673000FFFFFFFFFFFFFFFFFFFFFFFFFFFFFFFF69
:106740000073400B00000000FFFFFFFFFFFFFFFF93
:10675000FFFFFFFFFFFFFFFFFFFFFFFFFFFFFFFF49
:106760000073400B00000000FFFFFFFFFFFFFFFF73
:10677000FFFFFFFFFFFFFFFFFFFFFFFFFFFFFFFF29
:106780000073400B00000000FFFFFFFFFFFFFFFF53
:10679000FFFFFFFFFFFFFFFFFFFFFFFFFFFFFFFF09
:1067A0000073400B00000000FFFFFFFFFFFFFFFF33
:1067B000FFFFFFFFFFFFFFFFFFFFFFFFFFFFFFFFE9
:1067C0000073400B00000000FFFFFFFFFFFFFFFF13
:1067D000FFFFFFFFFFFFFFFFFFFFFFFFFFFFFFFFC9
:1067E0000073400B00000000FFFFFFFFFFFFFFFFF3
:1067F000FFFFFFFFFFFFFFFFFFFFFFFFFFFFFFFFA9
:106800000073400B00000000FFFFFFFFFFFFFFFFD2
:10681000FFFFFFFFFFFFFFFFFFFFFFFFFFFFFFFF88
:106820000073400B00000000FFFFFFFFFFFFFFFFB2
:10683000FFFFFFFFFFFFFFFFFFFFFFFFFFFFFFFF68
:10684000FFFFFFFFFFFFFFFFFFFFFFFFFFFFFFFF58
:10685000FFFFFFFFFFFFFFFFFFFFFFFFFFFFFFFF48
:10686000FFFFFFFFFFFFFFFFFFFFFFFFFFFFFFFF38
:10687000FFFFFFFFFFFFFFFFFFFFFFFFFFFFFFFF28
:10688000FFFFFFFFFFFFFFFFFFFFFFFFFFFFFFFF18
:10689000FFFFFFFFFFFFFFFFFFFFFFFFFFFFFFFF08
:1068A000FFFFFFFFFFFFFFFFFFFFFFFFFFFFFFFFF8
:1068B000FFFFFFFFFFFFFFFFFFFFFFFFFFFFFFFFE8
:1068C000FFFFFFFFFFFFFFFFFFFFFFFFFFFFFFFFD8
:1068D000FFFFFFFFFFFFFFFFFFFFFFFFFFFFFFFFC8
:1068E000FFFFFFFFFFFFFFFFFFFFFFFFFFFFFFFFB8
:1068F000FFFFFFFFFFFFFFFFFFFFFFFFFFFFFFFFA8
:10690000FFFFFFFFFFFFFFFFFFFFFFFFFFFFFFFF97
:10691000FFFFFFFFFFFFFFFFFFFFFFFFFFFFFFFF87
:10692000FFFFFFFFFFFFFFFFFFFFFFFFFFFFFFFF77
:10693000FFFFFFFFFFFFFFFFFFFFFFFFFFFFFFFF67
:10694000FFFFFFFFFFFFFFFFFFFFFFFFFFFFFFFF57
:10695000FFFFFFFFFFFFFFFFFFFFFFFFFFFFFFFF47
:10696000FFFFFFFFFFFFFFFFFFFFFFFFFFFFFFFF37
:10697000FFFFFFFFFFFFFFFFFFFFFFFFFFFFFFFF27
:10698000FFFFFFFFFFFFFFFFFFFFFFFFFFFFFFFF17
:10699000FFFFFFFFFFFFFFFFFFFFFFFFFFFFFFFF07
:1069A000FFFFFFFFFFFFFFFFFFFFFFFFFFFFFFFFF7
:1069B000FFFFFFFFFFFFFFFFFFFFFFFFFFFFFFFFE7
:1069C000FFFFFFFFFFFFFFFFFFFFFFFFFFFFFFFFD7
:1069D000FFFFFFFFFFFFFFFFFFFFFFFFFFFFFFFFC7
:1069E000FFFFFFFFFFFFFFFFFFFFFFFFFFFFFFFFB7
:1069F000FFFFFFFFFFFFFFFFFFFFFFFFFFFFFFFFA7
:106A0000FFFFFFFFFFFFFFFFFFFFFFFFFFFFFFFF96
:106A1000FFFFFFFFFFFFFFFFFFFFFFFFFFFFFFFF86
:106A2000FFFFFFFFFFFFFFFFFFFFFFFFFFFFFFFF76
:106A3000FFFFFFFFFFFFFFFFFFFFFFFFFFFFFFFF66
:106A4000FFFFFFFFFFFFFFFFFFFFFFFFFFFFFFFF56
:106A5000FFFFFFFFFFFFFFFFFFFFFFFFFFFFFFFF46
:106A6000FFFFFFFFFFFFFFFFFFFFFFFFFFFFFFFF36
:106A7000FFFFFFFFFFFFFFFFFFFFFFFFFFFFFFFF26
:106A8000FFFFFFFFFFFFFFFFFFFFFFFFFFFFFFFF16
:106A9000FFFFFFFFFFFFFFFFFFFFFFFFFFFFFFFF06
:106AA000FFFFFFFFFFFFFFFFFFFFFFFFFFFFFFFFF6
:106AB000FFFFFFFFFFFFFFFFFFFFFFFFFFFFFFFFE6
:106AC000FFFFFFFFFFFFFFFFFFFFFFFFFFFFFFFFD6
:106AD000FFFFFFFFFFFFFFFFFFFFFFFFFFFFFFFFC6
:106AE000FFFFFFFFFFFFFFFFFFFFFFFFFFFFFFFFB6
:106AF000FFFFFFFFFFFFFFFFFFFFFFFFFFFFFFFFA6
:106B0000FFFFFFFFFFFFFFFFFFFFFFFFFFFFFFFF95
:106B1000FFFFFFFFFFFFFFFFFFFFFFFFFFFFFFFF85
:106B2000FFFFFFFFFFFFFFFFFFFFFFFFFFFFFFFF75
:106B3000FFFFFFFFFFFFFFFFFFFFFFFFFFFFFFFF65
:106B4000FFFFFFFFFFFFFFFFFFFFFFFFFFFFFFFF55
:106B5000FFFFFFFFFFFFFFFFFFFFFFFFFFFFFFFF45
:106B6000FFFFFFFFFFFFFFFFFFFFFFFFFFFFFFFF35
:106B7000FFFFFFFFFFFFFFFFFFFFFFFFFFFFFFFF25
:106B8000FFFFFFFFFFFFFFFFFFFFFFFFFFFFFFFF15
:106B9000FFFFFFFFFFFFFFFFFFFFFFFFFFFFFFFF05
:106BA000FFFFFFFFFFFFFFFFFFFFFFFFFFFFFFFFF5
:106BB000FFFFFFFFFFFFFFFFFFFFFFFFFFFFFFFFE5
:106BC000FFFFFFFFFFFFFFFFFFFFFFFFFFFFFFFFD5
:106BD000FFFFFFFFFFFFFFFFFFFFFFFFFFFFFFFFC5
:106BE000FFFFFFFFFFFFFFFFFFFFFFFFFFFFFFFFB5
:106BF000FFFFFFFFFFFFFFFFFFFFFFFFFFFFFFFFA5
:106C0000FFFFFFFFFFFFFFFFFFFFFFFFFFFFFFFF94
:106C1000FFFFFFFFFFFFFFFFFFFFFFFFFFFFFFFF84
:106C2000FFFFFFFFFFFFFFFFFFFFFFFFFFFFFFFF74
:106C3000FFFFFFFFFFFFFFFFFFFFFFFFFFFFFFFF64
:106C4000FFFFFFFFFFFFFFFFFFFFFFFFFFFFFFFF54
:106C5000FFFFFFFFFFFFFFFFFFFFFFFFFFFFFFFF44
:106C6000FFFFFFFFFFFFFFFFFFFFFFFFFFFFFFFF34
:106C7000FFFFFFFFFFFFFFFFFFFFFFFFFFFFFFFF24
:106C8000FFFFFFFFFFFFFFFFFFFFFFFFFFFFFFFF14
:106C9000FFFFFFFFFFFFFFFFFFFFFFFFFFFFFFFF04
:106CA000FFFFFFFFFFFFFFFFFFFFFFFFFFFFFFFFF4
:106CB000FFFFFFFFFFFFFFFFFFFFFFFFFFFFFFFFE4
:106CC000FFFFFFFFFFFFFFFFFFFFFFFFFFFFFFFFD4
:106CD000FFFFFFFFFFFFFFFFFFFFFFFFFFFFFFFFC4
:106CE000FFFFFFFFFFFFFFFFFFFFFFFFFFFFFFFFB4
:106CF000FFFFFFFFFFFFFFFFFFFFFFFFFFFFFFFFA4
:106D0000FFFFFFFFFFFFFFFFFFFFFFFFFFFFFFFF93
:106D1000FFFFFFFFFFFFFFFFFFFFFFFFFFFFFFFF83
:106D2000FFFFFFFFFFFFFFFFFFFFFFFFFFFFFFFF73
:106D3000FFFFFFFFFFFFFFFFFFFFFFFFFFFFFFFF63
:106D4000FFFFFFFFFFFFFFFFFFFFFFFFFFFFFFFF53
:106D5000FFFFFFFFFFFFFFFFFFFFFFFFFFFFFFFF43
:106D6000FFFFFFFFFFFFFFFFFFFFFFFFFFFFFFFF33
:106D7000FFFFFFFFFFFFFFFFFFFFFFFFFFFFFFFF23
:106D8000FFFFFFFFFFFFFFFFFFFFFFFFFFFFFFFF13
:106D9000FFFFFFFFFFFFFFFFFFFFFFFFFFFFFFFF03
:106DA000FFFFFFFFFFFFFFFFFFFFFFFFFFFFFFFFF3
:106DB000FFFFFFFFFFFFFFFFFFFFFFFFFFFFFFFFE3
:106DC000FFFFFFFFFFFFFFFFFFFFFFFFFFFFFFFFD3
:106DD000FFFFFFFFFFFFFFFFFFFFFFFFFFFFFFFFC3
:106DE000FFFFFFFFFFFFFFFFFFFFFFFFFFFFFFFFB3
:106DF000FFFFFFFFFFFFFFFFFFFFFFFFFFFFFFFFA3
:106E0000FFFFFFFFFFFFFFFFFFFFFFFFFFFFFFFF92
:106E1000FFFFFFFFFFFFFFFFFFFFFFFFFFFFFFFF82
:106E2000FFFFFFFFFFFFFFFFFFFFFFFFFFFFFFFF72
:106E3000FFFFFFFFFFFFFFFFFFFFFFFFFFFFFFFF62
:106E4000FFFFFFFFFFFFFFFFFFFFFFFFFFFFFFFF52
:106E5000FFFFFFFFFFFFFFFFFFFFFFFFFFFFFFFF42
:106E6000FFFFFFFFFFFFFFFFFFFFFFFFFFFFFFFF32
:106E7000FFFFFFFFFFFFFFFFFFFFFFFFFFFFFFFF22
:106E8000FFFFFFFFFFFFFFFFFFFFFFFFFFFFFFFF12
:106E9000FFFFFFFFFFFFFFFFFFFFFFFFFFFFFFFF02
:106EA000FFFFFFFFFFFFFFFFFFFFFFFFFFFFFFFFF2
:106EB000FFFFFFFFFFFFFFFFFFFFFFFFFFFFFFFFE2
:106EC000FFFFFFFFFFFFFFFFFFFFFFFFFFFFFFFFD2
:106ED000FFFFFFFFFFFFFFFFFFFFFFFFFFFFFFFFC2
:106EE000FFFFFFFFFFFFFFFFFFFFFFFFFFFFFFFFB2
:106EF000FFFFFFFFFFFFFFFFFFFFFFFFFFFFFFFFA2
:106F0000FFFFFFFFFFFFFFFFFFFFFFFFFFFFFFFF91
:106F1000FFFFFFFFFFFFFFFFFFFFFFFFFFFFFFFF81
:106F2000FFFFFFFFFFFFFFFFFFFFFFFFFFFFFFFF71
:106F3000FFFFFFFFFFFFFFFFFFFFFFFFFFFFFFFF61
:106F4000FFFFFFFFFFFFFFFFFFFFFFFFFFFFFFFF51
:106F5000FFFFFFFFFFFFFFFFFFFFFFFFFFFFFFFF41
:106F6000FFFFFFFFFFFFFFFFFFFFFFFFFFFFFFFF31
:106F7000FFFFFFFFFFFFFFFFFFFFFFFFFFFFFFFF21
:106F8000FFFFFFFFFFFFFFFFFFFFFFFFFFFFFFFF11
:106F9000FFFFFFFFFFFFFFFFFFFFFFFFFFFFFFFF01
:106FA000FFFFFFFFFFFFFFFFFFFFFFFFFFFFFFFFF1
:106FB000FFFFFFFFFFFFFFFFFFFFFFFFFFFFFFFFE1
:106FC000FFFFFFFFFFFFFFFFFFFFFFFFFFFFFFFFD1
:106FD000FFFFFFFFFFFFFFFFFFFFFFFFFFFFFFFFC1
:106FE000FFFFFFFFFFFFFFFFFFFFFFFFFFFFFFFFB1
:106FF000FFFFFFFFFFFFFFFFFFFFFFFFFFFFFFFFA1
:10700000021C400F0000000000601A40C0045A7FBC
:107010000500401300000000029D1A3CD0CC5A2706
:10702000080040030000000000A01D3CF83FBD2701
:1070300000A01C3CF07F9C27029D083C1CCD08252D
:1070400009F800010000000000A0083C1C01082510
:1070500000A0093CF40F29250600001000000000E4
:10706000000000AD040000AD080000AD0C0000AD54
:10707000100008252B080901F9FF2014000000006A
:10708000029D083C448808250000098D1800201145
:107090000400082500000A8D0400082500000B8D5F
:1070A000090060110400082500000C91FFFF4A252B
:1070B0000100082500002CA1FBFF40150100292537
:1070C0000500001000000000000020A1FFFF4A257D
:1070D000FDFF40150100292503000825FCFF0A24B7
:1070E000244048010000098DE7FF20150000000042
:1070F0000000093C000029251000201100000000BC
:107100000000093C0040292588BF0A3C10204A2580
:10711000000049AD0000093C0040292588BF0A3C19
:1071200020204A25000049AD0000093C00402925E7
:1071300088BF0A3C30204A25000049AD0048804005
:10714000FFFF0A2400588A40009D093C0060292561
:10715000017889400000093C0100292500000A242B
:1071600044492A7D01608A408000093C00688940CA
:10717000008008408005097D404C090000600840FF
:107180005800013C2440010125402801006088404E
:10719000029D083C24CD082509F8000100000000EC
:1071A00000600840BFFF013CFFFF21342440010183
:1071B00000608840000084300000A530029D083C3B
:1071C0000CCA08250800000100000000FFFFFFFFB7
:1071D000FFFFFFFFFFFFFFFFFFFFFFFFFFFFFFFFBF
:1071E000FFFFFFFFFFFFFFFFFFFFFFFFFFFFFFFFAF
:1071F000FFFFFFFFFFFFFFFFFFFFFFFFFFFFFFFF9F
:10720000FFFFFFFFFFFFFFFFFFFFFFFFFFFFFFFF8E
:10721000FFFFFFFFFFFFFFFFFFFFFFFFFFFFFFFF7E
:10722000FFFFFFFFFFFFFFFFFFFFFFFFFFFFFFFF6E
:10723000FFFFFFFFFFFFFFFFFFFFFFFFFFFFFFFF5E
:10724000FFFFFFFFFFFFFFFFFFFFFFFFFFFFFFFF4E
:10725000FFFFFFFFFFFFFFFFFFFFFFFFFFFFFFFF3E
:10726000FFFFFFFFFFFFFFFFFFFFFFFFFFFFFFFF2E
:10727000FFFFFFFFFFFFFFFFFFFFFFFFFFFFFFFF1E
:10728000FFFFFFFFFFFFFFFFFFFFFFFFFFFFFFFF0E
:10729000FFFFFFFFFFFFFFFFFFFFFFFFFFFFFFFFFE
:1072A000FFFFFFFFFFFFFFFFFFFFFFFFFFFFFFFFEE
:1072B000FFFFFFFFFFFFFFFFFFFFFFFFFFFFFFFFDE
:1072C000FFFFFFFFFFFFFFFFFFFFFFFFFFFFFFFFCE
:1072D000FFFFFFFFFFFFFFFFFFFFFFFFFFFFFFFFBE
:1072E000FFFFFFFFFFFFFFFFFFFFFFFFFFFFFFFFAE
:1072F000FFFFFFFFFFFFFFFFFFFFFFFFFFFFFFFF9E
:10730000FFFFFFFFFFFFFFFFFFFFFFFFFFFFFFFF8D
:10731000FFFFFFFFFFFFFFFFFFFFFFFFFFFFFFFF7D
:10732000FFFFFFFFFFFFFFFFFFFFFFFFFFFFFFFF6D
:10733000FFFFFFFFFFFFFFFFFFFFFFFFFFFFFFFF5D
:10734000FFFFFFFFFFFFFFFFFFFFFFFFFFFFFFFF4D
:10735000FFFFFFFFFFFFFFFFFFFFFFFFFFFFFFFF3D
:10736000FFFFFFFFFFFFFFFFFFFFFFFFFFFFFFFF2D
:10737000FFFFFFFFFFFFFFFFFFFFFFFFFFFFFFFF1D
:10738000029D1A3CA4CA5A270800400300000000CE
:10739000FFFFFFFFFFFFFFFFFFFFFFFFFFFFFFFFFD
:1073A000FFFFFFFFFFFFFFFFFFFFFFFFFFFFFFFFED
:1073B000FFFFFFFFFFFFFFFFFFFFFFFFFFFFFFFFDD
:1073C000FFFFFFFFFFFFFFFFFFFFFFFFFFFFFFFFCD
:1073D000FFFFFFFFFFFFFFFFFFFFFFFFFFFFFFFFBD
:1073E000FFFFFFFFFFFFFFFFFFFFFFFFFFFFFFFFAD
:1073F000FFFFFFFFFFFFFFFFFFFFFFFFFFFFFFFF9D
:10740000FFFFFFFFFFFFFFFFFFFFFFFFFFFFFFFF8C
:10741000FFFFFFFFFFFFFFFFFFFFFFFFFFFFFFFF7C
:10742000FFFFFFFFFFFFFFFFFFFFFFFFFFFFFFFF6C
:10743000FFFFFFFFFFFFFFFFFFFFFFFFFFFFFFFF5C
:10744000FFFFFFFFFFFFFFFFFFFFFFFFFFFFFFFF4C
:10745000FFFFFFFFFFFFFFFFFFFFFFFFFFFFFFFF3C
:10746000FFFFFFFFFFFFFFFFFFFFFFFFFFFFFFFF2C
:10747000FFFFFFFFFFFFFFFFFFFFFFFFFFFFFFFF1C
:10748000FFFFFFFFFFFFFFFFFFFFFFFFFFFFFFFF0C
:1074900000A0033C8C0E62248C0E658C0400448C8E
:1074A0000800438C540045AC580044AC5C0043AC2D
:1074B0000C00458C1000448C1400438C600045ACDB
:1074C000640044AC680043AC1800458C1C00448C3C
:1074D0002000438C6C0045AC700044AC740043AC9D
:1074E0002400458C2800448C2C00438C780045AC4B
:1074F0007C0044AC800043AC3000458C3400448CAC
:107500003800438C840045AC880044AC8C0043AC0C
:107510003C00458C4000448C4400438C900045ACBA
:10752000940044AC980043AC4800458C4C00448C1B
:107530005000438C9C0045ACA00044ACA40043AC7C
:1075400000A0033C400F6224400F658C0400448C73
:107550000800438C540045AC580044AC5C0043AC7C
:107560000C00458C1000448C1400438C600045AC2A
:10757000640044AC680043AC1800458C1C00448C8B
:107580002000438C6C0045AC700044AC740043ACEC
:107590002400458C2800448C2C00438C780045AC9A
:1075A0007C0044AC800043AC3000458C3400448CFB
:1075B0003800438C840045AC880044AC8C0043AC5C
:1075C0003C00458C4000448C4400438C900045AC0A
:1075D000940044AC980043AC4800458C4C00448C6B
:1075E0005000438C9C0045ACA00044ACA40043ACCC
:1075F00007000B2400A00D3C00A00C3C00A0053CA3
:107600008C0EA524AC00A724B91D400B00A00A3C99
:107610000000468C0C00448C2B20C40014008050C9
:107620000000668C0800488C0C00468C1000448CCE
:10763000A800A8ACAC00A6ACB000A4ACFCFF488C81
:107640000000468C0400448C080048AC0C0046AC9A
:10765000100044ACA800A88CAC00A68CB000A48C90
:10766000FCFF48AC000046AC040044AC0000668C53
:107670000C00648C2B20C400140080100C004224E9
:10768000400F44250800698C0C00688C1000668C43
:10769000A80089ACAC0088ACB00086ACFCFF698C5B
:1076A0000000688C0400668C080069AC0C0068ACB3
:1076B000100066ACA800888CAC00868CB000848C6E
:1076C000FCFF68AC000066AC040064ACD0FF47145B
:1076D0000C006324FFFF6B25FF006B310400601179
:1076E00000000000E40EA225841D400B980F8325A6
:1076F0000800E00300000000FF008430FC84838F5A
:10770000AC858A8FD885828FAC84898F23404900CD
:10771000C33F08002640E8002338070123306A00F1
:10772000C32F06002630A6002328C5002128E50027
:107730002A28A4003400A014C084859304000424E3
:107740001B00A41400800434528485972484848F01
:107750002120A4002B2083000900801450848497EA
:10776000C78483A302220300C88484A37C8583AFDB
:107770002118430142180300AC8583AF50848497DD
:107780002C84838F211883002B1862001E00601444
:10779000021A0200C98482A3CA8483A3B88482AF78
:1077A00021102201421002000800E003AC8482AFE5
:1077B0002B2064000900805000800334C78483A319
:1077C00002220300C88484A37C8583AF211843016F
:1077D00042180300AC8583AF008003342B184300AC
:1077E00009006010021A0200C98482A3CA8483A31C
:1077F000FF7F032423186200B88483AF2110220185
:1078000042100200AC8482AF0800E00300000000D8
:10781000E8FFBD271400BFAFC0858297D88083974B
:107820002B206200060080146E858497DE8084978A
:107830002B20440017008010DE8084976E8584978B
:10784000E48085972B28A4001000A0540200022495
:107850002B2862000400A010EA8085972B20850069
:107860000A00805402000224DE8084972B28440002
:107870000800A0106E858697EA8085972B28C500A2
:107880000500A0102B18620002000224361E400BD7
:10789000948582A32B1862000E006054010002241C
:1078A0002B1044000B004014010002246E858297C7
:1078B000E48083972B1862000600605401000224C4
:1078C000EA8083972B10430003004050948580A3E7
:1078D00001000224948582A3DC8480A300A0023CE2
:1078E000880D428C9C0040109485829302000324F2
:1078F0003300431401000324288182972C85838F51
:107900001B006200F401400012180000FF0062300A
:107910000F00432C05006014DC8482A300A0023C0D
:10792000C7074290501E400BD48482A300A0033CA2
:10793000B80763242110430000004290D48482A33E
:10794000C0848393040002240D006210E0858393B9
:10795000170062141482828FF119422C1400401413
:107960001882828F401A422C11004010D4848293D6
:107970002082838F211062006C1E400BD48482A36E
:10798000040002240A0062141482828FF119422C2E
:10799000070040141882828F401A422C04004010C5
:1079A000D48482931C82838F21106200D48482A3AA
:1079B000BE1D400FD4848493721F400B1400BF8FF0
:1079C000320043142C85838F268182971B0062002E
:1079D000F401400012180000FF0062300F00432C39
:1079E00005006014DC8482A300A0023CC70742901B
:1079F000831E400BD48482A300A0033CB8076324F9
:107A00002110430000004290D48482A3C084839359
:107A1000040002240D006210E085839317006214B5
:107A20001482828FF119422C140040141882828F24
:107A3000401A422C11004010D48482932082838FFC
:107A4000211062009F1E400BD48482A304000224F4
:107A50000A0062141482828FF119422C070040142C
:107A60001882828F401A422C04004010D4848293E2
:107A70001C82838F21106200D48482A3BE1D400F1C
:107A8000D4848493721F400B1400BF8FCD00401428
:107A9000248182972C85838F1B006200F4014000B3
:107AA00012180000FF0062300F00432C0500601424
:107AB000DC8482A300A0023CC7074290B61E400BA4
:107AC000D48482A300A0033CB807632421104300A0
:107AD00000004290D48482A3C084839304000224D3
:107AE0000D006210E0858393170062141482828F68
:107AF000F119422C140040141882828F401A422C33
:107B000011004010D48482932082838F2110620060
:107B1000D21E400BD48482A3040002240A00621403
:107B20001482828FF119422C070040141882828F30
:107B3000401A422C04004010D48482931C82838F0C
:107B400021106200D48482A3BE1D400FD48484938C
:107B5000721F400B1400BF8F020003243300431434
:107B600001000324288182972C85838F1B006200EB
:107B7000F401400012180000FF0062300F00432C97
:107B800005006014DC8482A300A0023CC707429079
:107B9000EB1E400BD48482A300A0033CB8076324EF
:107BA0002110430000004290D48482A3C0848393B8
:107BB000040002240D006210E08583931700621414
:107BC0001482828FF119422C140040141882828F83
:107BD000401A422C11004010D48482932082838F5B
:107BE00021106200071F400BD48482A304000224EA
:107BF0000A0062141482828FF119422C070040148B
:107C00001882828F401A422C04004010D484829340
:107C10001C82838F21106200D48482A3BE1D400F7A
:107C2000D4848493721F400B1400BF8F320043141E
:107C30002C85838F268182971B006200F40140000F
:107C400012180000FF0062300F00432C0500601482
:107C5000DC8482A300A0023CC70742901E1F400B99
:107C6000D48482A300A0033CB807632421104300FE
:107C700000004290D48482A3C08483930400022431
:107C80000D006210E0858393170062141482828FC6
:107C9000F119422C140040141882828F401A422C91
:107CA00011004010D48482932082838F21106200BF
:107CB0003A1F400BD48482A3040002240A006214F9
:107CC0001482828FF119422C070040141882828F8F
:107CD000401A422C04004010D48482931C82838F6B
:107CE00021106200D48482A3BE1D400FD4848493EB
:107CF000721F400B1400BF8F320040142481829702
:107D00002C85838F1B006200F401400012180000D4
:107D1000FF0062300F00432C05006014DC8482A356
:107D200000A0023CC7074290511F400BD48482A39D
:107D300000A0033CB80763242110430000004290D8
:107D4000D48482A3C0848393040002240D006210B3
:107D5000E0858393170062141482828FF119422CFC
:107D6000140040141882828F401A422C11004010D7
:107D7000D48482932082838F211062006D1F400B78
:107D8000D48482A3040002240A0062141482828F25
:107D9000F119422C070040141882828F401A422C9D
:107DA00004004010D48482931C82838F21106200CF
:107DB000D48482A3BE1D400FD4848493721F400BD1
:107DC0001400BF8F1400BF8F0800E0031800BD2708
:107DD000E0858393040002241E006214768082935F
:107DE000F085828F1482838F2B18620019006050F7
:107DF000768082931882838F2B1843000A006010CC
:107E00001882838FC08484930400032405008310A8
:107E10002082838F7680829321106200961F400B10
:107E2000D48482A31882838F2B1043000900401052
:107E300076808293C0848393040002240500621438
:107E4000768082931C82838F21106200961F400BE4
:107E5000D48482A3D48482A3C084839304000224A4
:107E600028006210FC84838FAC85878FD885828F31
:107E7000AC84868F23204600C32F04002620A40054
:107E80002340850023286700C32705002628850096
:107E90002320A40021200401D48488932A20880070
:107EA0003C008014008004342B20640009008050C2
:107EB00000800334C78483A302220300C88484A300
:107EC0007C8583AF2118E30042180300AC8583AFA3
:107ED000008003342B1843002E006010021A0200A9
:107EE000C98482A3CA8483A3FF7F0324231862006A
:107EF000B88483AF2110C200421002000800E003E2
:107F0000AC8482AFAC85878FD885828FAC84868F16
:107F100023284600C3270500262885002340A40007
:107F200023286700C3270500262885002320A400F6
:107F300021200401D48488932A208800150080140D
:107F40002484848F2B208300090080542C84838F09
:107F5000C78483A302220300C88484A37C8583AFE3
:107F60002118E30042180300AC8583AF2C84838F73
:107F70002B18620007006014021A0200C98482A351
:107F8000CA8483A3B88482AF2110C20042100200C9
:107F9000AC8482AF0800E0030000000000A0023CB7
:107FA000600E438C528482972B204300080080147B
:107FB0002484848F03000224DD8482A30100022430
:107FC0004C8582AFF48480AF0220400BFC8480AFEC
:107FD000212044002B2883000800A050F48480AFA7
:107FE00003000224DD8482A301000224F48482AF12
:107FF0004C8580AF0220400BFC8484AF4C8580AF61
:1080000023106200FC8482AF00A0023C640E438C0B
:10801000508482972B204300080080542C84848F46
:1080200003000224DD8482A301000224DC8582AFE8
:10803000908580AF0800E003D88580AF2120440000
:108040002B2883000800A050DC8580AF03000224A9
:10805000DD8482A301000224908582AFDC8580AF9D
:108060000800E003D88584AF908580AF23106200BC
:108070000800E003D88582AF248282930600401076
:1080800025828293FC84828F2484838F2310620054
:10809000FC8482AF2582829304004010D885828FB1
:1080A0002C84838F23106200D88582AF0800E00300
:1080B000000000003E808393010002241B00621434
:1080C0006E858297EA8083972B1862000400601403
:1080D000E4808397010002243D20400BF38482A3B7
:1080E0002B10430003004054F38480A301000224BA
:1080F000F38482A3C0858297DE8083972B18620069
:1081000004006054D8808397010002240800E00333
:10811000D58482A32B10430004004054D58480A34F
:10812000010002240800E003D58482A30800E003D4
:1081300000000000C0FFBD273C00BFAF3800BEAF4D
:108140003400B7AF3000B6AF2C00B5AF2800B4AFE5
:108150002400B3AF2000B2AF1C00B1AF1800B0AF25
:108160007485828F2A04401400A0053C8C0EA5243F
:108170000400A48C1000A68C1C00B48C2800BE8CBB
:108180003400B58C4000A38C4C00A28C00A0053CB0
:10819000400FA5240400B08C1000B38C1C00B68CDA
:1081A0002800A78C1000A7AF3400B78C4000B28C19
:1081B0004C00B18CC885858FB08585AF2B28820097
:1081C0000E00A0142B2866002B28C3000800A01462
:1081D0002B2844002B2895020500A0102B284400D2
:1081E000C885858F0400057C9520400BC88585AF28
:1081F0000C00A0142138C4002B2866000900A0142C
:108200002138C4002B28B4020700A0102138F40044
:10821000C885858F010007240400E57C9520400B6C
:10822000C88585AF2138F400212875002128A200D7
:108230002B28A7000400A010C885858F0400057CAA
:108240009520400BC88585AF010007240400E57C1C
:10825000C88585AF2B2811020E00A0142B285302CD
:108260002B2872020800A0142B2830022B28D702DA
:108270000500A0102B283002C885858F4408057C96
:10828000BB20400BC88585AF0C00A01421387002BC
:108290002B2853020900A014213870022B28F60263
:1082A0000700A0102138F600C885858F010007243B
:1082B0004408E57CBB20400BC88585AF2138F6001B
:1082C000212857022128B1002B28A7000400A01064
:1082D000C885858F4408057CBB20400BC88585AFC9
:1082E000010007244408E57CC88585AFB085858FEB
:1082F000C885878F0900E5101E8587930100E72454
:10830000FF00E7301E8587A31F00E72C0500E05023
:108310001E8580A3C920400BC88585AF1E8580A31C
:10832000C88585AFC885858F0100A5301D00A05484
:10833000211843002130C400211043001B00C2005B
:10834000F401400012300000C48586AF9672400FE1
:10835000402004006F72400F212040001400A2AFA3
:1083600021A0D4039672400F212095026F72400F16
:108370002120400021A040001400A48F029D023C57
:108380005F6D400F689D458C21204000D56B400FEC
:10839000212880020972400F212040000321400B58
:1083A000448582AF2120C4001B006400F4018000DA
:1083B00012200000C48584AF9672400F4020020056
:1083C0006F72400F212040001400A2AF21A0D403FF
:1083D0009672400F212095026F72400F21204000BD
:1083E00021A040001400A48F029D023C5F6D400F4D
:1083F000689D458C21204000D56B400F21288002CC
:108400000972400F21204000448582AFC885828FC9
:10841000020042301E004054219032022198700226
:10842000218832021B007102F40120021288000030
:10843000D88491AF9672400F402010006F72400FA9
:1084400021204000218840001000A28F21B056005A
:108450009672400F2120D7026F72400F21204000FA
:108460002180400021202002029D023C5F6D400FD0
:10847000689D458C21204000D56B400F21280002CB
:108480000972400F212040003F21400B848582AFBC
:10849000218070021B005002F401000212800000D3
:1084A000D88490AF9672400F402011006F72400F39
:1084B00021204000218840001000A28F21B05600EA
:1084C0009672400F2120D7026F72400F212040008A
:1084D0002180400021202002029D023C5F6D400F60
:1084E000689D458C21204000D56B400F212800025B
:1084F0000972400F21204000848582AF9672400FA0
:10850000A484848F029D113C212040005F6D400FA8
:108510006C9D258E218040009672400F4485848F8B
:10852000029D123C212040005F6D400F709D458EE2
:1085300021200002AB6A400F212840000972400F41
:108540002120400021804000BC8482AF9672400F01
:108550006885848F212040005F6D400F6C9D258EC3
:10856000218840009672400F8485848F212040002E
:108570005F6D400F709D458E21202002AB6A400F39
:10858000212840000972400F21204000F88482AF6A
:10859000A48490AF688582AF5000022E0300401083
:1085A000510002249B22400BAA8580A304000216DE
:1085B00052000224010002249B22400BAA8582A3C0
:1085C0000400021653000224020002249B22400BE6
:1085D000AA8582A304000216540002240300022488
:1085E0009B22400BAA8582A3040002165500022498
:1085F000040002249B22400BAA8582A304000216D9
:1086000056000224050002249B22400BAA8582A367
:108610000400021657000224060002249B22400B8D
:10862000AA8582A30400021658000224070002242F
:108630009B22400BAA8582A3040002165900022443
:10864000080002249B22400BAA8582A30400021684
:108650005A000224090002249B22400BAA8582A30F
:10866000040002165B0002240A0002249B22400B35
:10867000AA8582A3040002165C0002240B000224D7
:108680009B22400BAA8582A3040002165D000224EF
:108690000C0002249B22400BAA8582A30400021630
:1086A0005E0002240D0002249B22400BAA8582A3B7
:1086B000040002165F0002240E0002249B22400BDD
:1086C000AA8582A304000216600002240F0002247F
:1086D0009B22400BAA8582A304000216610002249B
:1086E000100002249B22400BAA8582A304000216DC
:1086F00062000224110002249B22400BAA8582A35F
:108700000400021663000224120002249B22400B84
:10871000AA8582A304000216640002241300022426
:108720009B22400BAA8582A3040002166500022446
:10873000140002249B22400BAA8582A30400021687
:1087400066000224150002249B22400BAA8582A306
:108750000400021667000224160002249B22400B2C
:10876000AA8582A3040002166800022417000224CE
:108770009B22400BAA8582A30400021669000224F2
:10878000180002249B22400BAA8582A30400021633
:108790006A000224190002249B22400BAA8582A3AE
:1087A000040002166B0002241A0002249B22400BD4
:1087B000AA8582A3040002166C0002241B00022476
:1087C0009B22400BAA8582A3040002166D0002249E
:1087D0001C0002249B22400BAA8582A304000216DF
:1087E0006E0002241D0002249B22400BAA8582A356
:1087F000040002166F0002241E0002249B22400B7C
:10880000AA8582A304000216700002241F0002241D
:108810009B22400BAA8582A3040002167100022449
:10882000200002249B22400BAA8582A3040002168A
:1088300072000224210002249B22400BAA8582A3FD
:108840000400021673000224220002249B22400B23
:10885000AA8582A3040002167400022423000224C5
:108860009B22400BAA8582A30400021675000224F5
:10887000240002249B22400BAA8582A30400021636
:1088800076000224250002249B22400BAA8582A3A5
:108890000400021677000224260002249B22400BCB
:1088A000AA8582A30400021678000224270002246D
:1088B0009B22400BAA8582A30400021679000224A1
:1088C000280002249B22400BAA8582A304000216E2
:1088D0007A000224290002249B22400BAA8582A34D
:1088E000040002167B0002242A0002249B22400B73
:1088F000AA8582A3040002167C0002242B00022415
:108900009B22400BAA8582A3040002167D0002244C
:108910002C0002249B22400BAA8582A3040002168D
:108920007E0002242D0002249B22400BAA8582A3F4
:10893000040002167F0002242E0002249B22400B1A
:10894000AA8582A304000216800002242F000224BC
:108950009B22400BAA8582A30400021681000224F8
:10896000300002249B22400BAA8582A30400021639
:1089700082000224310002249B22400BAA8582A39C
:108980000400021683000224320002249B22400BC2
:10899000AA8582A304000216840002243300022464
:1089A0009B22400BAA8582A30400021685000224A4
:1089B000340002249B22400BAA8582A304000216E5
:1089C00086000224350002249B22400BAA8582A344
:1089D0000400021687000224360002249B22400B6A
:1089E000AA8582A30400021688000224370002240C
:1089F0009B22400BAA8582A3040002168900022450
:108A0000380002249B22400BAA8582A30400021690
:108A10008A000224390002249B22400BAA8582A3EB
:108A2000040002168B0002243A0002249B22400B11
:108A3000AA8582A3040002168C0002243B000224B3
:108A40009B22400BAA8582A3040002568D00102EA3
:108A50003C0002249B22400BAA8582A3040000163E
:108A6000F884828F3C000224AA8582A3F884828F36
:108A70005000432C0300601051000324D123400B0D
:108A8000408580A304004314520003240100022403
:108A9000D123400B408582A30400431453000324D8
:108AA00002000224D123400B408582A3040043141A
:108AB0005400032403000224D123400B408582A3E9
:108AC000040043145500032404000224D123400B66
:108AD000408582A3040043145600032405000224A9
:108AE000D123400B408582A3040043145700032484
:108AF00006000224D123400B408582A304004314C6
:108B00005800032407000224D123400B408582A390
:108B1000040043145900032408000224D123400B0D
:108B2000408582A3040043145A0003240900022450
:108B3000D123400B408582A3040043145B0003242F
:108B40000A000224D123400B408582A30400431471
:108B50005C0003240B000224D123400B408582A338
:108B6000040043145D0003240C000224D123400BB5
:108B7000408582A3040043145E0003240D000224F8
:108B8000D123400B408582A3040043145F000324DB
:108B90000E000224D123400B408582A3040043141D
:108BA000600003240F000224D123400B408582A3E0
:108BB000040043146100032410000224D123400B5D
:108BC000408582A3040043146200032411000224A0
:108BD000D123400B408582A3040043146300032487
:108BE00012000224D123400B408582A304004314C9
:108BF0006400032413000224D123400B408582A388
:108C0000040043146500032414000224D123400B04
:108C1000408582A304004314660003241500022447
:108C2000D123400B408582A3040043146700032432
:108C300016000224D123400B408582A30400431474
:108C40006800032417000224D123400B408582A32F
:108C5000040043146900032418000224D123400BAC
:108C6000408582A3040043146A00032419000224EF
:108C7000D123400B408582A3040043146B000324DE
:108C80001A000224D123400B408582A30400431420
:108C90006C0003241B000224D123400B408582A3D7
:108CA000040043146D0003241C000224D123400B54
:108CB000408582A3040043146E0003241D00022497
:108CC000D123400B408582A3040043146F0003248A
:108CD0001E000224D123400B408582A304004314CC
:108CE000700003241F000224D123400B408582A37F
:108CF000040043147100032420000224D123400BFC
:108D0000408582A30400431472000324210002243E
:108D1000D123400B408582A3040043147300032435
:108D200022000224D123400B408582A30400431477
:108D30007400032423000224D123400B408582A326
:108D4000040043147500032424000224D123400BA3
:108D5000408582A3040043147600032425000224E6
:108D6000D123400B408582A30400431477000324E1
:108D700026000224D123400B408582A30400431423
:108D80007800032427000224D123400B408582A3CE
:108D9000040043147900032428000224D123400B4B
:108DA000408582A3040043147A000324290002248E
:108DB000D123400B408582A3040043147B0003248D
:108DC0002A000224D123400B408582A304004314CF
:108DD0007C0003242B000224D123400B408582A376
:108DE000040043147D0003242C000224D123400BF3
:108DF000408582A3040043147E0003242D00022436
:108E0000D123400B408582A3040043147F00032438
:108E10002E000224D123400B408582A3040043147A
:108E2000800003242F000224D123400B408582A31D
:108E3000040043148100032430000224D123400B9A
:108E4000408582A3040043148200032431000224DD
:108E5000D123400B408582A30400431483000324E4
:108E600032000224D123400B408582A30400431426
:108E70008400032433000224D123400B408582A3C5
:108E8000040043148500032434000224D123400B42
:108E9000408582A304004314860003243500022485
:108EA000D123400B408582A3040043148700032490
:108EB00036000224D123400B408582A304004314D2
:108EC0008800032437000224D123400B408582A36D
:108ED000040043148900032438000224D123400BEA
:108EE000408582A3040043148A000324390002242D
:108EF000D123400B408582A3040043148B0003243C
:108F00003A000224D123400B408582A3040043147D
:108F10008C0003243B000224D123400B408582A314
:108F2000040043148D00422C3C000224D123400B4A
:108F3000408582A3040040141885828F3C000224DF
:108F4000408582A31885828F260040100C85828F71
:108F50009885828F230040140C85828FD68482935B
:108F60000B00432C15006014208583934085839368
:108F70002B2043000D00801401004224C885828FFD
:108F80000200423005004010208580A3188580AF84
:108F9000D68480A30F24400B218583A3188580AF3E
:108FA000D68480A30F24400B218583A3FF00423089
:108FB000D68482A30F24400B218582A31500642C44
:108FC0001F0080508C85828F01004224FF004230B8
:108FD000D68482A3218582A3010063240F24400B41
:108FE000208583A3050040147485828FCC85828FF1
:108FF00011004010408582937485828F0E004014CA
:1090000040858293218580A300A0023C480F4294B2
:109010006100422C04004014C885828F4408027C01
:109020000F24400BC88582AF010003244408627CF2
:109030000F24400BC88582AF218582A38C85828F47
:1090400026004010B084828F9885828F23004014C0
:10905000B084828F9C8582930B00432C1500601492
:109060005C858393AA8583932B2043000D00801495
:1090700001004224C885828F010042300500401063
:109080005C8580A38C8580AF9C8580A34D24400B9C
:10909000F18483A38C8580AF9C8580A34D24400BF5
:1090A000F18483A3FF0042309C8582A34D24400BB2
:1090B000F18482A31500642C1F008050B084828F3D
:1090C00001004224FF0042309C8582A3F18482A3E8
:1090D000010063244D24400B5C8583A305004014EC
:1090E0007485828F5485828F11004010AA858293E7
:1090F0007485828F0E004014AA858293F18480A328
:1091000000A0023C940E42946100422C04004014E2
:10911000C885828F0400027C4D24400BC88582AF35
:10912000010003240400627C4D24400BC88582AFFB
:10913000F18482A3B084828F05004014CC85828F95
:109140005485828F0A004010D884828FCC85828F0C
:1091500005004054F18480A30C85828F04004010E8
:10916000D884828FF18480A3218580A3D884828FC4
:109170000300422C0800401000A0023CC485828FEE
:109180000300422C0400401000A0023CB085828FF6
:10919000C88582AF00A0023C880D428C07004014B5
:1091A000AA858293108580A3748580AF188580AFCF
:1091B0008C8580AF988580AFAA8582930B00401084
:1091C00040858293C885828F010042300700401499
:1091D00040858293F18482932710020080FF03244C
:1091E00025104300F18482A340858293080040103B
:1091F000C885828F02004230050040142185829389
:109200002710020080FF032425104300218582A33C
:109210003C00BF8F3800BE8F3400B78F3000B68F50
:109220002C00B58F2800B48F2400B38F2000B28F9C
:109230001C00B18F1800B08F0800E0034000BD276C
:109240003E8084930100032439008314388582937F
:10925000C0858397DA8084972B2064000F008054A8
:1092600002000324D48084972B2083000B008054B9
:10927000020003246E858497E68085972B2885005D
:109280000600A05402000324E08085972B28A40048
:109290000400A010DC80869702000324CD24400B3C
:1092A000388583A3D28085972338C5002A38670084
:1092B0001100E05401000324D68087972140E50087
:1092C0002A4003010C00005501000324E880889720
:1092D000234805012A48890007002055010003247E
:1092E000E2808997212825012A28A4000400A050A3
:1092F0002B30C30001000324CD24400B388583A309
:109300000D00C050020003242B1867000A006010F3
:10931000020003242B400401070000112B208900C8
:1093200005008054388580A3CE24400B0000000047
:10933000388580A30200032407004314010003249E
:109340003885849304008314000000002100032466
:10935000E524400B648583A306004314388583937A
:10936000040060140000000010000224E824400BF8
:10937000648582A307004014388584930100032488
:10938000050083140000000001000224EE24400BBD
:10939000648582A30100032408004314108582938E
:1093A000388583930200022404006214108582939E
:1093B00012000224648582A310858293038582A310
:1093C000388282930500432C050060104A80839305
:1093D00001000224548582AFFF24400BB08480AF8B
:1093E000FCFF63242A10620005004010398282933A
:1093F000548580AF01000224B08482AF3982829309
:109400000500432C050060104B808393010002246B
:10941000CC8582AF0E25400B0C8580AFFCFF63240A
:109420002A1062000500401038828293CC8580AFFC
:10943000010002240C8582AF388282934A80839394
:10944000FCFF63242A206200140080143982849374
:109450000500442C11008054398284933982829310
:109460004B808393FCFF63242A186200130060542E
:10947000030002240500422C1000401403000224C3
:1094800001000224108582A3548580AFB08480AF90
:10949000CC8580AF3825400B0C8580AF4B80859301
:1094A000FCFFA5242A28A4000300A0140500842C96
:1094B000040080102A186200030002243825400BA3
:1094C000108582A305006054020002240500422C8E
:1094D000040040100385839302000224108582A3B8
:1094E00003858393010002240B0062140385839398
:1094F00010858293FEFF4224FF0042300200422C7E
:10950000060040100300022401000224748582AF8B
:10951000988582AF038583930300022408006214B8
:109520000385839310858393010002240400621451
:1095300003858393188582AF748580AF03858393F9
:1095400002000224060062141085839301000224A5
:1095500003006214000000008C8582AF748580AF28
:109560000800E0030000000052848397FC84828F8F
:109570002118620050848297D885848F2110820040
:10958000D88582AF1E8484972B1083000F00405033
:10959000FC8480AF488485972B10A3000A004014F8
:1095A000FF7F022423186400C0130300231043002C
:1095B0002320A4001B004400F401800012200000BE
:1095C0007325400BFC8484AFFC8482AFFC838497BA
:1095D000D885838F2B10830010004050D88580AF32
:1095E0003C8485972B10A3000A004014FF7F0224BF
:1095F00023186400C0130300231043002320A40099
:109600001B004400F4018000122000000800E00369
:10961000D88584AF0800E003D88582AF0800E00356
:1096200000000000FC84838F0D006050FC8480AF3C
:109630002484848F2B10830008004014FF7F0224B1
:10964000C0130300231043001B004400F4018000FA
:10965000122000009825400BFC8484AFFC8482AF6C
:10966000D885838F0D006050D88580AF2C84848F7F
:109670002B10830008004014FF7F0224C013030056
:10968000231043001B004400F4018000122000005E
:10969000A725400BD88584AFD88582AF24828293DA
:1096A0000600401025828293FC84828FFF7F032472
:1096B00023106200FC8482AF258282930400401054
:1096C000D885828FFF7F032423106200D88582AF64
:1096D0000800E0030000000000A0023C800D428C66
:1096E00000A0033C600E638C2B20620004008050BD
:1096F0002310620023104300C125400B608582AF18
:10970000608582AF00A0023C840D428C00A0033C27
:10971000640E638C2B206200050080106085848FAE
:109720002110440023184300CF25400B608583AFF0
:109730002118640023106200608582AF6085828FEB
:109740003200432C0300601001000324D625400B97
:10975000708580AF708583AF00A0033C880D638C5B
:109760008300601000818397D58483934200601446
:1097700000818397F38483933F0060140081839773
:109780002B18620004006010FE808397208182976E
:109790007526400BE88482AF2B186200040060102D
:1097A000FC8083971E8182977526400BE88482AFE8
:1097B0002B18620004006010FA8083971C81829746
:1097C0007526400BE88482AF2B18620004006010FD
:1097D000F88083971A8182977526400BE88482AFC0
:1097E0002B18620004006010F6808397188182971E
:1097F0007526400BE88482AF2B18620004006010CD
:10980000F4808397168182977526400BE88482AF97
:109810002B18620004006010F280839714818297F5
:109820007526400BE88482AF2B186200040060109C
:10983000F0808397128182977526400BE88482AF6F
:109840002B18620004006010EE80839710818297CD
:109850007526400BE88482AF2B1062000400401094
:109860000C8182970E8182977526400BE88482AF27
:109870007526400BE88482AF2B186200040060104C
:10988000FE808397208182977526400BE88482AF03
:109890002B18620004006010FC8083971E81829761
:1098A0007526400BE88482AF2B186200040060101C
:1098B000FA8083971C8182977526400BE88482AFDB
:1098C0002B18620004006010F88083971A81829739
:1098D0007526400BE88482AF2B18620004006010EC
:1098E000F6808397188182977526400BE88482AFB3
:1098F0002B18620004006010F48083971681829711
:109900007526400BE88482AF2B18620004006010BB
:10991000F2808397148182977526400BE88482AF8A
:109920002B18620004006010F080839712818297E8
:109930007526400BE88482AF2B186200040060108B
:10994000EE808397108182977526400BE88482AF62
:109950002B106200040040100C8182970E818297C8
:109960007526400BE88482AF7526400BE88482AFF1
:109970002B18620004006010FA8083970A81829796
:109980007526400BE88482AF2B186200040060103B
:10999000F8808397068182977526400BE88482AF12
:1099A0002B18620004006010EE8083970881829774
:1099B0007526400BE88482AF2B1062000400401033
:1099C00002818297048182977526400BE88482AFDA
:1099D000E88482AFE884868F010002240700C21069
:1099E00000A0023C880E42902B184600090060102F
:1099F00000A0033C9626400B00A0023C00A0023CC5
:109A0000600E42241C0040AC200040AC9526400B68
:109A1000280040A0600E688C600E63240400678CF0
:109A20001C00648C2000638C23208800FFFF4224EC
:109A3000FF0042302B284600FBFFA01023186700D0
:109A400000A0053C600EA5241C00A4AC2000A3AC23
:109A50002800A2A000A0023C7C0D42240400478CF8
:109A600000A0043C600E84241C00858C2128E500A5
:109A70001C0085AC0800468C2000838C2118C30094
:109A8000200083AC2800829001004224FF00423075
:109A90000C004010280082A000A0043C1B00A20083
:109AA000F401400012280000600E85AC600E842492
:109AB0001B006200F4014000121800000800E003DF
:109AC000040083AC00A0023C600E47AC600E422450
:109AD000040046AC0800E003280040A0D8FFBD27E2
:109AE0002400BFAF2000B3AF1C00B2AF1800B1AF6D
:109AF0001400B0AF3800B28F801005004088040019
:109B0000218824022388510023882602C3171100CC
:109B10002688510023882202408005002380040209
:109B200023800602C3171000268050002380020203
:109B300002000016FF00E730010010249672400F6B
:109B400002204772219840009672400F4220120076
:109B5000219040009672400F212020022188400071
:109B60009672400F2120000221202002D56B400F69
:109B700021284000212040025F6D400F2128400035
:109B800021206002AB6A400F212840000972400F7B
:109B9000212040002400BF8F2000B38F1C00B28F13
:109BA0001800B18F1400B08F0800E0032800BD2713
:109BB000E0FFBD271C00BFAF1800B0AF00A0103CF5
:109BC000400F102654000292588482A3FFFF4524C0
:109BD0003C85848F8030050000190500231866003D
:109BE000211803020400658C2328A400040065AC3E
:109BF00080280200003102002328C5002128050228
:109C00000400A68C2330C4000400A6AC010042244A
:109C100080300200001102002310460021100202D1
:109C20000400468C2330C400040046AC0400648C5D
:109C30000400A58C010067904E808297B726400FE4
:109C40001000A2AF00A0033C840D62AC540002924D
:109C500080180200001102002310430021805000F0
:109C600001000292028582A31C00BF8F1800B08FF2
:109C70000800E0032000BD27E0FFBD271C00BFAFA8
:109C80001800B0AF00A0103C8C0E102654000292B9
:109C9000588482A3FFFF45243C85848F80300500D3
:109CA0000019050023186600211803020400658CC2
:109CB0002328A400040065AC8028020000310200C3
:109CC0002328C500212805020400A68C2330C400E7
:109CD0000400A6AC01004224803002000011020002
:109CE00023104600211002020400468C2330C400D9
:109CF000040046AC0400648C0400A58C010067904D
:109D00004C808297B726400F1000A2AF00A0033C02
:109D1000800D62AC54000292801802000011020013
:109D2000231043002180500001000292F28482A39C
:109D30001C00BF8F1800B08F0800E0032000BD2773
:109D4000D0FFBD272C00BFAF2800B5AF2400B4AFB3
:109D50002000B3AF1C00B2AF1800B1AF1400B0AF19
:109D600000A0023C8C0E422454005090588490A3D2
:109D7000FEFF03268020030000190300231864005F
:109D8000211843000400668CFFFF0426801804009D
:109D90000021040023208300212044000400918C32
:109DA00080201000001910002320640021204400AE
:109DB0000400938C01000426802804000021040084
:109DC00023208500212044000400928C23183302B4
:109DD00023187200020004268028040000210400D9
:109DE00023208500211044000400428C21186200C9
:109DF00029006050409813002A10510212004014AC
:109E00004C80829723203202022082701A00830045
:109E1000F4016000122000008018100000291000DA
:109E20002318A30000A0053C8C0EA5242118650072
:109E300001006390022843704272400F2120A40069
:109E4000A527400B21A84000231832020218627097
:109E50002330D1002330D3002130D2001A00660015
:109E6000F401C00012300000801810000021100022
:109E70002318830000A0043C8C0E84242118640065
:109E800001006490021844704272400F2120660065
:109E900021A8400040981300239871022398720271
:109EA0004098130013006052212080024C80839759
:109EB00080101000008110002380020200A0023CEC
:109EC0008C0E422421800202010002920210627074
:109ED00023883202021823721A007300F401600210
:109EE000129800004272400F2320530021A040002E
:109EF00021208002A96A400F2128A002E971400FA9
:109F000021204000C31F02002610620023184300D6
:109F10004C8084972A188300070060102120A0023B
:109F2000E971400F212080024272400F2120400041
:109F3000D627400B00000000AB6A400F21288002AA
:109F4000E971400F21204000C22702002120820039
:109F50004272400F43200400E971400F212040006D
:109F60002C00BF8F2800B58F2400B48F2000B38F42
:109F70001C00B28F1800B18F1400B08F0800E003EE
:109F80003000BD27D0FFBD272C00BFAF2800B5AFE4
:109F90002400B4AF2000B3AF1C00B2AF1800B1AFC3
:109FA0001400B0AF00A0023C400F42245400509077
:109FB000588490A3FEFF03268020030000190300AD
:109FC00023186400211843000400668CFFFF042658
:109FD0008018040000210400232083002120440075
:109FE0000400918C802010000019100023206400D0
:109FF000212044000400938C0100042680280400E2
:10A000000021040023208500212044000400928CBC
:10A01000231833022318720002000426802804004B
:10A020000021040023208500211044000400428CFC
:10A030002118620029006050409813002A10510234
:10A04000120040144E808297232032020220827038
:10A050001A008300F4016000122000008018100034
:10A06000002910002318A30000A0053C400FA524E0
:10A070002118650001006390022843704272400F6E
:10A080002120A4003628400B21A8400023183202CA
:10A09000021862702330D1002330D3002130D20067
:10A0A0001A006600F401C000123000008018100091
:10A0B000002110002318830000A0043C400F8424DA
:10A0C0002118640001006490021844704272400F2D
:10A0D0002120660021A840004098130023987102B7
:10A0E00023987202409813001300605221208002CE
:10A0F0004E808397801010000081100023800202A0
:10A1000000A0023C400F4224218002020100029282
:10A110000210627023883202021823721A00730040
:10A12000F4016002129800004272400F2320530095
:10A1300021A0400021208002A96A400F2128A0020E
:10A14000E971400F21204000C31F02002610620069
:10A15000231843004E8084972A188300070060105C
:10A160002120A002E971400F212080024272400F9D
:10A17000212040006728400B00000000AB6A400F20
:10A1800021288002E971400F21204000C2270200EF
:10A19000212082004272400F43200400E971400FE9
:10A1A000212040002C00BF8F2800B58F2400B48FE1
:10A1B0002000B38F1C00B28F1800B18F1400B08F35
:10A1C0000800E0033000BD27D8FFBD272400BFAF43
:10A1D0002000B3AF1C00B2AF1800B1AF1400B0AF95
:10A1E00000A0023C8C0E42241000528C1C00518CAA
:10A1F0002800508C3400438C4000538C2A1071008E
:10A200001100405423882302238871004272400FBA
:10A210002120200221904000238833024272400F07
:10A220002120300221204002D56B400F2128400020
:10A2300021204000029D023CAB6A400F749D458C7A
:10A24000A028400B218040004272400F21202002B4
:10A2500021984000238832024272400F21203002B0
:10A2600021206002D56B400F21284000029D033C55
:10A27000749D648CA96A400F212840002180400011
:10A2800000A0023C4272400FB10E449021204000D9
:10A29000029D023CA96A400F749D458C212040001C
:10A2A000AB6A400F21280002218040004272400F1B
:10A2B0004C808497212000025F6D400F21284000D0
:10A2C000E971400F212040002400BF8F2000B38F90
:10A2D0001C00B28F1800B18F1400B08F0800E0038B
:10A2E0002800BD27D8FFBD272400BFAF2000B3AF93
:10A2F0001C00B2AF1800B1AF1400B0AF00A0023C18
:10A30000400F42241000528C1C00518C2800508CAD
:10A310003400438C4000538C2A10710011004054CB
:10A3200023882302238871004272400F21202002DB
:10A3300021904000238833024272400F21203002D6
:10A3400021204002D56B400F2128400021204000F1
:10A35000029D023CAB6A400F749D458CE728400B80
:10A36000218040004272400F2120200221984000AD
:10A37000238832024272400F2120300221206002E5
:10A38000D56B400F21284000029D033C749D648CD6
:10A39000A96A400F212840002180400000A0023C13
:10A3A0004272400F650F449021204000029D023C04
:10A3B000A96A400F749D458C21204000AB6A400F74
:10A3C00021280002218040004272400F4E80849775
:10A3D000212000025F6D400F21284000E971400FED
:10A3E000212040002400BF8F2000B38F1C00B28FBB
:10A3F0001800B18F1400B08F0800E0032800BD27BB
:10A40000D0FFBD272C00BFAF2800B6AF2400B5AFEA
:10A410002000B4AF1C00B3AF1800B2AF1400B1AF4E
:10A420001000B0AF00A0023C8C0E422454005090AB
:10A43000588490A3FEFF0326802003000019030028
:10A4400023186400211843000400758CFFFF0326C5
:10A450008020030000190300231864002118430022
:10A460000400718C80181000002110002318830054
:10A47000211843000400738C010003268020030090
:10A480000019030023186400211843000400728C93
:10A490000200032680200300001903002318640033
:10A4A000211043000400568C4272400F2320710299
:10A4B00021A0400040201300232091004272400F51
:10A4C0002320920021208002D56B400F21284000DC
:10A4D00021A040002A10510211004054238832026A
:10A4E000238851024272400F2120200221A84000FF
:10A4F000238836024272400F212033022120A0021D
:10A50000D56B400F2128400021204000029D023CD5
:10A51000AB6A400F749D458C5629400B2120800268
:10A520004272400F2120200221B0400023883502D2
:10A530004272400F212033022120C002D56B400F10
:10A5400021284000029D033C749D648CA96A400F41
:10A550002128400021208002AB6A400F21284000C2
:10A56000219840004272400F4C8084972190400017
:10A57000029D113C212060025F6D400F749D258E6D
:10A58000212040025F6D400F2128400021984000AB
:10A5900080101000008110002380020200A0023C05
:10A5A0008C0E4224218002024272400F010004926C
:10A5B00021204000A96A400F749D258E2120400271
:10A5C0005F6D400F2128400021206002AB6A400FE0
:10A5D00021284000E971400F212040002C00BF8F4E
:10A5E0002800B68F2400B58F2000B48F1C00B38FD5
:10A5F0001800B28F1400B18F1000B08F0800E00374
:10A600003000BD27D0FFBD272C00BFAF2800B6AF5C
:10A610002400B5AF2000B4AF1C00B3AF1800B2AF38
:10A620001400B1AF1000B0AF00A0023C400F4224B4
:10A6300054005090588490A3FEFF0326802003000E
:10A640000019030023186400211843000400758CCE
:10A65000FFFF032680200300001903002318640075
:10A66000211843000400718C801810000021100094
:10A6700023188300211843000400738C0100032673
:10A6800080200300001903002318640021184300F0
:10A690000400728C020003268020030000190300CE
:10A6A00023186400211043000400568C4272400FAE
:10A6B0002320710221A0400040201300232091009C
:10A6C0004272400F2320920021208002D56B400F60
:10A6D0002128400021A040002A10510211004054BE
:10A6E00023883202238851024272400F2120200227
:10A6F00021A84000238836024272400F21203302F5
:10A700002120A002D56B400F2128400021204000CD
:10A71000029D023CAB6A400F749D458CD729400BCB
:10A72000212080024272400F2120200221B04000EF
:10A73000238835024272400F212033022120C002BB
:10A74000D56B400F21284000029D033C749D648C12
:10A75000A96A400F2128400021208002AB6A400FE7
:10A7600021284000219840004272400F4E8084977B
:10A7700021904000029D113C212060025F6D400F3E
:10A78000749D258E212040025F6D400F21284000DE
:10A7900021984000801010000081100023800202E8
:10A7A00000A0023C400F4224218002024272400F6E
:10A7B0000100049221204000A96A400F749D258E5B
:10A7C000212040025F6D400F2128400021206002BF
:10A7D000AB6A400F21284000E971400F2120400062
:10A7E0002C00BF8F2800B68F2400B58F2000B48FB7
:10A7F0001C00B38F1800B28F1400B18F1000B08FFF
:10A800000800E0033000BD27D0FFBD272C00BFAFFC
:10A810002800B6AF2400B5AF2000B4AF1C00B3AF22
:10A820001800B2AF1400B1AF1000B0AF00A0103CE0
:10A830008C0E102654000292588482A3FEFF4224FC
:10A8400080180200001102002310430021100202B0
:10A850009672400F0400448C6F72400F212040001C
:10A8600021B0400058848293FFFF422480180200E8
:10A870000011020023104300211002029672400FC3
:10A880000400448C6F72400F21204000E971400F9A
:10A8900021204000218840005884829380180200C3
:10A8A0000011020023104300211002029672400F93
:10A8B0000400448C6F72400F21204000E971400F6A
:10A8C00021204000219840005884829301004224B6
:10A8D0008018020000110200231043002110020220
:10A8E0009672400F0400448C6F72400F212040008C
:10A8F000E971400F2120400021904000588482934C
:10A9000002004224801802000011020023104300BC
:10A91000218002029672400F0400048E6F72400F75
:10A92000212040002380330223801202E971400F6E
:10A9300021204000218002022E0000524098130086
:10A940002A105102140040544C8090974C808397F9
:10A9500023103202021043701A005000F40100026A
:10A96000128000005884859380100500002905009E
:10A970002328A20000A0023C8C0E42242128A20021
:10A980000100A490021064704272400F2120500018
:10A990007C2A400B21A8400023A8320202A8B072F2
:10A9A000E971400F2120C0022310510023105300F1
:10A9B000211052001A00A202F401400012A8000067
:10A9C0005884839380100300001903002318620049
:10A9D00000A0023C8C0E4224211862000100649009
:10A9E000021004724272400F2120550021A840003D
:10A9F0004098130023987102239872024098130024
:10AA0000120060124C808397588482938020020049
:10AA1000001102002310440000A0043C8C0E84248A
:10AA2000211044000100429002106270238832021B
:10AA3000021823721A007300F401600212980000D9
:10AA40004272400F2320530021A040002120A00289
:10AA5000AB6A400F21288002E971400F212040009D
:10AA6000C2270200212082004272400F43200400CE
:10AA7000E971400F212040002C00BF8F2800B68FC5
:10AA80002400B58F2000B48F1C00B38F1800B28F44
:10AA90001400B18F1000B08F0800E0033000BD2714
:10AAA000D0FFBD272C00BFAF2800B5AF2400B4AF46
:10AAB0002000B3AF1C00B2AF1800B1AF1400B0AFAC
:10AAC00000A0023C400F422454005090588490A3B0
:10AAD000FEFF0326802003000019030023186400F2
:10AAE000211843000400668CFFFF04268018040030
:10AAF0000021040023208300212044000400918CC5
:10AB00008020100000191000232064002120440040
:10AB10000400938C01000426802804000021040016
:10AB200023208500212044000400928C2318330246
:10AB3000231872000200042680280400002104006B
:10AB400023208500211044000400428C211862005B
:10AB500029006050409813002A105102120040143E
:10AB60004E80829723203202022082701A008300D6
:10AB7000F40160001220000080181000002910006D
:10AB80002318A30000A0053C400FA5242118650050
:10AB900001006390022843704272400F2120A400FC
:10ABA000FD2A400B21A840002318320202186270CF
:10ABB0002330D1002330D3002130D2001A006600A8
:10ABC000F401C000123000008018100000211000B5
:10ABD0002318830000A0043C400F84242118640043
:10ABE00001006490021844704272400F21206600F8
:10ABF00021A8400040981300239871022398720204
:10AC000040981300110060124E808397801010004E
:10AC1000008110002380020200A0023C400F422469
:10AC20002180020201000292021062702388320227
:10AC3000021823721A007300F401600212980000D7
:10AC40004272400F2320530021A040002120A00287
:10AC5000AB6A400F21288002E971400F212040009B
:10AC6000C2270200212082004272400F43200400CC
:10AC7000E971400F212040002C00BF8F2800B58FC4
:10AC80002400B48F2000B38F1C00B28F1800B18F46
:10AC90001400B08F0800E0033000BD2700A0023C84
:10ACA0006C0E478CBC84828F2B18E200040060502D
:10ACB0002310E20023104700312B400BD08482AFD9
:10ACC000D08482AF00A0023C700E468CF884828F44
:10ACD0002B18C20005006010D084838F2110430020
:10ACE000231046003E2B400BD08482AF2118C300B6
:10ACF00023106200D08482AF00A0023C880D428CF9
:10AD00000A004010010002240A000224888582AF54
:10AD100000A0023C8A0E42900A00432C0A006010F8
:10AD200000A0033C632B400BBC84878F888582AFD7
:10AD300000A0023C600E4224140040AC180040AC5D
:10AD4000622B400B2A0040A0600E63241400648C28
:10AD50001800638C23380700233006002120870069
:10AD6000FFFF4224FF0042300A00452CFBFFA010E9
:10AD70002118660000A0053C600EA5241400A4ACB8
:10AD80001800A3AC2A00A2A0BC84878F00A0043CBA
:10AD9000600E84241400858C2128E500140085AC05
:10ADA000F884868F1800838C2118C300180083ACA8
:10ADB0002A00829001004224FF0042300C00401023
:10ADC0002A0082A000A0043C600E84241B00A20084
:10ADD000F4014000122800000C0085AC1B0062004A
:10ADE000F4014000121800000800E003100083ACDA
:10ADF00000A0023C600E42240C0047AC100046ACA0
:10AE00000800E0032A0040A0E0FFBD271C00BFAF00
:10AE10001800B2AF1400B1AF1000B0AF7485828FCC
:10AE20008C02401400A0023C8C0E42240400458C8D
:10AE30001C004B8C2800478C34004A8C4C00448CFE
:10AE400000A0023C400F42240400438C1C00498CAB
:10AE50002800468C3400488C4C00428CC8858C8F6E
:10AE6000B0858CAF2B608500050080112B60A4009D
:10AE7000C8858C8F04000C7CA62B400BC8858CAF3A
:10AE8000060080112B604300C8858C8F01000D24C3
:10AE90000400AC7DC8858CAF2B6043000500801199
:10AEA0002B606200C8858C8F44080C7CB32B400B50
:10AEB000C8858CAF06008011B0858C8FC8858C8FBB
:10AEC00001000D244408AC7DC8858CAFB0858C8F03
:10AED000C8858D8F0900AC111E858D930100AD25AD
:10AEE000FF00AD311E858DA31500AD2D0500A051CD
:10AEF0001E8580A3C12B400BC8858CAF1E8580A307
:10AF0000C8858CAFC8858C8F01008C3115008015E9
:10AF10000000000005008010000000001B00A400DD
:10AF2000F401800012200000C48584AF2100E010ED
:10AF3000C885848FC0200500402905002128850090
:10AF4000802005002120A400002904002320A40063
:10AF50001B008700F401E00012380000EC2B400BCE
:10AF6000448587AF0500A010000000001B0085008D
:10AF7000F401A00012280000C48585AF0D00E05048
:10AF8000C885848FC0280400402104002120A4002B
:10AF90008028040021208500002904002320A4002B
:10AFA0001B008700F401E00012380000448587AFE1
:10AFB000C885848F020084301500801400000000D2
:10AFC00005004010000000001B006200F40140007A
:10AFD00012100000D88482AF2100C0108C80828FB4
:10AFE000C010030040190300211843008010030023
:10AFF0002110620000190200231062001B004600AD
:10B00000F401C00012300000172C400B848586AF7D
:10B0100005006010000000001B004300F401600008
:10B0200012180000D88483AF0D00C0508C80828F2E
:10B03000C0180200401102002110620080180200B6
:10B040002110430000190200231062001B0046007B
:10B05000F401C00012300000848586AF8C80828F9E
:10B0600023506A01C31F0A0026506A0023184301B7
:10B070002B186200060060144485838FC18484937A
:10B080000200032404008354234028014485838F55
:10B09000BC8483AF23402801C31F080026406800FA
:10B0A000231803012B106200050040148485828F51
:10B0B000C184839302000224020062148485828F7B
:10B0C000F88482AF9672400FA484848F029D113C55
:10B0D000212040005F6D400F789D258E218040002B
:10B0E0009672400FBC84848F029D123C2120400048
:10B0F0005F6D400F7C9D458E21200002AB6A400FA2
:10B10000212840000972400F21204000218040008A
:10B11000BC8482AF9672400F6885848F21204000E6
:10B120005F6D400F789D258E218840009672400FFC
:10B13000F884848F212040005F6D400F7C9D458EF8
:10B1400021202002AB6A400F212840000972400FE5
:10B1500021204000F88482AFA48490AF272B400FB9
:10B16000688582AF00A0023C600E42240C00448C33
:10B17000BC8484AF1000428CF88482AF9080908FA2
:10B180002B109000030040109480918FDE2C400B18
:10B19000AA8580A32B109100840140509880908F45
:10B1A0009672400F232090002190400023803002AF
:10B1B0000A0002241B000202F40140009672400FB4
:10B1C0001220000021204002D56B400F21284000B2
:10B1D00021204000AB6A400F212800000972400F77
:10B1E00021204000DE2C400BAA8582A39672400FDE
:10B1F0002320910021904000238011020A000224A4
:10B200001B000202F40140009672400F1220000061
:10B2100021204002D56B400F212840002120400012
:10B22000029D023CAB6A400F809D458C0972400F25
:10B2300021204000DE2C400BAA8582A39672400F8D
:10B240002320900021904000238030020A00022435
:10B250001B000202F40140009672400F1220000011
:10B2600021204002D56B400F2128400021204000C2
:10B27000029D023CAB6A400F849D458C0972400FD1
:10B2800021204000DE2C400BAA8582A39672400F3D
:10B290002320910021904000238011020A00022403
:10B2A0001B000202F40140009672400F12200000C1
:10B2B00021204002D56B400F212840002120400072
:10B2C000029D023CAB6A400F889D458C0972400F7D
:10B2D00021204000DE2C400BAA8582A39672400FED
:10B2E0002320900021904000238030020A00022495
:10B2F0001B000202F40140009672400F1220000071
:10B3000021204002D56B400F212840002120400021
:10B31000029D023CAB6A400F8C9D458C0972400F28
:10B3200021204000DE2C400BAA8582A39672400F9C
:10B330002320910021904000238011020A00022462
:10B340001B000202F40140009672400F1220000020
:10B3500021204002D56B400F2128400021204000D1
:10B36000029D023CAB6A400F909D458C0972400FD4
:10B3700021204000AA8582A300A0023C700E448CCC
:10B38000AC80908F2B10900003004010B080918F04
:10B390005F2D400B408580A32B1091001801405079
:10B3A000B480908F9672400F23209000219040002F
:10B3B000238030020A0002241B000202F401400034
:10B3C0009672400F1220000021204002D56B400FE2
:10B3D0002128400021204000AB6A400F21280000B6
:10B3E0000972400F212040005F2D400B408582A351
:10B3F0009672400F2320910021904000238011027B
:10B400000A0002241B000202F40140009672400F61
:10B410001220000021204002D56B400F212840005F
:10B4200021204000029D023CAB6A400F809D458C6C
:10B430000972400F212040005F2D400B408582A300
:10B440009672400F2320900021904000238030020C
:10B450000A0002241B000202F40140009672400F11
:10B460001220000021204002D56B400F212840000F
:10B4700021204000029D023CAB6A400F849D458C18
:10B480000972400F212040005F2D400B408582A3B0
:10B490009672400F232091002190400023801102DA
:10B4A0000A0002241B000202F40140009672400FC1
:10B4B0001220000021204002D56B400F21284000BF
:10B4C00021204000029D023CAB6A400F889D458CC4
:10B4D0000972400F212040005F2D400B408582A360
:10B4E0009672400F2320900021904000238030026C
:10B4F0000A0002241B000202F40140009672400F71
:10B500001220000021204002D56B400F212840006E
:10B5100021204000029D023CAB6A400F8C9D458C6F
:10B520000972400F212040005F2D400B408582A30F
:10B530009672400F23209100219040002380110239
:10B540000A0002241B000202F40140009672400F20
:10B550001220000021204002D56B400F212840001E
:10B5600021204000029D023CAB6A400F909D458C1B
:10B570000972400F21204000408582A31885828FE8
:10B580001F0040100C85828F9885828F1C0040140C
:10B590000C85828FD68482930B00432C0E0060149E
:10B5A00020858393408583932B20430006008014DD
:10B5B00001004224208580A3188580AFD68480A313
:10B5C0008B2D400B218583A3FF004230D68482A3BC
:10B5D0008B2D400B218582A31500642C1400805014
:10B5E0008C85828F01004224FF004230D68482A3E2
:10B5F000218582A3010063248B2D400B208583A32A
:10B60000050040147485828FCC85828F060040101F
:10B61000408582937485828F030040144085829315
:10B620008B2D400B218580A3218582A38C85828F61
:10B630001F004010B084828F9885828F1C004014B8
:10B64000B084828F9C8582930B00432C0E00601483
:10B650005C858393AA8583932B2043000600801486
:10B66000010042245C8580A38C8580AF9C8580A3EB
:10B67000B72D400BF18483A3FF0042309C8582A349
:10B68000B72D400BF18482A31500642C1400805068
:10B69000B084828F01004224FF0042309C8582A347
:10B6A000F18482A301006324B72D400B5C8583A342
:10B6B000050040147485828F5485828F06004010E7
:10B6C000AA8582937485828F03004014AA85829391
:10B6D000B72D400BF18480A3F18482A3B084828FC4
:10B6E00005004014CC85828F5485828F0A0040105B
:10B6F000D884828FCC85828F05004054F18480A34A
:10B700000C85828F04004010D884828FF18480A33E
:10B71000218580A3D884828F0300422C080040102A
:10B7200000A0023CC485828F0300422C040040101C
:10B7300000A0023CB085828FC88582AF00A0023C89
:10B74000880D428C07004014AA858293108580A33F
:10B75000748580AF188580AF8C8580AF988580AF69
:10B76000AA8582930900401040858293C885828F04
:10B77000010042300500401440858293F184829399
:10B7800023100200F18482A340858293310040108F
:10B79000C885828F020042302E004014218582939A
:10B7A00023100200152E400B218582A32B10900040
:10B7B0008EFE4014000000009C80918F2B109100A1
:10B7C0009EFE401400000000A080908F2B1090007F
:10B7D000AEFE401400000000A480918F2B10910059
:10B7E000BEFE401400000000A880908F2B10900037
:10B7F000CEFE40143C000224DE2C400BAA8582A31E
:10B800002B109000FAFE401400000000B880918FC9
:10B810002B1091000AFF401400000000BC80908FA4
:10B820002B1090001AFF401400000000C080918F80
:10B830002B1091002AFF401400000000C480908F5C
:10B840002B1090003AFF40143C0002245F2D400B67
:10B85000408582A31C00BF8F1800B28F1400B18FE7
:10B860001000B08F0800E0032000BD27E0FFBD27D7
:10B870001C00BFAF1800B1AF1400B0AFB585829304
:10B880000800422C1C0440501C00BF8FB5858393D8
:10B8900080180300019D023CACB8422421104300F3
:10B8A0000000428C0800400000000000CCB8009D61
:10B8B00024BA009D90BB009D68BD009D90BE009D78
:10B8C000FCBF009D9CC1009D80C8009D00A0103C55
:10B8D0008C0E102655000292388282A300A0023CF2
:10B8E000950F4290398282A3010004243A64400FEC
:10B8F000010005245800028E388083933A80849793
:10B90000022064702B208200040080103C80849709
:10B91000010002245E2E400B488582A3021883702A
:10B920002B10430007004010488583930100022438
:10B930000C0062141F858293008582A3622E400B47
:10B94000488580A301000224060062141F858293AB
:10B95000808182931F858393231062005A2E400BAF
:10B96000008582A3008582A3488583930100022479
:10B970000600621438828293808182931F858393AC
:10B9800023106200008582A338828293201C027CEF
:10B99000060060044A8083932B1862000300601441
:10B9A0000000000004004054B88580AF3B5E400FAB
:10B9B00000000000B88580AF00A0023CE80E429471
:10B9C0007E8083976C0064242A2082000A00801005
:10B9D00094FF63247885828F01004224788582AFAA
:10B9E0007D8083932B1062000B004054788583AFD9
:10B9F000872E400B7885828F2A1043000600401066
:10BA00007885828F04004010FFFF4224020040141A
:10BA1000788582AF788580AF7885828F3D32400B04
:10BA2000CC8482AF848183930100022404006214D9
:10BA300059808293CC84828F912E400B3A8582A3C9
:10BA40003A8582A358808293A88482AF010004249F
:10BA50003A64400F020005243882839340180300A3
:10BA600000A0023CF40F4224211862003982849322
:10BA70004020040000A0023C7810422421108200E3
:10BA8000000064943D63400F00004594186D400F22
:10BA900000000000A48580AF778083930400022417
:10BAA0002800621400858293F485828F0D00401473
:10BAB0000100032400858293029D033C009A6324C5
:10BAC0002118430000006390E88583A3029D033C96
:10BAD0000C9A63242110430000004290DB2E400B9F
:10BAE000198682A30C00431400858293029D033CB7
:10BAF0003C9A63242118430000006390E88583A3E7
:10BB0000029D033C489A63242110430000004290A8
:10BB1000DB2E400B198682A3029D033C789A632496
:10BB20002118430000006390E88583A3029D033C35
:10BB3000849A63242110430000004290DB2E400BC6
:10BB4000198682A3029D033C9C996324211843001B
:10BB500000006390E88583A3029D033CBC996324A5
:10BB60002110430000004290198682A300020224A3
:10BB700088BF033C341062AC88BF033C641062ACE5
:10BB800088BF033C681062AC3E32400B1C00BF8F84
:10BB90004185839301000224570362141C00BF8F68
:10BBA00002000224418582A3B885838F01006324AB
:10BBB000B88583AF388084932B1064005400401400
:10BBC0000100022404006214E084828F3485828F95
:10BBD000FC2E400BE08482AF3485838F21106200FD
:10BBE0001B004400F401800012200000E08484AFB8
:10BBF0007C848393801003000021030023108200C3
:10BC000000A0043C8C0E84242110440038828493CC
:10BC1000010044A0E084848F040044AC000043A0F1
:10BC20006C858497080044A4D08584970A0044A4B6
:10BC3000D483828F04004054088580AF01006324C0
:10BC40007C8483A3088580AFE08480AF00A0023CA1
:10BC5000E10E4290388282A37C8482930700422CBA
:10BC600022004054B88580AF7C8480A337808393C2
:10BC70003C85828F2110620000A0033CAC0E6394CF
:10BC80002B1843000D00601400A0033CB80E639411
:10BC90002B1843000900601400A0033CC40E6394F9
:10BCA0002B10430005004014000000003B5E400FD5
:10BCB000000000003D32400B348580AFD483828F7A
:10BCC00005004014010004243A64400F03000524D9
:10BCD0003D32400B348580AF3A64400F01000524AB
:10BCE000D48380AF3D32400B348580AF0100042403
:10BCF0003A64400F01000524D483838F010002249D
:10BD000017006250D48380AF3D32400B348580AF42
:10BD100000A0023CE10E4290388282A3010004247C
:10BD20003A64400F0100052401000224B885838F86
:10BD300004006214E084828F3485828F582F400B78
:10BD4000E08482AF3485838F21186200388082932B
:10BD50001B006200F401400012180000E08483AF71
:10BD60003D32400B348580AF00A0103C400F1026C0
:10BD700055000292398282A3020004243A64400FE3
:10BD8000040005245800038E388084933A808297FB
:10BD9000021082702B204300040080102B106200E0
:10BDA00001000224792F400B1D8582A3080040105A
:10BDB0001F8582931D858393010002240400621471
:10BDC0001F858293508582A37D2F400B1D8580A304
:10BDD000508582A31D85839301000224060062140E
:10BDE00039828293808182931F858393231062001E
:10BDF000508582A339828293201C027C0600600455
:10BE00004B8083932B186200030060140000000035
:10BE100004004054B88580AF3B5E400F0000000036
:10BE2000B88580AF00A0023C9C0F42947E8083972F
:10BE30006C0064242A2082000A00801094FF63248E
:10BE40002485828F01004224248582AF7D808393E4
:10BE50002B1062000B004054248583AFA22F400BAF
:10BE60002485828F2A104300060040102485828F8B
:10BE700004004010FFFF422402004014248582AFDA
:10BE8000248580AF2485828F3D32400BCC8482AFE5
:10BE900084818393010002240400621459808293F8
:10BEA000CC84828FAC2F400B3A8582A33A8582A343
:10BEB00058808293A88482AF020004243A64400F21
:10BEC00005000524388283934018030000A0023C3B
:10BED000F40F422421186200398284934020040028
:10BEE00000A0023C781042242110820000006494DB
:10BEF0003D63400F00004594186D400F00000000A6
:10BF0000A48580AF77808393040002242800621404
:10BF100050858293F485828F0D0040140100032424
:10BF200050858293029D033C009A632421184300AC
:10BF300000006390E88583A3029D033C0C9A632470
:10BF40002110430000004290F62F400B198682A377
:10BF50000C00431450858293029D033C3C9A632459
:10BF60002118430000006390E88583A3029D033CF1
:10BF7000489A63242110430000004290F62F400BA2
:10BF8000198682A3029D033C789A632421184300FA
:10BF900000006390E88583A3029D033C849A632498
:10BFA0002110430000004290F62F400B198682A317
:10BFB000029D033C9C996324211843000000639078
:10BFC000E88583A3029D033CBC99632421104300B0
:10BFD00000004290198682A30002022488BF033C1D
:10BFE000341062AC88BF033C641062AC88BF033C71
:10BFF000681062AC3E32400B1C00BF8F41858393BA
:10C00000010002243C0262141C00BF8F02000224C3
:10C01000418582A3B885838F01006324B88583AFEF
:10C02000388084932B1064004600401401000224E1
:10C03000040062140885828F3485828F1730400B8C
:10C04000088582AF3485838F211062001B00440075
:10C05000F401800012200000088584AF7C84839363
:10C0600080100300002103002310820000A0043C84
:10C07000400F84242110440039828593010045A09B
:10C080000885858F040045AC000043A06C8585972A
:10C09000080045A4D08585970A0045A401006324C3
:10C0A000FF0063307C8483A3088580AFE08480AF89
:10C0B000550082900700632C1C006014398282A313
:10C0C0007C8480A3378083933C85828F211062001B
:10C0D00000A0033C600F63942B1843000E00601413
:10C0E00000A0033C6C0F63942B1843000B006014FA
:10C0F0000200042400A0033C780F63942B1043003B
:10C1000006004014000000003B5E400F00000000ED
:10C110003D32400B348580AF020004243A64400F66
:10C12000060005243D32400B348580AFB88580AFD2
:10C13000020004243A64400F040005243D32400B01
:10C14000348580AF00A0023C950F4290398282A3D3
:10C15000020004243A64400F040005240100022474
:10C16000B885838F040062140885828F3485828F9E
:10C170006530400B088582AF3485838F21186200BB
:10C18000388082931B006200F40140001218000006
:10C19000088583AF3D32400B348580AF241D400FAE
:10C1A00000000000EC808293290040140100032469
:10C1B00000A0023CE10E4290030043104A808393AA
:10C1C00006006214000000005027400F000000002D
:10C1D00000A0033C7F30400B800D62AC1E27400F57
:10C1E00000A0113C7C0D31260029400F0400308E48
:10C1F0002180500042801000040030AE00A0023CBC
:10C20000950F429001000324030043104B80839359
:10C210000600621400000000E127400F000000004B
:10C2200000A0033CDA30400B840D62ACEC26400FDA
:10C2300000A0113C7C0D31268129400F0800308E72
:10C240002180500042801000DA30400B080030AEF0
:10C2500007004314020003241E27400F00000000C3
:10C26000EC26400F00000000DB30400B86818293FB
:10C270001A004314030003245027400F00A0103C71
:10C280007C0D1026E127400F040002AE080002AE2C
:10C2900000A0023C8C0E42245400439080200300F6
:10C2A000001903002318640021106200010042906D
:10C2B000F28482A300A0023C400F42245400439029
:10C2C000802003000019030023186400211062007D
:10C2D00001004290DA30400B028582A3080043142B
:10C2E000040003247228400F00A0103C7C0D10268F
:10C2F000B928400F040002AEDA30400B080002AE4D
:10C300001A00431486818293022A400F00A0103C39
:10C310007C0D1026A82A400F040002AE080002AED1
:10C3200000A0023C8C0E4224540043908020030065
:10C3300000190300231864002110620001004290DC
:10C34000F28482A300A0023C400F42245400439098
:10C3500080200300001903002318640021106200EC
:10C3600001004290028582A38681829309004010D9
:10C3700000A0023C818182930600401400A0023C90
:10C380000C6F400F000000003E6F400F00000000E7
:10C3900000A0023C7C0D42240400438CC08583A78E
:10C3A0000800428C6E8582A7F08482934B80839331
:10C3B00005006210010003240400431000A0023CA9
:10C3C0002D20400F0000000000A0023C980F438C7D
:10C3D000C218030000A0023CE40E428CC21002000E
:10C3E000211062002C8582AFA8858293F28483930A
:10C3F00023204300010085240300A52C0300A05046
:10C400004A8083931331400BA88583A303006210F5
:10C41000010003240E004314F084829300A0023C28
:10C42000880D428C0A004010F0848293C3170400E8
:10C4300026204400231082000300422804004014F8
:10C44000F084829301000224048582A3F084829305
:10C450000285839323204300010085240300A52C3B
:10C460000300A0504B8083932C31400BF08483A3B6
:10C4700003006210010003240E0043143F808293E6
:10C4800000A0023C880D428C0A0040103F8082933D
:10C49000C317040026204400231082000300422812
:10C4A000040040143F80829301000224048582A38B
:10C4B0003F8082931D004014010003241E20400F82
:10C4C0000000000000A0033C00A0023C7C0D4224C0
:10C4D0000400448C600E64AC600E63240800428C3F
:10C4E000E71F400F040062ACC08483930400022461
:10C4F00004006210FC84838F8925400F0000000037
:10C50000FC84838FC78483A302120300C88482A3A0
:10C51000D885828FC98482A302220200CA8484A3A0
:10C52000AC8583AFBB31400BAC8482AF14004314A5
:10C5300002000324C08483930100022404006214D7
:10C5400000A0023C8925400F0000000000A0023C32
:10C550007C0D42240400438CC78483A30222030081
:10C56000C88484A30800428CC98482A302220200EA
:10C57000CA8484A3AC8583AFBB31400BAC8482AF4B
:10C580005A00431400000000B625400F00000000D0
:10C59000E71F400F00000000C084839304000224C2
:10C5A0000E006210000000008925400F000000000E
:10C5B000758082930500401000000000041E400FAB
:10C5C000000000008331400B7085828F741F400F84
:10C5D000000000008331400B7085828F1E20400FC9
:10C5E00000000000758082930500401000000000EC
:10C5F000041E400F000000008331400B7085828FC5
:10C60000741F400F000000007085828F130040549B
:10C61000A98580A3C18482930600401401000324ED
:10C6200001000224A98582A3B882828F9731400B32
:10C63000588582AF0A004314C08483935885828F43
:10C64000B882838F231062001E00422C0400401425
:10C65000C084839302000224A98582A3C0848393AB
:10C660000500022404006214048583935A25400FB8
:10C670000000000004858393010002241800621466
:10C6800000A0023C6E85829786808497EA8083971B
:10C69000211883002A18430014006014E480849752
:10C6A00084808397231883002A1062000F004014AF
:10C6B000C085829782808497DE80839721188300CB
:10C6C0002A18430009006014D880849780808397DB
:10C6D000231883002A1062000400401400A0023CCA
:10C6E000880D428C01004050048580A39024400FA7
:10C6F0000000000089808293010003240500435458
:10C7000002000324822B400F00000000CD31400BBB
:10C71000DD84839305004354F18480A34D20400FB2
:10C7200000000000CD31400BDD848393218580A380
:10C73000DD8483930100022415006214DD84839359
:10C7400000A0023C950F429010004050018580A34C
:10C750004B8083932B1062000C004054018580A312
:10C7600000A0023CE10E429008004050018580A3E9
:10C770004A8083932B10620004004054018580A3FB
:10C7800002000224DD8482A3018580A3DD848393DB
:10C7900003000224040062140100022400A0023CF1
:10C7A000880D40AC010002244C85838F0700621085
:10C7B000F484838F05006210DC85838F0300621090
:10C7C0009085838F0C006214B585829301858293D6
:10C7D00001004224FF004230018582A3C800422CA0
:10C7E00005004014B58582930A000224018582A3C6
:10C7F000048580A3B585829301004224B58582A378
:10C8000000A0023CE10E4290FFFF4324FF00633092
:10C810000200632C110060144A808393FFFF64249C
:10C820000F004450808582930C00431000A0023C0E
:10C83000950F4290010003240800431002000324D6
:10C84000060043104B808393FFFF64240400445090
:10C8500080858293280043141C00BF8F80858293BB
:10C86000C00003240300431080000324220043146B
:10C870001C00BF8F00A0023C3D32400B880D40AC35
:10C88000B58580A3DD8480A300A0023C200E4294E5
:10C890007E8083976C0064242A2082000A00801026
:10C8A00094FF63243085828F01004224308582AF5B
:10C8B0007C8083932B1062000C004054308583AF42
:10C8C0003C32400B3085828F2A1043000800401014
:10C8D0003085828F07004050CC8482AFFFFF422416
:10C8E00002004014308582AF308580AF3085828F62
:10C8F000CC8482AF1C00BF8F1800B18F1400B08FA2
:10C900000800E0032000BD27E8FFBD271400BFAFEB
:10C9100088BF023C8050428C020042300E00401022
:10C920001400BF8F88BF023C4010438C8410037CEE
:10C93000401043AC88BF033C7010648C010002249B
:10C940008410447C701064AC688382AF3B5E400FFF
:10C95000000000001400BF8F0800E0031800BD278E
:10C960000800E003000000000800E00300000000F1
:10C970000800E00300000000E8FFBD271400BFAF7F
:10C980004369400F000000001400BF8F0800E0035F
:10C990001800BD270800E00300000000E8FFBD27E5
:10C9A0001400BFAF01000424A654400F1D0005244D
:10C9B000010004242128000000A0063C3809C624F8
:10C9C000C154400F40000724388182AF0200042484
:10C9D000A654400F1D000524020004242128000055
:10C9E000C8828627C154400F08000724408182AFC7
:10C9F00003000424A654400F1D0005240300042452
:10CA00002128000000A0063C7809C624C154400F2C
:10CA10000A000724488182AF1400BF8F0800E0039A
:10CA20001800BD27D083838F0100022425006214E3
:10CA300000000000A883838F2200621488BF023C9C
:10CA40007010438C8410037C701043AC88BF023C90
:10CA50008050438C4408037C805043ACA88380AF53
:10CA6000100E0224FFFF4224FFFF4230FEFF40145D
:10CA7000FFFF422488BF023C5052438C0100042433
:10CA80008410837C505243AC08070224FFFF4224E9
:10CA9000FFFF4230FEFF4014FFFF42247C8180A74D
:10CAA00088BF023C5052438C8410037C505243ACEC
:10CAB00088BF023C7010438C010004248410837CE6
:10CAC000701043AC0800E00300000000E8FFBD2741
:10CAD000030002240A0082101400BFAF7500022474
:10CAE0000B008210010002240D0082141400BF8F7D
:10CAF0006732400F00000000C732400B01000224E3
:10CB00005E32400F00000000C732400B01000224DB
:10CB10004232400F00000000010002241400BF8FC9
:10CB20000800E0031800BD27E8FFBD271400BFAFD1
:10CB30005F68400F00000000CE6D400F0000000055
:10CB40007E63400F00000000AD63400F0000000056
:10CB5000029D023C04E0428CFFFF032405004314C5
:10CB60007F00423002000224D88282A3DF32400BD1
:10CB7000C08482A3C08482A3D88282A3029D023C87
:10CB800014E0428CFFFF032404004314408282AF70
:10CB900001000224E832400BD08282A3D08282A31B
:10CBA000009D023C005F438C5C8383AF045F438C39
:10CBB000B08383AF085F438C7C8383AF0C5F4324D7
:10CBC000448283AF0C5F428C888382AF1400BF8F96
:10CBD0000800E0031800BD2780BF023C000840ACFD
:10CBE00080BF023C100840AC7700032480BF023CA9
:10CBF000200843AC0080043480BF023C080844ACE9
:10CC00001C00072488BF023CB41047AC1400032466
:10CC100088BF023CB81043AC88BF053C0002022428
:10CC20003410A2AC88BF033C641062AC88BF023CE5
:10CC3000681040AC0800063C3410A6AC88BF093C24
:10CC4000D41027AD88BF083C0C000724D81007ADCE
:10CC500003000A24D4102AADD81000AD641066ACCD
:10CC6000681046AC80BF063C000CC0AC80BF063CE0
:10CC7000100CC0AC60EA083480BF063C200CC8AC85
:10CC800080BF063C080CC4AC80BF063C000AC0ACA8
:10CC900080BF063C100AC0AC6A18082480BF063C5E
:10CCA000200AC8AC80BF063C080AC4AC0010043C93
:10CCB0003410A4AC88BF063C001C053CE410C5AC95
:10CCC00088BF053CE810A0AC0003083CE410C8ACE9
:10CCD000E810A0AC641064AC681040AC81BF053CA7
:10CCE0001700063C4090A6AC00A0093481BF083C68
:10CCF000009009AD81BF083C109000AD01070924E8
:10CD000081BF083C209009AD4000082488BF093C41
:10CD1000186428AD88BF093C086428AD81BF083C71
:10CD2000509000AD4090A6AC641064AC681040AC6C
:10CD3000010002242D8282A30680033480BF023CBE
:10CD4000003043AC80BF023C103040AC80BF023C9E
:10CD5000203040AC81BF023C58FB438C0418E37C7C
:10CD600058FB43AC0E80033480BF023C003643AC1A
:10CD700080BF023C103640ACF915032480BF023C52
:10CD8000203643AC0800E0030000000000E85D41ED
:10CD900000701B4002601A4090FFBD276C00BBAFC3
:10CDA00000601B406400BAAF6800BBAF44781B7CD6
:10CDB00000147B3700609B401800A3AF1400A2AFA3
:10CDC0006400A38F0F0063301100601400000000A6
:10CDD0005400BFAF5000B9AF4C00B8AF4800AFAF80
:10CDE0004400AEAF4000ADAF3C00ACAF3800ABAFDD
:10CDF0003400AAAF3000A9AF2C00A8AF2800A7AF1D
:10CE00002400A6AF2000A5AF1C00A4AF1000A1AF66
:10CE1000121000005C00A2AF101800005800A3AF71
:10CE2000A485828FA884838FFFFF63242B1843007F
:10CE30000E006010E885849380BF033C203064AC12
:10CE40001986849380BF033C200864AC010042240F
:10CE5000A48582AF588380AF0002032488BF023CC0
:10CE6000341043AC9F33400B00000000010002244B
:10CE7000EB60400F588382AFA48580AF5C00A28F27
:10CE8000130040005800A38F6400A28F0F004230AF
:10CE900013004014110060005400BF8F5000B98F80
:10CEA0004C00B88F4800AF8F4400AE8F4000AD8F6C
:10CEB0003C00AC8F3800AB8F3400AA8F3000A98FB4
:10CEC0002C00A88F2800A78F2400A68F2000A58FF4
:10CED0001C00A48F1800A38F1400A28F1000A18F34
:10CEE00000606041C00000006C00BA8F6800BB8F1A
:10CEF00000709A406400BA8F7000BD2702609A40AB
:10CF000000E8DD4100609B401800004200E85D4100
:10CF100000701B4002601A40E8FFBD271400BBAF41
:10CF200000601B400C00BAAF1000BBAF44781B7C04
:10CF300000107B3700609B400400A3AF0000A2AF4D
:10CF40000001033C88BF023C341043AC1C83828F39
:10CF5000010042241C8382AF0C00A28F0F004230DC
:10CF600003004014000000000400A38F0000A28F03
:10CF700000606041C00000001400BA8F1000BB8F39
:10CF800000709A400C00BA8F1800BD2702609A40CA
:10CF900000E8DD4100609B401800004200E85D4170
:10CFA00000701B4002601A40E8FFBD271400BBAFB1
:10CFB00000601B400C00BAAF1000BBAF44781B7C74
:10CFC000000C7B3700609B400400A3AF0000A2AFC1
:10CFD0000800033C88BF023C341043AC0C00A28F15
:10CFE0000F00423003004014000000000400A38F33
:10CFF0000000A28F00606041C00000001400BA8FE2
:10D000001000BB8F00709A400C00BA8F1800BD272B
:10D0100002609A4000E8DD4100609B401800004239
:10D0200000E85D4100701B4002601A40E8FFBD2728
:10D030001400BBAF00601B400C00BAAF1000BBAFC8
:10D0400044781B7C00187B3700609B400400A3AF32
:10D050000000A2AF0040032488BF023C341043AC60
:10D060000C00A28F0F0042300300401400000000AB
:10D070000400A38F0000A28F00606041C000000088
:10D080001400BA8F1000BB8F00709A400C00BA8F4A
:10D090001800BD2702609A4000E8DD4100609B4017
:10D0A0001800004200E85D4100701B4002601A4019
:10D0B00088FFBD277400BBAF00601B406C00BAAF97
:10D0C0007000BBAF44781B7C000C7B3700609B403A
:10D0D0001C00A3AF1800A2AF6C00A38F0F00633039
:10D0E00012006014000000005C00BFAF5800B9AF30
:10D0F0005400B8AF5000B0AF4C00AFAF4800AEAF77
:10D100004400ADAF4000ACAF3C00ABAF3800AAAFBD
:10D110003400A9AF3000A8AF2C00A7AF2800A6AFFD
:10D120002400A5AF2000A4AF1400A1AF121000008E
:10D130006400A2AF101800006000A3AF88BF023CDB
:10D140004010428C800042306B0240106881838F17
:10D1500080BF023C3060458C00A0023C640A44243D
:10D1600021206400000085A001006324688183AF52
:10D17000640A4290140004243E024414490004242A
:10D1800000A0023C650A4490060002242A02821490
:10D190000800022400A0023C660A42900C0004240D
:10D1A000200044140D00042400A0043C670A84906D
:10D1B0001C0080140D00042400A0043C680A849024
:10D1C000180080140D00042400A0043C690A849017
:10D1D000480080140E00042400A0043C6A0A8490D5
:10D1E000440080540E000424080002243F0262140C
:10D1F00088BF023C00A0103C640A0426FE70400F69
:10D2000007000524768182A3640A10260700039292
:10D2100035026254688180AF0C0002248D36400BC9
:10D22000488382AF330044540E00042408000224D3
:10D230002E02621488BF023C00A0103C640A04263F
:10D24000FE70400F07000524768182A3640A102631
:10D250000700039224026254688180AF0D0002240B
:10D26000488382AF03000224368182A300A0023CDF
:10D270002118000203006490200844A020084224E2
:10D2800004006490010044A005006490020044A0E2
:10D2900006006390030043A07C83838F040043A0B7
:10D2A0007C83838F021A0300050043A07C83838F55
:10D2B000021C0300060043A07C83838F021E030030
:10D2C000070043A08883838F080043A08883838F4F
:10D2D000021A0300090043A08883838F021C030005
:10D2E0000A0043A08883838F021E03008D36400B03
:10D2F0000B0043A0330044540F0004240800022410
:10D30000FA01621488BF023C00A0103C640A0426A3
:10D31000FE70400F07000524768182A3640A102660
:10D3200007000392F0016254688180AF0E0002246E
:10D33000488382AF03000224368182A3B083838FA7
:10D3400000A0023C200843A0B083838F2008422421
:10D35000021A0300010043A0B083838F021C030064
:10D36000020043A0B083838F021E0300030043A08A
:10D370002118000203006490040044A0040064909B
:10D38000050044A005006490060044A006006390D8
:10D39000070043A08883838F080043A08883838F7E
:10D3A000021A0300090043A08883838F021C030034
:10D3B0000A0043A08883838F021E03008D36400B32
:10D3C0000B0043A03300445401000424080002244D
:10D3D000C601621488BF023C00A0103C640A042607
:10D3E000FE70400F07000524768182A3640A102690
:10D3F00007000392BC016254688180AF0F000224D1
:10D40000488382AF03000224368182A3B083838FD6
:10D4100000A0023C200843A0B083838F2008422450
:10D42000021A0300010043A0B083838F021C030093
:10D43000020043A0B083838F021E0300030043A0B9
:10D440007C83838F040043A07C83838F021A0300B4
:10D45000050043A07C83838F021C0300060043A0C9
:10D460007C83838F021E0300070043A02118000263
:10D4700003006490080044A004006490090044A0E4
:10D48000050064900A0044A0060063908D36400BAE
:10D490000B0043A0200044140200042400A0043C1C
:10D4A000670A84901C0080140200042400A0043C3D
:10D4B000680A8490180080140200042400A0043C30
:10D4C000690A8490350080140300042400A0043C01
:10D4D0006A0A849031008054030004240800022466
:10D4E0008201621488BF023C00A0103C640A04263A
:10D4F000FE70400F07000524768182A3640A10267F
:10D500000700039278016254688180AF0100022411
:10D510008D36400B488382AF20004414030004245E
:10D5200000A0043C670A84901C00801403000424BB
:10D5300000A0043C680A84901800801403000424AE
:10D5400000A0043C690A849035008014040004247F
:10D5500000A0043C6A0A8490310080540400042432
:10D56000080002246101621488BF023C00A0103C44
:10D57000640A0426FE70400F07000524768182A30A
:10D58000640A10260700039257016254688180AF35
:10D59000020002248D36400B488382AF20004414E1
:10D5A0000400042400A0043C670A84901C0080143A
:10D5B0000400042400A0043C680A8490180080142D
:10D5C0000400042400A0043C690A849035008014FF
:10D5D0000500042400A0043C6A0A849031008054B1
:10D5E00005000424080002244001621488BF023CA4
:10D5F00000A0103C640A0426FE70400F07000524BA
:10D60000768182A3640A10260700039236016254D1
:10D61000688180AF030002248D36400B488382AFBF
:10D62000200044140500042400A0043C670A8490F0
:10D630001C0080140500042400A0043C680A8490A7
:10D64000180080140500042400A0043C690A84909A
:10D65000350080140600042400A0043C6A0A84906B
:10D660003100805406000424080002241F016214C3
:10D6700088BF023C00A0103C640A0426FE70400FE4
:10D6800007000524768182A3640A1026070003920E
:10D6900015016254688180AF040002248D36400B6E
:10D6A000488382AF200044140600042400A0043CF8
:10D6B000670A84901C0080140600042400A0043C27
:10D6C000680A8490180080140600042400A0043C1A
:10D6D000690A8490350080140700042400A0043CEB
:10D6E0006A0A849031008054070004240800022450
:10D6F000FE00621488BF023C00A0103C640A0426AD
:10D70000FE70400F07000524768182A3640A10266C
:10D7100007000392F4006254688180AF0500022480
:10D720008D36400B488382AF200044140700042448
:10D7300000A0043C670A84901C00801407000424A5
:10D7400000A0043C680A8490180080140700042498
:10D7500000A0043C690A8490350080140800042469
:10D7600000A0043C6A0A849031008054080004241C
:10D7700008000224DD00621488BF023C00A0103CB7
:10D78000640A0426FE70400F07000524768182A3F8
:10D79000640A102607000392D3006254688180AFA8
:10D7A000060002248D36400B488382AF20004414CB
:10D7B0000800042400A0043C670A84901C00801424
:10D7C0000800042400A0043C680A84901800801417
:10D7D0000800042400A0043C690A849035008014E9
:10D7E0000900042400A0043C6A0A8490310080549B
:10D7F0000900042408000224BC00621488BF023C13
:10D8000000A0103C640A0426FE70400F07000524A7
:10D81000768182A3640A102607000392B200625444
:10D82000688180AF070002248D36400B488382AFA9
:10D83000200044140900042400A0043C670A8490DA
:10D840001C0080140900042400A0043C680A849091
:10D85000180080140900042400A0043C690A849084
:10D86000350080140A00042400A0043C6A0A849055
:10D87000310080540A000424080002249B00621432
:10D8800088BF023C00A0103C640A0426FE70400FD2
:10D8900007000524768182A3640A102607000392FC
:10D8A00091006254688180AF080002248E36400BDC
:10D8B000488382AF200044140A00042400A0043CE2
:10D8C000670A84901C0080140A00042400A0043C11
:10D8D000680A8490180080140A00042400A0043C04
:10D8E000690A8490340080140B00042400A0043CD6
:10D8F0006A0A8490300080540B000424080002243B
:10D900007A00621488BF023C00A0103C640A04261E
:10D91000FE70400F07000524768182A3640A10265A
:10D920000700039270006254688180AF09000224EE
:10D930008D36400B488382AF1F0044140B00042433
:10D9400000A0043C670A84901B0080140B00042490
:10D9500000A0043C680A8490170080540B00042443
:10D9600000A0023C690A42903300401408000224DF
:10D9700000A0023C6A0A42902F00401408000224D2
:10D980005A00621488BF023C00A0103C640A0426BE
:10D99000FE70400F07000524768182A3640A1026DA
:10D9A0000700039250006254688180AF0A0002248D
:10D9B0008D36400B488382AF1F00441408000224B8
:10D9C00000A0023C670A42901B0040140800022499
:10D9D00000A0023C680A429017004014080002248C
:10D9E00000A0023C690A429013004014080002247F
:10D9F00000A0023C6A0A42900F0040140800022472
:10DA00003A00621488BF023C00A0103C640A04265D
:10DA1000FE70400F07000524768182A3640A102659
:10DA20000700039230006254688180AF0B0002242B
:10DA3000488382AF080002246881838F2B00621420
:10DA400088BF023C688180AF00A0023C640A40A00D
:10DA5000640A4224010040A0020040A0030040A04C
:10DA6000040040A0050040A0060040A0BA36400BCC
:10DA7000070040A01800441400A0023C0800022443
:10DA80001A00621488BF023C00A0023C6B0A43905B
:10DA90000A00022414006214688180AF80BF023C37
:10DAA0001060438C0463037C106043AC00A0023C14
:10DAB000640A40A0640A4224010040A0020040A081
:10DAC000030040A0040040A0050040A0060040A0C4
:10DAD000BA36400B070040A0640A40A0640A422402
:10DAE000010040A0688180AF88BF023C4010438C99
:10DAF000C439037C401043AC6400A28F1300400083
:10DB00006000A38F6C00A28F0F00423014004014FD
:10DB1000110060005C00BF8F5800B98F5400B88FAF
:10DB20005000B08F4C00AF8F4800AE8F4400AD8FD7
:10DB30004000AC8F3C00AB8F3800AA8F3400A98F17
:10DB40003000A88F2C00A78F2800A68F2400A58F57
:10DB50002000A48F1C00A38F1800A28F1400A18F97
:10DB600000606041C00000007400BA8F7000BB8F7D
:10DB700000709A406C00BA8F7800BD2702609A400E
:10DB800000E8DD4100609B40180000421C83828F4A
:10DB90000A00422C06004014FAFF02341C8380AFB6
:10DBA000B882828F01004224B88282AFFAFF023429
:10DBB000B882838F2B10620001004050B88280AF82
:10DBC00051C302342483838F2B1062000100405024
:10DBD000248380AF0800E00300000000E8FFBD27B9
:10DBE0001400BFAF1000B0AFA883838F01000224E0
:10DBF00093016210AC828493100082149C82828F05
:10DC00001000032488BF023C346143AC03000324AA
:10DC100030750224FFFF4224FFFF4014FFFF42241F
:10DC2000FFFF6324FBFF601430750224DC8282AFA7
:10DC300003000224E48282AF9C82828F060040505F
:10DC4000010002240000429080004230FF00423078
:10DC50007B0140140100022403008210E8828393B8
:10DC6000780162141400BF8F1000032488BF023CA7
:10DC7000346143ACC482828F6D014014B082828FC4
:10DC8000D88283930100022407006254E8828293C1
:10DC90006083838F04006214E8828293040002246C
:10DCA000D88282A3E88282930100032425004314D2
:10DCB000D8828393B08280AF108380AF88BF033C4B
:10DCC0002065658C0100A530272805002120000073
:10DCD0000400A47CB08284AF2065638C4000637C28
:10DCE000271803004408647CB08284AF88BF033CDB
:10DCF0002064658C0100A530272805008410A47CD1
:10DD0000B08284AF2064658C4000A57C2728050084
:10DD1000C418A47CB08284AF2064658C8000A57C8C
:10DD2000272805000421A47CB08284AF2064638C82
:10DD3000C000637C271803004429647CB08284AF50
:10DD4000D88283930700632C37016010D8828493B4
:10DD500080200400019D033C6CDD632421186400D5
:10DD60000000638C080060000000000028E2009DB5
:10DD700088DD009D04DF009D28E2009D60E1009D9C
:10DD800080E0009DF0E0009D010003242700431483
:10DD9000AC82839300A0063C06000224200DC2A0A2
:10DDA00031838293200DC6240100C2A000A0023C52
:10DDB000200943900200C3A020094224010043909F
:10DDC0000300C3A0020043900400C3A003004390DB
:10DDD0000500C3A0040043900600C3A005004290C4
:10DDE0000700C2A008000224208382A301000424AB
:10DDF00001000524C154400F080007249C8282AF13
:10DE000000000000E88280A36081828F0400432C20
:10DE10000400601401004224020002248A37400BEF
:10DE2000608182AF608182AFAC8283930100022463
:10DE3000FD00621400A0023C06000324200D43A054
:10DE4000200D4224030040A0040040A0050040A093
:10DE5000060040A019838393010002240900621484
:10DE6000BC82839300A0023C200D422401000324C5
:10DE7000010043A056000324020043A0AE37400B2C
:10DE8000198380A3010002240800621400A0023C50
:10DE9000200D422401000324010043A05700032465
:10DEA000020043A0AE37400BBC8280A3200D422469
:10DEB000010040A0020040A000A0103C200D102650
:10DEC000070000A208000224208382A3010004248A
:10DED0000100052421300002C154400F080007242E
:10DEE0009C8282AF00000000AC8280A302000292FC
:10DEF000FF004230CC004010010002248A38400B61
:10DF0000AC8282A30100032427004314AC828393D4
:10DF100000A0063C06000224200DC2A0318382939B
:10DF2000200DC6240100C2A000A0023C200943909D
:10DF30000200C3A020094224010043900300C3A0B3
:10DF4000020043900400C3A0030043900500C3A057
:10DF5000040043900600C3A0050042900700C2A041
:10DF600008000224208382A3010004240100052468
:10DF7000C154400F080007249C8282AF00000000BB
:10DF8000E88280A36081828F0400432C0400601427
:10DF90000100422402000224E937400B608182AF75
:10DFA000608182AFAC828393010002249E006214E0
:10DFB00000A0023C06000324200D43A0200D4224B3
:10DFC000030040A0040040A0050040A0060040A0BF
:10DFD000198383930100022409006214BC82839395
:10DFE00000A0023C200D422401000324010043A0B4
:10DFF00056000324020043A00D38400B198380A370
:10E00000010002240800621400A0023C200D4224FA
:10E0100001000324010043A057000324020043A091
:10E020000D38400BBC8280A3200D4224010040A08B
:10E03000020040A000A0103C200D1026070000A206
:10E0400008000224208382A3010004240100052487
:10E0500021300002C154400F080007249C8282AF87
:10E0600000000000AC8280A302000292FF00423058
:10E070006D004010010002248A38400BAC8282A35C
:10E0800000A0063C02000224200DC2A0200DC624E0
:10E09000F0FF02240100C2A0B08282930200C2A05D
:10E0A0000300C0A00400C0A00500C0A00600C0A0DE
:10E0B000108382930700C2A00800C0A00900C0A07E
:10E0C0000A00C0A00B00C0A00C000224208382A381
:10E0D0000300042401000524C154400F0C00072450
:10E0E0009C8282AFAC8280A38A38400BE88280A3F6
:10E0F00000A0063C02000224200DC2A0200DC62470
:10E10000F0FF02240100C2A0B08282930200C2A0EC
:10E110000300C0A00400C0A00500C0A00600C0A06D
:10E12000108382930700C2A00800C0A00900C0A00D
:10E130000A00C0A00B00C0A00C000224208382A310
:10E140000300042401000524C154400F0C000724DF
:10E150009C8282AFAC8280A38A38400BE88280A385
:10E16000AC828393010002240D006254108380AFBF
:10E170001983839304006214BC828393108382AF5B
:10E180006838400B198380A3010002240400625404
:10E19000108380AF02000224108382AFBC8280A370
:10E1A00000A0103C02000224200D02A2200D102627
:10E1B000F0FF0224010002A2B0828293020002A2B8
:10E1C000030000A2040000A2050000A2060000A2B5
:10E1D00010838293070002A2080000A2090000A297
:10E1E0000A0000A20B0000A20C000224208382A3DC
:10E1F000030004240100052421300002C154400F13
:10E200000C0007249C8282AFAC8280A3070002929C
:10E21000FF00423004004050E88280A30100022445
:10E22000AC8282A3E88280A300000000B082828FCB
:10E23000030040141000032488BF023C386143AC43
:10E240001400BF8F1000B08F0800E0031800BD2736
:10E25000E8FFBD271400BFAFD28282930600405072
:10E26000B882828F01000324960043141400BF8FEC
:10E27000A838400B0C83828F0C8382AF948280AFCE
:10E28000408380AFF48280AF508380AFBC8280A394
:10E29000198380A3010002243039400BD28282A36B
:10E2A000B882838F231062000300422C16004010B6
:10E2B0009482838F576D400F0000000005004010CE
:10E2C0004083828F9482828F01004224B738400BB2
:10E2D000948282AF01004224408382AF5B6D400F85
:10E2E00000000000050040105083828FF482828F6E
:10E2F000010042243039400BF48282AF01004224F5
:10E300003039400B508382AF4083828F2B204300F3
:10E31000040080102B10620001000224CB38400B57
:10E32000908282A301004054908280A3F482838F64
:10E330005083828F2B204300040080102B1062003A
:10E3400001000224D538400B548382A301004054BD
:10E35000548380A3908282935483839324004354F4
:10E36000F88280AFF882838F01006324F88283AF44
:10E370000200632C060060544C8380A30200022438
:10E38000F88282AF010002242639400B4C8382A31D
:10E39000DA8284930100032409008314D1828393D9
:10E3A000088383930500621002000224DA8282A3AC
:10E3B00001000224198382A3AC8282A3D1828393B9
:10E3C000010002243500621490828293908283932C
:10E3D000188382933000621002000224D18282A34B
:10E3E00001000224BC8282A32639400BAC8282A3A6
:10E3F0004C838593010004241500A414DA828493CD
:10E40000B482849308008210A4828493088383A337
:10E41000D28280A301000224DA8282A3D18280A367
:10E420001239400BA88280AF1B0083504C8380A31D
:10E43000188382A3D28280A3DA8280A301000224FF
:10E44000D18282A3008380AF2639400B4C8380A306
:10E450000200032407008314D1828393B482839340
:10E4600003006210A882828F01004224A88282AF3A
:10E47000D182839302000224080062149082829366
:10E4800054838393A4828293030062100083828F5B
:10E4900001004224008382AF90828293B48282A3DF
:10E4A00054838293A48282A3948280AF408380AFFE
:10E4B000F48280AF508380AFB882828F0C8382AFAA
:10E4C0001400BF8F0800E0031800BD27308382933B
:10E4D0000A00422C33024010000000003083839376
:10E4E00080180300019D023CFCE4422421104300FB
:10E4F0000000428C080040000000000024E5009D60
:10E5000080E5009D70E8009D18E9009DC0E9009D30
:10E5100068EA009D10EB009DB8EB009D60EC009D4B
:10E5200008ED009DB882828F048382AF00A0023C78
:10E53000C40940ACC4094224040040AC140040ACFF
:10E54000180040AC280040AC2C0040AC3C0040AC73
:10E55000400040AC500040AC540040AC640040ACC3
:10E56000680040AC780040AC7C0040AC8C0040AC13
:10E57000900040AC010002240800E003308382A335
:10E58000B882838F0483828F2B2062000300801463
:10E59000FAFF04346939400B23106200211864002B
:10E5A000231062000300422C5500401000A0023CE2
:10E5B00088BF023C2064428C0800423006004010B4
:10E5C00000A0023CC40942246400438C010063247F
:10E5D0007A39400B640043ACC40942246800438C80
:10E5E00001006324680043AC88BF023C2064428C75
:10E5F000040042300600401000A0023CC40942243E
:10E600005000438C010063248839400B500043AC18
:10E61000C40942245400438C01006324540043ACD9
:10E6200088BF023C2064428C020042300600401049
:10E6300000A0023CC40942243C00438C0100632436
:10E640009639400B3C0043ACC40942244000438C43
:10E6500001006324400043AC88BF023C2064428C2C
:10E66000010042300600401000A0023CC4094224D0
:10E670002800438C01006324A439400B280043ACDC
:10E68000C40942242C00438C010063242C0043ACB9
:10E6900088BF023C2065428C0200423006004010D8
:10E6A00000A0023CC40942241400438C01006324EE
:10E6B000B239400B140043ACC40942241800438C07
:10E6C00001006324180043AC88BF023C2065428CE3
:10E6D000010042300500401000A0023CC409438CF8
:10E6E000010063240800E003C40943ACC4094224C8
:10E6F0000400438C010063240800E003040043ACE1
:10E70000C40942246400438C6800428C2B204300DF
:10E71000050080102B1062000100032400A0023CC1
:10E72000CE39400B300A43A00400401000A0023C48
:10E7300000A0023C300A40A000A0023CC4094224D0
:10E740005000438C5400428C2B2043000500801065
:10E750002B1062000100032400A0023CDD39400BB5
:10E760001C0A43A00400401000A0023C00A0023C90
:10E770001C0A40A000A0023CC40942243C00438C77
:10E780004000428C2B204300050080102B106200BB
:10E790000100032400A0023CEC39400B080A43A00E
:10E7A0000400401000A0023C00A0023C080A40A067
:10E7B00000A0023CC40942242800438C2C00428C57
:10E7C0002B204300050080102B1062000100032461
:10E7D00000A0023CFB39400BF40943A004004010A8
:10E7E00000A0023C00A0023CF40940A000A0023CB2
:10E7F000C40942241400438C1800428C2B2043008F
:10E80000050080102B1062000100032400A0023CD0
:10E810000A3A400BE00943A00400401000A0023C6B
:10E8200000A0023CE00940A000A0023CC409438CC7
:10E83000C40942240400428C2B20430005008010B0
:10E840002B1062000100032400A0023C183A400B88
:10E85000CC0943A00200401000A0023CCC0940A01B
:10E8600030838293010042240800E003308382A3B6
:10E8700000A0023CC40942240800439009004290D1
:10E880001D00431001000224E88282A3010002243B
:10E890000E0062141080839300A0023CD40940A0B3
:10E8A0001180839327180300318382932410620020
:10E8B000318382A31280839327180300D982829325
:10E8C000241062003E3A400BD98282A300A0023C91
:10E8D000D40943A011808293318383932510620071
:10E8E000318382A3E08280A312808293D9828393B2
:10E8F00025106200D98282A300A0023CC4094224F0
:10E9000008004390090043A0308382930100422411
:10E910000800E003308382A300A0023CC409422423
:10E920001C0043901D0042901D0043100100022472
:10E93000E88282A3010002240E00621414808393F3
:10E9400000A0023CE80940A015808393271803002B
:10E950003183829324106200318382A316808393D3
:10E9600027180300D982829324106200683A400B72
:10E97000D98282A300A0023CE80943A015808293BB
:10E980003183839325106200318382A3E08280A3C8
:10E9900016808293D982839325106200D98282A344
:10E9A00000A0023CC40942241C0043901D0043A067
:10E9B00030838293010042240800E003308382A365
:10E9C00000A0023CC4094224300043903100429030
:10E9D0001D00431001000224E88282A301000224EA
:10E9E0000E0062141880839300A0023CFC0940A032
:10E9F00019808393271803003183829324106200C7
:10EA0000318382A31A80839327180300D9828293CB
:10EA100024106200923A400BD98282A300A0023CEB
:10EA2000FC0943A0198082933183839325106200EF
:10EA3000318382A3E08280A31A808293D982839358
:10EA400025106200D98282A300A0023CC40942249E
:10EA500030004390310043A0308382930100422470
:10EA60000800E003308382A300A0023CC4094224D2
:10EA700044004390450042901D00431001000224D1
:10EA8000E88282A3010002240E0062141C8083939A
:10EA900000A0023C100A40A01D80839327180300A9
:10EAA0003183829324106200318382A31E8083937A
:10EAB00027180300D982829324106200BC3A400BCD
:10EAC000D98282A300A0023C100A43A01D80829339
:10EAD0003183839325106200318382A3E08280A377
:10EAE0001E808293D982839325106200D98282A3EB
:10EAF00000A0023CC409422444004390450043A0C6
:10EB000030838293010042240800E003308382A313
:10EB100000A0023CC409422458004390590042908E
:10EB20001D00431001000224E88282A30100022498
:10EB30000E0062142080839300A0023C240A40A0AF
:10EB4000218083932718030031838293241062006D
:10EB5000318382A32280839327180300D982829372
:10EB600024106200E63A400BD98282A300A0023C46
:10EB7000240A43A02180829331838393251062006D
:10EB8000318382A3E08280A322808293D9828393FF
:10EB900025106200D98282A300A0023CC40942244D
:10EBA00058004390590043A03083829301004224CF
:10EBB0000800E003308382A300A0023CC409422481
:10EBC0006C0043906D0042901D0043100100022430
:10EBD000E88282A3010002240E0062142480839341
:10EBE00000A0023C380A40A0258083932718030028
:10EBF0003183829324106200318382A32680839321
:10EC000027180300D982829324106200103B400B26
:10EC1000D98282A300A0023C380A43A025808293B7
:10EC20003183839325106200318382A3E08280A325
:10EC300026808293D982839325106200D98282A391
:10EC400000A0023CC40942246C0043906D0043A024
:10EC500030838293010042240800E003308382A3C2
:10EC600000A0023CC40942248000439081004290ED
:10EC70001D00431001000224E88282A30100022447
:10EC80000E0062142880839300A0023C4C0A40A02E
:10EC90002980839327180300318382932410620014
:10ECA000318382A32A80839327180300D982829319
:10ECB000241062003A3B400BD98282A300A0023CA0
:10ECC0004C0A43A0298082933183839325106200EC
:10ECD000318382A3E08280A32A808293D9828393A6
:10ECE00025106200D98282A300A0023CC4094224FC
:10ECF00080004390810043A030838293010042242E
:10ED00000800E003308382A300A0023CC40942242F
:10ED100094004390950042901D004310010002248E
:10ED2000E88282A3010002240E0062142C808393E7
:10ED300000A0023C600A40A02D80839327180300A6
:10ED40003183829324106200318382A32E808393C7
:10ED500027180300D982829324106200643B400B81
:10ED6000D98282A300A0023C600A43A02D80829336
:10ED70003183839325106200318382A3E08280A3D4
:10ED80002E808293D982839325106200D98282A338
:10ED900000A0023CC409422494004390950043A083
:10EDA000308380A30800E003000000004882828FC7
:10EDB00098004010000000000100032412004314DA
:10EDC0000200032400A0033C8C0E63245C006494C6
:10EDD00082200400FF00853000A0023C200D422468
:10EDE000060045A002220400070044A055006390DD
:10EDF000080043A000A0033C950F6390090043A0C6
:10EE00000800E00300000000120043140300032484
:10EE100000A0033C400F63245C0064948220040043
:10EE2000FF00853000A0023C200D4224060045A0D2
:10EE300002220400070044A000A0043CE10E8490DC
:10EE4000080044A055006390090043A00800E003B7
:10EE500000000000110043140400032400A0023C41
:10EE6000200E4394FF00643000A0023C200D422499
:10EE7000060044A0021A0300070043A000A0033CC0
:10EE8000E10E6390080043A000A0033C950F63903F
:10EE9000090043A00800E003000000001000431434
:10EEA00005000324F085838FFF00643000A0023C3E
:10EEB000200D4224060044A0003A637C070043A0D2
:10EEC00000A0033CE10E6390080043A000A0033CB7
:10EED000950F6390090043A00800E00300000000C4
:10EEE00010004314060003242C85838FFF00643038
:10EEF00000A0023C200D4224060044A0003A637C9E
:10EF0000070043A000A0033CE10E6390080043A06B
:10EF100000A0033C950F6390090043A00800E003A4
:10EF2000000000000E00431407000324D4848393E0
:10EF300000A0023C200D4224060043A0070040A090
:10EF400000A0033CE10E6390080043A000A0033C36
:10EF5000950F6390090043A00800E0030000000043
:10EF600010004314080003246085838FFF00643081
:10EF700000A0023C200D4224060044A0003A637C1D
:10EF8000070043A000A0033CE10E6390080043A0EB
:10EF900000A0033C950F6390090043A00800E00324
:10EFA000000000000E00431409000324BC84838F7A
:10EFB000FF00643000A0023C200D4224060044A063
:10EFC000003A637C070043A0F1848393080043A0C8
:10EFD00021858393090043A00800E003000000009E
:10EFE0000C00431400000000F884838FFF0064309D
:10EFF00000A0023C200D4224060044A0003A637C9D
:10F00000070043A0F1848393080043A021858393E4
:10F01000090043A00800E00300000000E8FFBD274E
:10F020001400BFAF1000B0AFC082828F3900401013
:10F0300000A0023C00A0103C09000224200D02A206
:10F0400010000224808582A300A0063C0C08C62480
:10F050000100C2A05881828F0200C2A002120200E9
:10F060000300C2A05C81828F0400C2A002120200D1
:10F070000500C2A00600C0A00700C0A0080002242E
:10F08000208382A30100042401000524C154400F01
:10F09000080007249C8282AF0000000002000224C6
:10F0A000200D02A2C0FF0224808582A3200D062627
:10F0B0000100C2A05081828FFF0043300200C3A034
:10F0C000003A427C0300C2A05481828FFF0043308B
:10F0D0000400C3A0003A427C0500C2A00600C0A004
:10F0E0000700C0A00800C0A00900C0A00A000224B8
:10F0F000208382A30300042401000524C154400F8F
:10F100000A0007249C8282AF000000008F3C400B65
:10F110005C8480A3880D428C050040145C8482933B
:10F12000E085829340100200563C400B808582A30C
:10F1300006004014E085829340100200808582A37F
:10F1400000A0023C563C400B880D40AC4010020031
:10F1500001004224808582A300A0063C090002240D
:10F160000C08C2A00C08C624808582930100C2A0AE
:10F17000FC84828F0200C2A0021202000300C2A01F
:10F18000D885828F0400C2A0021202000500C2A02E
:10F1900000A0103C7C0D10260C00028E0600C2A0C0
:10F1A000021202000700C2A008000224208382A3EA
:10F1B0000100042401000524C154400F0800072465
:10F1C0009C8282AF00A0063C02000224200DC2A057
:10F1D00080858293A0FF4224FF004230200DC62488
:10F1E0000100C2A0C78482930200C2A0C884829397
:10F1F0000300C2A0C98482930400C2A0CA8482937F
:10F200000500C2A00C00028EFF0043300600C3A020
:10F21000003A427C0700C2A00800C0A00900C0A0BC
:10F220000A000224208382A3030004240100052491
:10F23000C154400F0A0007249C8282AF1400BF8F84
:10F240001000B08F0800E0031800BD27D0FFBD27D5
:10F250002C00BFAF2800B5AF2400B4AF2000B3AF7F
:10F260001C00B2AF1800B1AF1400B0AFC082828FE3
:10F270003900401000A0023C00A0063C0700022418
:10F280000C08C2A0C0FF1024808590A30C08C624DF
:10F290000100D0A05081828F0200C2A002120200A1
:10F2A0000300C2A05481828F0400C2A00212020097
:10F2B0000500C2A00600C0A00700C0A00800C0A0B2
:10F2C0000900C0A00A001124208391A30200042495
:10F2D00001000524C154400F0A0007249C8282AF1C
:10F2E0000000000000A0063C02000224200DC2A085
:10F2F000808590A3200DC6240100D0A05081828F6C
:10F30000FF0043300200C3A0003A427C0300C2A0C9
:10F310005481828FFF0043300400C3A0003A427C36
:10F320000500C2A00600C0A00700C0A00800C0A041
:10F330000900C0A0208391A3030004240100052438
:10F34000C154400F0A0007249C8282AF00000000D5
:10F35000253D400B5C8480A3880D428C0600401440
:10F360005C848293E085829340100200A0FF4224D7
:10F37000E93C400B808582A307004014E08582931E
:10F3800040100200A0FF4224808582A300A0023C1E
:10F39000E93C400B880D40AC40100200A1FF422424
:10F3A000808582A300A0063C070002240C08C2A0AE
:10F3B0000C08C624808582930100C2A0C7849027D0
:10F3C000000002920200C2A0C8849127000022928D
:10F3D0000300C2A0C9849227000042920400C2A088
:10F3E000CA849327000062920500C2A000A0143CCA
:10F3F0007C0D94260C00828E0600C2A00212020030
:10F400000700C2A00800C0A00900C0A00A0015247F
:10F41000208395A30200042401000524C154400F59
:10F420000A0007249C8282AF00A0063C020002244E
:10F43000200DC2A080858293200DC6240100C2A0A9
:10F44000000002920200C2A0000022920300C2A0AB
:10F45000000042920400C2A0000062920500C2A017
:10F460000C00828EFF0043300600C3A0003A427CAD
:10F470000700C2A00800C0A00900C0A0208395A377
:10F480000300042401000524C154400F0A0007248E
:10F490009C8282AF2C00BF8F2800B58F2400B48FD0
:10F4A0002000B38F1C00B28F1800B18F1400B08FF2
:10F4B0000800E0033000BD27E8FFBD271400BFAF00
:10F4C0009C82828F060040504080829300004290D0
:10F4D00080004230FF0042301A0040144080829386
:10F4E0000200032409004310030003240B0043100F
:10F4F000000000000C00405402000424B267400FDA
:10F50000000000004A3D400B020004246567400FE4
:10F51000000000004A3D400B020004248D67400FAC
:10F5200000000000020004240100052400A0063CA5
:10F53000200DC624C154400F208387939C8282AF44
:10F54000400000001400BF8F0800E0031800BD2732
:10F550003883829309004014FF0084301000032494
:10F5600088BF023C386143AC2483828F3C8382AFE6
:10F57000010002240800E003388382A30100032471
:10F580000F004314020003242483828F3C83858F61
:10F590002328450064000324231864002B18A300CB
:10F5A0000F006014000000000D0080503C8382AF0B
:10F5B00002000324388383A30800E0033C8382AF66
:10F5C00007004314000000003C83828F2483838F54
:10F5D000231062002B20440001008050388380A358
:10F5E0000800E003000000009882838FB80B02241B
:10F5F000FFFF4224FFFF4014FFFF4224B80B6224A8
:10F60000988282AFB80B02240800E003DC8282AF4C
:10F61000E8FFBD271400BFAFDC8280AF7A3D400F0A
:10F6200000000000DC82828F01004224DC8282AF75
:10F630000A00422CF9FF40141400BF8F0800E003B9
:10F640001800BD27E8FFBD271400BFAF1000B0AF02
:10F650002180800009008010DC8280AF843D400F53
:10F6600000000000DC82828F01004224DC8282AF35
:10F670002B105000F9FF4014000000001400BF8F51
:10F680001000B08F0800E0031800BD279882838F18
:10F6900060090224FFFF4224FFFF4014FFFF4224C1
:10F6A00060096224988282AF600902240800E003A6
:10F6B000DC8282AF9882838F2C010224FFFF4224D8
:10F6C000FFFF4014FFFF42242C016224988282AF86
:10F6D0002C0102240800E003DC8282AFD8FFBD27A2
:10F6E0002400BFAF2000B3AF1C00B2AF1800B1AF11
:10F6F0001400B0AF218080002188A0002190C000BC
:10F70000448284AFAB6B400F0000938C248871025D
:10F7100021200002B56B400F252832022400BF8F44
:10F720002000B38F1C00B28F1800B18F1400B08F6F
:10F730000800E0032800BD27D8FFBD272400BFAF85
:10F740002000B4AF1C00B3AF1800B2AF1400B1AFCB
:10F750001000B0AF00A0023C7809429002000324E0
:10F76000850243542400BF8F00A0033C79096390B5
:10F7700050006324FF0064303000842C7E028050EF
:10F780002400BF8FFF00633080180300019D043CFC
:10F79000A4F78424211883000000638C0800600013
:10F7A0000000000064F8009D7401019DD0F8009DE8
:10F7B0007401019D7401019D7401019D7401019DFD
:10F7C0007401019D7401019D7401019D7401019DED
:10F7D0007401019D7401019D7401019D7401019DDD
:10F7E0007401019D7401019D7401019D7401019DCD
:10F7F0007401019D7401019D7401019D7401019DBD
:10F800007401019D7401019D7401019D7401019DAC
:10F810007401019D7401019D7401019D7401019D9C
:10F820007401019DECF9009D18FB009D7401019D80
:10F830007401019D7401019D7401019D7401019D7C
:10F840007401019D7401019D7401019D88FF009D5B
:10F850007401019D7401019D7401019D7401019D5C
:10F8600068FA009D00A0103C780902260200429030
:10F870007F004330C08483A3D88283A300A0063CCA
:10F8800002000324200DC3A0200DC624B1FF0324D1
:10F890000100C3A00200C2A00300C0A00400C0A0D9
:10F8A0000500C0A00600C0A00700C0A003000424FB
:10F8B00001000524C154400F0A0007244C8182AF87
:10F8C000780900A2010002245D40400B7B8182A3E5
:10F8D00000A0023C7A0942902000423025024010EC
:10F8E00000A0023C7B094290010003241F00431446
:10F8F00000000000020002249C8382A300A0063CBA
:10F90000200DC2A0200DC624B2FF02240100C2A017
:10F91000010010240200D0A00300D0A00400C0A069
:10F920000500C0A00600C0A00700C0A0030004247A
:10F9300001000524C154400F0C0007244C8182AF04
:10F9400000A0023C780940A0D08290A3019D103C09
:10F95000AB6B400F14E0043614E00436B56B400F77
:10F96000D08285935E40400B2400BF8F020240543A
:10F970002400BF8F010002249C8382A300A0063CC8
:10F9800002000324200DC3A0200DC624B2FF0324CF
:10F990000100C3A00200C0A00300C2A00400C0A0D8
:10F9A0000500C0A00600C0A00700C0A003000424FA
:10F9B00001000524C154400F0C0007244C8182AF84
:10F9C00000A0023C780940A0D08280A3019D103C99
:10F9D000AB6B400F14E0043614E00436B56B400FF7
:10F9E000D08285935E40400B2400BF8F00A0023C74
:10F9F0007A09429004004330DE01601000A0033C0D
:10FA00007B096390DC0160142400BF8F00A0063CDA
:10FA100002000324200DC3A0200DC624E0FF032410
:10FA20000100C3A00200C2A00300C0A000A0103CBF
:10FA300078090226040042900400C2A0300002248B
:10FA40000500C2A00600C0A00700C0A00300042457
:10FA500001000524C154400F0A0007244C8182AFE5
:10FA60005D40400B780900A200A0023C78094224C6
:10FA700003004390001A03000500459006004490DF
:10FA800007004690040042902118620013090224E6
:10FA90000C00621421180000002A05002120A40097
:10FAA000BD2802240800821400A0103C0900022492
:10FAB0000500C2140000000002000224C88382AFC7
:10FAC0000100032400A0103C7809029200A0063C2B
:10FAD000200DC2A0200DC624EFFF02240100C2A009
:10FAE0000200C3A00300C0A00400C0A00500C0A085
:10FAF0000600C0A00700C0A00300042401000524E4
:10FB0000C154400F0A0007244C8182AF780900A23B
:10FB10005D40400B308180AF00A0023C7A094290EA
:10FB200001000324E000435001000224060040507D
:10FB300000A0023C800003248F0143142400BF8FE7
:10FB4000DC3F400B358183937C0942900200032403
:10FB5000380043100300432C060060100300032408
:10FB600001000324840143142400BF8FE33E400BB3
:10FB700000A0103C5E004310040003247E014314E7
:10FB80002400BF8F713F400B00A0103C7809022673
:10FB900003004390019D023C00E4423421106200C6
:10FBA0002C8182AF448282AF00004290348391273F
:10FBB000000022A200A0063C02000424200DC4A0E4
:10FBC000200DC624E1FF04240100C4A00200C3A04C
:10FBD000010003240300C3A00400C2A035839227C0
:10FBE000000042920500C2A0368393270000629273
:10FBF0000600C2A037839427000082920700C2A0AB
:10FC00000800C0A00900C0A00300042401000524CE
:10FC1000C154400F0A0007244C8182AF780900A22A
:10FC2000000020A2000040A2000060A25D40400B46
:10FC3000000080A200A0103C780902260300429038
:10FC4000019D033C00E46334212043002C8184AFF8
:10FC5000448284AF0000849034839127000024A262
:10FC600001006324211843002C8183AF448283AFB9
:10FC70000000639035839227000043A200A0063C59
:10FC800002000524200DC5A0200DC624E1FF072495
:10FC90000100C7A00200C2A00300C5A00400C4A0C8
:10FCA0000500C3A036839327000062920600C2A01D
:10FCB00037839427000082920700C2A00800C0A0EA
:10FCC0000900C0A00300042401000524C154400F12
:10FCD0000A0007244C8182AF780900A2000020A20C
:10FCE000000040A2000060A25D40400B000080A226
:10FCF00000A0103C7809022603004290019D033CBD
:10FD000000E46334212043002C8184AF448284AF1B
:10FD10000000859034839127000025A2010064240F
:10FD2000212044002C8184AF448284AF0000849061
:10FD300035839227000044A2020063242118430067
:10FD40002C8183AF448283AF000063903683932776
:10FD5000000063A200A0063C02000724200DC7A0FB
:10FD6000200DC624E1FF07240100C7A00200C2A0A5
:10FD7000030002240300C2A00400C5A00500C4A023
:10FD80000600C3A037839427000082920700C2A018
:10FD90000800C0A00900C0A003000424010005243D
:10FDA000C154400F0A0007244C8182AF780900A299
:10FDB000000020A2000040A2000060A25D40400BB5
:10FDC000000080A27809022603004290019D033CB6
:10FDD00000E46334212043002C8184AF448284AF4B
:10FDE0000000879034839127000027A2010064243B
:10FDF000212044002C8184AF448284AF0000859090
:10FE000035839227000045A202006424212044008B
:10FE10002C8184AF448284AF000084903683932782
:10FE2000000064A203006324211843002C8183AFE7
:10FE3000448283AF0000639037839427000083A23D
:10FE400000A0063C02000824200DC8A0200DC624F6
:10FE5000E1FF08240100C8A00200C2A0040002249F
:10FE60000300C2A00400C7A00500C5A00600C4A0EE
:10FE70000700C3A00800C0A00900C0A0030004241C
:10FE800001000524C154400F0A0007244C8182AFB1
:10FE9000780900A2000020A2000040A2000060A299
:10FEA0005D40400B000080A2358182A300A0023C8F
:10FEB0007B0945901900A01000A0023C3481869374
:10FEC000FFFFA2241400C2100100C724FF00E73086
:10FED0002B10E500A70040102110E00000A0043C1A
:10FEE000200884242118440001004224FF004230ED
:10FEF000FCFF4514000060A0FEFFA2242138E200B0
:10FF00002330E600348186A3FF00C630FFFFA22421
:10FF10009900C2142400BF8F00A0023C7C094790C6
:10FF20009400E01000A0023C7D09422400A0033CA4
:10FF30002008632421186500FFFFE424FF008430BB
:10FF400000A0063C7E09C6242130C4000000449075
:10FF5000000064A001004224FCFF46140100632459
:10FF60002128A700FFFFA5245D40400B348185A315
:10FF700001000224800062142400BF8F02000224CA
:10FF80005D40400B358182A300A0033C7A09639059
:10FF900001000424400064500100022406006010A7
:10FFA00000A0103C80000224730062142400BF8F64
:10FFB0005840400B3681839378090926030023912A
:10FFC000009D043C005F8524212865002C8185AFBD
:10FFD000448285AF0000A89034839127000028A2B6
:10FFE000015F8524212865002C8185AF448285AF7F
:10FFF0000000A79035839227000047A2025F852466
:020000041D01DC
:10000000212865002C8185AF448285AF0000A59032
:1000100036839327000065A2035F842421206400B7
:100020002C8184AF448284AF00008490378394276E
:10003000000084A200A0063C200DC2A0200DC62412
:10004000EAFF02240100C2A00200C3A00400229122
:100050000300C2A00400C8A00500C7A00600C5A0F8
:100060000700C4A00800C0A00900C0A00300042429
:1000700001000524C154400F0A0007244C8182AFBF
:10008000780900A2000020A2000040A2000060A2A7
:100090005D40400B000080A2368182A300A0023C9C
:1000A0007B0945901900A01000A0023C3481869382
:1000B000FFFFA2241400C2100100C724FF00E73094
:1000C0002B10E5002B0040102110E00000A0043CA4
:1000D000200884242118440001004224FF004230FB
:1000E000FCFF4514000060A0FEFFA2242330460060
:1000F0002138E600348187A3FF00E730FFFFA22408
:100100001D00E2142400BF8F00A0023C7C09479030
:100110001800E01000A0023C7D09422400A0033C2E
:100120002008632421186500FFFFE424FF008430C9
:1001300000A0063C7E09C6242130C4000000449083
:10014000000064A001004224FCFF46140100632467
:100150002128E500FFFFA5245D40400B348185A3E5
:1001600001000224040062142400BF8F0200022454
:10017000368182A32400BF8F2000B48F1C00B38F70
:100180001800B28F1400B18F1000B08F0800E00388
:100190002800BD27D8FFBD272400BFAF2000B4AF83
:1001A0001C00B3AF1800B2AF1400B1AF1000B0AF75
:1001B000A883838F01000224CE0262104C81828FBB
:1001C0000600401000000000000042908000423015
:1001D000FF0042300B00401436818393CE3D400F28
:1001E00000000000030004242128000000A0063CB9
:1001F0007809C624C154400F0A000724488182AF01
:100200003681839302000224330062143581839384
:1002100034818293FF0003240D0043100100422427
:100220000001432C0A00601000A0053C2008A52412
:100230002118A200000060A0FF0044300100422409
:100240000001432CFBFF60142118A200348184A319
:10025000009D113CAB6B400F005F242600A0103CBA
:1002600023081026005F313600A0123C9C0652265F
:10027000FF62133C00A17336009D143C006094267D
:1002800000000592002A0500FFFF02922528A20027
:10029000002A0500FEFF02922528A200002A050080
:1002A000FDFF02922528A2002110510221105300C7
:1002B000000045ACB56B400F212020020400312620
:1002C000EFFF341604001026368180A3348180A30A
:1002D0003581839302000224320062147B81829371
:1002E00034818293FF0003240D0043100100422457
:1002F0000001432C0A00601000A0053C2008A52442
:100300002118A200000060A0FF0044300100422438
:100310000001432CFBFF60142118A200348184A348
:10032000019D113CAB6B400F00E4243600A0103C53
:100330002308102600E4313600A0123C9C06522609
:10034000FE62133C001C7326019D143C00E59436AC
:1003500000000592002A0500FFFF02922528A20056
:10036000002A0500FEFF02922528A200002A0500AF
:10037000FDFF02922528A2002110510221105300F6
:10038000000045ACB56B400F21202002040031264F
:10039000EFFF341604001026358180A3348180A33A
:1003A0007B8182930A00401000A0023C7A094690AB
:1003B0002014067C060043047B8180A3019D043C3D
:1003C00004E08434B73D400F00FF05247B8180A307
:1003D000C883838F02000224130062149C82828FE0
:1003E0003081828F01004224308182AF7017422C0D
:1003F0000D0040149C82828F88BF023C8050438C49
:100400000400037C805043AC019D043C00E0843434
:10041000B56B400F12120524C0BF023C09F8400022
:10042000000000009C82828F060040105C84849350
:100430000000439080006330FF006330C800601408
:100440000000000003000324C30083142882838F6C
:100450000400632CC00060103886838FBE006014D7
:100460001000032488BF023C386143ACC0848293EF
:100470000700422CA3004050C08580A7C08483930E
:1004800080180300019D023C9C044224211043007B
:100490000000428C08004000000000000007019DA1
:1004A000B804019D4005019D0007019D4006019D86
:1004B000E006019DF406019D00A0103C0900022405
:1004C000200D02A2808580A3200D1026010000A22D
:1004D0005081828FFF004330020003A2003A427C29
:1004E000030002A25481828FFF004330040003A264
:1004F000003A427C050002A2060000A2070000A20A
:1005000008000224208382A30100042401000524A2
:1005100021300002C154400F080007249C8282AFA2
:10052000000000005C8480A301000292FF004230C2
:100530007300401003000224C041400B5C8482A37E
:1005400000A0033C07000224200D62A0C0FF02248B
:10055000808582A3200D6324010062A0D082839352
:1005600001000224140062145081838F9C838393C2
:10057000FF006330020002240F0062145081838F59
:100580005481838FFF00643000A0023C200D422480
:10059000020044A0003A637C030043A05081838F93
:1005A000FF006430040044A0003A637C050043A0CF
:1005B0007A41400B00A0103CFF00643000A0023CD8
:1005C000200D4224020044A0003A637C030043A0B3
:1005D0005481838FFF006430040044A0003A637CA0
:1005E000050043A000A0103C200D1026060000A22C
:1005F000070000A2080000A2090000A20A000224CD
:10060000208382A30200042401000524213000027B
:10061000C154400F0A0007249C8282AF00000000F2
:100620005C8480A301000392FF006330C0000224B9
:100630003300621003000224C041400B5C8482A39B
:1006400000A0103C02000224200D02A2C0FF0224E0
:10065000808582A3200D1026010002A25081828F86
:10066000FF004330020003A2003A427C030002A2D2
:100670005481828FFF004330040003A2003A427C81
:10068000050002A2060000A2070000A2080000A2C6
:10069000090000A20A0000A20B0000A20C00022424
:1006A000208382A3030004240100052421300002DA
:1006B000C154400F0C0007249C8282AF0000000050
:1006C0005C8480A301000392FF006330C000022419
:1006D0000B00621003000224C041400B5C8482A323
:1006E00001000224073C400FC08282AFC141400B91
:1006F000C08580A701000224933C400FC08282AFD6
:10070000C08580A76E8580A7AC8580AFAC8480AFA4
:10071000FC8480AFD88580AF00A0033C7C0D6324AF
:100720000C0060AC00A0043C600E8224080040ACC9
:10073000040060AC600E80AC080060AC040040AC0B
:100740000C0040AC100040AC140040AC180040A0BD
:100750003D43400B190040A006004050DD848293C9
:100760000000429080004230FF004230610140149E
:10077000DD8482930200422C5E014014E085829366
:10078000FF0003245B014310010003243886848F9B
:10079000590183142400BF8F00A0033C880D638C93
:1007A00009006014100003240500405001000224D9
:1007B0000400032404004314100003240100022455
:1007C000F541400B648482A388BF023C346143AC92
:1007D000648480A3DD8483930300022442006214B6
:1007E000D0828393DC85828F110040109085828FA8
:1007F000C98480A3CA8480A3D08283930100022489
:10080000250062144C85828F9C838393FF006330A4
:1008100002000224200062144C85828FFFFF022414
:10082000C98482A37F0002242542400BCA8482A38C
:10083000190040104C85828FC084839304000224E9
:1008400006006214FFFF02242C84828FC98482A3D5
:10085000031202001A42400BCA8482A3C98482A3F5
:100860007F000224CA8482A3D082839301000224E1
:10087000090062144C85828F9C838393FF00633050
:1008800002000224040062144C85828FC98480A374
:10089000CA8480A34C85828F04004010F484828F28
:1008A000C78480A33942400BC88480A30E00401047
:1008B000D0828393C08483930400022406006214D0
:1008C000FFFF02242484828FC78482A303120200C4
:1008D0003942400BC88482A3C78482A37F000224CC
:1008E000C88482A3D0828393010002240F00621483
:1008F000C08482939C838393FF00633002000224B0
:100900000A006214C08482935481828FFF7F032483
:1009100023106200548182AFB884828FC98482A37D
:1009200002120200CA8482A3C08482930700422C70
:10093000D3004010C084839380180300019D023CC3
:1009400054094224211043000000428C080040005A
:1009500000000000800C019D7009019D280A019D86
:10096000800C019D7C0B019D680C019D780C019D04
:1009700000A0023C880D428C050040145C848293E8
:10098000E0858293401002006E42400B808582A376
:1009900006004014E085829340100200808582A307
:1009A00000A0023C6E42400B880D40AC401002009B
:1009B00001004224808582A300A0063C0900022495
:1009C000200DC2A080858293200DC6240100C2A004
:1009D000C78482930200C2A0C88482930300C2A08D
:1009E000C98482930400C2A0CA8482930500C2A075
:1009F00000A0023C880D428CFF0043300600C3A0DB
:100A0000003A427C0700C2A008000224208382A38F
:100A10000100042401000524C154400F08000724EC
:100A20002043400B9C8282AF00A0023C880D428C88
:100A30000700401401000224E08582934010020068
:100A4000A0FF4224808582A3A142400B2D8680A373
:100A50002D8682A35C84829307004014E0858293F4
:100A600040100200A0FF4224808582A300A0023C27
:100A7000A142400B880D40AC40100200A1FF42246F
:100A8000808582A380858393A900022404006214D8
:100A900000A0023CA4FF0224808582A300A0023CA7
:100AA00007000324200D43A080858393200D42245A
:100AB000010043A0D082839301000224120062143B
:100AC000C78483939C838393FF00633002000224D6
:100AD0000D006214C7848393C984839300A0023CF1
:100AE000200D4224020043A0CA848393030043A044
:100AF000C7848393040043A0C8848393050043A064
:100B0000CC42400B00A0023C00A0023C200D42243D
:100B1000020043A0C8848393030043A0C984839345
:100B2000040043A0CA848393050043A000A0023CB4
:100B3000880D428CFF00433000A0063C200DC624E7
:100B40000600C3A0003A427C0700C2A0F184829351
:100B50000800C2A0218582930900C2A00A000224D5
:100B6000208382A30200042401000524C154400F05
:100B70000A0007242043400B9C8282AF00A0023C65
:100B8000880D428C0700401401000224E085829306
:100B900040100200A0FF4224808582A3F642400B51
:100BA0002D8680A32D8682A35C8482930700401447
:100BB000E085829340100200A0FF4224808582A33A
:100BC00000A0023CF642400B880D40AC40100200F1
:100BD000A1FF4224808582A300A0103C02000224D1
:100BE000200D02A280858293200D1026010002A212
:100BF000C7848293020002A2C8848293030002A2E7
:100C0000C9848293040002A2CA848293050002A2CE
:100C100000A0023C880D428CFF004330060003A276
:100C2000003A427C070002A2F1848293080002A2EB
:100C300021858293090002A20A0000A26B3B400FAB
:100C40000B0000A20C000224208382A303000424D2
:100C50000100052421300002C154400F0C0007247C
:100C60002043400B9C8282AF073C400FC08280AF84
:100C70002043400B00000000933C400FC08280AF37
:100C800040000000A9858293C18482A3C884839315
:100C9000001A0300C784829321106200508182AF42
:100CA000CA848393001A0300C984829321106200CE
:100CB000548182AFC0848393050002240C00621427
:100CC00003000224FC84828F001A020021106200BB
:100CD00002120200588182AFD885828F001A02006A
:100CE00021106200021202005C8182AF0300022424
:100CF0005C8482A32400BF8F2000B48F1C00B38FBC
:100D00001800B28F1400B18F1000B08F0800E003FC
:100D10002800BD27648483930100022425006254C7
:100D2000FC8280A3FC82829309004014010003240A
:100D30001000032488BF023C346143ACB882828F28
:100D4000EC8282AF010002240800E003FC8282A34F
:100D50000E00431402000324B882828FEC82838F3A
:100D600023184300C800632C120060140000000028
:100D70001000042488BF033C386164AC02000324E3
:100D8000FC8283A30800E003EC8282AF09004314D5
:100D900000000000EC82828FB882838F23106200F3
:100DA000280A422C03004014000000000800E00361
:100DB000FC8280A30800E00300000000E8FFBD27DC
:100DC0001400BFAF2C828293060040502D82829384
:100DD00001000324440043141400BF8F9043400BD0
:100DE0002882828F400040541400BF8FF632400F9B
:100DF0000000000020FF023488BF033C146162AC95
:100E000088BF033C046162AC7F00022488BF033CBE
:100E1000146362AC88BF033C046362AC4F6D400F47
:100E2000000000003B8280A3010002242C8282A3E8
:100E3000688380AFEC8380AFBA43400B1400BF8F50
:100E40000400422C05004010000000009C5E400F92
:100E500000000000AD43400B5883828F6883828F6F
:100E60000B004014DD848293050040140000000054
:100E70004249400F00000000AD43400B5883828F71
:100E80001B2E400F00000000AD43400B5883828FA3
:100E900001000424688384AF88BF023C8050438CE7
:100EA0004408837C805043AC3B5E400F0000000050
:100EB0005883828F0C0040101400BF8F4543400FB1
:100EC000000000009438400F000000003339400F4C
:100ED000000000006540400F00000000F736400FA2
:100EE000000000001400BF8F0800E0031800BD27B9
:100EF000E8FFBD271400BFAF4573400F1000B0AF2F
:100F00004000042488BF033C042064AC81BF033C40
:100F100000F0638C2D73400F212040009C8280AF35
:100F2000FFFF023488BF033C186162AC88BF043CF9
:100F3000046182AC88BF033C186262AC88BF033C8A
:100F4000046262AC88BF033C186362AC88BF033C98
:100F5000046362AC88BF033C186462AC88BF033C86
:100F6000046462AC88BF033C186562AC88BF033C74
:100F7000046562AC88BF033C186662AC88BF033C62
:100F8000046662AC0300032488BF023C506143AC9A
:100F900088BF023C506240AC0007052488BF023C79
:100FA000506345AC3F00052488BF023C506445AC0B
:100FB00088BF023C506543AC0003052488BF023C57
:100FC000506645AC1000102488BF023C146150AC40
:100FD000046190AC0001023C88BF043C341082AC38
:100FE00088BF053C1C000424E410A4AC88BF043C6A
:100FF000E81090ACE410A3ACE81080AC88BF033CD0
:10100000641062AC88BF033C681062AC80BF023CD5
:10101000000E40AC80BF023C100E40AC70170324A1
:1010200080BF023C200E43AC0080033480BF023CF2
:10103000080E43AC688380AF2E6D400F00000000A7
:10104000186D400F000000004A6D400F00000000C6
:10105000E26C400F000000002080033481BF023C9E
:10106000009843AC5140032481BF023C20A043AC14
:101070002254400F00000000CA32400F0000000060
:10108000C055400F000000000800032488BF023C48
:10109000346543AC88BF023C346150ACF401032496
:1010A00030750224FFFF4224FFFF4014FFFF42245B
:1010B000FFFF6324FBFF601430750224DC8282AFE3
:1010C000F4010224E48282AF1000032488BF023CB2
:1010D000386143AC7483828F2000422C030040149B
:1010E000000000006F43400F00000000E336400F97
:1010F000000000003544400B000000000800E00341
:1011000000000000E0FFBD271C00BFAF3A828293C1
:10111000010003245000431041858393090040508F
:101120003B828293020003248500431000A0033C0D
:1011300003000324380243141C00BF8FB745400B43
:101140000484828F2000422C050040147480829316
:101150003B5E400F000000008646400B1C00BF8F26
:10116000A88482AF85818393020002240600621462
:1011700002000424010004243A64400F21280000E6
:101180006544400B00A0023C3A64400F2128000057
:1011900000A0023CE10E4390388283A300A0023CF1
:1011A000950F4290398282A34018030000A0043CAE
:1011B000F40F8424211864004010020000A0043CB5
:1011C0007810842421104400000064943D63400F93
:1011D00000004594186D400F00000000A48580AF0A
:1011E0003B828293029D033C9C9963242118430017
:1011F00000006390E88583A3029D033CBC996324AF
:101200002110430000004290198682A384818393B9
:10121000010002240400621459808293CC84828FDE
:101220008B44400B3A8582A33A8582A300020224B4
:1012300088BF033C341062AC88BF033C641062ACCE
:1012400088BF033C681062AC3A828293010042245A
:101250008546400B3A8282A301000224EE0162140B
:101260001C00BF8F5484828F14004014020003249A
:10127000008683933B828593802003000031030026
:101280002330C40000A0043CDC0D84242120C400D1
:10129000010085A03485868F040086AC6C85869716
:1012A000080086A4000083A00100A5243B8285A33A
:1012B00001006324008683A302000324418583A3E5
:1012C000008683930500632C1B0060543A8280A340
:1012D000070040140100032401000224548482AF5B
:1012E000050002243B8282A3CE44400B3A8280A3B5
:1012F000090043140200032402000224548482AF34
:101300000A0002243B8282A33485828F288482AF24
:10131000CE44400B3A8280A3BE014354348580AF53
:101320003485828F088482AF008680A30200022465
:101330003A8282A3548480AF8546400B348580AFC7
:10134000DC0D6224DC0D658C0400448C0800438CA9
:101350003C0045AC400044AC440043AC0C00458C20
:101360001000448C1400438C480045AC4C0044AC45
:10137000500043AC1800458C1C00448C2000438C6A
:10138000540045AC580044AC5C0043AC2400458C90
:101390002800448C2C00438C600045AC640044ACB5
:1013A000680043AC3000458C3400448C3800438CDA
:1013B0006C0045AC700044AC740043AC05000824DC
:1013C00000A0093C211840001245400B7C00462437
:1013D0000000458C0C00448C2B20A400140080508D
:1013E0000C0042240800478C0C00458C1000448CF3
:1013F000780067AC7C0065AC800064ACFCFF478C77
:101400000000458C0400448C080047AC0C0045AC3F
:10141000100044AC7800678C7C00658C8000648C84
:10142000FCFF47AC000045AC040044AC0C00422477
:10143000E8FF46540000458CFFFF0825FF000831F7
:101440000300005100A0023CF444400B1C0E222576
:101450001C0E428C2884838F2B2062000B0080108E
:101460002B2043000884848F2B20820007008010EB
:101470002B20430000A0023C190E42901F8582A33E
:10148000FEFF42243745400B3B8282A309008010B7
:101490000884848F2B208300060080100884848FAA
:1014A000050002241F8582A3030002243745400B58
:1014B0003B8282A32B1044000900401000A0023C94
:1014C0002B18640007006010200E42940A000224CA
:1014D0001F8582A3080002243B8282A300A0023C55
:1014E000200E4294CA8083972B1862000700601078
:1014F000010003243886838F040060140100032454
:10150000010002244A45400B388682AF3886848F1A
:101510000600835400A0023CCC8083972B1062000D
:1015200001004050388680AF00A0023C1C0E428C67
:101530004900401000A0023C010002243886838F3D
:101540004500621400A0023C00A0033CDC0D6324B3
:101550001C00628C1000658C2B1845001400601470
:1015600000A0033C00A0033C040E668C2B18C200B4
:101570000F00601000A0033C368083932B184300BB
:101580000B00601400A0033C00A0033CE90D679031
:10159000348083971000A3AF2120A000B726400F0E
:1015A0002128400000A0033C9C45400B880D62AC04
:1015B000E00D648C2B18A4001100601400A0033C03
:1015C0002B1845000E00601000A0033C368083936A
:1015D0002B18A3000A00601400A0033C00A0033CE9
:1015E000DD0D6790348083971000A3AFB726400FBE
:1015F0002130400000A0033C9C45400B880D62ACAC
:10160000040E658C2B18A2001A00605400A0023C46
:1016100000A0033C100E668C2B18C500150060500E
:1016200000A0023C368083932B18A3001100605465
:1016300000A0023C00A0033CF50D67903480839726
:101640001000A3AFB726400F2120400000A0033CAC
:101650009C45400B880D62AC880D40AC048480AF83
:1016600070AD0234F08582AFB045400B2110000010
:1016700000A0023C880D428C048482AF0600043C2A
:1016800060C68434212044000A0003241B00830028
:10169000F401600012200000F08584AF0082838F87
:1016A0002B18620006006010F881838F2B186200EF
:1016B00004006014FFFF0324B245400BE08580A3C3
:1016C000FFFF0324E08583A3308482AF3A828293B4
:1016D000010042248546400B3A8282A30100033C6C
:1016E00061E463342B1843005B0060100600033C88
:1016F00060C66334211843004C8483AF0A00082479
:101700001B006800F401000112200000148484AF63
:101710000100043CA08684341B006400F4018000B6
:1017200012380000FF00E730F48387A38020070011
:10173000C02907002320A40021208700802804005E
:1017400021208500802804002128850040290500EB
:1017500023286500102704241B00A400F401800046
:1017600012300000FF00C6303E8486A380200600B1
:10177000C04906002320240121208600804804005F
:1017800021208900002104002320A400E80309246B
:101790001B008900F401200112280000FF00A53081
:1017A000208485A380480500C051050023484901D5
:1017B00021482501C04809002348890064000A2403
:1017C0001B002A01F401400112200000FF008430B8
:1017D0004A8484A3805804000051040021506A0107
:1017E00080580A0021504B0123482A011B00280180
:1017F000F401000112480000FF0028314B8488A347
:101800004039070080480700233827012118E300EA
:10181000233006000039060021386700C028050083
:1018200080180500232865002138E500C028040041
:10183000801805002128A3002320A400801804009C
:101840002118E300404008008020080021400401E6
:1018500023186800348483A3150040100484838F08
:101860004084838F120060500484838F2B20620099
:10187000070080102B2043004484848F21104400F3
:1018800023184300448483AF2B46400B388480AF39
:10189000070080500484838F448480AF3884848F11
:1018A0002118640023106200388482AF0484838F7F
:1018B000408483AFE08582934B00401400A0023C3B
:1018C0000082828F2B104300440040501C8480A370
:1018D000F881828F2B104300400040541C8480A369
:1018E000F481858F2B10A30021004010FC81848F90
:1018F000408683930100022419006254188680A355
:101900005C80838F16006254188680A318868393A8
:1019100001006324FF006330188683A36080828FF8
:101920002B186200050060542086828F188682A3DF
:10193000E08580A3408680A32086828F6480838F89
:1019400002186270640002241B006200F40140006F
:101950001218000000A0043C6E46400B880D83ACBA
:10196000E08580A300A0023C6E46400B880D40AC91
:101970002B106400050040101C8480A37880838FA6
:1019800000A0023C6E46400B880D43AC2318A30018
:101990007880828F021062702320A4001B00440014
:1019A000F40180001220000000A0033C880D64AC0C
:1019B00001000224408682A37880828F00A0033C2D
:1019C000880D638C2B18620009006054010002240A
:1019D00000A0033C7B46400B880D62AC00A0023C9B
:1019E0007B46400B880D40AC880D40AC01000224C2
:1019F0005C80838F04006254208680AF00A0023C8C
:101A0000880D428C208682AF3A8280A30100022496
:101A1000DD8482A31C00BF8F0800E0032000BD27E7
:101A2000E0FFBD271C00BFAF3A8282930100032470
:101A30005000431041858393090040503B828293BC
:101A4000020003248500431000A0033C030003248C
:101A50004E0243141C00BF8FF547400B0484828F55
:101A60002000422C05004014460002243B5E400F3B
:101A700000000000E348400B1C00BF8FA88482AF29
:101A8000858183930200022406006214020004246C
:101A9000010004243A64400F21280000AC46400BAA
:101AA00000A0023C3A64400F2128000000A0023C44
:101AB000E10E4390388283A300A0023C950F429030
:101AC000398282A34018030000A0043CF40F842450
:101AD000211864004010020000A0043C7810842407
:101AE00021104400000064943D63400F00004594C1
:101AF000186D400F00000000A48580AF3B828293E8
:101B0000029D033C9C9963242118430000006390CC
:101B1000E88583A3029D033CBC9963242110430004
:101B200000004290198682A38481839301000224DD
:101B30000400621459808293CC84828FD246400B79
:101B40003A8582A33A8582A30002022488BF033C1F
:101B5000341062AC88BF033C641062AC88BF033CA5
:101B6000681062AC3A82829301004224E248400B42
:101B70003A8282A301000224040262141C00BF8F77
:101B80005484828F1400401402000324008683933F
:101B90003B82859380200300003103002330C40082
:101BA00000A0043CDC0D84242120C400010085A099
:101BB0003485868F040086AC6C858697080086A4E1
:101BC000000083A00100A5243B8285A301006324BB
:101BD000008683A302000324418583A300868393A8
:101BE0000500632C1B0060543A8280A30700401458
:101BF0000100032401000224548482AF0500022462
:101C00003B8282A31547400B3A8280A3090043140C
:101C10000200032402000224548482AF0A0002243A
:101C20003B8282A33485828F288482AF1547400B84
:101C30003A8280A3D4014354348580AF3485828FA7
:101C4000088482AF008680A3020002243A8282A325
:101C5000548480AFE248400B348580AFDC0D6224B1
:101C6000DC0D658C0400448C0800438C3C0045ACC2
:101C7000400044AC440043AC0C00458C1000448C44
:101C80001400438C480045AC4C0044AC500043ACBD
:101C90001800458C1C00448C2000438C540045AC3B
:101CA000580044AC5C0043AC2400458C2800448CB4
:101CB0002C00438C600045AC640044AC680043AC2D
:101CC0003000458C3400448C3800438C6C0045ACAB
:101CD000700044AC740043AC0500082400A0093C2B
:101CE000211840005947400B7C0046240000458CD9
:101CF0000C00448C2B20A400140080500C004224C3
:101D00000800478C0C00458C1000448C780067ACB0
:101D10007C0065AC800064ACFCFF478C0000458C07
:101D20000400448C080047AC0C0045AC100044ACE7
:101D30007800678C7C00658C8000648CFCFF47AC6D
:101D4000000045AC040044AC0C004224E8FF4654BB
:101D50000000458CFFFF0825FF00083103000051FB
:101D600000A0023C3B47400B1C0E22251C0E428C5F
:101D70002884838F2B2062000B0080102B204300CF
:101D80000884848F2B208200070080102B204300C2
:101D900000A0023C190E42901F8582A3FEFF422440
:101DA0007E47400B3B8282A3090080100884848F09
:101DB0002B208300060080100884848F05000224F5
:101DC0001F8582A3030002247E47400B3B8282A32F
:101DD0002B1044000900401000A0023C2B186400A6
:101DE00007006010200E42940A0002241F8582A37F
:101DF000080002243B8282A300A0023C200E4294F1
:101E0000CA8083972B18620007006010010003242A
:101E10003886838F0400601401000324010002242B
:101E20009147400B388682AF3886848F06008354F2
:101E300000A0023CCC8083972B1062000100405030
:101E4000388680AF00A0023C1C0E428C4900401036
:101E500000A0023C010002243886838F45006214F2
:101E600000A0023C00A0033CDC0D63241C00628C3B
:101E70001000658C2B1845001400601400A0033C72
:101E800000A0033C040E668C2B18C2000F006010EB
:101E900000A0033C368083932B1843000B00601492
:101EA00000A0033C00A0033CE90D679034808397B9
:101EB0001000A3AF2120A000B726400F212840002A
:101EC00000A0033CE047400B880D62ACE00D648C41
:101ED0002B18A4001100601400A0033C2B1845002F
:101EE0000E00601000A0033C368083932B18A300E3
:101EF0000A00601400A0033C00A0033CDD0D6790C5
:101F0000348083971000A3AFB726400F21304000E4
:101F100000A0033CE047400B880D62AC040E658CCA
:101F20002B18A2001700605400A0023C00A0033C44
:101F3000100E668C2B18C5001200605000A0023CE9
:101F4000368083932B18A3000E00605400A0023C3F
:101F500000A0033CF50D6790348083971000A3AF79
:101F6000B726400F2120400000A0033CE047400B73
:101F7000880D62AC880D40ACEC47400B048480AF08
:101F800000A0023C880D438C048483AF0482828FBE
:101F90002B104300060040101082828F2B1043004C
:101FA00004004014FFFF0224EE47400BE08580A3AD
:101FB000FFFF0224E08582A300A0023C680E428C51
:101FC000308482AF3A82829301004224E248400B7F
:101FD0003A8282A30100033C61E463342B1843007E
:101FE0005B0060100600033C60C6633421184300A8
:101FF0004C8483AF0A0008241B006800F401000130
:1020000012200000148484AF0100043CA0868434B4
:102010001B006400F401800012380000FF00E7306C
:10202000F48387A380200700C02907002320A40091
:1020300021208700802804002120850080280400BA
:102040002128850040290500232865001027042445
:102050001B00A400F401800012300000FF00C63015
:102060003E8486A380200600C04906002320240168
:1020700021208600804804002120890000210400DE
:102080002320A400E80309241B008900F401200197
:1020900012280000FF00A530208485A38048050099
:1020A000C05105002348490121482501C0480900C5
:1020B0002348890064000A241B002A01F40140011E
:1020C00012200000FF0084304A8484A3805804005A
:1020D0000051040021506A0180580A0021504B0130
:1020E00023482A011B002801F401000112480000C6
:1020F000FF0028314B8488A340390700804807003F
:10210000233827012118E300233006000039060098
:1021100021386700C02805008018050023286500C5
:102120002138E500C0280400801805002128A300FC
:102130002320A400801804002118E3004040080078
:10214000802008002140040123186800348483A300
:10215000150040100484838F4084838F12006050E8
:102160000484838F2B206200070080102B20430003
:102170004484848F2110440023184300448483AF97
:102180006948400B388480AF070080500484838FF7
:10219000448480AF3884848F211864002310620047
:1021A000388482AF0484838F408483AFE085829338
:1021B0006A00401400A0023C0482828F2B1043006E
:1021C000630040501C8480A31082828F2B10430038
:1021D0005F0040541C8480A30882848F2B1064000D
:1021E000260040100082828F1C848293030040549A
:1021F0000C8680A3010002241C8482A34086839362
:102200000100022419006254188680A35C80838F29
:1022100016006254188680A31886839301006324F5
:10222000FF006330188683A36080828F2B186200C2
:10223000050060542086828F188682A3E08580A3E3
:10224000408680A32086828F6480838F021862700C
:10225000640002241B006200F40140001218000018
:1022600000A0043CCB48400B880D83ACE08580A3E4
:1022700000A0023CCB48400B880D40AC2B10430023
:10228000140040140C8682930C82828F2B10430022
:10229000100040100C86829301004224FF0042305F
:1022A0000C8682A30700422C0800401400A0023CC8
:1022B000070002240C8682A31C8480A37880838F6D
:1022C00000A0023CCB48400B880D43ACCB48400BF0
:1022D000880D40AC01004224FF0042300C8682A3EE
:1022E0000700422C1000401400A0023C070002240A
:1022F0000C8682A3231864007880828F021062709B
:102300000C82838F232064001B004400F4018000B2
:102310001220000000A0033C880D64AC01000224E0
:10232000CB48400B408682A3880D40AC7880828FDA
:1023300000A0033C880D638C2B18620009006054D8
:102340000100022400A0033CD848400B880D62AC79
:1023500000A0023CD848400B880D40AC880D40AC32
:10236000010002245C80838F04006254208680AFC9
:1023700000A0023C880D428C208682AF3A8280A366
:1023800001000224DD8482A31C00BF8F0800E0034B
:102390002000BD27E0FFBD271C00BFAF1800B1AF74
:1023A0001400B0AF9672400F2180A00021204000A1
:1023B000029D023C5F6D400FB0C9458C21884000F2
:1023C000029D023CB4C9448CD56B400F2128000209
:1023D00021202002706F400F212840002120400062
:1023E000029D023C5F6D400FB8C9458C0972400FD9
:1023F00021204000010042241C00BF8F1800B18F33
:102400001400B08F0800E0032000BD27E085829310
:10241000080040140400032400A0023C890E4590EB
:102420000A00A22C0700405000A0023C2949400BA2
:1024300000A0023C3000435400A0023C0749400B7E
:1024400000A0023C600E42240800468C2400428C0E
:102450002118A00009000424FFFF6324FF0063305B
:10246000FEFF6414FFFF63242310460000A0033C1A
:10247000600E6324F6FFA524FF00A5300220C5707E
:102480002330440000A0023C880D428C21104600FD
:10249000240062AC0A000424290064A03349400BE4
:1024A0000A000524880D438C00A0043C600E84249F
:1024B0002400828C21106200240082AC0100A5243B
:1024C000FF00A5300700A010290085A01B004500D3
:1024D000F401A0001228000000A0033C0800E00363
:1024E000680E65AC00A0023C600E4224080043ACBC
:1024F0000800E003290040A0600E4224240040AC04
:102500000800E003290040A0E0FFBD271C00BFAF8A
:102510003A82829301000324500043104185839343
:10252000090040503B82829302000324850043103F
:1025300000A0033C03000324570343141C00BF8F77
:10254000A14B400BE08582932000422C05004014F3
:10255000748082933B5E400F00000000A64C400B4D
:102560001C00BF8FA88482AF858183930200022460
:102570000600621402000424010004243A64400F9F
:10258000212800006649400B00A0023C3A64400F3D
:102590002128000000A0023CE10E4390388283A372
:1025A00000A0023C950F4290398282A3401803009C
:1025B00000A0043CF40F84242118640040100200A1
:1025C00000A0043C7810842421104400000064948E
:1025D0003D63400F00004594186D400F000000005F
:1025E000A48580AF3B828293029D033C9C99632427
:1025F0002118430000006390E88583A3029D033CFB
:10260000BC9963242110430000004290198682A3E4
:102610008481839301000224040062145980829310
:10262000CC84828F8C49400B3A8582A33A8582A361
:102630000002022488BF033C341062AC88BF033C14
:10264000641062AC88BF033C681062AC3A8282932B
:1026500001004224A54C400B3A8282A301000224CF
:102660000D0362141C00BF8F5484828F1400401429
:1026700002000324008683933B828593802003001D
:10268000003103002330C40000A0043CDC0D84248E
:102690002120C400010085A03485868F040086AC0B
:1026A0006C858697080086A4000083A00100A524FD
:1026B0003B8285A301006324008683A302000324D8
:1026C000418583A3008683930500632C1B0060541F
:1026D0003A8280A307004014010003240100022471
:1026E000548482AF050002243B8282A3CF49400B71
:1026F0003A8280A30900431402000324020002244A
:10270000548482AF0A0002243B8282A33485828FE4
:10271000288482AFCF49400B3A8280A3DD02435424
:10272000348580AF3485828F088482AF008680A391
:10273000020002243A8282A3548480AFA54C400B4D
:10274000348580AFDC0D6224DC0D658C0400448C84
:102750000800438C3C0045AC400044AC440043AC12
:102760000C00458C1000448C1400438C480045AC90
:102770004C0044AC500043AC1800458C1C00448C09
:102780002000438C540045AC580044AC5C0043AC82
:102790002400458C2800448C2C00438C600045AC00
:1027A000640044AC680043AC3000458C3400448C79
:1027B0003800438C6C0045AC700044AC740043ACF2
:1027C0000500082400A0093C21184000134A400BD2
:1027D0007C0046240000458C0C00448C2B20A40077
:1027E000140080500C0042240800478C0C00458CDB
:1027F0001000448C780067AC7C0065AC800064AC51
:10280000FCFF478C0000458C0400448C080047AC5A
:102810000C0045AC100044AC7800678C7C00658CE3
:102820008000648CFCFF47AC000045AC040044AC65
:102830000C004224E8FF46540000458CFFFF0825A9
:10284000FF0008310300005100A0023CF549400B95
:102850001C0E22251C0E428C2884838F2B206200A4
:102860000B0080102B2043000884848F2B208200D3
:10287000070080102B20430000A0023C190E42905C
:102880001F8582A3FEFF4224384A400B3B8282A36D
:10289000090080100884848F2B208300060080109C
:1028A0000884848F050002241F8582A3030002246C
:1028B000384A400B3B8282A32B1044000900401091
:1028C00000A0023C2B18640007006010200E429408
:1028D0000A0002241F8582A3080002243B8282A3EF
:1028E00000A0023C200E4294CA8083972B186200FD
:1028F00007006010010003243886838F04006014F1
:1029000001000324010002244B4A400B388682AFA9
:102910003886848F0600835400A0023CCC808397C5
:102920002B10620001004050388680AF00A0023CAE
:102930001C0E428C7900401000A0023C01000224D1
:102940003886838F7500621400A0023C00A0033C0F
:10295000DC0D63241C00628C1000658C2B18450074
:102960001400601400A0033C00A0033C040E668C1D
:102970002B18C2000F00601000A0033C3680839328
:102980002B1843000B00601400A0033C00A0033C84
:10299000E90D6790348083971000A3AF2120A00039
:1029A000B726400F2128400000A0033C964A400B68
:1029B000880D62ACE00D648C2B18A400110060142B
:1029C00000A0033C2B1845000E00601000A0033C43
:1029D000368083932B18A3000A00601400A0033CE8
:1029E00000A0033CDD0D6790348083971000A3AFF7
:1029F000B726400F2130400000A0033C964A400B10
:102A0000880D62AC040E658C2B18A2001300605474
:102A1000ED80829300A0033C100E668C2B18C5003D
:102A20000E006050ED808293368083932B18A300B4
:102A30000A006054ED80829300A0033CF50D67907E
:102A4000348083971000A3AFB726400F21204000A9
:102A500000A0033C880D62ACED80829323004010FF
:102A600060EA02348A8183972118620096818297F6
:102A700023106200048682AF8C818397EEFC0234BF
:102A8000211862009881829723106200308682AFFD
:102A90008E8183976C3963249A8182972310620018
:102AA000248682AF90818397F05563249C8182971E
:102AB00023106200E48582AF92818397B49102343F
:102AC000211862009E818297231062003C8682AFAB
:102AD00094818397A8AC023421186200A081829768
:102AE00023106200C84A400BF88582AF048682AF8B
:102AF000EEFC0234308682AF6C390224248682AF29
:102B0000F0550224E48582AFB49102343C8682AF52
:102B1000A8AC0234C84A400BF88582AF880D40AC9F
:102B200000A0023C200E4394A481828F2B1043000E
:102B30000D00401400A0023C880D428CFFFF033CB6
:102B40003F256324211843000F27632C06006050A3
:102B500000A0023CA881838F2310430000A0033C07
:102B6000880D62AC00A0023C880D428C0600033C3C
:102B700060C66334211843000A0004241B0064006B
:102B8000F401800012200000F08584AFC481838F9F
:102B90002B18430017006014C881838F2B2062001C
:102BA000180080540100043CFC85828F01004224FF
:102BB0000A004010FC8582AFE08580A3010002245A
:102BC000FC8582AF1C8680AF088680AF448680AFCC
:102BD000288680AF8C4B400B108680AF1C8680AF60
:102BE000088680AF448680AF288680AF8C4B400B30
:102BF000108680AF2B2062001A008010AC81848F79
:102C00000100043C007784242B20440015008050F0
:102C1000AC81848F1C86828F010042241C8682AF87
:102C20000200422C0900401402000224E08580A327
:102C3000FC8580AF1C8682AF088680AF448680AF5B
:102C4000288680AF8C4B400B108680AFFC8580AF10
:102C5000088680AF448680AF288680AF8C4B400BBF
:102C6000108680AF2B20440019008014B081848F1F
:102C70002B20820019008054B881848F0886828FAF
:102C800001004224088682AF0300422C0B0040540E
:102C9000FC8580AF01000224E08582A3FC8580AF23
:102CA0001C8680AF03000224088682AF448680AF72
:102CB000288680AF8C4B400B108680AF1C8680AF7F
:102CC000448680AF288680AF8C4B400B108680AF47
:102CD0002B20820019008010B881848F2B204400A3
:102CE00019008050BC81848F4486828F0100422469
:102CF000448682AF0300422C0B004054FC8580AF19
:102D000001000224E08582A3FC8580AF1C8680AF91
:102D1000088680AF03000224448682AF288680AFF5
:102D20008C4B400B108680AF1C8680AF088680AF2E
:102D3000288680AF8C4B400B108680AF2B20440040
:102D400019008014BC81848F2B2082001A0080140B
:102D50002B1043002886828F01004224288682AFF0
:102D60000300422C0B004054FC8580AF020002247B
:102D7000E08582A3FC8580AF1C8680AF088680AF8B
:102D8000448680AF03000224288682AF8C4B400B20
:102D9000108680AF1C8680AF088680AF448680AFE7
:102DA0008C4B400B108680AF2B2082001900805086
:102DB000FFFF02242B10430016004010FFFF0224E7
:102DC0001086828F01004224108682AF0300422CBD
:102DD0000B004054FC8580AF02000224E08582A3F2
:102DE000FC8580AF1C8680AF088680AF448680AFAC
:102DF000288680AF030002248C4B400B108682AFE4
:102E00001C8680AF088680AF448680AF8C4B400B19
:102E1000288680AFE08582A3FC8580AF1C8680AFCA
:102E2000088680AF448680AF288680AF108680AF4A
:102E30003780829300A0033CFC0D63942B18620042
:102E40000B006054FFFF022400A0033CF00D6394CC
:102E50002B18620006006054FFFF022400A0033C10
:102E6000080E63942B10620002004010FFFF022442
:102E7000E08582A33A82829301004224A54C400B54
:102E80003A8282A32900401400A0023C880D438CA2
:102E9000C881828F2B10620008004050EC8580AF03
:102EA000EC85828F010042240200432C0F00601049
:102EB000EC8582AFB14B400B2086838F2110000040
:102EC0002086838FD007632C090060100400422CF9
:102ED0000349400F0000000000A0023C680E438C34
:102EE00000A0023CCB4B400B880D43AC0400422CAD
:102EF0000C004010040002242086828FD007422C50
:102F000008004014040002240349400F00000000A0
:102F100000A0023C680E438C00A0023CCB4B400B4F
:102F2000880D43ACEC8582AF00A0023C880D438C39
:102F3000348683AFE08582937B0040140100042433
:102F400001000224FC85848F040082100200022408
:102F50001C86848FC400821400A0023C00A0023CA6
:102F60001C0E428C0001422C6A0040142D86829374
:102F7000C481828F2B10620030004014C881848F7E
:102F80002B108300310040140100023C40868393E3
:102F90000100022425006254188680A35C80838F80
:102FA00022006254188680A318868393010063244C
:102FB000FF006330188683A36080828F0100442461
:102FC0002B206400070080542B106200188682A317
:102FD000E08580A300A0023C880D40AC294C400B4A
:102FE000408680A3080040142086828FD101422CA5
:102FF000050040142086828FD001032400A0023CEB
:10300000294C400B880D43AC6480838F021862709A
:10301000640002241B006200F4014000121800004A
:1030200000A0043C294C400B880D83ACE08580A3B4
:1030300000A0023C294C400B880D40AC2B108300B3
:10304000190040101486828F0100023C017742244F
:103050002B106200140040101486828F2318640025
:103060007880828F02106270CC81838F232064006D
:103070001B004400F40180001220000000A0033C6B
:10308000880D64AC00A0023C180E4390020002249C
:10309000050062141486828F01000224408682A3F8
:1030A000188680A31486828F0D004050C481828FC1
:1030B0003486838F39F904342B206400090080544E
:1030C000C481828FC881848F2B18640004006050F3
:1030D000C481828F00A0033C880D62ACC481828FC2
:1030E0003486838F2B10620001004054148680AF19
:1030F0007880828F00A0033C880D638C2B186200BF
:103100005B0060540100022400A0033C9B4C400B78
:10311000880D62AC560040140100022400A0023C5D
:103120009B4C400B880D40AC270044140200042443
:10313000030002240886848F030082104486848F53
:103140004900821400A0023CAC81828F2B106200E7
:1031500007004014B081848F2B10830008004014B6
:103160002318640000A0023C694C400B880D40AC61
:103170002B1083000C0040107880828F231864008D
:103180007880828F02106270B481838F2320640064
:103190001B004400F40180001220000000A0033C4A
:1031A000880D64AC7880828F00A0033C880D638C0E
:1031B0002B1862002E0060540100022400A0033C82
:1031C0009B4C400B880D62AC260044140300022483
:1031D0002886848F030082101086848F2200821438
:1031E00000A0023CB881828F2B10620007004014BF
:1031F000BC81848F2B1083000800401423186400C6
:1032000000A0023C904C400B880D40AC2B1083007A
:103210000C0040107880828F231864007880828FA1
:1032200002106270C081838F232064001B00440061
:10323000F40180001220000000A0033C880D64AC63
:103240007880828F00A0033C880D638C2B1862006D
:10325000070060540100022400A0033C9B4C400B7B
:10326000880D62AC00A0023C880D40AC0100022435
:103270005C80838F04006254208680AF00A0023CF3
:10328000880D428C208682AF3A8280A301000224FE
:10329000DD8482A31C00BF8F0800E0032000BD274F
:1032A000E0858293080040140400032400A0023C3F
:1032B000890E45900A00A22C0700405000A0023C55
:1032C000CE4C400B00A0023C3000435400A0023C16
:1032D000AC4C400B00A0023C600E42240800468C1F
:1032E0002400428C2118A00009000424FFFF63245D
:1032F000FF006330FEFF6414FFFF632423104600C9
:1033000000A0033C600E6324F6FFA524FF00A53057
:103310000220C5702330440000A0023C880D428C7E
:1033200021104600240062AC0A000424290064A095
:10333000D84C400B0A000524880D438C00A0043CA7
:10334000600E84242400828C21106200240082AC50
:103350000100A524FF00A5300700A010290085A0CA
:103360001B004500F401A0001228000000A0033C4F
:103370000800E003680E65AC00A0023C600E422429
:10338000080043AC0800E003290040A0600E42247E
:10339000240040AC0800E003290040A0D0FFBD2776
:1033A0002C00BFAF2800B5AF2400B4AF2000B3AFEE
:1033B0001C00B2AF1800B1AF1400B0AF00A0043CC5
:1033C000DC0D84243C008290588482A3FEFF4324B9
:1033D00080280300001903002318650021188300CA
:1033E0000400688CFFFF45248018050000290500B3
:1033F0002328A300212885000400B08C8018020037
:10340000002902002328A300212885000400B28C93
:103410000100462480380600003106002330C70032
:10342000213086000400D18C0100B39023181202D1
:1034300023187100020042248028020000110200BB
:1034400023104500212082000400828C2118620094
:103450001B006050409012002A1030020B004014F4
:103460003480829723201102022082701A00830088
:10347000F401600012200000021853704272400FE5
:10348000212064002F4D400B21A840002318110279
:1034900002186270234010012340120121401101E3
:1034A0001A006800F4010001124000000218537075
:1034B0004272400F2120680021A840004090120075
:1034C0002390500223905102409012000A004012B3
:1034D0003480829702985370238011020210027286
:1034E0001A005200F4014002129000004272400F94
:1034F0002320720221A040002120A002AB6A400FCD
:1035000021288002E971400F21204000C2270200DB
:10351000212082004272400F43200400E971400FD5
:10352000212040002C00BF8F2800B58F2400B48FCD
:103530002000B38F1C00B28F1800B18F1400B08F21
:103540000800E0033000BD27E8FFBD271400BFAF2F
:1035500000A0053CDC0DA5243D00A9903C00A690F0
:10356000FFFFC3248010030000190300231862002A
:103570002118A3000400688C0100C72480100700F4
:10358000003907002338E2002138A7000400E78C47
:1035900080100600003106002330C2002128A6005A
:1035A0000400A58C402805002328A8001300A710BC
:1035B00080110900004A0900214849000011090052
:1035C00023484900A0F622252340E80040190800BE
:1035D000C0410800211868000041030023180301BE
:1035E0002338A7001A006700F401E0001238000039
:1035F0004272400F2120470021204000E971400F16
:10360000000000004272400F21204000E971400F8D
:10361000212040001400BF8F0800E0031800BD27E0
:10362000E8FFBD271400BFAF3A8282930100032454
:103630006B00431041858393090040503B82829385
:10364000020003248700431000A0033C030003246E
:10365000260343141400BF8FAE4F400BE0858393C5
:103660000900422C05004014748082933B5E400F99
:1036700000000000BB50400B1400BF8FA88482AF35
:103680008581839302000224060062140200042450
:10369000010004243A64400F21280000AC4D400B87
:1036A00000A0023C3A64400F2128000000A0023C28
:1036B000E10E4390388283A300A0023C950F429014
:1036C000398282A34018030000A0043CF40F842434
:1036D000211864004010020000A0043C78108424EB
:1036E00021104400000064943D63400F00004594A5
:1036F000186D400F00000000A48580AFF485828F14
:103700000D004014010003243B828293029D033C80
:10371000009A63242118430000006390E88583A386
:10372000029D033C0C9A6324211043000000429048
:10373000E54D400B198682A30C0043143B82829313
:10374000029D033C3C9A63242118430000006390CF
:10375000E88583A3029D033C489A6324211043001B
:1037600000004290E54D400B198682A3029D033C68
:10377000789A63242118430000006390E88583A3AE
:10378000029D033C849A6324211043000000429070
:10379000198682A3848183930100022404006214A9
:1037A00059808293CC84828FED4D400B3A8582A361
:1037B0003A8582A30002022488BF033C341062AC25
:1037C00088BF033C641062AC88BF033C681062ACE5
:1037D0003A82829301004224BA50400B3A8282A37B
:1037E00001000224C10262141400BF8F008682937C
:1037F0003B82849380180200002902002328A30042
:1038000000A0033CDC0D63242118A300010064A088
:103810003485858F040065AC6C858597080065A4A8
:10382000000062A0010084243B8284A301004224A2
:10383000FF004230008682A3020003240500422CD0
:1038400005004014418583A3008680A30200022462
:10385000174E400B3A8282A33A8280A3BA50400BA3
:10386000348580AFDC0D6224DC0D658C0400448C53
:103870000800438C3C0045AC400044AC440043ACE1
:103880000C00458C1000448C1400438C480045AC5F
:103890004C0044AC500043AC1800458C1C00448CD8
:1038A0002000438C540045AC580044AC5C0043AC51
:1038B0002400458C2800448C2C00438C600045ACCF
:1038C000640044AC680043AC3000458C3400448C48
:1038D0003800438C6C0045AC700044AC740043ACC1
:1038E0000500082400A0093C211840005B4E400B55
:1038F0007C0046240000458C0C00448C2B20A40046
:10390000140080500C0042240800478C0C00458CA9
:103910001000448C780067AC7C0065AC800064AC1F
:10392000FCFF478C0000458C0400448C080047AC29
:103930000C0045AC100044AC7800678C7C00658CB2
:103940008000648CFCFF47AC000045AC040044AC34
:103950000C004224E8FF46540000458CFFFF082578
:10396000FF0008310300005100A0023C3D4E400B17
:103970001C0E2225DC0D42243D0043901F8583A3AD
:10398000FEFF63243B8283A344004294CA80839752
:103990002B1862000A0060103886838F09006014BB
:1039A0000100042402000324F485848F04008310A2
:1039B0003886838F01000224924E400B388682AFF6
:1039C000010004240B006414CE808497CC8084977B
:1039D0002B20820007008014CE80849702000424EC
:1039E000F485858F0300A410CE808497924E400BFF
:1039F000388680AF2B20820009008010010004244B
:103A000007006014F485858F020004240400A414C8
:103A10000100042401000224924E400B388682AF3C
:103A20000A00645400A0023CD08083972B106200EF
:103A30000600401400A0023C02000224F485838F9B
:103A400001006250388680AF00A0023C1C0E428C00
:103A50000A00401000A0023C010002243886838F37
:103A60000600621400A0023C524D400F000000000E
:103A700000A0033CA04E400B880D62AC880D40AC0A
:103A800000A0023C880D428CF88382AF60090324B9
:103A90001B004300F4016000122000000C8484AF7E
:103AA000F485838F1A006014010005248018040037
:103AB000029D063C2C9DC624212866000000A58C92
:103AC00001008424029D073C789CE72421186700AC
:103AD0000000638C80200400213887000000E78C00
:103AE0002338E300231045000210E27021208600F5
:103AF0000000848C232085001B004400F40180001A
:103B00001220000021188300F54E400B008483AF83
:103B10001900651480180400029D063C2C9DC624E3
:103B2000212866000000A58C01008424029D073C2A
:103B3000B49CE724211867000000638C80200400F7
:103B4000213887000000E78C2338E300231045006C
:103B50000210E270212086000000848C2320850062
:103B60001B004400F4018000122000002118830093
:103B7000F54E400B008483AF029D063C2C9DC6246D
:103B8000212866000000A58C01008424029D073CCA
:103B9000F09CE724211867000000638C802004005B
:103BA000213887000000E78C2338E300231045000C
:103BB0000210E270212086000000848C2320850002
:103BC0001B004400F4018000122000002118830033
:103BD000008483AF0084828F00A0033C880D62AC18
:103BE000640003241B004300F4016000121800006D
:103BF000F08583AFE881838F2B206200180080104E
:103C00000700043CEC81848F2B2082001400805438
:103C10000700043CFC85828F010042240A0040100A
:103C2000FC8582AFE08580A301000224FC8582AF81
:103C30001C8680AF088680AF448680AF288680AF20
:103C4000AA4F400B108680AF1C8680AF088680AFDD
:103C5000448680AF288680AFAA4F400B108680AF85
:103C6000107A84242B20440018008054D081838F44
:103C70002B18620015006054D081838F1C86828FC0
:103C8000010042241C8682AF0200422C090040142D
:103C900002000224E08580A3FC8580AF1C8682AFF1
:103CA000088680AF448680AF288680AFAA4F400B3D
:103CB000108680AFFC8580AF088680AF448680AFD9
:103CC000288680AFAA4F400B108680AF2B20620061
:103CD0001A0080100500043CD481848F2B208200C0
:103CE000160080540500043C0886828F010042249F
:103CF000088682AF0300422C0B004054FC8580AF45
:103D000001000224E08582A3FC8580AF1C8680AF81
:103D100003000224088682AF448680AF288680AFE5
:103D2000AA4F400B108680AF1C8680AF448680AFC0
:103D3000288680AFAA4F400B108680AF70F3843482
:103D40002B20440019008054DC81838F2B186200E3
:103D500016006054DC81838F4486828F01004224E8
:103D6000448682AF0300422C0B004054FC8580AF98
:103D700001000224E08582A3FC8580AF1C8680AF11
:103D8000088680AF03000224448682AF288680AF75
:103D9000AA4F400B108680AF1C8680AF088680AF8C
:103DA000288680AFAA4F400B108680AF2B20620080
:103DB0001A0080100900043CE081848F2B208200CF
:103DC000160080540900043C2886828F010042249A
:103DD000288682AF0200422C0A004014040002240C
:103DE000E08582A3FC8580AF1C8680AF088680AF0B
:103DF000448680AF02000224288682AFAA4F400B7F
:103E0000108680AFFC8580AF1C8680AF088680AFAF
:103E1000448680AFAA4F400B108680AF10EB8434ED
:103E20002B20440019008054FFFF02242B10430074
:103E300016004010FFFF02241086828F01004224EA
:103E4000108682AF0200422C0A00401404000224B3
:103E5000E08582A3FC8580AF1C8680AF088680AF9A
:103E6000448680AF288680AF02000224AA4F400B10
:103E7000108682AFFC8580AF1C8680AF088680AF3D
:103E8000448680AFAA4F400B288680AFE08582A38E
:103E9000FC8580AF1C8680AF088680AF448680AFEB
:103EA000288680AF108680AF3A8282930100422438
:103EB000BA50400B3A8282A301000224280062100B
:103EC00000A0023C880D438CE881828F2B104300B8
:103ED00008004050EC8580AFEC85828F01004224C1
:103EE0000200432C0F006010EC8582AFBF4F400BE7
:103EF0002086838F211000002086838FD007632CBB
:103F0000090060100400422C0349400F000000002B
:103F100000A0023C680E438C00A0023CD94F400B2D
:103F2000880D43AC0400422C0C0040100400022415
:103F30002086828FD007422C0800401404000224FF
:103F40000349400F0000000000A0023C680E438CB3
:103F500000A0023CD94F400B880D43ACEC8582AFEA
:103F600000A0023C880D438C348683AFE0858293A9
:103F7000660040140100042401000224FC85848FA3
:103F800004008210020002241C86848FCF00821459
:103F900000A0023C00A0023C1C0E428C0001422CFE
:103FA000560040142D868293E881848F2B10830065
:103FB000310040100700023CEC81828F2B1043003F
:103FC0002D0040140700023C408683930100022428
:103FD00025006254188680A35C80838F220062547F
:103FE000188680A31886839301006324FF00633042
:103FF000188683A36080828F010044242B206400F4
:10400000070080542B106200188682A3E08580A3ED
:1040100000A0023C880D40AC3650400B408680A387
:10402000080040142086828FA103422C0500401412
:104030002086828FA003032400A0023C3650400B50
:10404000880D43AC6480838F021862706400022480
:104050001B006200F40140001218000000A0043CA4
:104060003650400B880D83ACE08580A300A0023C55
:104070003650400B880D40AC107A42242B10620061
:10408000160040147880828F2B1083001300401498
:104090007880828F2318830002106270F081838FF2
:1040A000232083001B004400F40180001220000044
:1040B00000A0033C880D64AC00A0023C180E4390A5
:1040C00002000224050062147880828F010002241D
:1040D000408682A3188680A37880828F00A0033C4C
:1040E000880D638C2B1862007A00605400A0023C9B
:1040F00000A0033CB450400B880D62AC7500401426
:1041000000A0023CB550400B880D40AC2400441484
:1041100004000424030002240886848F0300821014
:104120004486848F6900821400A0023CD081848F71
:104130002B1083000800405023188300D481828F05
:104140002B1843000E0060147880828F00A0023C80
:104150005F50400B880D40AC7880828F02106270F7
:10416000D881838F232083001B004400F40180004A
:104170001220000000A0033C880D64AC7880828F80
:1041800000A0033C880D638C2B1862005100605422
:1041900000A0023C00A0033CB450400B880D62AC70
:1041A00049004414020002242886848F03008210F0
:1041B0001086848F410082542086838FDC81848F17
:1041C0002B1083002900405023188300E081828F48
:1041D0002B184300310060147880828F2C868393E3
:1041E000010002241C006254188680A35C80838F27
:1041F00019006254188680A31886839301006324F3
:10420000FF006330188683A36080828F2B186200C2
:10421000080060542086828F188682A3040002243E
:10422000E08582A300A0023C880D40ACA650400B64
:104230002C8680A36480838F02186270640002243D
:104240001B006200F40140001218000000A0043CB2
:10425000A650400B880D83AC04000224E08582A3A5
:1042600000A0023CA650400B880D40AC7880828FA5
:1042700002106270E481838F232083001B004400BE
:10428000F40180001220000000A0033C880D64AC03
:1042900001000224408682A37880828F00A0033C24
:1042A000880D638C2B1862000A00605400A0023C49
:1042B00000A0033CB450400B880D62AC00A0023C4F
:1042C000B550400B880D43AC00A0023C880D40ACBB
:1042D00000A0023C880D428C208682AF3A8280A3E7
:1042E00001000224DD8482A31400BF8F0800E003D4
:1042F0001800BD27E8FFBD271400BFAF3A828293A4
:10430000010003245000431041858393090040506D
:104310003B828293020003248500431000A0033CEB
:1043200003000324E60243141400BF8FD152400B54
:1043300000A0023C2000422C0500401474808293AF
:104340003B5E400F00000000B053400B1400BF8FD5
:10435000A88482AF85818393020002240600621440
:1043600002000424010004243A64400F21280000C4
:10437000E150400B00A0023C3A64400F21280000AD
:1043800000A0023CE10E4390388283A300A0023CCF
:10439000950F4290398282A34018030000A0043C8C
:1043A000F40F8424211864004010020000A0043C93
:1043B0007810842421104400000064943D63400F71
:1043C00000004594186D400F00000000A48580AFE8
:1043D0003B828293029D033C9C99632421184300F5
:1043E00000006390E88583A3029D033CBC9963248D
:1043F0002110430000004290198682A38481839398
:10440000010002240400621459808293CC84828FBC
:104410000751400B3A8582A33A8582A30002022409
:1044200088BF033C341062AC88BF033C641062ACAC
:1044300088BF033C681062AC3A8282930100422438
:10444000AF53400B3A8282A3010002249C02621403
:104450001400BF8F5484828F140040140200032480
:10446000008683933B828593802003000031030004
:104470002330C40000A0043CDC0D84242120C400AF
:10448000010085A03485868F040086AC6C858697F4
:10449000080086A4000083A00100A5243B8285A318
:1044A00001006324008683A302000324418583A3C3
:1044B000008683930500632C1B0060543A8280A31E
:1044C000070040140100032401000224548482AF39
:1044D000050002243B8282A34A51400B3A8280A30A
:1044E000090043140200032402000224548482AF12
:1044F0000A0002243B8282A33485828F288482AF03
:104500004A51400B3A8280A36C024354348580AFF9
:104510003485828F088482AF008680A30200022443
:104520003A8282A3548480AFAF53400B348580AF6E
:10453000DC0D6224DC0D658C0400448C0800438C87
:104540003C0045AC400044AC440043AC0C00458CFE
:104550001000448C1400438C480045AC4C0044AC23
:10456000500043AC1800458C1C00448C2000438C48
:10457000540045AC580044AC5C0043AC2400458C6E
:104580002800448C2C00438C600045AC640044AC93
:10459000680043AC3000458C3400448C3800438CB8
:1045A0006C0045AC700044AC740043AC05000824BA
:1045B00000A0093C211840008E51400B7C0046248D
:1045C0000000458C0C00448C2B20A400140080506B
:1045D0000C0042240800478C0C00458C1000448CD1
:1045E000780067AC7C0065AC800064ACFCFF478C55
:1045F0000000458C0400448C080047AC0C0045AC1E
:10460000100044AC7800678C7C00658C8000648C62
:10461000FCFF47AC000045AC040044AC0C00422455
:10462000E8FF46540000458CFFFF0825FF000831D5
:104630000300005100A0023C7051400B1C0E2225CB
:104640001C0E428C2884838F2B2062000B0080106C
:104650002B2043000884848F2B20820007008010C9
:104660002B20430000A0023C190E42901F8582A31C
:10467000FEFF4224B351400B3B8282A3090080100D
:104680000884848F2B208300060080100884848F88
:10469000050002241F8582A303000224B351400BAE
:1046A0003B8282A32B1044000900401000A0023C72
:1046B0002B18640007006010200E42940A000224A8
:1046C0001F8582A3080002243B8282A300A0023C33
:1046D000200E4294CA8083972B1862000700601056
:1046E000010003243886838F040060140100032432
:1046F00001000224C651400B388682AF3886848F71
:104700000600835400A0023CCC8083972B106200EB
:1047100001004050388680AF00A0023C1C0E428C45
:104720000A00401000A0023C010002243886838F5A
:104730000600621400A0023C524D400F0000000031
:1047400000A0033CD451400B880D62AC880D40ACF6
:1047500000A0033C7C0D63240C00628CF88382AFC4
:10476000600904241B004400F401800012280000AA
:104770000C8485AF80480500029D073C849BE7249C
:10478000212027010000868C0100A524029D083C01
:10479000909A0825214828010000248D80280500D2
:1047A0002140A8000000088D23400401231046008A
:1047B000021002712128A7000000A58C2328A60062
:1047C0001B004500F401A000122800002120A400D5
:1047D000008484AFF9FF023CA039422421108200FA
:1047E0000C0062AC00A0033C200E6594A481838F72
:1047F0002B1865000E0060140084838FFFFF033CBC
:104800003F256324211843000F27632C0800601004
:104810000084838FA881838F2310430000A0053C70
:10482000880DA2AC23208300008484AF0084838F92
:104830000A0002241B006200F4014000121800006C
:10484000F08583AF00A0023C880D428CC481838F29
:104850002B18430017006014C881838F2B2062003F
:10486000180080540100043CFC85828F0100422422
:104870000A004010FC8582AFE08580A3010002247D
:10488000FC8582AF1C8680AF088680AF448680AFEF
:10489000288680AFBC52400B108680AF1C8680AF4C
:1048A000088680AF448680AF288680AFBC52400B1C
:1048B000108680AF2B2062001A008010AC81848F9C
:1048C0000100043C007784242B2044001500805014
:1048D000AC81848F1C86828F010042241C8682AFAB
:1048E0000200422C0900401402000224E08580A34B
:1048F000FC8580AF1C8682AF088680AF448680AF7F
:10490000288680AFBC52400B108680AFFC8580AFFC
:10491000088680AF448680AF288680AFBC52400BAB
:10492000108680AF2B20440019008014B081848F42
:104930002B20820019008054B881848F0886828FD2
:1049400001004224088682AF0300422C0B00405431
:10495000FC8580AF01000224E08582A3FC8580AF46
:104960001C8680AF03000224088682AF448680AF95
:10497000288680AFBC52400B108680AF1C8680AF6B
:10498000448680AF288680AFBC52400B108680AF33
:104990002B20820019008010B881848F2B204400C6
:1049A00019008050BC81848F4486828F010042248C
:1049B000448682AF0300422C0B004054FC8580AF3C
:1049C00001000224E08582A3FC8580AF1C8680AFB5
:1049D000088680AF03000224448682AF288680AF19
:1049E000BC52400B108680AF1C8680AF088680AF1B
:1049F000288680AFBC52400B108680AF2B2044002D
:104A000019008014BC81848F2B2082001A0080142E
:104A10002B1043002886828F01004224288682AF13
:104A20000300422C0B004054FC8580AF020002249E
:104A3000E08582A3FC8580AF1C8680AF088680AFAE
:104A4000448680AF03000224288682AFBC52400B0C
:104A5000108680AF1C8680AF088680AF448680AF0A
:104A6000BC52400B108680AF2B2082001900805072
:104A7000FFFF02242B10430016004010FFFF02240A
:104A80001086828F01004224108682AF0300422CE0
:104A90000B004054FC8580AF02000224E08582A315
:104AA000FC8580AF1C8680AF088680AF448680AFCF
:104AB000288680AF03000224BC52400B108682AFD0
:104AC0001C8680AF088680AF448680AFBC52400B06
:104AD000288680AFE08582A3FC8580AF1C8680AFEE
:104AE000088680AF448680AF288680AF108680AF6E
:104AF0003780829300A0033CFC0D63942B18620066
:104B00000B006054FFFF022400A0033CF00D6394EF
:104B10002B18620006006054FFFF022400A0033C33
:104B2000080E63942B10620002004010FFFF022465
:104B3000E08582A33A82829301004224AF53400B66
:104B40003A8282A3880D438CC881828F2B10430048
:104B50000C00401000A0023C00A0023C680E428CF9
:104B60000800401000A0023CA84C400F00000000CC
:104B700000A0023C680E438C00A0023C880D43ACB0
:104B800000A0023C880D438C348683AFE08582937D
:104B90006F0040140100042401000224FC85848F6E
:104BA00004008210020002241C86848FB800821444
:104BB00000A0023C00A0023C1C0E428C0001422CD2
:104BC0005E0040142D868293C481828F2B10620078
:104BD00024004014C881848F2B10830025004014CA
:104BE0000100023C408683930100022419006254B4
:104BF000188680A35C80838F16006254188680A379
:104C00001886839301006324FF006330188683A312
:104C10006080828F2B186200050060542086828F8E
:104C2000188682A3E08580A3408680A32086828F99
:104C30006480838F02186270640002241B0062008B
:104C4000F40140001218000000A0043C3353400B54
:104C5000880D83ACE08580A300A0023C3353400B59
:104C6000880D40AC2B108300190040101486828FF1
:104C70000100023C017742242B1062001400401016
:104C80001486828F231864007880828F02106270ED
:104C9000CC81838F232064001B004400F40180003A
:104CA0001220000000A0033C880D64AC00A0023C70
:104CB000180E439002000224050062141486828FAD
:104CC00001000224408682A3188680A31486828F66
:104CD0000D004050C481828F3486838F39F90434AB
:104CE0002B20640009008054C481828FC881848F86
:104CF0002B18640004006050C481828F00A0033C24
:104D0000880D62ACC481828F3486838F2B10620041
:104D100001004054148680AF7880828F00A0033C4D
:104D2000880D638C2B1862005B0060540100022424
:104D300000A0033CA553400B880D62AC5600401404
:104D40000100022400A0023CA553400B880D40AC9A
:104D50002700441402000424030002240886848FE0
:104D6000030082104486848F4900821400A0023C14
:104D7000AC81828F2B10620007004014B081848FB9
:104D80002B108300080040142318640000A0023C8C
:104D90007353400B880D40AC2B1083000C00401067
:104DA0007880828F231864007880828F021062706E
:104DB000B481838F232064001B004400F401800031
:104DC0001220000000A0033C880D64AC7880828F24
:104DD00000A0033C880D638C2B1862002E006054E9
:104DE0000100022400A0033CA553400B880D62ACD7
:104DF00026004414030002242886848F03008210B6
:104E00001086848F2200821400A0023CB881828F19
:104E10002B10620007004014BC81848F2B1083008C
:104E2000080040142318640000A0023C9A53400B71
:104E3000880D40AC2B1083000C0040107880828FCE
:104E4000231864007880828F02106270C081838F83
:104E5000232064001B004400F401800012200000A5
:104E600000A0033C880D64AC7880828F00A0033CD6
:104E7000880D638C2B186200070060540100022427
:104E800000A0033CA553400B880D62AC00A0023C7F
:104E9000880D40AC010002245C80838F04006254C2
:104EA000208680AF00A0023C880D428C208682AF15
:104EB0003A8280A301000224DD8482A31400BF8F04
:104EC0000800E0031800BD27401804002118A300C3
:104ED0000019030000A0023C000C422421104300F2
:104EE00000004390C439037C000043A00600A014D6
:104EF0008020040000A0033C600D63242120830077
:104F0000C653400B000082AC00A0033C100D63248C
:104F100021208300000082AC000043908431037C98
:104F2000000043A008004390010004248431837CE6
:104F3000080043A00800E0030000000000A0023CBD
:104F4000000D422408004294FFFF42304000422CF2
:104F5000150040104000022400A0023C000D422435
:104F600008004294FF004230C0838393FF00633007
:104F70000400601401000324C08383A3EB53400B9F
:104F800000A0043CC0838493FF008430010003240C
:104F90000600835400A0043C02000324C08383A3C2
:104FA000EB53400B00A0043C00A0043C000D842403
:104FB0000800839423186200FFFF6330080083A475
:104FC00000A0033C100D638CFF004530020066908A
:104FD000020065A003006590FCFF06242428C5009C
:104FE000030065A000A0033C800C6324648383AFAE
:104FF0000400838C01006330050060100000000095
:105000001300401400A0053C0800E003000000006D
:10501000FDFF401000A0053C6483848F000DA38C2D
:1050200000006690000086A001008424648384AFA1
:1050300001006324000DA3ACFFFF4224FF004230B7
:10504000F6FF40146483848F0800E0030000000032
:105050006483848F000DA38C00006690000086A0FE
:1050600001008424648384AF01006324000DA3AC99
:10507000FFFF4224FF004230F6FF40146483848F18
:105080000800E0030000000088BF023C7010438C61
:105090008410037C701043ACFF00022488BF033CE3
:1050A000205262AC88BF033C005262AC88BF023C15
:1050B000005340AC88BF023C105340AC88BF023C58
:1050C00020534324205340AC100060AC88BF023C06
:1050D000E05240AC9F00022488BF033C305262ACD7
:1050E00088BF033C105262AC88BF023C7050438CB6
:1050F0000F006330705043AC7050438C705043AC21
:1051000088BF023C8050438C010004240400837C4F
:10511000805043AC00A0023C000C422400E0427CE2
:105120000226020088BF033CD05264AC0224020075
:1051300088BF033CC05264AC0212020088BF033C2B
:10514000705262AC2110000000A0053C000CA524A8
:1051500010000424C018020021186500213000004E
:1051600021380000000066AC040067AC0100422456
:10517000F9FF4414C018020088BF023C5052438C0F
:10518000010004244408837C505243AC88BF033C94
:10519000605260AC5052438C4429037C505243AC63
:1051A0005052438C4408037C505243AC88BF023CAD
:1051B0000052428C080042301100401088BF043C6D
:1051C00088BF083C0800072400A0063C00A0053C5E
:1051D000005207AD000DC224040040A0700DA224AF
:1051E000040040A00400438C04BA037C040043ACD8
:1051F0000052828C08004230F5FF4014000000008D
:10520000010002248C8382AF988382AF6C8380AFCD
:10521000708380AFA88380AF00A0023C600D40ACDB
:1052200000A0043C100D8324040060AC600D4224F7
:10523000040040AC080060AC080040AC0C0060AC5E
:105240000C0040AC00A0023C100C4224100D82ACBB
:105250000D00032488BF023C005343AC00A0023C75
:10526000000C4324B483842700E0847C040064ACF5
:10527000000C438C4000042404CC837C000C43AC21
:1052800084000324000C43A4CC8380A3748380AFE8
:105290000800E00300000000E0FFBD271C00BFAFD6
:1052A0001800B1AF1400B0AFFF00B03008000232F8
:1052B00004004010FF00913021202002B253400F23
:1052C000212800000400023205004050008911002E
:1052D00021202002B253400F010005240089110053
:1052E00088BF023C0053422421885100000030A2B4
:1052F0001C00BF8F1800B18F1400B08F0800E003AE
:105300002000BD27FF008430FF00A5300700A0105B
:10531000FF00E7308018040000A0023C100D42247A
:1053200021106200D054400B0000428C8018040011
:1053300000A0023C600D4224211062000000428C5B
:105340003A00401000E0C37CFF00C63004004890E3
:10535000040046A0003A667C05004890050046A07F
:10536000003C667C06004890060046A0021E030032
:1053700007004690070043A0FF00E730020043907B
:10538000020047A003004390FCFF06242418C3003A
:10539000030043A0000043900100469040006330AA
:1053A000FFFF6330FF00633000004690000043A021
:1053B00001004390010040A000004690FF00C6306D
:1053C00001004390FF006330001A030025186600B7
:1053D00080006334FF00663000004790000046A064
:1053E000021A030001004690010043A00800A0102B
:1053F0008020040000A0033C100D632421206400E1
:1054000000008390080063380800E003000083A0D8
:1054100000A0033C600D6324212064000000839001
:10542000080063380800E003000083A00800E003E0
:1054300021100000FF00843026008014FF00A530FA
:10544000A483828F0200439040000324020043A003
:1054500003004490FCFF032424188300030043A0AE
:10546000A483828FB483842700E0837CFF00843090
:1054700004004590040044A0003A647C0500459077
:10548000050044A0003C647C06004590060044A052
:10549000021E030007004490070043A00000439051
:1054A0008CFF0324000043A001004390010040A0B2
:1054B00000A0023C100D428C0000439084FF0324A6
:1054C000000043A001004390010040A00800E00359
:1054D00000000000402004002120A400002104005E
:1054E00000A0033C000C63242110640000004690DF
:1054F00001004590002A05002528A6008400A53457
:10550000000045A0022A0500010045A008008424EF
:1055100021206400000083900100829000120200AC
:105520002510430084004234000082A002120200D1
:105530000800E003010082A0FF00843088BF023C25
:105540005052428C20004230640040102014047CF1
:1055500033004104801804007F0084308018040068
:1055600000A0023C100D4224211062000000428C79
:105570000000439080006330FF0063300B006050F8
:105580000100052400004390010045904000633075
:10559000FFFF6330FF00633000004590000043A030
:1055A00001004390010040A0212800008018040061
:1055B00000A0023C100D4224211843000000669018
:1055C0000800C638000066A00000628C000044900D
:1055D00080008430FF0084300B0080100000000049
:1055E0000100A52C0000449001004690400084304A
:1055F000FFFF8430FF00843000004690000044A08C
:1056000001004490010040A03400A0100000000000
:1056100000006290080042380800E003000062A029
:1056200000A0023C600D4224211062000000428C68
:105630000000439080006330FF0063300B00605037
:1056400001000524000043900100459040006330B4
:10565000FFFF6330FF00633000004590000043A06F
:1056600001004390010040A02128000080180400A0
:1056700000A0023C600D4224211843000000669007
:105680000800C638000066A00000628C000044904C
:1056900080008430FF0084300B0080100000000088
:1056A0000100A52C00004490010046904000843089
:1056B000FFFF8430FF00843000004690000044A0CB
:1056C00001004490010040A00400A0100000000070
:1056D0000000629008004238000062A00800E00369
:1056E0000000000088BF023C505240AC88BF023C22
:1056F000105240AC748380AF0800E003000000004B
:10570000E8FFBD271400BFAF7483828F30004014C0
:105710001400BF8F88BF023C505240AC88BF023C8F
:10572000105240AC88BF033CE05260AC9F000324A1
:1057300088BF043C305283AC105243AC88BF023C5B
:105740007050438C0F006330705043AC7050438CEA
:10575000705043AC88BF023C7010438C010004249D
:105760008410837C701043AC00FF033488BF023C7C
:10577000041143AC0007032488BF023C081143AC6A
:105780000E73400F000000004373400F0000000044
:1057900088BF023C5052428C010042300900401444
:1057A00088BF023C010004245052438C0400837CD7
:1057B000505243AC5052438C01006330FAFF6010EA
:1057C0000000000001000224748382AF1400BF8F28
:1057D0000800E0031800BD278C83828F1800401456
:1057E000010002248C8382AF9883828F14004014BE
:1057F00001000224988382AF78838393FF00633093
:10580000020002241000621400A0033C100D628C00
:1058100002004490020040A003004590FCFF0424D5
:105820002420A400030044A0100D628C00004390CB
:10583000C8FF0324000043A001004390010040A0E2
:105840000800E0030000000078838393FF006330CA
:10585000010002243400621400000000A08380AF25
:10586000C483828F0200439040000824020048A0B5
:1058700003004390FCFF072424186700030043A0A3
:10588000C483828FB483862700E0C37CFF00C630C8
:1058900004004490040046A0003A657C0500449052
:1058A000050045A0003C647C06004990060044A029
:1058B000021E030007004990070043A00000499022
:1058C00084FF0924000049A001004990010040A084
:1058D00001000224A08382AFA483828F020049903A
:1058E000020048A00300489024380701030047A0A5
:1058F000A483828F04004790040046A005004690D0
:10590000050045A006004590060044A0070044900D
:10591000070043A00000439080FF0324000043A041
:1059200001004390010040A00800E00300000000D7
:10593000E8FFBD271400BFAF6C8380AF708380AFDA
:1059400078838393FF006330020002241F006214F7
:10595000A483828F0200439040000324020043A0EE
:1059600003004490FCFF032424188300030043A099
:10597000A483828F00A0043C800C842400E0837CFC
:10598000FF00843004004590040044A0003A647C89
:1059900005004590050044A0003C647C060045904D
:1059A000060044A0021E030007004490070043A025
:1059B00000004390C8FF0324000043A0010043906F
:1059C000010040A09A56400B1400BF8FBA83839702
:1059D000FFFF633000A0023C000D42240800429407
:1059E000FFFF42302B106200060040100000000054
:1059F000BA838397FFFF633000A0023C000D42246E
:105A0000080043A4CF53400F0000000000A0023C58
:105A1000100D428C00A0043C800C842400E0837CA8
:105A2000FF00843004004590040044A0003A647CE8
:105A300005004590050044A0003C647C06004590AC
:105A4000060044A0021E030007004490070043A084
:105A500000004390C8FF0324000043A001004390CE
:105A6000010040A01400BF8F0800E0031800BD270C
:105A700000E85D4100701B4002601A4058FFBD27DE
:105A8000A400BBAF00601B40A000BAAF00681A4082
:105A90009C00BBAF82D21A00847A5B7F44201B7CBF
:105AA00000609B402C00A3AF2800A2AFA000A38FF2
:105AB0000F0063301A006014000000008C00BFAFBC
:105AC0008800BEAF8400B9AF8000B8AF7C00B7AF2C
:105AD0007800B6AF7400B5AF7000B4AF6C00B3AF70
:105AE0006800B2AF6400B1AF6000B0AF5C00AFAFB0
:105AF0005800AEAF5400ADAF5000ACAF4C00ABAFF0
:105B00004800AAAF4400A9AF4000A8AF3C00A7AF2F
:105B10003800A6AF3400A5AF3000A4AF2400A1AF79
:105B2000121000009400A2AF101800009000A3AF64
:105B30001483828F6400422C01004050148380AF94
:105B40007483838F010002240F00621488BF023C1B
:105B5000FF00032488BF023C005243AC88BF023CD4
:105B60001052438C010004240400837C105243AC87
:105B70001052438C0421837C105243AC0200022457
:105B8000748382AF88BF023C0052428C20004230B6
:105B90001A00401088BF023C88BF023C1052428C61
:105BA000200042301500401088BF023C88BF113CE5
:105BB00020001024005230AEA88380AF740004246B
:105BC00021280000B332400F2130000001000224E0
:105BD000EC8382AF88BF023C8050438C4408037C36
:105BE000805043AC88BF023C1052438C4429037C54
:105BF000105243AC005230AE88BF023C8050428C01
:105C0000020042300700401088BF023C88BF023CBF
:105C10004010438C8410037C401043ACFE5D400B6D
:105C2000000000000052428C01004230120040107F
:105C300088BF023C88BF023C1052428C01004230B7
:105C40000D00401088BF023C2254400F00000000AD
:105C500088BF033C7010648C010002248410447CD3
:105C6000701064AC04000324748383AF88BF033CCA
:105C7000005262AC88BF023C0052428C100042309D
:105C80001500401088BF023C88BF023C1052428C75
:105C9000100042301000401088BF023C88BF033C17
:105CA0001052648C010002244429447C105264ACDC
:105CB00088BF113C10001024005230AEA88382AF80
:105CC0007500042421280000B332400F2130000069
:105CD000005230AE88BF023C0052428C0400423079
:105CE0000E00401088BF023C88BF023C1052428C1C
:105CF0000400423006004010040003247300042412
:105D000021280000B332400F0100062404000324C0
:105D100088BF023C005243AC88BF023C0052428C18
:105D2000800042302C00401088BF023C88BF023CFB
:105D30001052428C800042302700401088BF023C45
:105D400088BF023C0053428C020042301E004010CB
:105D5000C483828F00004390FF00633001004490B1
:105D6000FF008430002204002520830080000324EB
:105D70001200835488BF023C00A0033C100D638CCA
:105D800000006590FF00A53001006490FF008430A2
:105D9000002204002520850084000324070083548A
:105DA00088BF023C000043908CFF0324000043A006
:105DB00001004390010040A088BF023C0053438C87
:105DC0004408037C005343AC8000032488BF023C9A
:105DD000005243AC88BF023C0052428C0200423069
:105DE0000F00401088BF023C1052428C020042302B
:105DF0000B00401000000000FFFF042421280000D9
:105E0000B332400F01000624FF00032488BF023C88
:105E1000205243AC0200032488BF023C005243AC32
:105E20007483828F0400422C0700401088BF023C1C
:105E300088BF023C4010438C8410037C401043AC6C
:105E4000FE5D400B000000001052428C0800423002
:105E50006606401088BF023C88BF023C0052428C5C
:105E6000080042300900405404001124FB5D400B3F
:105E700088BF023C0052428C080042300E00405461
:105E800088BF023CFB5D400B88BF023C88BF143CCE
:105E9000080012242198400200A0163C800CD52650
:105EA00000E0B77E003AE27E1800A2AF00A01E3CE0
:105EB000000CDE2788BF023C4052428CFF0042307B
:105EC000D88382A3D88382930019427C808382A3E3
:105ED000005293AED883829308004230FF004230D4
:105EE0000D0040140000000080838293FF004230C8
:105EF00084838327211062000000449001008430D5
:105F000001008438000043900400837C000043A01B
:105F1000D157400B0000000080838293FF00423085
:105F2000BC8383272110620000004490010084306C
:105F300001008438000043900400837C000043A0EB
:105F40008083829380838293FF0042301406401442
:105F500000000000D8838293FB004230A405401467
:105F600000000000D88383938028637CC010030066
:105F70002110C203C48382AFA48382AF08004438D7
:105F8000A48384A3000045903C00A5303400042481
:105F9000E404A4140000000021280000B483892731
:105FA00000A0083C04004A90FF004A3105004790D9
:105FB000FF00E730003A07002538EA000600449069
:105FC000FF0084300024040025208700070046904D
:105FD000003606002530C400212025012530C800E8
:105FE0000000C690000086A004004A90FF004A31DD
:105FF00005004790FF00E730003A07002538EA0027
:1060000006004690FF00C630003406002530C70069
:106010000700449000260400252086000100842407
:10602000FF00863004004790040046A0003A867CBA
:1060300005004790050046A0003C867C060047907E
:10604000060046A00226040007004690070044A070
:106050000100A524D3FFB21400000000B4838527FB
:1060600000E0A27CC018030021187E00040062AC8E
:10607000C08380A3E88380AF6C8380AF708380AFE0
:10608000A08380AF788380A300A0023C100D438CD6
:1060900000006490FF00843001006690FF00C6306D
:1060A000003206002530C4007FFF04242430C400E1
:1060B000FF00C73000006890000067A002320600B1
:1060C00001006790010066A0100D4390080063383E
:1060D000100D43A0100D438C00006790FF00E730C7
:1060E00001006690FF00C630003206002530C70070
:1060F0002430C400FF00C73000006890000067A093
:106100000232060001006790010066A0100D439066
:1061100008006338100D43A0A483828F00004690CE
:10612000FF00C63001004390FF006330001A0300F7
:106130002518660024206400FF008330000046908C
:10614000000043A00222040001004390010044A08B
:1061500000A0023C000D4224040040A0080040A41E
:1061600000A0023C700D4224040040A00400438CB7
:1061700004BA037C040043AC0000A29060004230EB
:10618000EB03405403000424B5838293FF004230A4
:106190000C00432CE603605003000424801002002E
:1061A000019D033CB8616324211062000000428C11
:1061B0000800400000000000906B019DD86C019D1C
:1061C0002C71019DD86C019D2C71019DE861019D90
:1061D0000C62019D1C71019D586B019D646A019DBB
:1061E0009C70019DE070019D00A0023C000D4224C6
:1061F0000400438C01000424C439837C040043ACB4
:10620000748393AF4C5C400B03000424B4838393EA
:10621000FF00633080000224C503621403000424DD
:10622000C0FF032400A0023C000D4224040043A050
:10623000B7838293FF004230020003240D00431015
:10624000030003242500431001000324010243142A
:1062500000A0023C029D033C88916324000D43ACE6
:10626000000D422412000324080043A44C5C400BA0
:1062700003000424B6838293FF00423005004010DF
:1062800000A0023C000D4224040040A04C5C400BE6
:1062900003000424B6838393FF0063308018030057
:1062A000029D023C1C954224211062000000438C98
:1062B00000A0023C000D43AC000D438C0200649032
:1062C000000D4324080064A0000D428C030042909E
:1062D000090062A04C5C400B03000424BA8383973E
:1062E000FFFF6330FF000224040062140100022457
:1062F000908382AFC058400B00000000908380AFB5
:10630000B6838293FF0042300300422C23004010EA
:10631000B683822700004490FF0084308020040070
:10632000029D033C20956324211883000000648CA7
:1063300000A0033C000D64AC000D648C0000849050
:10634000000D6324080064A4BA838497000045907C
:1063500000004690FFFF8430FF00A530335E400F01
:10636000FF00C630FF004230AD8382A3AD8383932C
:10637000FF00633002000224010062509C8382A36C
:10638000AD838393FF0063300100022467036250F2
:106390009C8382A34C5C400B03000424B68383934C
:1063A000FF0063300300022427006214009D023CBA
:1063B000005F4324448283AF005F428C5C8382AFE2
:1063C0005C83838FFFFF023415006254029D023C00
:1063D000E083822706000324000043A00300032477
:1063E000E18383A35C83838FE28383A35C83838FB6
:1063F000021A0300E38383A35C83838F021C0300E0
:10640000E48383A35C83838F021E0300E58383A35D
:1064100000A0033C000D62AC0C59400B00A0023CF4
:106420002C95438C00A0023C000D43AC00A0023C24
:10643000000D438C00006390000D4224080043A42B
:106440004C5C400B03000424B6838393FF0063304D
:10645000040002240A006214029D023C3095438C21
:1064600000A0023C000D43AC000D438C0000639083
:10647000000D4224080043A44C5C400B030004249C
:10648000B6838393FF006330050002240A00621480
:10649000029D023C3495438C00A0023C000D43ACAD
:1064A000000D438C00006390000D4224080043A4BB
:1064B0004C5C400B03000424B6838393FF006330DD
:1064C000620002240A006214029D023C3895438C4B
:1064D00000A0023C000D43AC000D438C0000639013
:1064E000000D4224080043A44C5C400B030004242C
:1064F000B6838393FF006330640002240C006214AF
:10650000029D023C3C95438C00A0023C000D43AC34
:10651000000D438C00006390000D4224080043A44A
:1065200001000224948382AF4C5C400B03000424DE
:10653000B6838393FF006330650002240A0062146F
:10654000029D023C4095438C00A0023C000D43ACF0
:10655000000D438C00006390000D4224080043A40A
:106560004C5C400B03000424B6838393FF0063302C
:10657000660002240A006214029D023C4495438C8A
:1065800000A0023C000D43AC000D438C0000639062
:10659000000D4224080043A44C5C400B030004247B
:1065A000B6838393FF0063306D0002240A006214F7
:1065B000029D023C4895438C00A0023C000D43AC78
:1065C000000D438C00006390000D4224080043A49A
:1065D0004C5C400B03000424B6838393FF006330BC
:1065E0006E0002240A006214029D023C4C95438C0A
:1065F00000A0023C000D43AC000D438C00006390F2
:10660000000D4224080043A44C5C400B030004240A
:10661000B6838393FF0063306F0002240A00621484
:10662000029D023C5095438C00A0023C000D43ACFF
:10663000000D438C00006390000D4224080043A429
:106640004C5C400B03000424B6838393FF0063304B
:10665000790002240A006214029D023C5495438C86
:1066600000A0023C000D43AC000D438C0000639081
:10667000000D4224080043A44C5C400B030004249A
:10668000B6838393FF0063307A0002240A00621409
:10669000029D023C5895438C00A0023C000D43AC87
:1066A000000D438C00006390000D4224080043A4B9
:1066B0004C5C400B03000424B6838393FF006330DB
:1066C0007B0002240C006214029D023C5C95438C0A
:1066D00000A0023C000D43AC000D438C0000639011
:1066E000000D4224080043A401000224608382AF0D
:1066F0004C5C400B03000424B6838393FF0063309B
:106700007C0002240B006214029D023C6095438CC5
:1067100000A0023C000D43AC000D438C00006390D0
:10672000000D4224080043A4608380AF4C5C400B02
:1067300003000424B6838393FF00633083000224A4
:106740000A006214029D023C6495438C00A0023C46
:10675000000D43AC000D438C00006390000D4224FB
:10676000080043A44C5C400B03000424B6838393CD
:10677000FF006330A80002240A006214029D023C5C
:106780006895438C00A0023C000D43AC000D438C87
:1067900000006390000D4224080043A44C5C400BB1
:1067A00003000424B6838393FF00633014000224A3
:1067B0000A006214029D023C6C95438C00A0023CCE
:1067C000000D43AC000D438C00006390000D42248B
:1067D000080043A44B5C400B488280AFB683839390
:1067E000FF006330150002240B006214029D023C7E
:1067F0007095438C00A0023C000D43AC000D438C0F
:1068000000006390000D4224080043A4010002240C
:106810004B5C400B488282AFB6838393FF006330AA
:10682000160002240B006214029D023C7495438CF6
:1068300000A0023C000D43AC000D438C00006390AF
:10684000000D4224080043A4020002244B5C400BCC
:10685000488282AFB6838393FF006330170002241F
:106860000B006214029D023C7895438C00A0023C10
:10687000000D43AC000D438C00006390000D4224DA
:10688000080043A4030002244B5C400B488282AF03
:10689000B6838393FF006330180002240B00621458
:1068A000029D023C7C95438C00A0023C000D43AC51
:1068B000000D438C00006390000D4224080043A4A7
:1068C000040002244B5C400B488282AFB683839362
:1068D000FF006330190002240B006214029D023C89
:1068E0008095438C00A0023C000D43AC000D438C0E
:1068F00000006390000D4224080043A40500022418
:106900004B5C400B488282AFB6838393FF006330B9
:106910001A0002240B006214029D023C8495438CF1
:1069200000A0023C000D43AC000D438C00006390BE
:10693000000D4224080043A4060002244B5C400BD7
:10694000488282AFB6838393FF0063301B0002242A
:106950000B006214029D023C8895438C00A0023C0F
:10696000000D43AC000D438C00006390000D4224E9
:10697000080043A4070002244B5C400B488282AF0E
:10698000B6838393FF0063301C0002240A00621464
:10699000029D023C8C95438C00A0023C000D43AC50
:1069A000000D438C00006390000D4224080043A4B6
:1069B0004B5C400B488293AFB6838393FF006330F8
:1069C0001D0002240B006214029D023C9095438C32
:1069D00000A0023C000D43AC000D438C000063900E
:1069E000000D4224080043A4090002244B5C400B24
:1069F000488282AFB6838393FF006330C8000224CD
:106A00001000621400A0023C88BF023C8050438CFE
:106A10000400037C805043AC019D103CAB6B400FE5
:106A200000E0043600E00436B56B400F1212052476
:106A3000C0BF023C09F84000000000004C5C400B65
:106A400003000424000D4224040040A04C5C400BD1
:106A500003000424000D4224040040A04C5C400BC1
:106A600003000424B6838293FF0042300200422CCC
:106A7000AF0140100300042400A0023C000D42249A
:106A80000400438C01000424C439837C040043AC1B
:106A900088BF023C105340AC88BF023C20534324C3
:106AA000205340AC100060AC211000001000042402
:106AB000C018020021187E0021300000213800009B
:106AC000000066AC040067AC01004224F9FF4414E6
:106AD000C018020088BF023C5052438C01000424BD
:106AE0004408837C505243ACDC8380A35052438CD7
:106AF0004408037C505243AC00A0033C100C6324B8
:106B000000A0023C100D43ACC4839EAFA4839EAF93
:106B1000B6838293FF004230CC8382A3CC838293DE
:106B2000FF0042300400401410000224748382AF3E
:106B30004C5C400B0300042401000424CC83852713
:106B4000B332400F0100062420000224748382AF78
:106B50004C5C400B0300042400A0023CCC83832740
:106B6000000D43AC000D42240400448C01000324BA
:106B70000400647C040044AC080043A00400448C7E
:106B8000C439647C040044AC4C5C400B0300042416
:106B9000800CC0A20100A0A2B483828F1F004230EB
:106BA0000100032414004310020003241A00435080
:106BB00000A0023C3900401400A0023C00A0033CAD
:106BC000000D63240400648C01000224C439447C59
:106BD000040064ACD083838F3000625400A0023C78
:106BE000800CC292FF00423002004234800CC2A2EC
:106BF000275B400B00A0023C00A0023C000D422499
:106C00000400438C01000424C439837C040043AC99
:106C1000275B400B00A0023C000D42240400438C83
:106C200001000424C439837C040043ACB8838293FC
:106C300080004230FF004230090040140000000094
:106C4000B883838F0F0063308018030000A0023CDC
:106C5000600D4224211062001F5B400B0000428C3B
:106C6000B883838F0F0063308018030000A0023CBC
:106C7000100D4224211062000000428C000043905D
:106C800084006330840002240400621400A0023CEB
:106C900001000224800CC2A200A0023C000D42248C
:106CA0000400428C800042302001401000A0023CD1
:106CB000000D55AC000D42240400438C0100042457
:106CC0000400837C040043AC02000324080043A0BA
:106CD0004C5C400B03000424B6838393FF006330B5
:106CE000010002241300621400000000B4838293A8
:106CF0001F0042300F00401400A0023C000D42244F
:106D00000400438C01000424C439837C040043AC98
:106D1000B5838393FF0063300300022404006214F0
:106D200001000224D08382AF4D5B400B00000000C5
:106D3000D08380AFB6838293FF004230FC004014C2
:106D400003000424B48383931F00633002000224F1
:106D5000F800621421280000B88382930F004230AB
:106D6000F400401000000000B883828F0F00423012
:106D700004004228EF004010000000007483838F5D
:106D800020000224EB00621400A0023C000D42240B
:106D90000400438C01000424C439837C040043AC08
:106DA000B883829380004230FF0042300A004014D2
:106DB00000000000B883838F0F0063308018030049
:106DC00000A0023C600D4224211062000000428CB1
:106DD0007E5B400B1000A2AFB883838F0F0063303F
:106DE0008018030000A0023C100D42242110620014
:106DF0000000428C1000A2AF1000A293F7004230B6
:106E00001000A2A3B883829380004230FF0042307A
:106E10000A00401400000000B883838F0F00633025
:106E20008018030000A0023C600D42242110620083
:106E30001000A38F975B400B000043ACB883838F97
:106E40000F0063308018030000A0023C100D4224A4
:106E5000211062001000A38F000043ACB583839320
:106E6000FF00633003000224280062141000A29384
:106E70001000A28F0000429080004230FF0042309C
:106E8000190040101000A28FB88382938000423016
:106E9000FF0042300B00401400000000B883828FD6
:106EA0000F0042308483832721106200000043904A
:106EB000010004244408837C000043A0BA5B400B1B
:106EC0001000A28FB883828F0F004230BC838327CB
:106ED0002110620000004390010004244408837CD8
:106EE000000043A01000A28F0000449001004390D6
:106EF000001A03002518640084006334000043A0D6
:106F0000021A03004B5C400B010043A0080042380A
:106F10001000A2A31000A28F0000439080006330F5
:106F2000FF006330170060100000449001004390A0
:106F3000001A0300251864007FFF6330000043A09F
:106F4000021A0300010043A01000A28F0000449029
:106F500001004390001A03002518640040006334C8
:106F6000000043A0021A0300010043A0050004240E
:106F70001000A58FB332400F04000624E95B400BDC
:106F80001000A29301004390001A0300251864002A
:106F900040006334000043A0021A0300010043A034
:106FA0001000A293080042381000A2A31000A28F84
:106FB0000000439080006330FF0063302500605084
:106FC00000004490B883829380004230FF0042303A
:106FD0000A00401400000000B883828F0F00423086
:106FE0008483832721106200000043904408037CBF
:106FF000000043A0075C400B1000A28FB883828F73
:107000000F004230BC8383272110620000004390B0
:107010004408037C000043A01000A28F00004490AD
:1070200001004390001A0300251864003BFF633001
:10703000000043A0021A0300010043A0050004243D
:107040001000A58FB332400F040006241C5C400BD7
:107050000000000001004390001A0300251864009E
:107060003BFF6330000043A0021A0300010043A06D
:10707000B883838F0F0063300019030088BF023C80
:1070800000534224211043000000448CFDFF0324E0
:10709000241883004B5C400B000043ACB883829300
:1070A000FF004230DC8383272118620000A0023CED
:1070B000000D43AC000D42240400448C0100032465
:1070C0000400647C040044AC080043A00400448C29
:1070D000C439647C040044AC4C5C400B03000424C1
:1070E00000A0023C000D42240400438C0100042453
:1070F000C439837C040043ACB8838293FF004230E0
:10710000B6838393FF006330DC83842721108200E1
:10711000000043A04C5C400B030004240200042444
:1071200021280000B332400F213000000300042466
:1071300021280000B332400F2130000088BF023CFC
:107140005052438C4429037C505243AC00A0023C73
:10715000000D42240400428C80004230360040146E
:1071600000A0023C700D4224040042908000423096
:10717000FF0042300B00401002000224788382A3FB
:107180007083828F03004014000000004C56400FB3
:1071900000000000988380AF8C8380AFF75D400BC8
:1071A000FFFF3126A483828F020043904000032416
:1071B000020043A003004490FCFF03242418830032
:1071C000030043A0A483828FB483842700E0837CE0
:1071D000FF00843004004590040044A0003A647C21
:1071E00005004590050044A0003C647C06004590E5
:1071F000060044A0021E030007004490070043A0BD
:10720000000043908CFF0324000043A00100439042
:10721000010040A000A0023C100D428C00004390F1
:1072200084FF0324000043A001004390010040A01C
:10723000F75D400BFFFF3126B4838293800042301C
:10724000FF0042301100401002000224010002241D
:10725000788382A36C83828F0300401400000000B7
:107260004C56400F00000000988380AF8C8380AFA5
:10727000E883828F59014014FFFF3126F655400FF5
:1072800000000000F85D400BFF003132788382A3DC
:10729000A483828F0200439040000324020043A095
:1072A00003004490FCFF032424188300030043A040
:1072B000A483828FB483842700E0837CFF00843022
:1072C00004004590040044A0003A647C0500459009
:1072D000050044A0003C647C06004590060044A0E4
:1072E000021E030007004490070043A000004390E3
:1072F00084FF0324000043A001004390010040A04C
:10730000988380AF8C8380AFE883828F33014014F1
:10731000FFFF3126F655400F00000000F85D400BDE
:10732000FF00313278838493FF008430020002240E
:107330008B008214C018030021187E000000668CA8
:10734000003CC67C00A0023C700D42240400428C2C
:10735000007A427C2B1046000500401000A0023C41
:10736000700D42240400468C003AC67C00A0023C0A
:10737000700D42240400448C007A847C2320860013
:10738000FFFF84300400438C04BA837C040043ACC8
:107390000D00C0102110000000A0043C700D838C73
:1073A000212855000000A590000065A0010063247D
:1073B000700D83AC01004224FF0043302B1866009F
:1073C000F6FF60140000000000A0023C700D422493
:1073D0000400428C007A427C29004010A483828FF2
:1073E0000200439040000324020043A003004490A5
:1073F000FCFF032424188300030043A0A483828F8E
:10740000FF00A33204004490040043A00500439011
:107410001800A78F050047A0003CE37E06004490BB
:10742000060043A0021E170007004490070043A077
:10743000C483838F0000639040006330FF0063309B
:10744000080060140000000000004390C8FF0324FF
:10745000000043A001004390010040A0F75D400BF5
:10746000FFFF31260000439088FF0324000043A063
:1074700001004390010040A0F75D400BFFFF312663
:107480000200439040000324020043A00300449004
:10749000FCFF032424188300030043A0A483828FED
:1074A000B483842700E0837CFF008430040045908F
:1074B000040044A0003A647C05004590050044A007
:1074C000003C647C06004590060044A0021E0300B8
:1074D00007004490070043A00000439084FF03246A
:1074E000000043A001004390010040A000A0023C26
:1074F000700D42240400438C021E03000800428CDD
:1075000000120200251043000900401000A0033CB7
:10751000700D63240400648C022604000800628C51
:10752000001202002510440009F84000000000008D
:1075300000A0023C700D42240400438CC439037C3B
:10754000040043ACE883828FA4004014FFFF31267F
:10755000F655400F00000000F85D400BFF0031328F
:10756000788380A3A083828F1E004014A483828F1F
:107570000200439040000324020043A00300449013
:10758000FCFF032424188300030043A0A483828FFC
:10759000B483842700E0837CFF008430040045909E
:1075A000040044A0003A647C05004590050044A016
:1075B000003C647C06004590060044A0021E0300C7
:1075C00007004490070043A0000043908CFF032471
:1075D000000043A001004390010040A0F75D400B74
:1075E000FFFF3126A08380AFF75D400BFFFF312600
:1075F000D8838293FB00423078005254FFFF31263B
:1076000000A0023C100D438C000070908001107EA1
:10761000100D439008006338100D43A07483828FCF
:107620000D00521400000000B6838393FF00633006
:1076300088BF023C605243AC6052428C050040104F
:107640000400022410000224748382AF965D400B74
:1076500000000000748382AF78838393FF0063305F
:10766000010002243000621400A0023C00A0023C91
:10767000100D428CFF00A33204004490040043A08C
:10768000050043901800A38F050043A0003CE37E53
:1076900006004490060043A0021E17000700449015
:1076A000070043A0CF53400F00000000C083839326
:1076B000FF006330020002240900621400A0023CB3
:1076C000100D428C0000439084FF0324000043A06F
:1076D00001004390010040A0F75D400BFFFF312601
:1076E0000A000016100D428C00A0023C100D428CC6
:1076F00000004390C8FF0324000043A00100439012
:10770000010040A0F75D400BFFFF312600004390D1
:1077100088FF0324000043A001004390010040A023
:10772000F75D400BFFFF3126700D422404004290AC
:1077300080004230FF0042301600401000A0023CA2
:10774000700D42240400438C021E03000800428C8A
:1077500000120200251043000900401000A0033C65
:10776000700D63240400648C022604000800628CFF
:10777000001202002510440009F84000000000003B
:1077800000A0023C700D42240400438CC439037CE9
:10779000040043AC788380A3F75D400BFFFF3126E4
:1077A000D883829308004230FF0042300500401029
:1077B00000000000808382937F00423080004234CA
:1077C000808382A38083869372000424D8838527D4
:1077D000B332400FFF00C630FFFF3126FF003132C9
:1077E000A4F9201688BF023C88BF023C4010438C9D
:1077F0008410037C401043AC9400A28F130040001F
:107800009000A38FA000A28F0F0042301C004014F4
:10781000110060008C00BF8F8800BE8F8400B98F7C
:107820008000B88F7C00B78F7800B68F7400B58F5A
:107830007000B48F6C00B38F6800B28F6400B18F9A
:107840006000B08F5C00AF8F5800AE8F5400AD8FDA
:107850005000AC8F4C00AB8F4800AA8F4400A98F1A
:107860004000A88F3C00A78F3800A68F3400A58F5A
:107870003000A48F2C00A38F2800A28F2400A18F9A
:1078800000606041C0000000A400BA8F9C00BB8F64
:1078900000709A40A000BA8FA800BD2702609A40ED
:1078A00000E8DD4100609B4018000042FF0084308A
:1078B0000800022403008214000000000800E00316
:1078C000010002240800E00300000000FF008430F3
:1078D000FE00022403008254010002240800E00399
:1078E000020002240800E00300000000388680AF98
:1078F000788580AF248580AF308580AF648480A395
:10790000AC8580AFAC8480AFFC8480AFD88580AF7D
:10791000018580A3FFFF0224E08582A33C8580AF20
:10792000F18480A3218580A33A8280A3388280A33A
:1079300001000224398282A3088580AFE08480AFF1
:107940003B8280A3288280AF1F8580A3C18480A34F
:10795000A98580A3DD8480A300A0023CE00D422421
:1079600000A0033C4C0E6324000040ACFDFF40A08F
:107970000C004224FDFF4354000040AC00A0023C38
:107980008D0E422400A0033C410F632400A0043C60
:10799000290F8424000040A0030040AC000060A038
:1079A000030060AC0C004224FAFF44140C00632472
:1079B00000A0033C7C0D6324040060AC00A0023CEA
:1079C000600E40AC080060AC600E4224040040AC85
:1079D0000C0060AC080040AC1C0040AC200040AC87
:1079E000240040AC280040A0290040A0148680AFAD
:1079F000348680AF548480AFB08480AF548580AF2C
:107A0000CC8580AF0C8580AF5C8580A3208580A36A
:107A1000188580AF8C8580AFD68480A39C8580A399
:107A2000748580AFAA8580A3408580A3C88580AF78
:107A30000C0040AC100040AC140040AC180040AC4E
:107A40002A0040A0A48480AF688580AFBC8480AF4A
:107A5000F88480AF448580AF848580AFC48580AFD3
:107A6000D88480AFB48580A30800E003958580A307
:107A7000D8FFBD272400BFAF009D023C035B4588B3
:107A8000005B4598075B4488045B44980B5B438824
:107A9000085B43980F5B46880C5B46981000A5AFC7
:107AA0001400A4AF1800A3AF1C00A6AF1000A427B9
:107AB000029D053CE8CCA5247D71400F10000624F2
:107AC000370240142882828F01000324680043108B
:107AD00041858393080040508581829302000324EE
:107AE00021014310030003242E0243142400BF8FFE
:107AF0001E60400B4185839327024050588082933B
:107B00001000042488BF033C346164AC5880839324
:107B1000A88483AF0200032412004314010004244C
:107B20003A64400F0900052438828393401803000B
:107B300000A0023CF40F4224211862003982849391
:107B40004020040000A0023C781042242110820052
:107B5000000064943D63400F00004594E95E400BD3
:107B600000000000020004243A64400F09000524CC
:107B7000388283934018030000A0023CF40F422493
:107B800021186200398284934020040000A0023C46
:107B90007810422421108200000064943D63400F5D
:107BA00000004594186D400FA48580AF77808293C4
:107BB000030003240D004314040003243B8282933A
:107BC000029D033C80C96324211843000000639098
:107BD000E88583A3029D033C88C9632421104300E8
:107BE00000004290125F400B198682A30C004314E0
:107BF0003B828293029D033C98C963242118430071
:107C000000006390E88583A3029D033CA0C9632420
:107C10002110430000004290125F400B198682A39E
:107C2000029D033C68C9632421184300000063904F
:107C3000E88583A3029D033C70C96324211043009F
:107C400000004290198682A30002022488BF033CF0
:107C5000341062AC88BF033C641062AC88BF033C44
:107C6000681062AC01000224E860400B288282AFF9
:107C700001000224CB0162142400BF8F0200022401
:107C8000418582A38581839302000224050062144A
:107C90003982829338828293010042242B5F400B09
:107CA000388282A301004224398282A33485828FE4
:107CB00000A0033C980F638C2B18620010006050EA
:107CC000858182933C85838F2B1843000C00605480
:107CD0008581829300A0033C400F6324580062AC6E
:107CE00039828293FFFF4224550062A03B82829337
:107CF0001F8582A36C8582975C0062A48581829334
:107D00000200032448004314398284933882839309
:107D10004A808293010042242A106200900040545D
:107D2000288280AF1000032488BF023C386143AC36
:107D300001000224388282A33B8282930600422CF7
:107D400087004054288280AF378083933C85828FA0
:107D50002110620000A0033C980F638C2B1043009D
:107D60001300401000A0023C950F429010004010FC
:107D700000000000398282A3888082930A004010AC
:107D8000020002246883828F050040100200022452
:107D90003B5E400F00000000E860400B348580AF80
:107DA000D85F400B288282AFD85F400B288282AF19
:107DB0003B5E400F000000008880829378014050B5
:107DC000348580AF6883828F0B0040100000000074
:107DD000EC83828F0800401401000424688384AF80
:107DE00088BF023C8050438C4408837C805043AC65
:107DF000E860400B348580AF6883828F6801405013
:107E0000348580AFEC83838F0100022464016254C7
:107E1000348580AF2C8280A32D8280A3EC8380AF39
:107E2000E860400B348580AF4B808393010063246E
:107E30002A1883004A006054288280AF070040104F
:107E4000010002241000032488BF023C386143ACC7
:107E5000010002249B5F400B398282A3398282A3F6
:107E60003B828293010042243B8282A33B82829325
:107E70000600422C3A004054288280AF378083931A
:107E80003C85828F2110620000A0033C980F638C18
:107E90002B1043001400401000A0023C950F4290AC
:107EA0001100401001000324388283A3398282A389
:107EB000888082930A004010020002246883828F27
:107EC00005004010020002243B5E400F000000004D
:107ED000E860400B348580AFD85F400B288282AFCA
:107EE000D85F400B288282AF3B5E400F000000004D
:107EF000888082932A014050348580AF6883828FC6
:107F00000B00401000000000EC83828F080040143A
:107F100001000424688384AF88BF023C8050438CF6
:107F20004408837C805043ACE860400B348580AFCC
:107F30006883828F1A014050348580AFEC83838F31
:107F40000100022416016254348580AF2C8280A384
:107F50002D8280A3EC8380AFE860400B348580AF36
:107F6000E860400B348580AF212000003A64400F68
:107F700021280000388283934018030000A0023CAF
:107F8000F40F4224211862003982849340200400B7
:107F900000A0023C7810422421108200000064946A
:107FA0003D63400F00004594186D400F0000000035
:107FB000A48580AF77808293030003240D004314CF
:107FC000040003243B828293029D033C80C9632406
:107FD0002118430000006390E88583A3029D033CC1
:107FE00088C9632421104300000042901460400BB4
:107FF000198682A30C0043141F858293029D033CC3
:1080000098C963242118430000006390E88583A386
:10801000029D033CA0C9632421104300000042904C
:108020001460400B198682A3029D033C68C9632437
:108030002118430000006390E88583A3029D033C60
:1080400070C963242110430000004290198682A366
:108050000002022488BF033C341062AC88BF033C9A
:10806000641062AC88BF033C681062AC0300022459
:10807000E860400B288282AF01000224C90062142C
:108080002400BF8F02000224418582A3388283939B
:1080900001006224388282A33485828F00A0043CD0
:1080A000E40E848C2B2082000C0080503882839355
:1080B0003C85848F2B2044000800805438828393B1
:1080C00000A0043C8C0E8424580082AC550083A090
:1080D0006C8582975C0082A4388283934A80829365
:1080E000010042242A106200A80040140200022469
:1080F00001000224388282A3378083933C85828FDB
:108100002110620000A0033CE40E638C2B1043009E
:108110009A00401000A0023CE10E429097004010EF
:1081200003000324A88582A300A0023C950F42907F
:10813000F08482A32882828F01004224288282AFA9
:108140005C8480A37780829331004354040003242D
:108150001F8582930700401401000324029D023C06
:1081600090C942901F8582A3010002248060400BC9
:10817000E08582A30700431402000324029D023C11
:1081800091C942901F8582A3010002248060400BA8
:10819000E08582A30600431403000324029D023CF1
:1081A00092C942901F8582A38060400BE08580A326
:1081B0000600431404000324029D023C93C942902C
:1081C0001F8582A38060400BE08580A306004314D6
:1081D00005000324029D023C94C942901F8582A39E
:1081E0008060400BE08580A3060043141F858293C6
:1081F000029D023C95C942901F8582A3E08580A321
:108200001F858293FEFF4224DA60400B3B8282A3EB
:10821000270043141F8582930500401401000324A6
:10822000F48580AF01000224DA60400B3B8282A318
:108230000500431402000324F48580AF03000224E8
:10824000DA60400B3B8282A3050043140300032441
:1082500001000224F48582AFDA60400B3B8282A3E6
:10826000060043140400032401000224F48582AFB5
:1082700003000224DA60400B3B8282A30500431412
:108280000500032402000224F48582AFDA60400B6B
:108290003B8282A335004354788580AF02000224DC
:1082A000F48582AF03000224DA60400B3B8282A394
:1082B0000700401401000324029D023C78C942904B
:1082C0001F8582A301000224D760400BE08582A3B2
:1082D0000700431402000324029D023C79C9429026
:1082E0001F8582A301000224D760400BE08582A392
:1082F0000600431403000324029D023C7AC9429005
:108300001F8582A3D760400BE08580A3060043143D
:1083100004000324029D023C7BC942901F8582A376
:10832000D760400BE08580A30600431405000324BA
:10833000029D023C7CC942901F8582A3D760400BFE
:10834000E08580A3060043141F858293029D023CB2
:108350007DC942901F8582A3E08580A31F858293FB
:10836000FEFF42243B8282A3788580AF248580AFC4
:10837000308580AFE460400BCC8480AF3B5E400F23
:1083800000000000E860400B348580AF288282AF97
:10839000E860400B348580AFD95E400BA88482AF83
:1083A0002400BF8F0800E0032800BD27E8FFBD2799
:1083B0001400BFAF80BF023C203040AC0002032459
:1083C00088BF023C641043AC88BF023C681040ACDC
:1083D0002882828F0400422CA00040148581829361
:1083E000DD848393010002249C00621485818293C2
:1083F0004F6D400F00000000B585829302000324FA
:108400004B004314050003247C8482930D00401428
:108410000100032487818393010002240500621474
:1084200000A0023CE10E4290FDFF42244061400B5F
:10843000388282A3E10E4290FCFF42244061400B4F
:10844000388282A3060043140200032400A0023CE9
:10845000E10E4290FEFF42244061400B388282A32D
:10846000060043140300032400A0023CE10E4290E6
:10847000FFFF42244061400B388282A30500431471
:108480000400032400A0023CE10E42904061400B36
:10849000388282A3060043140500032400A0023C96
:1084A000E10E4290010042244061400B388282A3D9
:1084B000060043140600032400A0023CE10E429093
:1084C000020042244061400B388282A30D00431415
:1084D000388282938781839301000224050062140D
:1084E00000A0023CE10E4290030042244061400B98
:1084F000388282A3E10E429004004224388282A393
:1085000038828293201C027C040060044A8083939A
:108510002B1062000200401000000000388280A38F
:10852000E863400F00000000A261400B0000000063
:10853000550043147C8482930D00401401000324F1
:1085400087818393010002240500621400A0023C8D
:10855000950F4290FDFF42248B61400B398282A32C
:10856000950F4290FCFF42248B61400B398282A31D
:10857000060043140200032400A0023C950F429021
:10858000FEFF42248B61400B398282A30600431414
:108590000300032400A0023C950F4290FFFF4224F9
:1085A0008B61400B398282A305004314040003242D
:1085B00000A0023C950F42908B61400B398282A350
:1085C000060043140500032400A0023C950F4290CE
:1085D000010042248B61400B398282A306004314C0
:1085E0000600032400A0023C950F429002004224A2
:1085F0008B61400B398282A30D0043143982829330
:1086000087818393010002240500621400A0023CCC
:10861000950F4290030042248B61400B398282A364
:10862000950F429004004224398282A339828293BA
:10863000201C027C040060044B8083932B1062009A
:108640000200401000000000398280A30F64400F38
:1086500000000000A261400B0000000001000324A4
:1086600005004314020003240F64400F00000000C3
:10867000A261400B00000000030043140000000052
:10868000E863400F00000000E76C400F00000000AE
:108690008481839301000224120062140000000010
:1086A000308280AFCC84858F0E00A0102120000086
:1086B00080BF033C88BF073C0800063C100C60AC40
:1086C0003410E6AC100C628C6E00422CFDFF40149E
:1086D0000000000001008424F8FF85140000000061
:1086E000308285AFEC6C400F00000000308280AF1C
:1086F000348580AF848189930100022405002255CE
:108700003200022432000324CC84828F23106200C2
:10871000FF00423032001924CC84838F23C8230306
:10872000FF0039333082858F3482988F6C858E9725
:10873000D0858F972130000081BF033C01000724C2
:1087400080BF043C88BF0D3C08000C3C81BF083C46
:1087500002000B24F661400B0A000A240090628C90
:108760004408E27C009062AC100C80AC3410ACADDC
:10877000100C828C0200422CFDFF4014000000000F
:108780000090628C4408027C009062AC0090628C85
:1087900001004230FDFF4010000000007090028D8B
:1087A0000200AB142130C2007090188D0300271511
:1087B0000100A524F061400B2110200332000224A7
:1087C000030045140000000070900E8DFFFFCE31B5
:1087D0000100AA50FFFFCF302B10A200DFFF401492
:1087E00001000224308285AF348586AF348298AF91
:1087F0006C858EA7D0858FA72882838F0600621490
:10880000FFFFC3310A0002241B006200F401400094
:10881000121800003C8583AF186D400F0000000067
:10882000E26C400F000000004F6D400F00000000A0
:1088300001000224418582A31400BF8F0800E003D9
:108840001800BD27380600A06401000001000000E8
:1088500033000102030405060708090A0B0C0D0E7C
:108860001212425055303930335F3230313930379F
:1088700031325F310000000055475441424C4554AD
:108880000000000039303350656E5461626C6574CD
:10889000425055303930330000000000425055300E
:1088A0003930335F52304100323031393037313274
:1088B0005F31000044332211341234128877665538
:1088C000785678560000000000000000000000000C
:1088D0000000000000000000000000000000000098
:1088E0000000000000000000000000000000000088
:1088F0000000000000000000000000000000000078
:108900000000000000000000000000000000000067
:108910000000000000000000000000000000000057
:108920000000000000000000000000000000000047
:108930000000000000000000000000000000000037
:108940000000000000000000000000000000000027
:108950000000000000000000000000000000000017
:108960000000000000000000000000000000000007
:1089700000000000000000000000000000000000F7
:1089800000000000000000000000000000000000E7
:1089900000000000000000000000000000000000D7
:1089A00000000000000000000000000000000000C7
:1089B000000000001C0100A05400000000000000A6
:1089C000000000A0240000000100000005000100DC
:1089D00008000200000404001D0108002E01100020
:1089E0002D0120005701400056018000120301278D
:1089F000000800A07802000000000000881100A01C
:108A00007000000001000000050D0902A1018507AA
:108A10000920A100094209440945093C1500250126
:108A20007501950481029501810309329501810246
:108A300095028103751095013500A4050109306583
:108A400013550D46A00F26FF7F8102093146B80B52
:108A500026FF7F8102B40930450026FF1F814209AD
:108A60003D1581257F750895018102093E158125F7
:108A70007F8102C0C0000000000C00A07B0100004C
:108A800000000000240000A00E0000000100000013
:108A9000A00F150F0100FFFFFFFF010209000000FA
:108AA000700100A00200000000000000340000A0DF
:108AB000E8000000010000006019D70FD8131D1353
:108AC00080028002744000003C2800001C0A000064
:108AD000010000000300000042000000010000004F
:108AE0000A0000000A00000028011401FF1F000016
:108AF0001E149401000100010001000101010000A9
:108B0000B80B00000002000060020000B00200008C
:108B10002003000070040000B006000020070000E1
:108B20000002000060020000B0020000200300000C
:108B300070040000B0060000200700000604680072
:108B40003000680030005000894776459742810325
:108B50005E05A808912E192D142A5D030405C5078A
:108B6000020164009600C800FA002C01900158022E
:108B7000E803DC05D00719000F0008000700050016
:108B800028001E001E0014000F000F000C0008003B
:108B90000500030001000100590159012C010000EA
:108BA000740100A0A400000000000000180200A052
:108BB0001000000000000000F40F00A008010000F9
:108BC00000000000280200A00200000000000000D9
:108BD0007C0D00A06000000000000000B80700A0AD
:108BE000100000000100000050463232322D2D2DC1
:108BF0002D2D2D231E19140FDC0D00A018020000CE
:108C0000000000002A0200A0020000000000000096
:108C1000C80700A0040000000100000001000000DF
:108C2000FC1000A08C0000000100000007941D173C
:108C3000D864AC2A89000080F81772B17E00000069
:108C40008A104B937E000000D150A4F07D000000FC
:108C5000DFD1D7BF7D0000008A104B937D0000005C
:108C6000E4699FD47C0000001174BC887C00000083
:108C7000ADC52C847B000000000000000000000057
:108C8000713B38F17B0000003DBE7FE47C000000BA
:108C9000115E0CA37D000000661F99CF7D000000CF
:108CA000FD7A94F87D000000F4FA428F7E00000007
:108CB000427FECA07E0000009C0700A01C0000008A
:108CC000010000005007050027BD2B008F243B0149
:108CD000B3C41A071BC0BF1E450CB9584200008020
:108CE0002C0200A0040000000000000000000000B2
:108CF00022222222FFFF8430FFFFA53088BF023CE2
:108D00002061428C908482AF88BF023C2063428CF9
:108D1000808482AFC8808393050002240600621419
:108D200082190400C21904009084828FC47B627C83
:108D3000908482AF821904009084828F8473627C55
:108D400042190400446B627C021904000463627CD3
:108D5000C2180400C45A627C821804008452627CE7
:108D600042180400444A627C0442827C908482AFB0
:108D7000C9808293040003240800431403000324E1
:108D8000821905008084828F8431627C421905003B
:108D90004429627C6C63400B808482AF04004314DE
:108DA000421905008084828F4429627C808482AFCE
:108DB000021905008084828F0421627CC21805009C
:108DC000C418627C821805008410627C4218050079
:108DD0004408627C0400A27C808482AF88BF033C8C
:108DE0009084848F306164AC88BF033C306362AC94
:108DF0000800E00300000000888182930400401412
:108E0000F800032400A0023C8663400BF40F43A447
:108E100000A0023CF40F43A4C8808D932300A01946
:108E200000A0073C9C0DE72401000B24213000002A
:108E300000A00E3CF40FCE25FFFFA92574848C27DB
:108E400068848A27A763400B0800082406002611BF
:108E500021204201000085900000E4942120A4001C
:108E60009F63400B000064A42120820100008590D4
:108E70000000E4942120A400000064A40100422426
:108E8000F2FF4814020063240100C62408006B2589
:108E90002A10CD00050040100200E72440180B0006
:108EA0002118C3019363400B211000000800E00368
:108EB000000000008981829304004014F80003241C
:108EC00000A0023CB563400B781043A400A0023C14
:108ED000781043A4C9808C932F00801921C0800191
:108EE000FFFF8B2500A0093CBC0D29252140000077
:108EF0000100062498848E2700A00F3C7810EF25EF
:108F00000800CA25E063400B01000D24070068112A
:108F10000000000000004790000026952130E60088
:108F2000000066A4D763400B2130800007008D55F8
:108F30000000A79000004790000026952130E60031
:108F4000000066A4D763400B213080000000269506
:108F50002130E600000066A4213080000100842456
:108F60000100422402006324E8FF4A140100A52402
:108F7000010008252A1018010700401002002925C9
:108F80000100C4242110C001401806002118E3018B
:108F9000C363400B888485270800E00300000000BD
:108FA000FF00032488BF023C386343AC38828393BC
:108FB0004018030000A0023CF40F4224211062007C
:108FC0000000429488BF033C2061638C908483AF8F
:108FD000C8808493050003240600831482210200C4
:108FE000C22102009084838FC47B837C908483AFF2
:108FF000822102009084838F8473837C422102004B
:10900000446B837C022102000463837CC220020043
:10901000C45A837C822002008452837C4220020056
:10902000444A837C0442437C908483AF88BF023CE3
:10903000306143AC0800E0030000000000FF03348F
:1090400088BF023C386143AC3982839340180300E7
:1090500000A0023C781042242110620000004294DB
:1090600088BF033C2063638C808483AFC980839373
:109070000400042408006414030004248221020074
:109080008084838F8431837C422102004429837C45
:109090002B64400B808483AF0400641442210200DF
:1090A0008084838F4429837C808483AF02210200E3
:1090B0008084838F0421837CC2200200C418837CB7
:1090C000822002008410837C422002004408837CBA
:1090D0000400437C808483AF88BF023C306343AC90
:1090E0000800E00300000000FF00A5300700A22CEC
:1090F00023004010708484A380280500029D023C58
:1091000014914224212845000000A28C0800400050
:10911000000000003091019D3891019D4491019D16
:109120005091019D5C91019D6891019D7491019DFB
:109130000800E003B58580A3010002240800E003D5
:10914000B58582A3020002240800E003B58582A34E
:10915000030002240800E003B58582A30400022472
:109160000800E003B58582A3050002240800E0039F
:10917000B58582A3060002240800E003B58582A31A
:109180000800E003B58580A3120110010000004033
:10919000BD281309000001020301000009025B0061
:1091A000030100A0230904000001030102000921BA
:1091B0000001000122B10007058103080004090431
:1091C00001000103010200092100010001226D00DC
:1091D00007058203400003090402000203000000A7
:1091E000092100010001222400070583030C00036C
:1091F000070503030C000A000403090412035500C9
:1092000047005400410042004C004500540000005B
:1092100022033400200069006E0063006800200013
:10922000500065006E005400610062006C00650033
:10923000740000000E0330003000300030003000B9
:10924000300000001C035500470039003000310099
:109250005F00420050005500300034003000310003
:109260002603320030002D00300036002D00320081
:1092700032005F00520065006C0065006100730001
:1092800065003000310000001603540065007300D3
:10929000740020004D006F00640065003000000085
:1092A0001603540065007300740020004D006F0029
:1092B000640065003100000016035400650073006F
:1092C000740020004D006F00640065003200000053
:1092D0001603540065007300740020004D006F00F9
:1092E000640065003300000016035400650073003D
:1092F000740020004D006F00640065003400000021
:109300001603540065007300740020004D006F00C8
:10931000640065003500000016035400650073000A
:10932000740020004D006F006400650036000000EE
:109330001603540065007300740020004D006F0098
:1093400064006500370000001603540065007300D8
:10935000740020004D006F006400650038000000BC
:109360001603540065007300740020004D006F0068
:109370006400650039000000200320002000200068
:1093800020002000200020002000200020002000DD
:1093900020002000200020000E03B027C41D06007E
:1093A000FF1FEC0900000000040300672C035500B8
:1093B0004700450045002000540065006300680038
:1093C0006E006F006C006F006700790020004300A2
:1093D0006F00720070002E00060300000000000005
:1093E0000B03003000030801000000000503050026
:1093F000FF0000001003202020202020202020201B
:109400002020202008030000000000000C0348007A
:109410004B0020004F006E000E0348004B00200060
:109420004F00660066000000060301040001000012
:1094300012033200300031003800300031003000BB
:109440003400000005010902A10185090901A100FC
:1094500005091901290315002501950375018102EC
:109460009505810105010930093126FF7F950275B7
:10947000108102050D093026FF0795017510810244
:10948000C0C005010902A1010901A100850105096A
:10949000190129059505750115002501810295031E
:1094A00081010501093009319502751016008026E9
:1094B000FF7F810609381581257F95017508810692
:1094C000050C0A3802950175088106C0C00501091E
:1094D00006A1018506050719E029E7150025017594
:1094E00001950881020507190029FF26FF0075086C
:1094F00095068100C0000000060AFF0901A1018550
:109500000209027508950B150026FF008102090368
:109510007508950B150026FF009102C09C91019DD6
:10952000F891019DFC91019D1092019D3492019D45
:109530004492019D6092019D7893019D9893019DB5
:10954000A893019DAC93019DD893019DE093019D4B
:10955000EC93019DF493019D0494019D0C94019D55
:109560001894019D2894019D3094019D8892019D3D
:10957000A092019DB892019DD092019DE892019D1B
:109580000093019D1893019D3093019D4893019D87
:109590006093019DD0FFBD270000BFAFC2550400FE
:1095A000FF004A31C26D0500FF00AD310080083C6C
:1095B000004A040025482801006205002560880152
:1095C0002470A80024208800FFFF4F25FE00E12D15
:1095D000B200201000000000FFFFAF25FE00E12DCB
:1095E000CC002010000000001000801082FFA72592
:1095F000D500E018000000002000E12C030020143A
:109600000000000009000010000004240478EC00B1
:10961000CD00E01500000000FFFFE22404784C00BC
:109620000200E01500000000000004240C00E12C02
:1096300004002010000000000478EC005400E01149
:10964000000000000400A4AF0800A5AF1000A7AF01
:109650001400A8AF2400ACAF2800ADAF2C00AEAF13
:109660002520090025280A00FC69400F25300B0041
:109670002558180025500300254802002C00AE8F05
:109680002800AD8F2400AC8F1400A88F1000A78F86
:109690000800A58F0400A48F82FF4F252168AF0129
:1096A0002670CB0119002C01123000001060000060
:1096B00006008019000000002A78C0002130C60092
:1096C00021608C0121608F01FFFFAD252A78C00049
:1096D0002130C60021608F010400A4AF0800A5AFAF
:1096E0000C00A6AF1000A7AF1400A8AF2400ACAFC9
:1096F0002800ADAF2C00AEAF25200C0025280D00B2
:10970000616C400F25300E002558180025500300CD
:10971000254802002C00AE8F2800AD8F2400AC8FAE
:109720001400A88F1000A78F0C00A68F0800A58F2B
:109730000400A48FFFFF4F25FE00E12D0C00201434
:10974000000000007D00401D00000000090006240C
:109750002330CA002000C12C0200201400000000A9
:10976000000009340648C9000600001025108900D1
:1097700040480900424A0900C07D0A0025482F01DF
:10978000251089000000BF8F0800E0033000BD27CE
:1097900020000F242378E7010640EC012560090032
:1097A00025680A0001000F310300E01500000000E9
:1097B0000080093C7F000A24424008001600001186
:1097C0000000000040680D0082FFAD2519008C01EB
:1097D00010600000030080190000000040600C00D1
:1097E000FFFFAD2501000F310900E011000000006E
:1097F00082FFAF2521504F0119002C0110480000B5
:10980000030020190000000040480900FFFF4A251E
:10981000EAFF001042400800C6FFC011000000002F
:1098200000400C3CFE000F242350EA0125400900B3
:10983000026C0800F401A0011B008D011230000031
:1098400010600000FFFF07311900E60012700000F1
:1098500000640C002B788E010600E01123608E015D
:10986000FFFFC624216088012B088801FCFF20101F
:1098700000000000F401A0011B008D01124800004F
:10988000007C060021482F01AAFF201900000000DB
:1098900040480900A7FF0010FFFF4A2508004015B7
:1098A00000000000214829010500201100000000EF
:1098B000203026712350460147FF00100448C9009C
:1098C0002178A5002000E0110000000008004015EC
:1098D00000000000FF0001241B00A1110000000097
:1098E0001600A00400000000190000100000000095
:1098F000217829011400E015000000007F00A12D4F
:1099000035FF2010000000007F000D2432FF001002
:10991000FFFF0C240500A01521608C010E008011B2
:10992000000000000C008010000000000600801500
:10993000000000000A00001000000000807F013CD1
:1099400090FF0010251081008EFF0010C0FF023C28
:109950008CFF0010251004008AFF0010803F023C9D
:10996000F9FF8014000000000600A10400000000C0
:109970007F004129F6FF201000000000EFFF0010DB
:10998000000000007F004129ECFF201000000000D3
:10999000EFFF0010000000000000000042424141C3
:1099A00040403F3F3E3E3D3D3C3C3B3B3A3A3939EF
:1099B0003838373736363535343433338584838217
:1099C00081807F7E7D7C7B7A7978777675747372FF
:1099D00071706F6E6D6C6B6A696867667B01000001
:1099E00080010000850100008A0100009001000054
:1099F000950100009B010000A0010000A6010000ED
:109A00004E4D4C4B4A494847460000009D9B999754
:109A10009593918F8D000000E4010000E8010000A3
:109A2000EC010000F0010000F4010000F80100006A
:109A3000FC01000000020000050200003D3D3C3C2E
:109A40003B3B3A3A390000007B7A79787776757437
:109A500073000000770200007E0200008502000013
:109A60008C020000930200009A020000A202000093
:109A7000AA020000B10200002F2E2E2D2D2C2C2B1F
:109A80002B0000005E5D5C5B5A5958575600000081
:109A9000A6DB060046E20600E6E80600A0EF0600A8
:109AA0005AF606002EFD060003040700F20A07001E
:109AB000E1110700EC180700F71F07001E27070039
:109AC000452E070089350700CE3C07002F440700CC
:109AD000914B070011530700915A070031620700AC
:109AE000D06907008F7107004E7907002E810700AB
:109AF0000D8907000F9107001099070033A1070097
:109B000057A907009EB10700E4B907004FC207003C
:109B1000BACA070049D30700D9DB07008FE4070062
:109B200044ED070021F60700FEFE070002080800CA
:109B300007110800341A080062230800BA2C080034
:109B400012360800953F080018490800C75208005F
:109B5000775C080054660800317008003E7A0800FF
:109B60004A840800868E0800C398080031A30800C4
:109B70009FAD080041B80800E2C20800B8CD080057
:109B80008ED808000000000060090000C01200002C
:109B9000201C000080250000E02E0000403800005E
:109BA000A0410000004B000060540000C05D0000B8
:109BB0002067000080700000E07900004083000012
:109BC000A08C000000960000609F0000C0A800006C
:109BD00020B2000080BB0000E0C4000040CE0000C6
:109BE000A0D7000000E1000060EA0000C0F3000020
:109BF00020FD000080060100E00F01004019010077
:109C0000A0220100002C010060350100C03E0100CF
:109C10002048010080510100E05A01004064010029
:109C2000A06D01000077010060800100C089010083
:109C300020930100809C0100E0A5010040AF0100DD
:109C4000A0B8010000C2010060CB0100C0D4010037
:109C500020DE010080E70100E0F0010040FA010091
:109C6000A0030200000D020060160200C01F0200E7
:109C70002029020080320200E5D4050087DE0500BD
:109C800029E805000BF20500EEFB050013060600AF
:109C900039100600A41A06000F250600C22F060080
:109CA000763A06007645060075500600C35B06004E
:109CB00011670600CE6907008D7107004C79070017
:109CC0002C8107000C8907000D9107000E990700F1
:109CD00032A1070055A907009BB10700E1B90700B1
:109CE0004CC20700B7CA070047D30700D7DB0700FD
:109CF00053AC090096B90900DAC609005BD6090021
:109D0000DCE50900B5F309008E010A00B50F0A0071
:109D1000DC1D0A00542C0A00CC3A0A0098490A00BB
:109D200064580A0086670A00A9760A00000000004D
:109D300060090000C0120000201C00008025000007
:109D4000E02E000040380000A0410000004B000061
:109D500060540000C05D00002067000080700000BB
:109D6000E079000040830000000048436666663FDB
:109D7000CDCCCC3D0000003F3333333F9A99993E20
:109D8000000020410000A0410000F04100002042FE
:109D900000004842100002245E8282A300A0023C20
:109DA000200D4224100040A0110040A01F85839385
:109DB000120043A03B828393130043A0E08583936A
:109DC000140043A06882838F003C647C150044A08B
:109DD000003A647C160044A0FF006330170043A0E3
:109DE00000A0033CE80E639402220300180044A084
:109DF000FF006330190043A000A0033C9C0F639454
:109E0000022203001A0044A0FF0063301B0043A09D
:109E1000018583931C0043A0DD8483931D0043A030
:109E20001E0040A01F0040A0200002240800E00304
:109E3000208382A3100002245E8282A300A0023C41
:109E4000200D422414000324100043A0110043A05D
:109E5000120043A0130043A0140043A0150043A028
:109E6000160043A0170043A0180043A00F000324CE
:109E7000190043A01A0043A01B0043A01C0043A0EC
:109E80001D0043A01E0043A01F0043A094858393A0
:109E9000200043A0DC848393210043A0D4848393D7
:109EA000220043A0230040A02C85838F003A647CCD
:109EB000240044A0FF006330250043A026000224B4
:109EC0000800E003208382A300A0023C200D40A0F4
:109ED000200D4224010040A000A0033C200E63940A
:109EE00002220300020044A0FF006330030043A0ED
:109EF00000A0033CE80E639402220300040044A087
:109F0000FF006330050043A000A0033C9C0F639456
:109F100002220300060044A0FF006330070043A0B4
:109F2000C0858397080040A002220300090044A0D6
:109F3000FF0063300A0043A06E8583970B0040A0AA
:109F4000022203000C0044A0FF0063300D0043A078
:109F5000D58483930E0043A0F38483930F0043A022
:109F6000100002240800E003208382A320000224C2
:109F70005E8282A300A0033C8C0E632408006494DC
:109F8000022A040000A0023C200D4224200045A02B
:109F9000FF008430210044A014006494022A0400CD
:109FA000220045A0FF008430230044A020006494D8
:109FB000022A0400240045A0FF008430250044A0AC
:109FC0002C006494022A0400260045A0FF0084307F
:109FD000270044A038006494022A0400280045A009
:109FE000FF008430290044A044006494022A040045
:109FF0002A0045A0FF0084302B0044A05000649448
:10A00000022A04002C0045A0FF0084302D0044A04B
:10A010005C006394022203002E0044A0FF00633022
:10A020002F0043A000A0033C400F63240800649469
:10A03000022A0400300045A0FF008430310044A013
:10A0400014006494022A0400320045A0FF0084300A
:10A05000330044A020006494022A0400340045A088
:10A06000FF008430350044A02C006494022A0400D0
:10A07000360045A0FF008430370044A038006494C7
:10A08000022A0400380045A0FF008430390044A0B3
:10A0900044006494022A04003A0045A0FF00843082
:10A0A0003B0044A050006494022A04003C0045A0F8
:10A0B000FF0084303D0044A05C0063940222030052
:10A0C0003E0044A0FF0063303F0043A00800E003CF
:10A0D00000000000100002245E8282A300A0033C66
:10A0E000DC0D632408006494022A040000A0023CF2
:10A0F000200D4224100045A0FF008430110044A030
:10A1000014006494022A0400120045A0FF00843069
:10A11000130044A020006494022A0400140045A007
:10A12000FF008430150044A02C006494022A04002F
:10A13000160045A0FF008430170044A03800649446
:10A14000022A0400180045A0FF008430190044A032
:10A1500044006394022203001A0044A0FF0063300D
:10A160001B0043A01C0040A01D0040A01E0040A0FA
:10A170001F0040A00800E00300000000A00F05241D
:10A18000448085A7B80B0224468082A7EC090224EC
:10A19000488082A701000624888086A3B027022475
:10A1A000248482AFC41D02242C8482AF858180A3C5
:10A1B000120002244A8082A30E0002244B8082A354
:10A1C000778080A3FF1F0224788082AF8002022460
:10A1D0004C8082A74E8082A723000224588082A34D
:10A1E000598080A328000224748082A301000324E4
:10A1F0005C8083AF02000224608082AF42000424AE
:10A20000648084AF688080A3030004246C8084AFE2
:10A210000F000724708087AF758080A30A00072491
:10A22000768087A3140008247C8088A37D8087A380
:10A23000FF0107247E8087A7848183A3868186A36C
:10A24000C88084A3C98082A3888180A3898180A3D8
:10A250002D000224CA8082A71E000624CC8086A777
:10A2600039000624CE8086A7D08082A75000022421
:10A27000D28082A74A2D0224D48082A74A2C0224AD
:10A28000D68082A74A2B0224D88082A7C802022443
:10A29000DA8082A733040224DC8082A72E060224FF
:10A2A000DE8082A7CF220224E08082A751210224EF
:10A2B000E28082A7A31E0224E48082A7D7020224A0
:10A2C000E68082A7E6030224E88082A7FF06022434
:10A2D000EA8082A702000224EC8082A3248280A369
:10A2E000258280A364000224EE8082A796000224C7
:10A2F000F08082A7C8000224F28082A7FA0002241C
:10A30000F48082A72C010224F68082A79001022407
:10A31000F88082A758020624FA8086A7E80306245C
:10A32000FC8086A7D0070624FE8086A7008185A72B
:10A330000A000624028186A705000524048185A75A
:10A34000088184A701000424068183A70A8184A7C9
:10A350000D0003240C8183A70C0003240E8183A726
:10A360000B000324108183A7128186A70900032410
:10A37000148183A707000324168183A7188183A76C
:10A38000060003241A8183A71C8185A704000324E7
:10A390001E8183A703000324208183A7228184A335
:10A3A000248182A7268182A7288182A7A48180AFE9
:10A3B000E8030224A88182AFC8320224AC8182AFB4
:10A3C00028550224B08182AFD0840234B48182AF98
:10A3D00050910234B88182AF3CA50234BC8182AF77
:10A3E000D8D60234C08182AFC48182AF78FA0334F8
:10A3F000C88183AF08524324CC8183AF0600033C5D
:10A40000941F6424D08184AF90416424D48184AFAC
:10A4100098166324D88183AF0700033C40A46334BB
:10A42000E88183AFF0236424EC8184AF28F16324B6
:10A43000F08183AF0A00033C60316424DC8184AF87
:10A4400040606424E08184AF20126324E48183AF00
:10A45000F48182AF48EE0234F88182AFE0AB03347E
:10A46000FC8183AFA08C0434008284AF048284AF6B
:10A47000088283AF20CB03340C8283AF108282AF7B
:10A48000F0190224148282AF401A0224188282AF8B
:10A49000320002241C8282AF64000224208282AF38
:10A4A000898080A3878180A3B80B02248C8082AF2F
:10A4B00000020724908087AFA8020624948086AF0C
:10A4C00048030524988085AF2E0404249C8084AF23
:10A4D000E2040324A08083AFBE050224A48082AFDF
:10A4E00090060824A88088AFAC8087AFB08086AF84
:10A4F000B48085AFB88084AFBC8083AFC08082AFAA
:10A50000B80602240800E003C48082AFB4838393BA
:10A510001F00633001000224B30062140000000039
:10A52000B8838293FF0042300B004010000000000F
:10A53000B8838393FF006330010002240600621099
:10A5400000000000B8838393FF0063300200022400
:10A55000A500621400000000B5838393FF00633000
:10A56000060002246C00621400000000B78382938E
:10A57000FF00423022000324320043102300032452
:10A580006100431021000324630043140000000015
:10A59000CC838393FF006330010002245E006214C9
:10A5A00000000000B8838293FF004230090040148D
:10A5B00000A0023C029D033CAE916324000D43AC1D
:10A5C000000D422409000324080043A4C0FF032413
:10A5D000040043A0B8838393FF006330010002248A
:10A5E0000900621400A0023C029D033CC791632451
:10A5F000000D43AC000D422409000324080043A4CD
:10A60000C0FF0324040043A0B8838393FF0063309A
:10A61000020002244000621400A0023C029D033CA0
:10A62000E0916324000D43AC000D42240900032493
:10A63000080043A4C0FF0324040043A0C669400BE4
:10A6400000000000CC838393FF00633001000224EC
:10A650003100621400000000B8838293FF00423092
:10A660000B00401400A0023C029D033C4494632470
:10A67000000D43AC000D4224B1000324080043A4A4
:10A68000C0FF0324040043A0C669400B0000000083
:10A69000B8838393FF006330010002240B0062142F
:10A6A00000A0023C00A0033C88116324000D43ACD1
:10A6B000000D42246D000324080043A4C0FF0324BE
:10A6C000040043A0C669400B00000000B8838393D8
:10A6D000FF006330020002240F00621400A0023C5D
:10A6E000029D033CF8946324000D43AC000D42240A
:10A6F00024000324080043A4C0FF0324040043A053
:10A70000C669400B0000000080FF032400A0023C4B
:10A71000000D4224040043A0B4838393600063309F
:10A72000200002243000621400000000B5838293F0
:10A73000FF004230030003241D0043100400432C9B
:10A74000060060100A000324020003240F004314D3
:10A7500000A0023CDD69400BF18383270D0043100C
:10A760000B0003240900431480FF0324F669400B07
:10A7700000A0023C000D43AC000D42240100032464
:10A78000080043A4C1FF0324040043A00800E00321
:10A790000000000080FF032400A0023C000D4224C2
:10A7A000040043A0B78382930800E003F18382A3EF
:10A7B00000A0023CF0838327000D43AC000D42242F
:10A7C00001000324080043A481FF0324040043A0E4
:10A7D0000800E00300000000000D4224040043A034
:10A7E000B6838293F08382A30800E0030000000098
:10A7F000C23E04001E00E73000F0013C244081000E
:10A800007F00A1280800201400000000000006249A
:10A8100081FFAD2421580401FF0F013CFFFF2134CB
:10A8200009000010242081000080063C7E000D24D9
:10A830002368A501F2FFE7240010013C214001013B
:10A84000215804012320040142580B000080013CE0
:10A85000255861017F000524204088702328A80026
:10A86000042004012B088B000300201400000000CA
:10A87000422004000100A52402640B00F4018001C1
:10A880001B008C001240000010200000FFFF693107
:10A89000190028011250000000240400427C0B0023
:10A8A00025208F002B788A000600E01123208A00E3
:10A8B000FFFF082521208B002B088B00FCFF2010B8
:10A8C00000000000F40180011B008C001220000039
:10A8D00010600000190024011250000000640C00F8
:10A8E0002B788A010600E01123608A01FFFF84248F
:10A8F00021608B012B088B01FCFF20100000000061
:10A90000007C080021208F001900840010580000EE
:10A910008000082423400501404008002000012D4C
:10A92000020020140000000000000B3406580B0148
:10A9300000A00E3CFC10CE250000CA8D0400CE25E0
:10A9400019006A01105000000000C98D0400CE25D6
:10A95000215049010040013C2B082101F8FF20143F
:10A960000000000019008A001240000010200000C2
:10A9700006008018000000002A780001214008012C
:10A980002120840021208F00FFFFA52400A00F3C80
:10A990000811EF250100E224801002002178E20175
:10A9A0000000E88D1500001100000000234805019B
:10A9B0002000212D020020140000000000000434BB
:10A9C000062024012528080000A00F3C0811EF25CF
:10A9D000801007002178E2010000E88D2120880026
:10A9E0002B7888000500E0110000000042200400E0
:10A9F0000080013C252081000100A5242000A01139
:10AA0000000000009E000C242040A87123608801F3
:10AA100004680D0172B10B3CF8176B3519006D011C
:10AA200012400000105800000600601900000000ED
:10AA30002A7800012140080121586B0121586F013B
:10AA4000FFFF8C25234085012000012D02002014EA
:10AA500000000000000004340620040121208B00C7
:10AA60002B788B000500E01100000000422004005C
:10AA70000080013C2520810001008C2525280C0048
:10AA800002008014000000000000052425100400CE
:10AA90002518050025C006000800E003000000009E
:10AAA000000000000080013C2628A100C24D0400E7
:10AAB000FF002931C25D0500FF006B310080073CBB
:10AAC00000420400254007010052050025504701BF
:10AAD000FFFF2D25FE00A12D6100201000000000C9
:10AAE000FFFF6D25FE00A12D770020100000000063
:10AAF00023602B010D00800500000000200081294B
:10AB000003002014000000001500001002000A24B9
:10AB100025300A0006508A0104688A011000A61137
:10AB2000000000000E00001002004A3525480B000E
:10AB300023600C0020008129030020140000000085
:10AB40000700001002000824253008000640880194
:10AB5000046888010200A611000000000200083508
:10AB600024608700266885011000A0050000000011
:10AB700021400A012B680A011700A0110000000003
:10AB800001000D310200A011000000000200083594
:10AB90004240080001002925FF0001240E00211574
:10ABA000000000000C000010000008242B680A01BF
:10ABB0000400A01123400A012340080003000010F4
:10ABC000266087015000001100000000203006714F
:10ABD000234826010440C8000E0020190000000090
:10ABE0008000082580000D2D21482D01026A0800F3
:10ABF0000100AD3123400D014040080042420800F1
:10AC0000C06D090025400D0125100C010800E0036E
:10AC100000000000010006242330C9002000C12CE0
:10AC200039002010000000000080013C2540010197
:10AC300020000D242368A6010448A8010200201169
:10AC40000640C800010008350000092480000D25D9
:10AC5000E3FFA10500000000E1FF0010010009244E
:10AC60000E00201500000000214008010500001121
:10AC70000000000020600C7123482C0198FF001098
:10AC800004408801FF0001240F0061110000000052
:10AC90000080013C1800A114000000002168080198
:10ACA0001B00A01500000000FF0001241400611526
:10ACB00000000000266885001500A00500000000C7
:10ACC0000D000010000000000800601500000000EA
:10ACD00021504A010A0040110000000020604C7120
:10ACE00023586C0182FF001004508A0121684A0138
:10ACF0000700A01500000000C4FF0010251005008B
:10AD0000C2FF001025100400C0FF00100000022444
:10AD1000BEFF0010C0FF023C00000000E0FFBD27A6
:10AD20001C00BFAF1800B2AF1400B1AF1000B0AF3D
:10AD300015008010218880003F73400F4081110072
:10AD40002190400040101100238002024173400F07
:10AD5000212000003F73400F000000002B10500026
:10AD6000FCFF4014000000004173400F21205002FE
:10AD70001C00BF8F1800B28F1400B18F1000B08F6D
:10AD80000800E0032000BD27626B400B00000000BC
:10AD9000E0FFBD271C00BFAF1800B2AF1400B1AF79
:10ADA0001000B0AF4573400F21808000219040001B
:10ADB00088BF023C0030518C0003317E0A002056CF
:10ADC000004010360010032488BF023C083043AC1A
:10ADD00088BF033C0030628C00084230FDFF401405
:10ADE000000000000040103681BF023C00F450AC6F
:10ADF000476B400F0700042481BF023C99AA033C23
:10AE00005566632410F443AC6655033CAA99633439
:10AE100010F443AC0080033481BF023C08F443AC1F
:10AE200081BF033C00F4628C00804230FDFF40147F
:10AE300081BF023C0040032404F443AC0E00201206
:10AE40000010032488BF023C0030428C0003427C87
:10AE50000B00401488BF023C083043AC88BF033C61
:10AE60000030628C00084230FDFF401400000000FA
:10AE7000A06B400B0000000088BF023C043043ACD4
:10AE80002D73400F2120400281BF023C00F4428C10
:10AE9000003042301C00BF8F1800B28F1400B18FF9
:10AEA0001000B08F0800E0032000BD27E8FFBD2799
:10AEB0001400BFAF00E0847C81BF023C20F444ACAE
:10AEC000646B400F044004241400BF8F0800E003AB
:10AED0001800BD27E8FFBD271400BFAF00E0847C49
:10AEE00081BF023C20F444AC81BF023C30F445AC4D
:10AEF000646B400F014004241400BF8F0800E0037E
:10AF00001800BD27E8FFBD271400BFAF00E0847C18
:10AF100081BF023C20F444AC00E0A57C81BF023C30
:10AF200040F445AC646B400F034004241400BF8F11
:10AF30000800E0031800BD27E8FFBD271400BFAFDD
:10AF4000646B400F004004241400BF8F0800E0032E
:10AF50001800BD2700800B3CC2450400FF000831EB
:10AF6000C2550500FF004A31003A04002538EB00C5
:10AF7000004A050025482B012670850024586E01E3
:10AF8000FFFF0E25FE00C12D3F0020100000000035
:10AF9000FFFF4E25FE00C12D5300201000000000D1
:10AFA0002B08E900030020140000000042380700CD
:10AFB0000100082582630900F40180011B00EC00F8
:10AFC0001220000010300000FF3F2D311900A401B5
:10AFD00012280000803306002B70C5000400C01149
:10AFE0002330C500FFFF84242130C9002B70C90025
:10AFF000F40180011B00CC0012380000103000006A
:10B000001900A70112280000803306002B70C5002C
:10B010000400C0112330C500FFFFE7242130C90020
:10B020002B70C900807304002138EE000200C010AC
:10B03000003907000100E7347E000E242370CA01A6
:10B0400021400E01FFFF0E25FE00C12D340020100F
:10B05000000000008000E7248000EE2C21400E015B
:10B06000027207000100CE312338EE00403807009D
:10B07000423A0700C07508002538EE002510EB00A5
:10B080000800E003000000000800001500000000B8
:10B090002138E7000500E010000000002060EC709F
:10B0A00023400C01BAFF0010043887010400481542
:10B0B00000000000217029012F00C01100000000D5
:10B0C000FF000124080041110000000012000011DF
:10B0D000000000002170E7002700C01500000000FC
:10B0E00022000010000000000800401500000000D1
:10B0F000214829011D0020110000000020602C7152
:10B1000023504C01A6FF0010044889012170290139
:10B110001900C01500000000D9FF001025100B0019
:10B120001200001D0000000001000C2423608801B3
:10B130002000812DF8FF20100000000020000E24C8
:10B140002370CC010440C7010200001106388701BA
:10B150000200E734000008248000EE24BDFFC10592
:10B1600000000000BBFF001001000824807F013CAC
:10B17000C3FF001025106101C1FF0010C0FF023C99
:10B1800000000000C337060025400600AAB80A3CAC
:10B19000293B4A35190044011250000010580000A4
:10B1A00006006019000000002A68400121504A0191
:10B1B00021586B0121586D01FFFFA52400000724D1
:10B1C00083FFA5240800A12C0A0020140000000021
:10B1D0002F00A01C00000000235005002000412D7E
:10B1E000020020140000000000000B3407000010D3
:10B1F00006584B010500A0100000000020000D249F
:10B200002368A5010638AB010458AB0005006105B1
:10B210000000000023580B00FFFF0124264001011D
:10B220000100E7242628E6002328A6007F00A524A5
:10B2300000A00C3C9C078C250000848D04008C250C
:10B240000500092419006401102000002620880050
:10B25000232088000000878D04008C252120870092
:10B26000FFFF2925F7FF21050000000003008004EF
:10B270000000000040200400FFFFA524251004006A
:10B280002518050025C006000800E00300000000A6
:10B290000080043CF9FF0010FFFF0539F8FFBD27CF
:10B2A0000000BFAFC2350400FF00C630002A040012
:10B2B0000080013C2528A10025380400FFFFC92497
:10B2C000FE00212D15002010000000000400A4AF96
:10B2D0002520050025280600616C400F2530070059
:10B2E0002538180025300300252802000400A48F0B
:10B2F000FFFFC924FE00212D1500201000000000D2
:10B300004010050042120200C04D06002510490001
:10B310000000BF8F0800E0030800BD270300C01431
:10B3200000000000FAFF0010803F023C404805008A
:10B330000300201100000000F5FF0010C0FF023CD8
:10B340000300810400000000F1FF0010000002244F
:10B350000A008104000000000900082423400601BF
:10B360002000012D02002014000000000000053420
:10B3700006280501E6FF001025100500E4FF001077
:10B38000807F023C000000008000032488BF023C54
:10B39000386143AC0800E003000000008000032493
:10B3A00088BF023C346143AC0800E00300000000A9
:10B3B00080BF023C100C40AC0800033C88BF023C3C
:10B3C000341043AC3A8584937080828F21108200C0
:10B3D00080180200802102002320830080BF033CEC
:10B3E000100C628C2B104400FDFF4014010002245D
:10B3F00068808393130062140002032488BF023C18
:10B40000346343AC80BF023C100C40AC0800033CEA
:10B4100088BF023C341043AC6C80828F80180200DD
:10B42000802102002320830080BF033C100C628C2B
:10B430002B104400FDFF401400000000146D400B71
:10B440000001032488BF023C346343AC00010324A1
:10B4500088BF023C346343AC0800E00300000000F6
:10B460000001032488BF023C386343AC68808393A7
:10B4700001000224050062140002032488BF023C7C
:10B48000386343AC0800E0030000000088BF023CC2
:10B49000346343AC0800E00300000000000802240D
:10B4A00088BF033C146362AC88BF033C046362AC96
:10B4B0000800E003000000000800022488BF033CED
:10B4C000146562AC88BF033C046562AC88BF043C71
:10B4D00080000324146183AC88BF023C046143AC48
:10B4E00040000324146183AC046143AC88BF043C76
:10B4F00000010324146383AC88BF023C046343ACA3
:10B5000000020324146383AC046343AC0800E0032B
:10B51000000000000800032488BF023C346543ACEF
:10B520000800E003000000000800032488BF023C7C
:10B53000386543AC0800E00300000000FF0003246E
:10B5400088BF023C386343AC00FF033488BF023C31
:10B55000386143AC0800E0030000000088BF023CF3
:10B560002066428C0800E0030002427C88BF023C57
:10B570002066428C0800E0034002427CC23D040089
:10B58000FF00E730C24D0500FF00293100800A3C72
:10B59000003204002530CA000042050025400A019F
:10B5A0002660850024504C01FFFFEC24FE00812D15
:10B5B0002100201000000000FFFF2C25FE00812D3F
:10B5C00036002010000000001900C80012580000CA
:10B5D00002006011103000000100C6340300C004F6
:10B5E0000000000040300600FFFFE72482FF2C250A
:10B5F0002138EC00FFFFEC24FE00812D3A002010E2
:10B60000000000008000C6248000CC2C2138EC0013
:10B610000262060001008C312330CC00403006006D
:10B6200042320600C06507002530CC002510CA0054
:10B630000800E003000000000D00E014000000001E
:10B640002130C6000500C010000000002058CB705B
:10B650002338EB00D8FF001004306601FF000124FE
:10B660001F00211100000000150000100000000064
:10B670002160C6001A00801500000000040020159B
:10B68000000000002160080115008011000000008A
:10B69000FF0001240F002115000000000A00201502
:10B6A000000000002140080105000011000000001A
:10B6B00020580B7123482B01C3FF00100440680180
:10B6C000DBFF001025100A0021600801040080152E
:10B6D00000000000807F013CD5FF001025104101D3
:10B6E000D3FF0010C0FF023CFAFFE01C0000000086
:10B6F00001000B24235867012000612DF0FF20106A
:10B700000000000020000C2423608B010438860117
:10B710000200E010063066010200C6340000072473
:10B720008000CC24B7FF810500000000B5FF0010A9
:10B730000100072400000000A00F0224348082A72B
:10B7400015000224368082A314000324378083A3CB
:10B75000FF8F02243A8082A73C8082A7808180A349
:10B76000818180A3010004243E8084A3020002247E
:10B770003F8082A309000524408085A38C05052411
:10B78000528485A76E050524508485A7888180A3EF
:10B79000898180A300A0053CF0010A249C0DAAA485
:10B7A0009C0DA524E80109240200A9A4D8010824BD
:10B7B0000400A8A4B80107240600A7A47801062461
:10B7C0000800A6A4F8000B240A00ABA400A0053CC6
:10B7D000BC0DAAA4BC0DA5240200A9A40400A8A421
:10B7E0000600A7A40800A6A404000924688489A36D
:10B7F00006000824698488A3070007246A8487A3B5
:10B80000050006246B8486A3030005246C8485A3AD
:10B810006D8480A36E8484A36F8482A3988489A39B
:10B82000998488A39A8487A39B8486A39C8485A3F8
:10B830009D8480A39E8484A39F8482A3748489A30F
:10B84000758488A3768487A3778486A3788485A368
:10B85000798480A37A8484A37B8482A3888489A347
:10B86000898488A38A8487A38B8486A38C8485A3F8
:10B870008D8480A38E8484A38F8482A3D6808297B4
:10B88000488482A7DC8082971E8482A7E280829708
:10B890003C8482A7E8808297FC8382A700A0023CB8
:10B8A000B80743A0B8074224010043A0020043A008
:10B8B000030043A0040043A0050043A0060043A0EA
:10B8C000070043A0080043A00F000324090043A081
:10B8D0000A0043A00B0043A00C0043A00D0043A0AE
:10B8E0000E0043A00800E0030F0043A0E8FFBD27BF
:10B8F0000000BFAFC2450400003A04000080013CD4
:10B900002538E100FFFF0D25FE00A12D4800201085
:10B91000000000000400A4AF1000A7AF1400A8AFFF
:10B92000252007005370400F2528080025601800C7
:10B9300025580300255002001400A88F1000A78F7F
:10B940000400A48F01000D310200A01100000000CE
:10B950004238070019004A01123000001028000088
:10B960002328A7002568A6002700A01100000000DA
:10B970001200A00400000000FFFF4A250100CD2CAA
:10B98000FFFFC6242328AD002B68CA002330CA005D
:10B990002328AD002B68CA002330CA002328AD003D
:10B9A0001900A004000000002568A600F2FFA01501
:10B9B00000000000140000100000000001004A25F3
:10B9C00001004D2D0F00A015000000002130CA001D
:10B9D0002B68CA002128AD002130CA002B68CA009C
:10B9E0002128AD000100CD2CFFFFC6242328AD0087
:10B9F000F2FFA004000000002568A6000200A011CC
:10BA000000000000FFFF4A2580004A2580004D2DE0
:10BA100021586D0140100A0042120200C06D0B0057
:10BA200025104D000000BF8F0800E0031800BD275F
:10BA30000600810400000000406804001300A01507
:10BA400000000000F7FF0010251004000A00001598
:10BA5000000000002138E7000500E01000000000B1
:10BA60002028E57023400501AAFF00100438A70034
:10BA7000ECFF0010000002242168E7000300A0157D
:10BA800000000000E7FF001025100400E5FF001093
:10BA9000C0FF023C00000000150300004C03000042
:10BAA0008D030000E6030000900400004D05000037
:10BAB0000A060000C90600008907000053080000BC
:10BAC00019090000E0090000AD0A0000760B000033
:10BAD0003A0C0000110D0000D40D0000980E00007B
:10BAE000680F00002B100000EC100000BF110000D8
:10BAF000831200004A13000014140000E014000038
:10BB00009E150000641600003517000000180000A4
:10BB1000C518000092190000531A00001D1B0000F8
:10BB2000EE1B0000AE1C0000741D0000421E000051
:10BB3000001F0000CA1F0000902000005B210000D1
:10BB40001B220000ED220000B62300007824000034
:10BB50003C2500000B260000D426000090270000A2
:10BB60005B2800001E290000DC290000942A000048
:10BB70003C2B0000C32B0000152C00001C03000010
:10BB80005E030000B203000038040000E30400007C
:10BB9000A60500005B06000018070000E207000091
:10BBA000A3080000620900002A0A0000F50A00004C
:10BBB000B70B0000820C0000510D0000170E0000B2
:10BBC000DD0E0000AF0F0000711000002F1100000B
:10BBD000FC110000BA120000861300005814000087
:10BBE00018150000E2150000B11600006F170000E4
:10BBF00036180000FE180000C81900008A1A00005C
:10BC0000551B00001E1C0000DD1C00009A1D0000DA
:10BC1000731E0000241F0000E61F0000A920000082
:10BC20004F210000D22100002222000063220000E8
:10BC300000A0023C800D478C1503E22C050040104B
:10BC4000162CE22C1503032400A0023C0800E0039C
:10BC5000800D43AC05004014029D053CA131032436
:10BC600000A0023C0800E003800D43AC98BAA52474
:10BC70002120000038000A240000A68C2B18C700E1
:10BC800019006050010084240400A98C2B102701A6
:10BC90001500405401008424C010040040410400F9
:10BCA00021404800801008002110020115034224A1
:10BCB0002338E600C0180700403907002118670044
:10BCC0008020030021186400233026011B00660039
:10BCD000F401C000123000002110460000A0043C16
:10BCE0000800E003800D82ACE3FF8A140400A52461
:10BCF0000800E0030000000000A0023C840D478C17
:10BD00001C03E22C050040106422E22C1C030324D7
:10BD100000A0023C0800E003840D43AC0500401481
:10BD2000029D053CD127032400A0023C0800E0034B
:10BD3000840D43AC7CBBA524212000002C000A24E8
:10BD40000000A68C2B18C700190060500100842445
:10BD50000400A98C2B1027011500405401008424F5
:10BD6000C010040040410400214048008010080039
:10BD7000211002011C0342242338E600C0180700EA
:10BD80004039070021186700802003002118640053
:10BD9000233026011B006600F401C00012300000B1
:10BDA0002110460000A0043C0800E003840D82AC92
:10BDB000E3FF8A140400A5240800E003000000004B
:10BDC000D8FFBD271C00B1AF00A0113CC807228ED0
:10BDD000029D033C38CD638C010042302000B2AF9D
:10BDE0001800B0AF2400BFAF218080002190A000D8
:10BDF000240040101000A3AF2B71400F0000000082
:10BE0000212040002473400F2128600014004014BA
:10BE1000212000025671400F21280000100041042B
:10BE2000212000022B71400F2120400221204000E0
:10BE30002473400F212860000900401421200002D3
:10BE40001000A527C970400F21204002212040008A
:10BE50005671400F212800002300401421200002C9
:10BE60005671400F212800000700401421200002D5
:10BE7000212040025671400F212800001B0040186D
:10BE800021000324212000026565400F2128400283
:10BE900021804000C807228E010042300C00401073
:10BEA0002400BF8F2B71400F212000022120400071
:10BEB0002473400F21286000050040102400BF8F2C
:10BEC0002200032400A0023C2C0243AC2400BF8FBC
:10BED000211000022000B28F1C00B18F1800B08F1B
:10BEE0000800E0032800BD272100032400A0023C35
:10BEF00021200000F8FF053C1370400F2C0243ACDA
:10BF00002400BF8F21804000211000022000B28F4A
:10BF10001C00B18F1800B08F0800E0032800BD2777
:10BF2000FEFF0924405005004058070025586401D1
:10BF30002558660125504B01030040150000000004
:10BF40003C00001000000224020080104040050068
:10BF500001000825E0FF013C010021342B0801010C
:10BF600037002010000000000200C0104040070011
:10BF700001000825E0FF013C010021342B080101EC
:10BF80002F002010000000001600A1040000000097
:10BF90000300E0040000000026000010FFFF022460
:10BFA0002B508600232086002B58AA002328AA00A5
:10BFB0002B50A70025504B01030040112328A70058
:10BFC0001C000010010002242550A40003004011B1
:10BFD0000000000017000010FFFF022415000010F1
:10BFE000000002240300E104000000001100001022
:10BFF000010002242B508600232086002B58AA0023
:10C000002328AA002B50A70025504B010300401104
:10C010002328A70007000010FFFF02242550A400DA
:10C020000300401100000000020000100100022483
:10C03000000002240800E0030000000000000000EF
:10C04000FCFF00102510090000000000C03A0500A8
:10C05000425D04002538EB00C03204000080013C42
:10C060002538E1000080013C2448A1004040050043
:10C070004245080080FC0825FFFF0B25FE00612DCE
:10C0800012002010000000000200C010000000009C
:10C090000100E7348000E7248000EB2C21400B01F5
:10C0A000025A070001006B312338EB0040380700CB
:10C0B000423A0700C05D08002538EB002510E90072
:10C0C0000800E00300000000000000007F040124DD
:10C0D00007000115000000004058070025586601C0
:10C0E0000300601100000000F5FF0010C0FF023CDB
:10C0F000FF0001290400201400000000807F013CA3
:10C10000EFFF00102510210101000A2423504801EF
:10C110002000412D0300201400000000E8FF001063
:10C120002510090020000C2423608A01045887018F
:10C130002530CB0006384701000008240080013C70
:10C14000D1FF00102538E100000000003A00801007
:10C15000000000000100AD300B00A0110000000045
:10C16000F267093C001829351900890010480000C1
:10C17000134D013C00482134214821014220040094
:10C18000070000100100A5240093093C1900890054
:10C1900010480000FF6C013C00FC213421482101C3
:10C1A000433805003F00E724C24B0900F401200199
:10C1B0001B00890012500000804B090000540A0047
:10C1C00021482A012B682A0123482D0100800A3CBE
:10C1D000025C0900F40160011B004B0112500000D9
:10C1E00000540A000200401500000000FFFF0A246E
:10C1F00019002A011058000023580B0019004B01A8
:10C2000010500000190044011050000040500A0076
:10C210004248090021482A012B682A0123482D01A0
:10C2200025300900251006002518070025C0080044
:10C230000800E0030000000000000724F9FF0010E0
:10C240002530070000000000A8FFBD270400A1AFB3
:10C250000800A2AF0C00A3AF1000A4AF1400A5AF5C
:10C260001800A6AF1C00A7AF2000A8AF2400A9AFFC
:10C270002800AAAF2C00ABAF3000ACAF3400ADAF9C
:10C280003800AEAF3C00AFAF4000B8AF4400B9AF2C
:10C290004800BFAF124000004C00A8AF10400000A3
:10C2A0005000A8AF029D1A3CECCA5A2700000000BB
:10C2B000006804400060054009F8400300000000E9
:10C2C0005000A88F110000014C00A88F130000013E
:10C2D0000400A18F0800A28F0C00A38F1000A48F70
:10C2E0001400A58F1800A68F1C00A78F2000A88F10
:10C2F0002400A98F2800AA8F2C00AB8F3000AC8FB0
:10C300003400AD8F3800AE8F3C00AF8F4000B88F47
:10C310004400B98F4800BF8F5800BD27C0000000FF
:10C3200018000042C23D0400FF00E7300080083CD6
:10C33000003204002530C80024400401FF0001241D
:10C340002800E110000000002548060025500700E5
:10C35000255808009E000C242360870106008019E0
:10C3600000000000200081291C00201000000000B7
:10C3700006488901044889014060090042620C00B6
:10C38000C06D0A0025608D0125688B010000ADACF1
:10C390002360EA002000812D02002014000000002C
:10C3A00000000934064889012330C9000800C01084
:10C3B000000000002060CC702338EC0004308601BF
:10C3C0004030060042320600C06D07002530CD0027
:10C3D0002510C8000800E00300000000F8FF00106E
:10C3E0000000A8ACC0FF043C0000A4ACF9FF0010A2
:10C3F000251004000000000021180000211000009A
:10C40000213083000000C690211046000100632403
:10C410002B306500FBFFC054213083002310020045
:10C420000800E003FF004230E8FFBD271400BFAF63
:10C430001000B0AF1800A4AF1C00A5AF2000A6AF3D
:10C440002180E000120002240000E2A00800022483
:10C450000100E2A01800A2930200E2A01900A2933A
:10C460000300E2A01A00A2930400E2A01B00A29322
:10C470000500E2A01C00A2930600E2A01D00A2930A
:10C480000700E2A01E00A2930800E2A02120E00025
:10C49000FE70400F09000524090002A21400BF8F9E
:10C4A0001000B08F0800E0031800BD27C23D040053
:10C4B000FF00E7300080013C24308100FFFFE924C9
:10C4C000FE00212D0D002010000000008003E72455
:10C4D000404A0400024B09002530C900402F0400E7
:10C4E000004D07002530C90025100500251806005D
:10C4F0000800E00300000000000000000000052428
:10C5000021208400F6FF8010000000000900E014E4
:10C5100000000000FFFFE724212084008000013C90
:10C520002B088100FBFF201400000000E7FF001033
:10C5300000000000FF07072400FF013C0100213438
:10C540002B088100E6FF201400000000E4FF00102B
:10C55000F8FF063C00000000FEFF08244030040005
:10C56000403805002548C7001B00201100000000CE
:10C5700000FF013C010021342B08C1001A002010EB
:10C580000000000000FF013C010021342B08E10005
:10C590001500201000000000020081044230060057
:10C5A000233006000200A1044238070023380700A8
:10C5B0002A08C70003002010000000000700001038
:10C5C000FFFF02242A08E6000300201000000000FC
:10C5D0000200001001000224000002240800E00311
:10C5E0000000000000000000FCFF00102510080003
:10C5F000000000000400C928050020112138860031
:10C600001700C01C000000000800E003211000001B
:10C6100025408500030008310300001100000000E0
:10C6200010000010000088900000888C0000A98C89
:10C6300004008424050009110400A524FCFFA5249E
:10C64000FCFF84240700001000008890FCFFC62433
:10C65000F5FFC01C000000000800E00321100000EE
:10C66000000088900000A9900100842403000911B3
:10C670000100A5240800E00323100901F8FF871436
:10C68000000000000800E00321100000D8FFBD27D3
:10C690001C00B2AF00F0847C2000B3AF1800B1AF33
:10C6A0001400B0AF2400BFAF2B71400F029D123CAD
:10C6B00030CD468E34CD478E2120400021286000A9
:10C6C00021804000218860002872400F010013245F
:10C6D000090040142400BF8F30CD468E34CD478EE4
:10C6E00021200002C86F400F212820020100405C79
:10C6F000219800002400BF8F0100623A01004230FF
:10C700002000B38F1C00B28F1800B18F1400B08FBF
:10C710000800E0032800BD27D8FFBD271C00B2AFEA
:10C7200000F0847C2000B3AF1800B1AF1400B0AFAC
:10C730002400BFAF2B71400F029D123C30CD468EBE
:10C7400034CD478E21204000212860002180400008
:10C75000218860002872400F010013240900401452
:10C760002400BF8F30CD468E34CD478E212000026D
:10C77000C86F400F212820020100405C2198000072
:10C780002400BF8F0100623A010042302000B38FC5
:10C790001C00B28F1800B18F1400B08F0800E003A6
:10C7A0002800BD27002A04000080013C2528A100A4
:10C7B000C23D0400FF00E7309E0006242330C7007E
:10C7C0000D00C018000000002000C1280300201444
:10C7D0000000000005000010000002240200810497
:10C7E0000628C50023280500251005000800E003E1
:10C7F0000000000000000000807F013C01002134A7
:10C800002B0881000300201400000000F7FF001037
:10C810000080023CFF7F023CF4FF0010FFFF423427
:10C8200000000000002A04000080013C2528A1002F
:10C83000C23D0400FF00E7309E0006242330C700FD
:10C840000D00C004000000002000C12803002014D7
:10C850000000000005000010000002240200810416
:10C860000628C50023280500251005000800E00360
:10C870000000000000000000807F013C0100213426
:10C880002B0881000300201400000000F7FF0010B7
:10C890000080023CF5FF0010FFFF022400000000B2
:10C8A000F07F023C00F0A57C010043242B18A3007C
:10C8B0000F006050010002240A00A210F07F033C28
:10C8C00000F0E77C010064242B20E40008008010C5
:10C8D000010002240800E310000000000800E0034B
:10C8E00021100000F6FF801000000000010002246B
:10C8F0000800E00300000000FDFFC0502110000010
:10C900000800E003000000000080013C12008010DD
:10C910002430810002008104000000002320040074
:10C920009E000524203887702328A7000420E400F7
:10C93000800084248000882C2128A8000342040061
:10C940000100083123208800402004004222040016
:10C95000C045050025208800251086000800E0035A
:10C960000000000000000000403E3D3B3A393736F1
:10C97000807D7B7775736E6C05080A0E101317198E
:10C980003D3C3C3B3B3A37367A79787776756E6C2E
:10C990000B0C0D0E0F1017194B4A3C3B2D2C0000B1
:10C9A000969478765A5900000204090B1011000081
:10C9B000000000390000803F0000004600A0023C5B
:10C9C000C807428CE8FFBD27010042301000B0AF1D
:10C9D0001400BFAF07004010218080005671400F47
:10C9E00021280000030041042100032400A0023C90
:10C9F0002C0243AC3B6E400F212000021400BF8F7D
:10CA00001000B08F0800E0031800BD270000043CB0
:10CA1000E8FFBD2700008424030080101400BFAF8E
:10CA200009F8800000000000000084300000A530FC
:10CA3000BC43400F000000000000023C0000422404
:10CA4000030040100000000009F840000000000052
:10CA5000F9FF001000000000E8FFBD271400BFAF81
:10CA600006008004211080004272400F0000000088
:10CA70001400BF8F0800E0031800BD2701004230FA
:10CA8000422004004272400F2520820021204000F5
:10CA9000AB6A400F212840001400BF8F0800E0035C
:10CAA0001800BD270000023CE8FFBD27000042241B
:10CAB000060040101400BFAF0000023C00004224FA
:10CAC00003004010029D023C3F000070029D023CAA
:10CAD00034CB4224030040100000000009F840005D
:10CAE00000000000B972400B000000000000023C92
:10CAF000E8FFBD2700004224060040101400BFAF2D
:10CB00000000023C0000422403004010029D023C51
:10CB10003F000070029D023C34CB422403004010D1
:10CB20000000000009F8400000000000CB72400B3C
:10CB30000000000000606041C000000099AA033CB2
:10CB400081BF023C5566632430F240AC30F243AC06
:10CB50006655033CAA99633430F243AC81BF023C72
:10CB60000100032418F643AC81BF023C10F6428C4E
:10CB7000CF72400B00000000E8FFBD271000B0AFEF
:10CB80001400BFAF2B71400F010010242120400082
:10CB900021286000213040002872400F21386000B9
:10CBA00001004050218000001400BF8F21100002BE
:10CBB0001000B08F0800E0031800BD27E8FFBD2774
:10CBC0001000B0AF1400BFAF2B71400F0100102454
:10CBD0002120400021286000213040002872400FB1
:10CBE0002138600001004050218000001400BF8FF8
:10CBF000211000021000B08F0800E0031800BD27CC
:10CC00000000023C00004224050040100000023CED
:10CC10000000422403004010029D023C3F000070CF
:10CC2000029D023C34CB4224FDFF40100000000076
:10CC300009F8400000000000E8FFBD271400BFAF66
:10CC4000006803408000023C2510620000688240BA
:10CC50000010032488BF023C4373400F081043AC0C
:10CC60001400BF8F0800E0031800BD27F07F033CCD
:10CC70002430A3000300C3100098A57C0800E00343
:10CC800021100000252085000800E0032B1004007F
:10CC9000F07F033C2430A3000300C3100098A57C60
:10CCA0000800E00321100000252085000800E003B3
:10CCB0000100822C01008430030080140000000079
:10CCC0000800E003006060410800E003206060416C
:10CCD00000601A40BFFF1B3CFFFF7B3724D05B0383
:10CCE00000609A4018000042556765655F4C6962B4
:10CCF0007261727932303138000000000800E003C0
:10CD0000004802400800E003004884400800E003B7
:10CD1000206062410800E003006062410800E00317
:10CD2000000000000800E003000000001E000000FA
:10CD3000FFFFFFFFFFFFEF7F0000803FFFFFFFFFD0
:10CD4000FFFFFFFFFFFFFFFFFFFFFFFFFFFFFFFFF3
:10CD5000FFFFFFFFFFFFFFFFFFFFFFFFFFFFFFFFE3
:10CD6000FFFFFFFFFFFFFFFFFFFFFFFFFFFFFFFFD3
:10CD7000FFFFFFFFFFFFFFFFFFFFFFFFFFFFFFFFC3
:10CD8000FFFFFFFFFFFFFFFFFFFFFFFFFFFFFFFFB3
:10CD9000FFFFFFFFFFFFFFFFFFFFFFFFFFFFFFFFA3
:10CDA000FFFFFFFFFFFFFFFFFFFFFFFFFFFFFFFF93
:10CDB000FFFFFFFFFFFFFFFFFFFFFFFFFFFFFFFF83
:10CDC000FFFFFFFFFFFFFFFFFFFFFFFFFFFFFFFF73
:10CDD000FFFFFFFFFFFFFFFFFFFFFFFFFFFFFFFF63
:10CDE000FFFFFFFFFFFFFFFFFFFFFFFFFFFFFFFF53
:10CDF000FFFFFFFFFFFFFFFFFFFFFFFFFFFFFFFF43
:10CE0000FFFFFFFFFFFFFFFFFFFFFFFFFFFFFFFF32
:10CE1000FFFFFFFFFFFFFFFFFFFFFFFFFFFFFFFF22
:10CE2000FFFFFFFFFFFFFFFFFFFFFFFFFFFFFFFF12
:10CE3000FFFFFFFFFFFFFFFFFFFFFFFFFFFFFFFF02
:10CE4000FFFFFFFFFFFFFFFFFFFFFFFFFFFFFFFFF2
:10CE5000FFFFFFFFFFFFFFFFFFFFFFFFFFFFFFFFE2
:10CE6000FFFFFFFFFFFFFFFFFFFFFFFFFFFFFFFFD2
:10CE7000FFFFFFFFFFFFFFFFFFFFFFFFFFFFFFFFC2
:10CE8000FFFFFFFFFFFFFFFFFFFFFFFFFFFFFFFFB2
:10CE9000FFFFFFFFFFFFFFFFFFFFFFFFFFFFFFFFA2
:10CEA000FFFFFFFFFFFFFFFFFFFFFFFFFFFFFFFF92
:10CEB000FFFFFFFFFFFFFFFFFFFFFFFFFFFFFFFF82
:10CEC000FFFFFFFFFFFFFFFFFFFFFFFFFFFFFFFF72
:10CED000FFFFFFFFFFFFFFFFFFFFFFFFFFFFFFFF62
:10CEE000FFFFFFFFFFFFFFFFFFFFFFFFFFFFFFFF52
:10CEF000FFFFFFFFFFFFFFFFFFFFFFFFFFFFFFFF42
:10CF0000FFFFFFFFFFFFFFFFFFFFFFFFFFFFFFFF31
:10CF1000FFFFFFFFFFFFFFFFFFFFFFFFFFFFFFFF21
:10CF2000FFFFFFFFFFFFFFFFFFFFFFFFFFFFFFFF11
:10CF3000FFFFFFFFFFFFFFFFFFFFFFFFFFFFFFFF01
:10CF4000FFFFFFFFFFFFFFFFFFFFFFFFFFFFFFFFF1
:10CF5000FFFFFFFFFFFFFFFFFFFFFFFFFFFFFFFFE1
:10CF6000FFFFFFFFFFFFFFFFFFFFFFFFFFFFFFFFD1
:10CF7000FFFFFFFFFFFFFFFFFFFFFFFFFFFFFFFFC1
:10CF8000FFFFFFFFFFFFFFFFFFFFFFFFFFFFFFFFB1
:10CF9000FFFFFFFFFFFFFFFFFFFFFFFFFFFFFFFFA1
:10CFA000FFFFFFFFFFFFFFFFFFFFFFFFFFFFFFFF91
:10CFB000FFFFFFFFFFFFFFFFFFFFFFFFFFFFFFFF81
:10CFC000FFFFFFFFFFFFFFFFFFFFFFFFFFFFFFFF71
:10CFD000FFFFFFFFFFFFFFFFFFFFFFFFFFFFFFFF61
:10CFE000FFFFFFFFFFFFFFFFFFFFFFFFFFFFFFFF51
:10CFF000FFFFFFFFFFFFFFFFFFFFFFFFFFFFFFFF41
:10D00000FFFFFFFFFFFFFFFFFFFFFFFFFFFFFFFF30
:10D01000FFFFFFFFFFFFFFFFFFFFFFFFFFFFFFFF20
:10D02000FFFFFFFFFFFFFFFFFFFFFFFFFFFFFFFF10
:10D03000FFFFFFFFFFFFFFFFFFFFFFFFFFFFFFFF00
:10D04000FFFFFFFFFFFFFFFFFFFFFFFFFFFFFFFFF0
:10D05000FFFFFFFFFFFFFFFFFFFFFFFFFFFFFFFFE0
:10D06000FFFFFFFFFFFFFFFFFFFFFFFFFFFFFFFFD0
:10D07000FFFFFFFFFFFFFFFFFFFFFFFFFFFFFFFFC0
:10D08000FFFFFFFFFFFFFFFFFFFFFFFFFFFFFFFFB0
:10D09000FFFFFFFFFFFFFFFFFFFFFFFFFFFFFFFFA0
:10D0A000FFFFFFFFFFFFFFFFFFFFFFFFFFFFFFFF90
:10D0B000FFFFFFFFFFFFFFFFFFFFFFFFFFFFFFFF80
:10D0C000FFFFFFFFFFFFFFFFFFFFFFFFFFFFFFFF70
:10D0D000FFFFFFFFFFFFFFFFFFFFFFFFFFFFFFFF60
:10D0E000FFFFFFFFFFFFFFFFFFFFFFFFFFFFFFFF50
:10D0F000FFFFFFFFFFFFFFFFFFFFFFFFFFFFFFFF40
:10D10000FFFFFFFFFFFFFFFFFFFFFFFFFFFFFFFF2F
:10D11000FFFFFFFFFFFFFFFFFFFFFFFFFFFFFFFF1F
:10D12000FFFFFFFFFFFFFFFFFFFFFFFFFFFFFFFF0F
:10D13000FFFFFFFFFFFFFFFFFFFFFFFFFFFFFFFFFF
:10D14000FFFFFFFFFFFFFFFFFFFFFFFFFFFFFFFFEF
:10D15000FFFFFFFFFFFFFFFFFFFFFFFFFFFFFFFFDF
:10D16000FFFFFFFFFFFFFFFFFFFFFFFFFFFFFFFFCF
:10D17000FFFFFFFFFFFFFFFFFFFFFFFFFFFFFFFFBF
:10D18000FFFFFFFFFFFFFFFFFFFFFFFFFFFFFFFFAF
:10D19000FFFFFFFFFFFFFFFFFFFFFFFFFFFFFFFF9F
:10D1A000FFFFFFFFFFFFFFFFFFFFFFFFFFFFFFFF8F
:10D1B000FFFFFFFFFFFFFFFFFFFFFFFFFFFFFFFF7F
:10D1C000FFFFFFFFFFFFFFFFFFFFFFFFFFFFFFFF6F
:10D1D000FFFFFFFFFFFFFFFFFFFFFFFFFFFFFFFF5F
:10D1E000FFFFFFFFFFFFFFFFFFFFFFFFFFFFFFFF4F
:10D1F000FFFFFFFFFFFFFFFFFFFFFFFFFFFFFFFF3F
:10D20000FFFFFFFFFFFFFFFFFFFFFFFFFFFFFFFF2E
:10D21000FFFFFFFFFFFFFFFFFFFFFFFFFFFFFFFF1E
:10D22000FFFFFFFFFFFFFFFFFFFFFFFFFFFFFFFF0E
:10D23000FFFFFFFFFFFFFFFFFFFFFFFFFFFFFFFFFE
:10D24000FFFFFFFFFFFFFFFFFFFFFFFFFFFFFFFFEE
:10D25000FFFFFFFFFFFFFFFFFFFFFFFFFFFFFFFFDE
:10D26000FFFFFFFFFFFFFFFFFFFFFFFFFFFFFFFFCE
:10D27000FFFFFFFFFFFFFFFFFFFFFFFFFFFFFFFFBE
:10D28000FFFFFFFFFFFFFFFFFFFFFFFFFFFFFFFFAE
:10D29000FFFFFFFFFFFFFFFFFFFFFFFFFFFFFFFF9E
:10D2A000FFFFFFFFFFFFFFFFFFFFFFFFFFFFFFFF8E
:10D2B000FFFFFFFFFFFFFFFFFFFFFFFFFFFFFFFF7E
:10D2C000FFFFFFFFFFFFFFFFFFFFFFFFFFFFFFFF6E
:10D2D000FFFFFFFFFFFFFFFFFFFFFFFFFFFFFFFF5E
:10D2E000FFFFFFFFFFFFFFFFFFFFFFFFFFFFFFFF4E
:10D2F000FFFFFFFFFFFFFFFFFFFFFFFFFFFFFFFF3E
:10D30000FFFFFFFFFFFFFFFFFFFFFFFFFFFFFFFF2D
:10D31000FFFFFFFFFFFFFFFFFFFFFFFFFFFFFFFF1D
:10D32000FFFFFFFFFFFFFFFFFFFFFFFFFFFFFFFF0D
:10D33000FFFFFFFFFFFFFFFFFFFFFFFFFFFFFFFFFD
:10D34000FFFFFFFFFFFFFFFFFFFFFFFFFFFFFFFFED
:10D35000FFFFFFFFFFFFFFFFFFFFFFFFFFFFFFFFDD
:10D36000FFFFFFFFFFFFFFFFFFFFFFFFFFFFFFFFCD
:10D37000FFFFFFFFFFFFFFFFFFFFFFFFFFFFFFFFBD
:10D38000FFFFFFFFFFFFFFFFFFFFFFFFFFFFFFFFAD
:10D39000FFFFFFFFFFFFFFFFFFFFFFFFFFFFFFFF9D
:10D3A000FFFFFFFFFFFFFFFFFFFFFFFFFFFFFFFF8D
:10D3B000FFFFFFFFFFFFFFFFFFFFFFFFFFFFFFFF7D
:10D3C000FFFFFFFFFFFFFFFFFFFFFFFFFFFFFFFF6D
:10D3D000FFFFFFFFFFFFFFFFFFFFFFFFFFFFFFFF5D
:10D3E000FFFFFFFFFFFFFFFFFFFFFFFFFFFFFFFF4D
:10D3F000FFFFFFFFFFFFFFFFFFFFFFFFFFFFFFFF3D
:10D40000FFFFFFFFFFFFFFFFFFFFFFFFFFFFFFFF2C
:10D41000FFFFFFFFFFFFFFFFFFFFFFFFFFFFFFFF1C
:10D42000FFFFFFFFFFFFFFFFFFFFFFFFFFFFFFFF0C
:10D43000FFFFFFFFFFFFFFFFFFFFFFFFFFFFFFFFFC
:10D44000FFFFFFFFFFFFFFFFFFFFFFFFFFFFFFFFEC
:10D45000FFFFFFFFFFFFFFFFFFFFFFFFFFFFFFFFDC
:10D46000FFFFFFFFFFFFFFFFFFFFFFFFFFFFFFFFCC
:10D47000FFFFFFFFFFFFFFFFFFFFFFFFFFFFFFFFBC
:10D48000FFFFFFFFFFFFFFFFFFFFFFFFFFFFFFFFAC
:10D49000FFFFFFFFFFFFFFFFFFFFFFFFFFFFFFFF9C
:10D4A000FFFFFFFFFFFFFFFFFFFFFFFFFFFFFFFF8C
:10D4B000FFFFFFFFFFFFFFFFFFFFFFFFFFFFFFFF7C
:10D4C000FFFFFFFFFFFFFFFFFFFFFFFFFFFFFFFF6C
:10D4D000FFFFFFFFFFFFFFFFFFFFFFFFFFFFFFFF5C
:10D4E000FFFFFFFFFFFFFFFFFFFFFFFFFFFFFFFF4C
:10D4F000FFFFFFFFFFFFFFFFFFFFFFFFFFFFFFFF3C
:10D50000FFFFFFFFFFFFFFFFFFFFFFFFFFFFFFFF2B
:10D51000FFFFFFFFFFFFFFFFFFFFFFFFFFFFFFFF1B
:10D52000FFFFFFFFFFFFFFFFFFFFFFFFFFFFFFFF0B
:10D53000FFFFFFFFFFFFFFFFFFFFFFFFFFFFFFFFFB
:10D54000FFFFFFFFFFFFFFFFFFFFFFFFFFFFFFFFEB
:10D55000FFFFFFFFFFFFFFFFFFFFFFFFFFFFFFFFDB
:10D56000FFFFFFFFFFFFFFFFFFFFFFFFFFFFFFFFCB
:10D57000FFFFFFFFFFFFFFFFFFFFFFFFFFFFFFFFBB
:10D58000FFFFFFFFFFFFFFFFFFFFFFFFFFFFFFFFAB
:10D59000FFFFFFFFFFFFFFFFFFFFFFFFFFFFFFFF9B
:10D5A000FFFFFFFFFFFFFFFFFFFFFFFFFFFFFFFF8B
:10D5B000FFFFFFFFFFFFFFFFFFFFFFFFFFFFFFFF7B
:10D5C000FFFFFFFFFFFFFFFFFFFFFFFFFFFFFFFF6B
:10D5D000FFFFFFFFFFFFFFFFFFFFFFFFFFFFFFFF5B
:10D5E000FFFFFFFFFFFFFFFFFFFFFFFFFFFFFFFF4B
:10D5F000FFFFFFFFFFFFFFFFFFFFFFFFFFFFFFFF3B
:10D60000FFFFFFFFFFFFFFFFFFFFFFFFFFFFFFFF2A
:10D61000FFFFFFFFFFFFFFFFFFFFFFFFFFFFFFFF1A
:10D62000FFFFFFFFFFFFFFFFFFFFFFFFFFFFFFFF0A
:10D63000FFFFFFFFFFFFFFFFFFFFFFFFFFFFFFFFFA
:10D64000FFFFFFFFFFFFFFFFFFFFFFFFFFFFFFFFEA
:10D65000FFFFFFFFFFFFFFFFFFFFFFFFFFFFFFFFDA
:10D66000FFFFFFFFFFFFFFFFFFFFFFFFFFFFFFFFCA
:10D67000FFFFFFFFFFFFFFFFFFFFFFFFFFFFFFFFBA
:10D68000FFFFFFFFFFFFFFFFFFFFFFFFFFFFFFFFAA
:10D69000FFFFFFFFFFFFFFFFFFFFFFFFFFFFFFFF9A
:10D6A000FFFFFFFFFFFFFFFFFFFFFFFFFFFFFFFF8A
:10D6B000FFFFFFFFFFFFFFFFFFFFFFFFFFFFFFFF7A
:10D6C000FFFFFFFFFFFFFFFFFFFFFFFFFFFFFFFF6A
:10D6D000FFFFFFFFFFFFFFFFFFFFFFFFFFFFFFFF5A
:10D6E000FFFFFFFFFFFFFFFFFFFFFFFFFFFFFFFF4A
:10D6F000FFFFFFFFFFFFFFFFFFFFFFFFFFFFFFFF3A
:10D70000FFFFFFFFFFFFFFFFFFFFFFFFFFFFFFFF29
:10D71000FFFFFFFFFFFFFFFFFFFFFFFFFFFFFFFF19
:10D72000FFFFFFFFFFFFFFFFFFFFFFFFFFFFFFFF09
:10D73000FFFFFFFFFFFFFFFFFFFFFFFFFFFFFFFFF9
:10D74000FFFFFFFFFFFFFFFFFFFFFFFFFFFFFFFFE9
:10D75000FFFFFFFFFFFFFFFFFFFFFFFFFFFFFFFFD9
:10D76000FFFFFFFFFFFFFFFFFFFFFFFFFFFFFFFFC9
:10D77000FFFFFFFFFFFFFFFFFFFFFFFFFFFFFFFFB9
:10D78000FFFFFFFFFFFFFFFFFFFFFFFFFFFFFFFFA9
:10D79000FFFFFFFFFFFFFFFFFFFFFFFFFFFFFFFF99
:10D7A000FFFFFFFFFFFFFFFFFFFFFFFFFFFFFFFF89
:10D7B000FFFFFFFFFFFFFFFFFFFFFFFFFFFFFFFF79
:10D7C000FFFFFFFFFFFFFFFFFFFFFFFFFFFFFFFF69
:10D7D000FFFFFFFFFFFFFFFFFFFFFFFFFFFFFFFF59
:10D7E000FFFFFFFFFFFFFFFFFFFFFFFFFFFFFFFF49
:10D7F000FFFFFFFFFFFFFFFFFFFFFFFFFFFFFFFF39
:10D80000FFFFFFFFFFFFFFFFFFFFFFFFFFFFFFFF28
:10D81000FFFFFFFFFFFFFFFFFFFFFFFFFFFFFFFF18
:10D82000FFFFFFFFFFFFFFFFFFFFFFFFFFFFFFFF08
:10D83000FFFFFFFFFFFFFFFFFFFFFFFFFFFFFFFFF8
:10D84000FFFFFFFFFFFFFFFFFFFFFFFFFFFFFFFFE8
:10D85000FFFFFFFFFFFFFFFFFFFFFFFFFFFFFFFFD8
:10D86000FFFFFFFFFFFFFFFFFFFFFFFFFFFFFFFFC8
:10D87000FFFFFFFFFFFFFFFFFFFFFFFFFFFFFFFFB8
:10D88000FFFFFFFFFFFFFFFFFFFFFFFFFFFFFFFFA8
:10D89000FFFFFFFFFFFFFFFFFFFFFFFFFFFFFFFF98
:10D8A000FFFFFFFFFFFFFFFFFFFFFFFFFFFFFFFF88
:10D8B000FFFFFFFFFFFFFFFFFFFFFFFFFFFFFFFF78
:10D8C000FFFFFFFFFFFFFFFFFFFFFFFFFFFFFFFF68
:10D8D000FFFFFFFFFFFFFFFFFFFFFFFFFFFFFFFF58
:10D8E000FFFFFFFFFFFFFFFFFFFFFFFFFFFFFFFF48
:10D8F000FFFFFFFFFFFFFFFFFFFFFFFFFFFFFFFF38
:10D90000FFFFFFFFFFFFFFFFFFFFFFFFFFFFFFFF27
:10D91000FFFFFFFFFFFFFFFFFFFFFFFFFFFFFFFF17
:10D92000FFFFFFFFFFFFFFFFFFFFFFFFFFFFFFFF07
:10D93000FFFFFFFFFFFFFFFFFFFFFFFFFFFFFFFFF7
:10D94000FFFFFFFFFFFFFFFFFFFFFFFFFFFFFFFFE7
:10D95000FFFFFFFFFFFFFFFFFFFFFFFFFFFFFFFFD7
:10D96000FFFFFFFFFFFFFFFFFFFFFFFFFFFFFFFFC7
:10D97000FFFFFFFFFFFFFFFFFFFFFFFFFFFFFFFFB7
:10D98000FFFFFFFFFFFFFFFFFFFFFFFFFFFFFFFFA7
:10D99000FFFFFFFFFFFFFFFFFFFFFFFFFFFFFFFF97
:10D9A000FFFFFFFFFFFFFFFFFFFFFFFFFFFFFFFF87
:10D9B000FFFFFFFFFFFFFFFFFFFFFFFFFFFFFFFF77
:10D9C000FFFFFFFFFFFFFFFFFFFFFFFFFFFFFFFF67
:10D9D000FFFFFFFFFFFFFFFFFFFFFFFFFFFFFFFF57
:10D9E000FFFFFFFFFFFFFFFFFFFFFFFFFFFFFFFF47
:10D9F000FFFFFFFFFFFFFFFFFFFFFFFFFFFFFFFF37
:10DA0000FFFFFFFFFFFFFFFFFFFFFFFFFFFFFFFF26
:10DA1000FFFFFFFFFFFFFFFFFFFFFFFFFFFFFFFF16
:10DA2000FFFFFFFFFFFFFFFFFFFFFFFFFFFFFFFF06
:10DA3000FFFFFFFFFFFFFFFFFFFFFFFFFFFFFFFFF6
:10DA4000FFFFFFFFFFFFFFFFFFFFFFFFFFFFFFFFE6
:10DA5000FFFFFFFFFFFFFFFFFFFFFFFFFFFFFFFFD6
:10DA6000FFFFFFFFFFFFFFFFFFFFFFFFFFFFFFFFC6
:10DA7000FFFFFFFFFFFFFFFFFFFFFFFFFFFFFFFFB6
:10DA8000FFFFFFFFFFFFFFFFFFFFFFFFFFFFFFFFA6
:10DA9000FFFFFFFFFFFFFFFFFFFFFFFFFFFFFFFF96
:10DAA000FFFFFFFFFFFFFFFFFFFFFFFFFFFFFFFF86
:10DAB000FFFFFFFFFFFFFFFFFFFFFFFFFFFFFFFF76
:10DAC000FFFFFFFFFFFFFFFFFFFFFFFFFFFFFFFF66
:10DAD000FFFFFFFFFFFFFFFFFFFFFFFFFFFFFFFF56
:10DAE000FFFFFFFFFFFFFFFFFFFFFFFFFFFFFFFF46
:10DAF000FFFFFFFFFFFFFFFFFFFFFFFFFFFFFFFF36
:10DB0000FFFFFFFFFFFFFFFFFFFFFFFFFFFFFFFF25
:10DB1000FFFFFFFFFFFFFFFFFFFFFFFFFFFFFFFF15
:10DB2000FFFFFFFFFFFFFFFFFFFFFFFFFFFFFFFF05
:10DB3000FFFFFFFFFFFFFFFFFFFFFFFFFFFFFFFFF5
:10DB4000FFFFFFFFFFFFFFFFFFFFFFFFFFFFFFFFE5
:10DB5000FFFFFFFFFFFFFFFFFFFFFFFFFFFFFFFFD5
:10DB6000FFFFFFFFFFFFFFFFFFFFFFFFFFFFFFFFC5
:10DB7000FFFFFFFFFFFFFFFFFFFFFFFFFFFFFFFFB5
:10DB8000FFFFFFFFFFFFFFFFFFFFFFFFFFFFFFFFA5
:10DB9000FFFFFFFFFFFFFFFFFFFFFFFFFFFFFFFF95
:10DBA000FFFFFFFFFFFFFFFFFFFFFFFFFFFFFFFF85
:10DBB000FFFFFFFFFFFFFFFFFFFFFFFFFFFFFFFF75
:10DBC000FFFFFFFFFFFFFFFFFFFFFFFFFFFFFFFF65
:10DBD000FFFFFFFFFFFFFFFFFFFFFFFFFFFFFFFF55
:10DBE000FFFFFFFFFFFFFFFFFFFFFFFFFFFFFFFF45
:10DBF000FFFFFFFFFFFFFFFFFFFFFFFFFFFFFFFF35
:10DC0000FFFFFFFFFFFFFFFFFFFFFFFFFFFFFFFF24
:10DC1000FFFFFFFFFFFFFFFFFFFFFFFFFFFFFFFF14
:10DC2000FFFFFFFFFFFFFFFFFFFFFFFFFFFFFFFF04
:10DC3000FFFFFFFFFFFFFFFFFFFFFFFFFFFFFFFFF4
:10DC4000FFFFFFFFFFFFFFFFFFFFFFFFFFFFFFFFE4
:10DC5000FFFFFFFFFFFFFFFFFFFFFFFFFFFFFFFFD4
:10DC6000FFFFFFFFFFFFFFFFFFFFFFFFFFFFFFFFC4
:10DC7000FFFFFFFFFFFFFFFFFFFFFFFFFFFFFFFFB4
:10DC8000FFFFFFFFFFFFFFFFFFFFFFFFFFFFFFFFA4
:10DC9000FFFFFFFFFFFFFFFFFFFFFFFFFFFFFFFF94
:10DCA000FFFFFFFFFFFFFFFFFFFFFFFFFFFFFFFF84
:10DCB000FFFFFFFFFFFFFFFFFFFFFFFFFFFFFFFF74
:10DCC000FFFFFFFFFFFFFFFFFFFFFFFFFFFFFFFF64
:10DCD000FFFFFFFFFFFFFFFFFFFFFFFFFFFFFFFF54
:10DCE000FFFFFFFFFFFFFFFFFFFFFFFFFFFFFFFF44
:10DCF000FFFFFFFFFFFFFFFFFFFFFFFFFFFFFFFF34
:10DD0000FFFFFFFFFFFFFFFFFFFFFFFFFFFFFFFF23
:10DD1000FFFFFFFFFFFFFFFFFFFFFFFFFFFFFFFF13
:10DD2000FFFFFFFFFFFFFFFFFFFFFFFFFFFFFFFF03
:10DD3000FFFFFFFFFFFFFFFFFFFFFFFFFFFFFFFFF3
:10DD4000FFFFFFFFFFFFFFFFFFFFFFFFFFFFFFFFE3
:10DD5000FFFFFFFFFFFFFFFFFFFFFFFFFFFFFFFFD3
:10DD6000FFFFFFFFFFFFFFFFFFFFFFFFFFFFFFFFC3
:10DD7000FFFFFFFFFFFFFFFFFFFFFFFFFFFFFFFFB3
:10DD8000FFFFFFFFFFFFFFFFFFFFFFFFFFFFFFFFA3
:10DD9000FFFFFFFFFFFFFFFFFFFFFFFFFFFFFFFF93
:10DDA000FFFFFFFFFFFFFFFFFFFFFFFFFFFFFFFF83
:10DDB000FFFFFFFFFFFFFFFFFFFFFFFFFFFFFFFF73
:10DDC000FFFFFFFFFFFFFFFFFFFFFFFFFFFFFFFF63
:10DDD000FFFFFFFFFFFFFFFFFFFFFFFFFFFFFFFF53
:10DDE000FFFFFFFFFFFFFFFFFFFFFFFFFFFFFFFF43
:10DDF000FFFFFFFFFFFFFFFFFFFFFFFFFFFFFFFF33
:10DE0000FFFFFFFFFFFFFFFFFFFFFFFFFFFFFFFF22
:10DE1000FFFFFFFFFFFFFFFFFFFFFFFFFFFFFFFF12
:10DE2000FFFFFFFFFFFFFFFFFFFFFFFFFFFFFFFF02
:10DE3000FFFFFFFFFFFFFFFFFFFFFFFFFFFFFFFFF2
:10DE4000FFFFFFFFFFFFFFFFFFFFFFFFFFFFFFFFE2
:10DE5000FFFFFFFFFFFFFFFFFFFFFFFFFFFFFFFFD2
:10DE6000FFFFFFFFFFFFFFFFFFFFFFFFFFFFFFFFC2
:10DE7000FFFFFFFFFFFFFFFFFFFFFFFFFFFFFFFFB2
:10DE8000FFFFFFFFFFFFFFFFFFFFFFFFFFFFFFFFA2
:10DE9000FFFFFFFFFFFFFFFFFFFFFFFFFFFFFFFF92
:10DEA000FFFFFFFFFFFFFFFFFFFFFFFFFFFFFFFF82
:10DEB000FFFFFFFFFFFFFFFFFFFFFFFFFFFFFFFF72
:10DEC000FFFFFFFFFFFFFFFFFFFFFFFFFFFFFFFF62
:10DED000FFFFFFFFFFFFFFFFFFFFFFFFFFFFFFFF52
:10DEE000FFFFFFFFFFFFFFFFFFFFFFFFFFFFFFFF42
:10DEF000FFFFFFFFFFFFFFFFFFFFFFFFFFFFFFFF32
:10DF0000FFFFFFFFFFFFFFFFFFFFFFFFFFFFFFFF21
:10DF1000FFFFFFFFFFFFFFFFFFFFFFFFFFFFFFFF11
:10DF2000FFFFFFFFFFFFFFFFFFFFFFFFFFFFFFFF01
:10DF3000FFFFFFFFFFFFFFFFFFFFFFFFFFFFFFFFF1
:10DF4000FFFFFFFFFFFFFFFFFFFFFFFFFFFFFFFFE1
:10DF5000FFFFFFFFFFFFFFFFFFFFFFFFFFFFFFFFD1
:10DF6000FFFFFFFFFFFFFFFFFFFFFFFFFFFFFFFFC1
:10DF7000FFFFFFFFFFFFFFFFFFFFFFFFFFFFFFFFB1
:10DF8000FFFFFFFFFFFFFFFFFFFFFFFFFFFFFFFFA1
:10DF9000FFFFFFFFFFFFFFFFFFFFFFFFFFFFFFFF91
:10DFA000FFFFFFFFFFFFFFFFFFFFFFFFFFFFFFFF81
:10DFB000FFFFFFFFFFFFFFFFFFFFFFFFFFFFFFFF71
:10DFC000FFFFFFFFFFFFFFFFFFFFFFFFFFFFFFFF61
:10DFD000FFFFFFFFFFFFFFFFFFFFFFFFFFFFFFFF51
:10DFE000FFFFFFFFFFFFFFFFFFFFFFFFFFFFFFFF41
:10DFF000FFFFFFFFFFFFFFFFFFFFFFFFFFFFFFFF31
:10E00000FFFF0000FFFFFFFFFFFFFFFFFFFFFFFF1E
:10E01000FFFFFFFFFFFFFFFFFFFFFFFFFFFFFFFF10
:10E02000FFFFFFFFFFFFFFFFFFFFFFFFFFFFFFFF00
:10E03000FFFFFFFFFFFFFFFFFFFFFFFFFFFFFFFFF0
:10E04000FFFFFFFFFFFFFFFFFFFFFFFFFFFFFFFFE0
:10E05000FFFFFFFFFFFFFFFFFFFFFFFFFFFFFFFFD0
:10E06000FFFFFFFFFFFFFFFFFFFFFFFFFFFFFFFFC0
:10E07000FFFFFFFFFFFFFFFFFFFFFFFFFFFFFFFFB0
:10E08000FFFFFFFFFFFFFFFFFFFFFFFFFFFFFFFFA0
:10E09000FFFFFFFFFFFFFFFFFFFFFFFFFFFFFFFF90
:10E0A000FFFFFFFFFFFFFFFFFFFFFFFFFFFFFFFF80
:10E0B000FFFFFFFFFFFFFFFFFFFFFFFFFFFFFFFF70
:10E0C000FFFFFFFFFFFFFFFFFFFFFFFFFFFFFFFF60
:10E0D000FFFFFFFFFFFFFFFFFFFFFFFFFFFFFFFF50
:10E0E000FFFFFFFFFFFFFFFFFFFFFFFFFFFFFFFF40
:10E0F000FFFFFFFFFFFFFFFFFFFFFFFFFFFFFFFF30
:10E10000FFFFFFFFFFFFFFFFFFFFFFFFFFFFFFFF1F
:10E11000FFFFFFFFFFFFFFFFFFFFFFFFFFFFFFFF0F
:10E12000FFFFFFFFFFFFFFFFFFFFFFFFFFFFFFFFFF
:10E13000FFFFFFFFFFFFFFFFFFFFFFFFFFFFFFFFEF
:10E14000FFFFFFFFFFFFFFFFFFFFFFFFFFFFFFFFDF
:10E15000FFFFFFFFFFFFFFFFFFFFFFFFFFFFFFFFCF
:10E16000FFFFFFFFFFFFFFFFFFFFFFFFFFFFFFFFBF
:10E17000FFFFFFFFFFFFFFFFFFFFFFFFFFFFFFFFAF
:10E18000FFFFFFFFFFFFFFFFFFFFFFFFFFFFFFFF9F
:10E19000FFFFFFFFFFFFFFFFFFFFFFFFFFFFFFFF8F
:10E1A000FFFFFFFFFFFFFFFFFFFFFFFFFFFFFFFF7F
:10E1B000FFFFFFFFFFFFFFFFFFFFFFFFFFFFFFFF6F
:10E1C000FFFFFFFFFFFFFFFFFFFFFFFFFFFFFFFF5F
:10E1D000FFFFFFFFFFFFFFFFFFFFFFFFFFFFFFFF4F
:10E1E000FFFFFFFFFFFFFFFFFFFFFFFFFFFFFFFF3F
:10E1F000FFFFFFFFFFFFFFFFFFFFFFFFFFFFFFFF2F
:10E20000FFFFFFFFFFFFFFFFFFFFFFFFFFFFFFFF1E
:10E21000FFFFFFFFFFFFFFFFFFFFFFFFFFFFFFFF0E
:10E22000FFFFFFFFFFFFFFFFFFFFFFFFFFFFFFFFFE
:10E23000FFFFFFFFFFFFFFFFFFFFFFFFFFFFFFFFEE
:10E24000FFFFFFFFFFFFFFFFFFFFFFFFFFFFFFFFDE
:10E25000FFFFFFFFFFFFFFFFFFFFFFFFFFFFFFFFCE
:10E26000FFFFFFFFFFFFFFFFFFFFFFFFFFFFFFFFBE
:10E27000FFFFFFFFFFFFFFFFFFFFFFFFFFFFFFFFAE
:10E28000FFFFFFFFFFFFFFFFFFFFFFFFFFFFFFFF9E
:10E29000FFFFFFFFFFFFFFFFFFFFFFFFFFFFFFFF8E
:10E2A000FFFFFFFFFFFFFFFFFFFFFFFFFFFFFFFF7E
:10E2B000FFFFFFFFFFFFFFFFFFFFFFFFFFFFFFFF6E
:10E2C000FFFFFFFFFFFFFFFFFFFFFFFFFFFFFFFF5E
:10E2D000FFFFFFFFFFFFFFFFFFFFFFFFFFFFFFFF4E
:10E2E000FFFFFFFFFFFFFFFFFFFFFFFFFFFFFFFF3E
:10E2F000FFFFFFFFFFFFFFFFFFFFFFFFFFFFFFFF2E
:10E30000FFFFFFFFFFFFFFFFFFFFFFFFFFFFFFFF1D
:10E31000FFFFFFFFFFFFFFFFFFFFFFFFFFFFFFFF0D
:10E32000FFFFFFFFFFFFFFFFFFFFFFFFFFFFFFFFFD
:10E33000FFFFFFFFFFFFFFFFFFFFFFFFFFFFFFFFED
:10E34000FFFFFFFFFFFFFFFFFFFFFFFFFFFFFFFFDD
:10E35000FFFFFFFFFFFFFFFFFFFFFFFFFFFFFFFFCD
:10E36000FFFFFFFFFFFFFFFFFFFFFFFFFFFFFFFFBD
:10E37000FFFFFFFFFFFFFFFFFFFFFFFFFFFFFFFFAD
:10E38000FFFFFFFFFFFFFFFFFFFFFFFFFFFFFFFF9D
:10E39000FFFFFFFFFFFFFFFFFFFFFFFFFFFFFFFF8D
:10E3A000FFFFFFFFFFFFFFFFFFFFFFFFFFFFFFFF7D
:10E3B000FFFFFFFFFFFFFFFFFFFFFFFFFFFFFFFF6D
:10E3C000FFFFFFFFFFFFFFFFFFFFFFFFFFFFFFFF5D
:10E3D000FFFFFFFFFFFFFFFFFFFFFFFFFFFFFFFF4D
:10E3E000FFFFFFFFFFFFFFFFFFFFFFFFFFFFFFFF3D
:10E3F000FFFFFFFFFFFFFFFFFFFFFFFFFFFFFFFF2D
:10E40000FFFFFFFFFFFFFFFFFFFFFFFFFFFFFFFF1C
:10E41000FFFFFFFFFFFFFFFFFFFFFFFFFFFFFFFF0C
:10E42000FFFFFFFFFFFFFFFFFFFFFFFFFFFFFFFFFC
:10E43000FFFFFFFFFFFFFFFFFFFFFFFFFFFFFFFFEC
:10E44000FFFFFFFFFFFFFFFFFFFFFFFFFFFFFFFFDC
:10E45000FFFFFFFFFFFFFFFFFFFFFFFFFFFFFFFFCC
:10E46000FFFFFFFFFFFFFFFFFFFFFFFFFFFFFFFFBC
:10E47000FFFFFFFFFFFFFFFFFFFFFFFFFFFFFFFFAC
:10E48000FFFFFFFFFFFFFFFFFFFFFFFFFFFFFFFF9C
:10E49000FFFFFFFFFFFFFFFFFFFFFFFFFFFFFFFF8C
:10E4A000FFFFFFFFFFFFFFFFFFFFFFFFFFFFFFFF7C
:10E4B000FFFFFFFFFFFFFFFFFFFFFFFFFFFFFFFF6C
:10E4C000FFFFFFFFFFFFFFFFFFFFFFFFFFFFFFFF5C
:10E4D000FFFFFFFFFFFFFFFFFFFFFFFFFFFFFFFF4C
:10E4E000FFFFFFFFFFFFFFFFFFFFFFFFFFFFFFFF3C
:10E4F000FFFFFFFFFFFFFFFFFFFFFFFFFFFFFFFF2C
:10E50000FFFFFFFFFFFFFFFFFFFFFFFFFFFFFFFF1B
:10E51000FFFFFFFFFFFFFFFFFFFFFFFFFFFFFFFF0B
:10E52000FFFFFFFFFFFFFFFFFFFFFFFFFFFFFFFFFB
:10E53000FFFFFFFFFFFFFFFFFFFFFFFFFFFFFFFFEB
:10E54000FFFFFFFFFFFFFFFFFFFFFFFFFFFFFFFFDB
:10E55000FFFFFFFFFFFFFFFFFFFFFFFFFFFFFFFFCB
:10E56000FFFFFFFFFFFFFFFFFFFFFFFFFFFFFFFFBB
:10E57000FFFFFFFFFFFFFFFFFFFFFFFFFFFFFFFFAB
:10E58000FFFFFFFFFFFFFFFFFFFFFFFFFFFFFFFF9B
:10E59000FFFFFFFFFFFFFFFFFFFFFFFFFFFFFFFF8B
:10E5A000FFFFFFFFFFFFFFFFFFFFFFFFFFFFFFFF7B
:10E5B000FFFFFFFFFFFFFFFFFFFFFFFFFFFFFFFF6B
:10E5C000FFFFFFFFFFFFFFFFFFFFFFFFFFFFFFFF5B
:10E5D000FFFFFFFFFFFFFFFFFFFFFFFFFFFFFFFF4B
:10E5E000FFFFFFFFFFFFFFFFFFFFFFFFFFFFFFFF3B
:10E5F000FFFFFFFFFFFFFFFFFFFFFFFFFFFFFFFF2B
:10E60000FFFFFFFFFFFFFFFFFFFFFFFFFFFFFFFF1A
:10E61000FFFFFFFFFFFFFFFFFFFFFFFFFFFFFFFF0A
:10E62000FFFFFFFFFFFFFFFFFFFFFFFFFFFFFFFFFA
:10E63000FFFFFFFFFFFFFFFFFFFFFFFFFFFFFFFFEA
:10E64000FFFFFFFFFFFFFFFFFFFFFFFFFFFFFFFFDA
:10E65000FFFFFFFFFFFFFFFFFFFFFFFFFFFFFFFFCA
:10E66000FFFFFFFFFFFFFFFFFFFFFFFFFFFFFFFFBA
:10E67000FFFFFFFFFFFFFFFFFFFFFFFFFFFFFFFFAA
:10E68000FFFFFFFFFFFFFFFFFFFFFFFFFFFFFFFF9A
:10E69000FFFFFFFFFFFFFFFFFFFFFFFFFFFFFFFF8A
:10E6A000FFFFFFFFFFFFFFFFFFFFFFFFFFFFFFFF7A
:10E6B000FFFFFFFFFFFFFFFFFFFFFFFFFFFFFFFF6A
:10E6C000FFFFFFFFFFFFFFFFFFFFFFFFFFFFFFFF5A
:10E6D000FFFFFFFFFFFFFFFFFFFFFFFFFFFFFFFF4A
:10E6E000FFFFFFFFFFFFFFFFFFFFFFFFFFFFFFFF3A
:10E6F000FFFFFFFFFFFFFFFFFFFFFFFFFFFFFFFF2A
:10E70000FFFFFFFFFFFFFFFFFFFFFFFFFFFFFFFF19
:10E71000FFFFFFFFFFFFFFFFFFFFFFFFFFFFFFFF09
:10E72000FFFFFFFFFFFFFFFFFFFFFFFFFFFFFFFFF9
:10E73000FFFFFFFFFFFFFFFFFFFFFFFFFFFFFFFFE9
:10E74000FFFFFFFFFFFFFFFFFFFFFFFFFFFFFFFFD9
:10E75000FFFFFFFFFFFFFFFFFFFFFFFFFFFFFFFFC9
:10E76000FFFFFFFFFFFFFFFFFFFFFFFFFFFFFFFFB9
:10E77000FFFFFFFFFFFFFFFFFFFFFFFFFFFFFFFFA9
:10E78000FFFFFFFFFFFFFFFFFFFFFFFFFFFFFFFF99
:10E79000FFFFFFFFFFFFFFFFFFFFFFFFFFFFFFFF89
:10E7A000FFFFFFFFFFFFFFFFFFFFFFFFFFFFFFFF79
:10E7B000FFFFFFFFFFFFFFFFFFFFFFFFFFFFFFFF69
:10E7C000FFFFFFFFFFFFFFFFFFFFFFFFFFFFFFFF59
:10E7D000FFFFFFFFFFFFFFFFFFFFFFFFFFFFFFFF49
:10E7E000FFFFFFFFFFFFFFFFFFFFFFFFFFFFFFFF39
:10E7F000FFFFFFFFFFFFFFFFFFFFFFFFFFFFFFFF29
:10E80000FFFFFFFFFFFFFFFFFFFFFFFFFFFFFFFF18
:10E81000FFFFFFFFFFFFFFFFFFFFFFFFFFFFFFFF08
:10E82000FFFFFFFFFFFFFFFFFFFFFFFFFFFFFFFFF8
:10E83000FFFFFFFFFFFFFFFFFFFFFFFFFFFFFFFFE8
:10E84000FFFFFFFFFFFFFFFFFFFFFFFFFFFFFFFFD8
:10E85000FFFFFFFFFFFFFFFFFFFFFFFFFFFFFFFFC8
:10E86000FFFFFFFFFFFFFFFFFFFFFFFFFFFFFFFFB8
:10E87000FFFFFFFFFFFFFFFFFFFFFFFFFFFFFFFFA8
:10E88000FFFFFFFFFFFFFFFFFFFFFFFFFFFFFFFF98
:10E89000FFFFFFFFFFFFFFFFFFFFFFFFFFFFFFFF88
:10E8A000FFFFFFFFFFFFFFFFFFFFFFFFFFFFFFFF78
:10E8B000FFFFFFFFFFFFFFFFFFFFFFFFFFFFFFFF68
:10E8C000FFFFFFFFFFFFFFFFFFFFFFFFFFFFFFFF58
:10E8D000FFFFFFFFFFFFFFFFFFFFFFFFFFFFFFFF48
:10E8E000FFFFFFFFFFFFFFFFFFFFFFFFFFFFFFFF38
:10E8F000FFFFFFFFFFFFFFFFFFFFFFFFFFFFFFFF28
:10E90000FFFFFFFFFFFFFFFFFFFFFFFFFFFFFFFF17
:10E91000FFFFFFFFFFFFFFFFFFFFFFFFFFFFFFFF07
:10E92000FFFFFFFFFFFFFFFFFFFFFFFFFFFFFFFFF7
:10E93000FFFFFFFFFFFFFFFFFFFFFFFFFFFFFFFFE7
:10E94000FFFFFFFFFFFFFFFFFFFFFFFFFFFFFFFFD7
:10E95000FFFFFFFFFFFFFFFFFFFFFFFFFFFFFFFFC7
:10E96000FFFFFFFFFFFFFFFFFFFFFFFFFFFFFFFFB7
:10E97000FFFFFFFFFFFFFFFFFFFFFFFFFFFFFFFFA7
:10E98000FFFFFFFFFFFFFFFFFFFFFFFFFFFFFFFF97
:10E99000FFFFFFFFFFFFFFFFFFFFFFFFFFFFFFFF87
:10E9A000FFFFFFFFFFFFFFFFFFFFFFFFFFFFFFFF77
:10E9B000FFFFFFFFFFFFFFFFFFFFFFFFFFFFFFFF67
:10E9C000FFFFFFFFFFFFFFFFFFFFFFFFFFFFFFFF57
:10E9D000FFFFFFFFFFFFFFFFFFFFFFFFFFFFFFFF47
:10E9E000FFFFFFFFFFFFFFFFFFFFFFFFFFFFFFFF37
:10E9F000FFFFFFFFFFFFFFFFFFFFFFFFFFFFFFFF27
:10EA0000FFFFFFFFFFFFFFFFFFFFFFFFFFFFFFFF16
:10EA1000FFFFFFFFFFFFFFFFFFFFFFFFFFFFFFFF06
:10EA2000FFFFFFFFFFFFFFFFFFFFFFFFFFFFFFFFF6
:10EA3000FFFFFFFFFFFFFFFFFFFFFFFFFFFFFFFFE6
:10EA4000FFFFFFFFFFFFFFFFFFFFFFFFFFFFFFFFD6
:10EA5000FFFFFFFFFFFFFFFFFFFFFFFFFFFFFFFFC6
:10EA6000FFFFFFFFFFFFFFFFFFFFFFFFFFFFFFFFB6
:10EA7000FFFFFFFFFFFFFFFFFFFFFFFFFFFFFFFFA6
:10EA8000FFFFFFFFFFFFFFFFFFFFFFFFFFFFFFFF96
:10EA9000FFFFFFFFFFFFFFFFFFFFFFFFFFFFFFFF86
:10EAA000FFFFFFFFFFFFFFFFFFFFFFFFFFFFFFFF76
:10EAB000FFFFFFFFFFFFFFFFFFFFFFFFFFFFFFFF66
:10EAC000FFFFFFFFFFFFFFFFFFFFFFFFFFFFFFFF56
:10EAD000FFFFFFFFFFFFFFFFFFFFFFFFFFFFFFFF46
:10EAE000FFFFFFFFFFFFFFFFFFFFFFFFFFFFFFFF36
:10EAF000FFFFFFFFFFFFFFFFFFFFFFFFFFFFFFFF26
:10EB0000FFFFFFFFFFFFFFFFFFFFFFFFFFFFFFFF15
:10EB1000FFFFFFFFFFFFFFFFFFFFFFFFFFFFFFFF05
:10EB2000FFFFFFFFFFFFFFFFFFFFFFFFFFFFFFFFF5
:10EB3000FFFFFFFFFFFFFFFFFFFFFFFFFFFFFFFFE5
:10EB4000FFFFFFFFFFFFFFFFFFFFFFFFFFFFFFFFD5
:10EB5000FFFFFFFFFFFFFFFFFFFFFFFFFFFFFFFFC5
:10EB6000FFFFFFFFFFFFFFFFFFFFFFFFFFFFFFFFB5
:10EB7000FFFFFFFFFFFFFFFFFFFFFFFFFFFFFFFFA5
:10EB8000FFFFFFFFFFFFFFFFFFFFFFFFFFFFFFFF95
:10EB9000FFFFFFFFFFFFFFFFFFFFFFFFFFFFFFFF85
:10EBA000FFFFFFFFFFFFFFFFFFFFFFFFFFFFFFFF75
:10EBB000FFFFFFFFFFFFFFFFFFFFFFFFFFFFFFFF65
:10EBC000FFFFFFFFFFFFFFFFFFFFFFFFFFFFFFFF55
:10EBD000FFFFFFFFFFFFFFFFFFFFFFFFFFFFFFFF45
:10EBE000FFFFFFFFFFFFFFFFFFFFFFFFFFFFFFFF35
:10EBF000FFFFFFFFFFFFFFFFFFFFFFFFFFFFFFFF25
:10EC0000FFFFFFFFFFFFFFFFFFFFFFFFFFFFFFFF14
:10EC1000FFFFFFFFFFFFFFFFFFFFFFFFFFFFFFFF04
:10EC2000FFFFFFFFFFFFFFFFFFFFFFFFFFFFFFFFF4
:10EC3000FFFFFFFFFFFFFFFFFFFFFFFFFFFFFFFFE4
:10EC4000FFFFFFFFFFFFFFFFFFFFFFFFFFFFFFFFD4
:10EC5000FFFFFFFFFFFFFFFFFFFFFFFFFFFFFFFFC4
:10EC6000FFFFFFFFFFFFFFFFFFFFFFFFFFFFFFFFB4
:10EC7000FFFFFFFFFFFFFFFFFFFFFFFFFFFFFFFFA4
:10EC8000FFFFFFFFFFFFFFFFFFFFFFFFFFFFFFFF94
:10EC9000FFFFFFFFFFFFFFFFFFFFFFFFFFFFFFFF84
:10ECA000FFFFFFFFFFFFFFFFFFFFFFFFFFFFFFFF74
:10ECB000FFFFFFFFFFFFFFFFFFFFFFFFFFFFFFFF64
:10ECC000FFFFFFFFFFFFFFFFFFFFFFFFFFFFFFFF54
:10ECD000FFFFFFFFFFFFFFFFFFFFFFFFFFFFFFFF44
:10ECE000FFFFFFFFFFFFFFFFFFFFFFFFFFFFFFFF34
:10ECF000FFFFFFFFFFFFFFFFFFFFFFFFFFFFFFFF24
:10ED0000FFFFFFFFFFFFFFFFFFFFFFFFFFFFFFFF13
:10ED1000FFFFFFFFFFFFFFFFFFFFFFFFFFFFFFFF03
:10ED2000FFFFFFFFFFFFFFFFFFFFFFFFFFFFFFFFF3
:10ED3000FFFFFFFFFFFFFFFFFFFFFFFFFFFFFFFFE3
:10ED4000FFFFFFFFFFFFFFFFFFFFFFFFFFFFFFFFD3
:10ED5000FFFFFFFFFFFFFFFFFFFFFFFFFFFFFFFFC3
:10ED6000FFFFFFFFFFFFFFFFFFFFFFFFFFFFFFFFB3
:10ED7000FFFFFFFFFFFFFFFFFFFFFFFFFFFFFFFFA3
:10ED8000FFFFFFFFFFFFFFFFFFFFFFFFFFFFFFFF93
:10ED9000FFFFFFFFFFFFFFFFFFFFFFFFFFFFFFFF83
:10EDA000FFFFFFFFFFFFFFFFFFFFFFFFFFFFFFFF73
:10EDB000FFFFFFFFFFFFFFFFFFFFFFFFFFFFFFFF63
:10EDC000FFFFFFFFFFFFFFFFFFFFFFFFFFFFFFFF53
:10EDD000FFFFFFFFFFFFFFFFFFFFFFFFFFFFFFFF43
:10EDE000FFFFFFFFFFFFFFFFFFFFFFFFFFFFFFFF33
:10EDF000FFFFFFFFFFFFFFFFFFFFFFFFFFFFFFFF23
:10EE0000FFFFFFFFFFFFFFFFFFFFFFFFFFFFFFFF12
:10EE1000FFFFFFFFFFFFFFFFFFFFFFFFFFFFFFFF02
:10EE2000FFFFFFFFFFFFFFFFFFFFFFFFFFFFFFFFF2
:10EE3000FFFFFFFFFFFFFFFFFFFFFFFFFFFFFFFFE2
:10EE4000FFFFFFFFFFFFFFFFFFFFFFFFFFFFFFFFD2
:10EE5000FFFFFFFFFFFFFFFFFFFFFFFFFFFFFFFFC2
:10EE6000FFFFFFFFFFFFFFFFFFFFFFFFFFFFFFFFB2
:10EE7000FFFFFFFFFFFFFFFFFFFFFFFFFFFFFFFFA2
:10EE8000FFFFFFFFFFFFFFFFFFFFFFFFFFFFFFFF92
:10EE9000FFFFFFFFFFFFFFFFFFFFFFFFFFFFFFFF82
:10EEA000FFFFFFFFFFFFFFFFFFFFFFFFFFFFFFFF72
:10EEB000FFFFFFFFFFFFFFFFFFFFFFFFFFFFFFFF62
:10EEC000FFFFFFFFFFFFFFFFFFFFFFFFFFFFFFFF52
:10EED000FFFFFFFFFFFFFFFFFFFFFFFFFFFFFFFF42
:10EEE000FFFFFFFFFFFFFFFFFFFFFFFFFFFFFFFF32
:10EEF000FFFFFFFFFFFFFFFFFFFFFFFFFFFFFFFF22
:10EF0000FFFFFFFFFFFFFFFFFFFFFFFFFFFFFFFF11
:10EF1000FFFFFFFFFFFFFFFFFFFFFFFFFFFFFFFF01
:10EF2000FFFFFFFFFFFFFFFFFFFFFFFFFFFFFFFFF1
:10EF3000FFFFFFFFFFFFFFFFFFFFFFFFFFFFFFFFE1
:10EF4000FFFFFFFFFFFFFFFFFFFFFFFFFFFFFFFFD1
:10EF5000FFFFFFFFFFFFFFFFFFFFFFFFFFFFFFFFC1
:10EF6000FFFFFFFFFFFFFFFFFFFFFFFFFFFFFFFFB1
:10EF7000FFFFFFFFFFFFFFFFFFFFFFFFFFFFFFFFA1
:10EF8000FFFFFFFFFFFFFFFFFFFFFFFFFFFFFFFF91
:10EF9000FFFFFFFFFFFFFFFFFFFFFFFFFFFFFFFF81
:10EFA000FFFFFFFFFFFFFFFFFFFFFFFFFFFFFFFF71
:10EFB000FFFFFFFFFFFFFFFFFFFFFFFFFFFFFFFF61
:10EFC000FFFFFFFFFFFFFFFFFFFFFFFFFFFFFFFF51
:10EFD000FFFFFFFFFFFFFFFFFFFFFFFFFFFFFFFF41
:10EFE000FFFFFFFFFFFFFFFFFFFFFFFFFFFFFFFF31
:10EFF000FFFFFFFFFFFFFFFFFFFFFFFFFFFFFFFF21
:00000001FF
