:020000041D00DD
:10600000FFFFFFFFFFFFFFFFFFFFFFFFFFFFFFFFA0
:10601000FFFFFFFFFFFFFFFFFFFFFFFFFFFFFFFF90
:10602000FFFFFFFFFFFFFFFFFFFFFFFFFFFFFFFF80
:10603000FFFFFFFFFFFFFFFFFFFFFFFFFFFFFFFF70
:10604000FFFFFFFFFFFFFFFFFFFFFFFFFFFFFFFF60
:10605000FFFFFFFFFFFFFFFFFFFFFFFFFFFFFFFF50
:10606000FFFFFFFFFFFFFFFFFFFFFFFFFFFFFFFF40
:10607000FFFFFFFFFFFFFFFFFFFFFFFFFFFFFFFF30
:10608000FFFFFFFFFFFFFFFFFFFFFFFFFFFFFFFF20
:10609000FFFFFFFFFFFFFFFFFFFFFFFFFFFFFFFF10
:1060A000FFFFFFFFFFFFFFFFFFFFFFFFFFFFFFFF00
:1060B000FFFFFFFFFFFFFFFFFFFFFFFFFFFFFFFFF0
:1060C000FFFFFFFFFFFFFFFFFFFFFFFFFFFFFFFFE0
:1060D000FFFFFFFFFFFFFFFFFFFFFFFFFFFFFFFFD0
:1060E000FFFFFFFFFFFFFFFFFFFFFFFFFFFFFFFFC0
:1060F000FFFFFFFFFFFFFFFFFFFFFFFFFFFFFFFFB0
:10610000FFFFFFFFFFFFFFFFFFFFFFFFFFFFFFFF9F
:10611000FFFFFFFFFFFFFFFFFFFFFFFFFFFFFFFF8F
:10612000FFFFFFFFFFFFFFFFFFFFFFFFFFFFFFFF7F
:10613000FFFFFFFFFFFFFFFFFFFFFFFFFFFFFFFF6F
:10614000FFFFFFFFFFFFFFFFFFFFFFFFFFFFFFFF5F
:10615000FFFFFFFFFFFFFFFFFFFFFFFFFFFFFFFF4F
:10616000FFFFFFFFFFFFFFFFFFFFFFFFFFFFFFFF3F
:10617000FFFFFFFFFFFFFFFFFFFFFFFFFFFFFFFF2F
:10618000029D1A3CEC895A270800400300000000D9
:10619000FFFFFFFFFFFFFFFFFFFFFFFFFFFFFFFF0F
:1061A000FFFFFFFFFFFFFFFFFFFFFFFFFFFFFFFFFF
:1061B000FFFFFFFFFFFFFFFFFFFFFFFFFFFFFFFFEF
:1061C000FFFFFFFFFFFFFFFFFFFFFFFFFFFFFFFFDF
:1061D000FFFFFFFFFFFFFFFFFFFFFFFFFFFFFFFFCF
:1061E000FFFFFFFFFFFFFFFFFFFFFFFFFFFFFFFFBF
:1061F000FFFFFFFFFFFFFFFFFFFFFFFFFFFFFFFFAF
:106200007263400B00000000FFFFFFFFFFFFFFFF76
:10621000FFFFFFFFFFFFFFFFFFFFFFFFFFFFFFFF8E
:106220007263400B00000000FFFFFFFFFFFFFFFF56
:10623000FFFFFFFFFFFFFFFFFFFFFFFFFFFFFFFF6E
:106240007263400B00000000FFFFFFFFFFFFFFFF36
:10625000FFFFFFFFFFFFFFFFFFFFFFFFFFFFFFFF4E
:106260007263400B00000000FFFFFFFFFFFFFFFF16
:10627000FFFFFFFFFFFFFFFFFFFFFFFFFFFFFFFF2E
:106280007263400B00000000FFFFFFFFFFFFFFFFF6
:10629000FFFFFFFFFFFFFFFFFFFFFFFFFFFFFFFF0E
:1062A0007263400B00000000FFFFFFFFFFFFFFFFD6
:1062B000FFFFFFFFFFFFFFFFFFFFFFFFFFFFFFFFEE
:1062C0007263400B00000000FFFFFFFFFFFFFFFFB6
:1062D000FFFFFFFFFFFFFFFFFFFFFFFFFFFFFFFFCE
:1062E0007263400B00000000FFFFFFFFFFFFFFFF96
:1062F000FFFFFFFFFFFFFFFFFFFFFFFFFFFFFFFFAE
:10630000FA1D400B00000000FFFFFFFFFFFFFFFF33
:10631000FFFFFFFFFFFFFFFFFFFFFFFFFFFFFFFF8D
:106320007263400B00000000FFFFFFFFFFFFFFFF55
:10633000FFFFFFFFFFFFFFFFFFFFFFFFFFFFFFFF6D
:106340007263400B00000000FFFFFFFFFFFFFFFF35
:10635000FFFFFFFFFFFFFFFFFFFFFFFFFFFFFFFF4D
:106360007263400B00000000FFFFFFFFFFFFFFFF15
:10637000FFFFFFFFFFFFFFFFFFFFFFFFFFFFFFFF2D
:10638000771F400B00000000FFFFFFFFFFFFFFFF34
:10639000FFFFFFFFFFFFFFFFFFFFFFFFFFFFFFFF0D
:1063A0007263400B00000000FFFFFFFFFFFFFFFFD5
:1063B000FFFFFFFFFFFFFFFFFFFFFFFFFFFFFFFFED
:1063C0007263400B00000000FFFFFFFFFFFFFFFFB5
:1063D000FFFFFFFFFFFFFFFFFFFFFFFFFFFFFFFFCD
:1063E0007263400B00000000FFFFFFFFFFFFFFFF95
:1063F000FFFFFFFFFFFFFFFFFFFFFFFFFFFFFFFFAD
:10640000561F400B00000000FFFFFFFFFFFFFFFFD4
:10641000FFFFFFFFFFFFFFFFFFFFFFFFFFFFFFFF8C
:106420007263400B00000000FFFFFFFFFFFFFFFF54
:10643000FFFFFFFFFFFFFFFFFFFFFFFFFFFFFFFF6C
:106440007263400B00000000FFFFFFFFFFFFFFFF34
:10645000FFFFFFFFFFFFFFFFFFFFFFFFFFFFFFFF4C
:106460007263400B00000000FFFFFFFFFFFFFFFF14
:10647000FFFFFFFFFFFFFFFFFFFFFFFFFFFFFFFF2C
:10648000321F400B00000000FFFFFFFFFFFFFFFF78
:10649000FFFFFFFFFFFFFFFFFFFFFFFFFFFFFFFF0C
:1064A0007263400B00000000FFFFFFFFFFFFFFFFD4
:1064B000FFFFFFFFFFFFFFFFFFFFFFFFFFFFFFFFEC
:1064C0007263400B00000000FFFFFFFFFFFFFFFFB4
:1064D000FFFFFFFFFFFFFFFFFFFFFFFFFFFFFFFFCC
:1064E0007263400B00000000FFFFFFFFFFFFFFFF94
:1064F000FFFFFFFFFFFFFFFFFFFFFFFFFFFFFFFFAC
:106500007263400B00000000FFFFFFFFFFFFFFFF73
:10651000FFFFFFFFFFFFFFFFFFFFFFFFFFFFFFFF8B
:106520007263400B00000000FFFFFFFFFFFFFFFF53
:10653000FFFFFFFFFFFFFFFFFFFFFFFFFFFFFFFF6B
:106540007263400B00000000FFFFFFFFFFFFFFFF33
:10655000FFFFFFFFFFFFFFFFFFFFFFFFFFFFFFFF4B
:106560007263400B00000000FFFFFFFFFFFFFFFF13
:10657000FFFFFFFFFFFFFFFFFFFFFFFFFFFFFFFF2B
:106580007263400B00000000FFFFFFFFFFFFFFFFF3
:10659000FFFFFFFFFFFFFFFFFFFFFFFFFFFFFFFF0B
:1065A0001D4C400B00000000FFFFFFFFFFFFFFFF3F
:1065B000FFFFFFFFFFFFFFFFFFFFFFFFFFFFFFFFEB
:1065C0007263400B00000000FFFFFFFFFFFFFFFFB3
:1065D000FFFFFFFFFFFFFFFFFFFFFFFFFFFFFFFFCB
:1065E0007263400B00000000FFFFFFFFFFFFFFFF93
:1065F000FFFFFFFFFFFFFFFFFFFFFFFFFFFFFFFFAB
:106600007263400B00000000FFFFFFFFFFFFFFFF72
:10661000FFFFFFFFFFFFFFFFFFFFFFFFFFFFFFFF8A
:106620007263400B00000000FFFFFFFFFFFFFFFF52
:10663000FFFFFFFFFFFFFFFFFFFFFFFFFFFFFFFF6A
:106640007263400B00000000FFFFFFFFFFFFFFFF32
:10665000FFFFFFFFFFFFFFFFFFFFFFFFFFFFFFFF4A
:106660007263400B00000000FFFFFFFFFFFFFFFF12
:10667000FFFFFFFFFFFFFFFFFFFFFFFFFFFFFFFF2A
:106680007263400B00000000FFFFFFFFFFFFFFFFF2
:10669000FFFFFFFFFFFFFFFFFFFFFFFFFFFFFFFF0A
:1066A0007263400B00000000FFFFFFFFFFFFFFFFD2
:1066B000FFFFFFFFFFFFFFFFFFFFFFFFFFFFFFFFEA
:1066C0007263400B00000000FFFFFFFFFFFFFFFFB2
:1066D000FFFFFFFFFFFFFFFFFFFFFFFFFFFFFFFFCA
:1066E0007263400B00000000FFFFFFFFFFFFFFFF92
:1066F000FFFFFFFFFFFFFFFFFFFFFFFFFFFFFFFFAA
:106700007263400B00000000FFFFFFFFFFFFFFFF71
:10671000FFFFFFFFFFFFFFFFFFFFFFFFFFFFFFFF89
:106720007263400B00000000FFFFFFFFFFFFFFFF51
:10673000FFFFFFFFFFFFFFFFFFFFFFFFFFFFFFFF69
:106740007263400B00000000FFFFFFFFFFFFFFFF31
:10675000FFFFFFFFFFFFFFFFFFFFFFFFFFFFFFFF49
:106760007263400B00000000FFFFFFFFFFFFFFFF11
:10677000FFFFFFFFFFFFFFFFFFFFFFFFFFFFFFFF29
:106780007263400B00000000FFFFFFFFFFFFFFFFF1
:10679000FFFFFFFFFFFFFFFFFFFFFFFFFFFFFFFF09
:1067A0007263400B00000000FFFFFFFFFFFFFFFFD1
:1067B000FFFFFFFFFFFFFFFFFFFFFFFFFFFFFFFFE9
:1067C0007263400B00000000FFFFFFFFFFFFFFFFB1
:1067D000FFFFFFFFFFFFFFFFFFFFFFFFFFFFFFFFC9
:1067E0007263400B00000000FFFFFFFFFFFFFFFF91
:1067F000FFFFFFFFFFFFFFFFFFFFFFFFFFFFFFFFA9
:106800007263400B00000000FFFFFFFFFFFFFFFF70
:10681000FFFFFFFFFFFFFFFFFFFFFFFFFFFFFFFF88
:106820007263400B00000000FFFFFFFFFFFFFFFF50
:10683000FFFFFFFFFFFFFFFFFFFFFFFFFFFFFFFF68
:10684000FFFFFFFFFFFFFFFFFFFFFFFFFFFFFFFF58
:10685000FFFFFFFFFFFFFFFFFFFFFFFFFFFFFFFF48
:10686000FFFFFFFFFFFFFFFFFFFFFFFFFFFFFFFF38
:10687000FFFFFFFFFFFFFFFFFFFFFFFFFFFFFFFF28
:10688000FFFFFFFFFFFFFFFFFFFFFFFFFFFFFFFF18
:10689000FFFFFFFFFFFFFFFFFFFFFFFFFFFFFFFF08
:1068A000FFFFFFFFFFFFFFFFFFFFFFFFFFFFFFFFF8
:1068B000FFFFFFFFFFFFFFFFFFFFFFFFFFFFFFFFE8
:1068C000FFFFFFFFFFFFFFFFFFFFFFFFFFFFFFFFD8
:1068D000FFFFFFFFFFFFFFFFFFFFFFFFFFFFFFFFC8
:1068E000FFFFFFFFFFFFFFFFFFFFFFFFFFFFFFFFB8
:1068F000FFFFFFFFFFFFFFFFFFFFFFFFFFFFFFFFA8
:10690000FFFFFFFFFFFFFFFFFFFFFFFFFFFFFFFF97
:10691000FFFFFFFFFFFFFFFFFFFFFFFFFFFFFFFF87
:10692000FFFFFFFFFFFFFFFFFFFFFFFFFFFFFFFF77
:10693000FFFFFFFFFFFFFFFFFFFFFFFFFFFFFFFF67
:10694000FFFFFFFFFFFFFFFFFFFFFFFFFFFFFFFF57
:10695000FFFFFFFFFFFFFFFFFFFFFFFFFFFFFFFF47
:10696000FFFFFFFFFFFFFFFFFFFFFFFFFFFFFFFF37
:10697000FFFFFFFFFFFFFFFFFFFFFFFFFFFFFFFF27
:10698000FFFFFFFFFFFFFFFFFFFFFFFFFFFFFFFF17
:10699000FFFFFFFFFFFFFFFFFFFFFFFFFFFFFFFF07
:1069A000FFFFFFFFFFFFFFFFFFFFFFFFFFFFFFFFF7
:1069B000FFFFFFFFFFFFFFFFFFFFFFFFFFFFFFFFE7
:1069C000FFFFFFFFFFFFFFFFFFFFFFFFFFFFFFFFD7
:1069D000FFFFFFFFFFFFFFFFFFFFFFFFFFFFFFFFC7
:1069E000FFFFFFFFFFFFFFFFFFFFFFFFFFFFFFFFB7
:1069F000FFFFFFFFFFFFFFFFFFFFFFFFFFFFFFFFA7
:106A0000FFFFFFFFFFFFFFFFFFFFFFFFFFFFFFFF96
:106A1000FFFFFFFFFFFFFFFFFFFFFFFFFFFFFFFF86
:106A2000FFFFFFFFFFFFFFFFFFFFFFFFFFFFFFFF76
:106A3000FFFFFFFFFFFFFFFFFFFFFFFFFFFFFFFF66
:106A4000FFFFFFFFFFFFFFFFFFFFFFFFFFFFFFFF56
:106A5000FFFFFFFFFFFFFFFFFFFFFFFFFFFFFFFF46
:106A6000FFFFFFFFFFFFFFFFFFFFFFFFFFFFFFFF36
:106A7000FFFFFFFFFFFFFFFFFFFFFFFFFFFFFFFF26
:106A8000FFFFFFFFFFFFFFFFFFFFFFFFFFFFFFFF16
:106A9000FFFFFFFFFFFFFFFFFFFFFFFFFFFFFFFF06
:106AA000FFFFFFFFFFFFFFFFFFFFFFFFFFFFFFFFF6
:106AB000FFFFFFFFFFFFFFFFFFFFFFFFFFFFFFFFE6
:106AC000FFFFFFFFFFFFFFFFFFFFFFFFFFFFFFFFD6
:106AD000FFFFFFFFFFFFFFFFFFFFFFFFFFFFFFFFC6
:106AE000FFFFFFFFFFFFFFFFFFFFFFFFFFFFFFFFB6
:106AF000FFFFFFFFFFFFFFFFFFFFFFFFFFFFFFFFA6
:106B0000FFFFFFFFFFFFFFFFFFFFFFFFFFFFFFFF95
:106B1000FFFFFFFFFFFFFFFFFFFFFFFFFFFFFFFF85
:106B2000FFFFFFFFFFFFFFFFFFFFFFFFFFFFFFFF75
:106B3000FFFFFFFFFFFFFFFFFFFFFFFFFFFFFFFF65
:106B4000FFFFFFFFFFFFFFFFFFFFFFFFFFFFFFFF55
:106B5000FFFFFFFFFFFFFFFFFFFFFFFFFFFFFFFF45
:106B6000FFFFFFFFFFFFFFFFFFFFFFFFFFFFFFFF35
:106B7000FFFFFFFFFFFFFFFFFFFFFFFFFFFFFFFF25
:106B8000FFFFFFFFFFFFFFFFFFFFFFFFFFFFFFFF15
:106B9000FFFFFFFFFFFFFFFFFFFFFFFFFFFFFFFF05
:106BA000FFFFFFFFFFFFFFFFFFFFFFFFFFFFFFFFF5
:106BB000FFFFFFFFFFFFFFFFFFFFFFFFFFFFFFFFE5
:106BC000FFFFFFFFFFFFFFFFFFFFFFFFFFFFFFFFD5
:106BD000FFFFFFFFFFFFFFFFFFFFFFFFFFFFFFFFC5
:106BE000FFFFFFFFFFFFFFFFFFFFFFFFFFFFFFFFB5
:106BF000FFFFFFFFFFFFFFFFFFFFFFFFFFFFFFFFA5
:106C0000FFFFFFFFFFFFFFFFFFFFFFFFFFFFFFFF94
:106C1000FFFFFFFFFFFFFFFFFFFFFFFFFFFFFFFF84
:106C2000FFFFFFFFFFFFFFFFFFFFFFFFFFFFFFFF74
:106C3000FFFFFFFFFFFFFFFFFFFFFFFFFFFFFFFF64
:106C4000FFFFFFFFFFFFFFFFFFFFFFFFFFFFFFFF54
:106C5000FFFFFFFFFFFFFFFFFFFFFFFFFFFFFFFF44
:106C6000FFFFFFFFFFFFFFFFFFFFFFFFFFFFFFFF34
:106C7000FFFFFFFFFFFFFFFFFFFFFFFFFFFFFFFF24
:106C8000FFFFFFFFFFFFFFFFFFFFFFFFFFFFFFFF14
:106C9000FFFFFFFFFFFFFFFFFFFFFFFFFFFFFFFF04
:106CA000FFFFFFFFFFFFFFFFFFFFFFFFFFFFFFFFF4
:106CB000FFFFFFFFFFFFFFFFFFFFFFFFFFFFFFFFE4
:106CC000FFFFFFFFFFFFFFFFFFFFFFFFFFFFFFFFD4
:106CD000FFFFFFFFFFFFFFFFFFFFFFFFFFFFFFFFC4
:106CE000FFFFFFFFFFFFFFFFFFFFFFFFFFFFFFFFB4
:106CF000FFFFFFFFFFFFFFFFFFFFFFFFFFFFFFFFA4
:106D0000FFFFFFFFFFFFFFFFFFFFFFFFFFFFFFFF93
:106D1000FFFFFFFFFFFFFFFFFFFFFFFFFFFFFFFF83
:106D2000FFFFFFFFFFFFFFFFFFFFFFFFFFFFFFFF73
:106D3000FFFFFFFFFFFFFFFFFFFFFFFFFFFFFFFF63
:106D4000FFFFFFFFFFFFFFFFFFFFFFFFFFFFFFFF53
:106D5000FFFFFFFFFFFFFFFFFFFFFFFFFFFFFFFF43
:106D6000FFFFFFFFFFFFFFFFFFFFFFFFFFFFFFFF33
:106D7000FFFFFFFFFFFFFFFFFFFFFFFFFFFFFFFF23
:106D8000FFFFFFFFFFFFFFFFFFFFFFFFFFFFFFFF13
:106D9000FFFFFFFFFFFFFFFFFFFFFFFFFFFFFFFF03
:106DA000FFFFFFFFFFFFFFFFFFFFFFFFFFFFFFFFF3
:106DB000FFFFFFFFFFFFFFFFFFFFFFFFFFFFFFFFE3
:106DC000FFFFFFFFFFFFFFFFFFFFFFFFFFFFFFFFD3
:106DD000FFFFFFFFFFFFFFFFFFFFFFFFFFFFFFFFC3
:106DE000FFFFFFFFFFFFFFFFFFFFFFFFFFFFFFFFB3
:106DF000FFFFFFFFFFFFFFFFFFFFFFFFFFFFFFFFA3
:106E0000FFFFFFFFFFFFFFFFFFFFFFFFFFFFFFFF92
:106E1000FFFFFFFFFFFFFFFFFFFFFFFFFFFFFFFF82
:106E2000FFFFFFFFFFFFFFFFFFFFFFFFFFFFFFFF72
:106E3000FFFFFFFFFFFFFFFFFFFFFFFFFFFFFFFF62
:106E4000FFFFFFFFFFFFFFFFFFFFFFFFFFFFFFFF52
:106E5000FFFFFFFFFFFFFFFFFFFFFFFFFFFFFFFF42
:106E6000FFFFFFFFFFFFFFFFFFFFFFFFFFFFFFFF32
:106E7000FFFFFFFFFFFFFFFFFFFFFFFFFFFFFFFF22
:106E8000FFFFFFFFFFFFFFFFFFFFFFFFFFFFFFFF12
:106E9000FFFFFFFFFFFFFFFFFFFFFFFFFFFFFFFF02
:106EA000FFFFFFFFFFFFFFFFFFFFFFFFFFFFFFFFF2
:106EB000FFFFFFFFFFFFFFFFFFFFFFFFFFFFFFFFE2
:106EC000FFFFFFFFFFFFFFFFFFFFFFFFFFFFFFFFD2
:106ED000FFFFFFFFFFFFFFFFFFFFFFFFFFFFFFFFC2
:106EE000FFFFFFFFFFFFFFFFFFFFFFFFFFFFFFFFB2
:106EF000FFFFFFFFFFFFFFFFFFFFFFFFFFFFFFFFA2
:106F0000FFFFFFFFFFFFFFFFFFFFFFFFFFFFFFFF91
:106F1000FFFFFFFFFFFFFFFFFFFFFFFFFFFFFFFF81
:106F2000FFFFFFFFFFFFFFFFFFFFFFFFFFFFFFFF71
:106F3000FFFFFFFFFFFFFFFFFFFFFFFFFFFFFFFF61
:106F4000FFFFFFFFFFFFFFFFFFFFFFFFFFFFFFFF51
:106F5000FFFFFFFFFFFFFFFFFFFFFFFFFFFFFFFF41
:106F6000FFFFFFFFFFFFFFFFFFFFFFFFFFFFFFFF31
:106F7000FFFFFFFFFFFFFFFFFFFFFFFFFFFFFFFF21
:106F8000FFFFFFFFFFFFFFFFFFFFFFFFFFFFFFFF11
:106F9000FFFFFFFFFFFFFFFFFFFFFFFFFFFFFFFF01
:106FA000FFFFFFFFFFFFFFFFFFFFFFFFFFFFFFFFF1
:106FB000FFFFFFFFFFFFFFFFFFFFFFFFFFFFFFFFE1
:106FC000FFFFFFFFFFFFFFFFFFFFFFFFFFFFFFFFD1
:106FD000FFFFFFFFFFFFFFFFFFFFFFFFFFFFFFFFC1
:106FE000FFFFFFFFFFFFFFFFFFFFFFFFFFFFFFFFB1
:106FF000FFFFFFFFFFFFFFFFFFFFFFFFFFFFFFFFA1
:10700000021C400F0000000000601A40C0045A7FBC
:107010000500401300000000029D1A3C508E5A27C4
:10702000080040030000000000A01D3CF03FBD2709
:1070300000A01C3CF07F9C27029D083C9C8E0825EC
:1070400009F800010000000000A0083C70000825BD
:1070500000A0093C7C0F292506000010000000005C
:10706000000000AD040000AD080000AD0C0000AD54
:10707000100008252B080901F9FF2014000000006A
:10708000019D083C045708250000098D18002011B7
:107090000400082500000A8D0400082500000B8D5F
:1070A000090060110400082500000C91FFFF4A252B
:1070B0000100082500002CA1FBFF40150100292537
:1070C0000500001000000000000020A1FFFF4A257D
:1070D000FDFF40150100292503000825FCFF0A24B7
:1070E000244048010000098DE7FF20150000000042
:1070F0000000093C000029251000201100000000BC
:107100000000093C0040292588BF0A3C10204A2580
:10711000000049AD0000093C0040292588BF0A3C19
:1071200020204A25000049AD0000093C00402925E7
:1071300088BF0A3C30204A25000049AD0048804005
:10714000FFFF0A2400588A40009D093C0060292561
:10715000017889400000093C0100292500000A242B
:1071600044492A7D01608A408000093C00688940CA
:10717000008008408005097D404C090000600840FF
:107180005800013C2440010125402801006088404E
:10719000029D083CA48E082509F8000100000000AB
:1071A00000600840BFFF013CFFFF21342440010183
:1071B00000608840000084300000A530029D083C3B
:1071C000248C08250800000100000000FFFFFFFFDD
:1071D000FFFFFFFFFFFFFFFFFFFFFFFFFFFFFFFFBF
:1071E000FFFFFFFFFFFFFFFFFFFFFFFFFFFFFFFFAF
:1071F000FFFFFFFFFFFFFFFFFFFFFFFFFFFFFFFF9F
:10720000FFFFFFFFFFFFFFFFFFFFFFFFFFFFFFFF8E
:10721000FFFFFFFFFFFFFFFFFFFFFFFFFFFFFFFF7E
:10722000FFFFFFFFFFFFFFFFFFFFFFFFFFFFFFFF6E
:10723000FFFFFFFFFFFFFFFFFFFFFFFFFFFFFFFF5E
:10724000FFFFFFFFFFFFFFFFFFFFFFFFFFFFFFFF4E
:10725000FFFFFFFFFFFFFFFFFFFFFFFFFFFFFFFF3E
:10726000FFFFFFFFFFFFFFFFFFFFFFFFFFFFFFFF2E
:10727000FFFFFFFFFFFFFFFFFFFFFFFFFFFFFFFF1E
:10728000FFFFFFFFFFFFFFFFFFFFFFFFFFFFFFFF0E
:10729000FFFFFFFFFFFFFFFFFFFFFFFFFFFFFFFFFE
:1072A000FFFFFFFFFFFFFFFFFFFFFFFFFFFFFFFFEE
:1072B000FFFFFFFFFFFFFFFFFFFFFFFFFFFFFFFFDE
:1072C000FFFFFFFFFFFFFFFFFFFFFFFFFFFFFFFFCE
:1072D000FFFFFFFFFFFFFFFFFFFFFFFFFFFFFFFFBE
:1072E000FFFFFFFFFFFFFFFFFFFFFFFFFFFFFFFFAE
:1072F000FFFFFFFFFFFFFFFFFFFFFFFFFFFFFFFF9E
:10730000FFFFFFFFFFFFFFFFFFFFFFFFFFFFFFFF8D
:10731000FFFFFFFFFFFFFFFFFFFFFFFFFFFFFFFF7D
:10732000FFFFFFFFFFFFFFFFFFFFFFFFFFFFFFFF6D
:10733000FFFFFFFFFFFFFFFFFFFFFFFFFFFFFFFF5D
:10734000FFFFFFFFFFFFFFFFFFFFFFFFFFFFFFFF4D
:10735000FFFFFFFFFFFFFFFFFFFFFFFFFFFFFFFF3D
:10736000FFFFFFFFFFFFFFFFFFFFFFFFFFFFFFFF2D
:10737000FFFFFFFFFFFFFFFFFFFFFFFFFFFFFFFF1D
:10738000029D1A3CBC8C5A270800400300000000F4
:10739000FFFFFFFFFFFFFFFFFFFFFFFFFFFFFFFFFD
:1073A000FFFFFFFFFFFFFFFFFFFFFFFFFFFFFFFFED
:1073B000FFFFFFFFFFFFFFFFFFFFFFFFFFFFFFFFDD
:1073C000FFFFFFFFFFFFFFFFFFFFFFFFFFFFFFFFCD
:1073D000FFFFFFFFFFFFFFFFFFFFFFFFFFFFFFFFBD
:1073E000FFFFFFFFFFFFFFFFFFFFFFFFFFFFFFFFAD
:1073F000FFFFFFFFFFFFFFFFFFFFFFFFFFFFFFFF9D
:10740000FFFFFFFFFFFFFFFFFFFFFFFFFFFFFFFF8C
:10741000FFFFFFFFFFFFFFFFFFFFFFFFFFFFFFFF7C
:10742000FFFFFFFFFFFFFFFFFFFFFFFFFFFFFFFF6C
:10743000FFFFFFFFFFFFFFFFFFFFFFFFFFFFFFFF5C
:10744000FFFFFFFFFFFFFFFFFFFFFFFFFFFFFFFF4C
:10745000FFFFFFFFFFFFFFFFFFFFFFFFFFFFFFFF3C
:10746000FFFFFFFFFFFFFFFFFFFFFFFFFFFFFFFF2C
:10747000FFFFFFFFFFFFFFFFFFFFFFFFFFFFFFFF1C
:10748000FFFFFFFFFFFFFFFFFFFFFFFFFFFFFFFF0C
:107490000800E003000000000800E0030000000016
:1074A0000800E00300000000E8FFBD271400BFAFA4
:1074B000A45D400F000000001400BF8F0800E0032F
:1074C0001800BD270800E00300000000E8FFBD270A
:1074D0001400BFAF01000424274A400F1D000524FB
:1074E000010004242128000000A0063C100BC62443
:1074F000424A400F40000724D08082AF020004249B
:10750000274A400F1D000524020004242128000002
:10751000B4848627424A400F08000724D88082AFEF
:1075200003000424274A400F1D00052403000424FF
:107530002128000000A0063C500BC624424A400F00
:107540000A000724E08082AF1400BF8F0800E00328
:107550001800BD27A485838F010002242500621432
:10756000000000008085838F2200621488BF023CE7
:107570007010438C8410037C701043AC88BF023CB5
:107580008050438C4408037C805043AC808580AF9E
:10759000100E0224FFFF4224FFFF4230FEFF401482
:1075A000FFFF422488BF023C5052438C0100042458
:1075B0008410837C505243AC08070224FFFF42240E
:1075C000FFFF4230FEFF4014FFFF4224D28180A71C
:1075D00088BF023C5052438C8410037C505243AC11
:1075E00088BF023C7010438C010004248410837C0B
:1075F000701043AC0800E00300000000E8FFBD2766
:107600001400BFAFF95C400F000000001E5D400F8A
:1076100000000000E48180A3568480A3500002246F
:10762000BC8282A3EE8282A3ED8182A3029D023CF2
:1076300004E0428CFFFF0324050043147F00423026
:1076400002000224CC8482A3961D400BF08182A309
:10765000F08182A3CC8482A3009D023C005F43247E
:10766000808383AF005F428C448582AF1400BF8F5C
:107670000800E0031800BD2780BF023C000840ACB2
:1076800080BF023C100840AC7700032480BF023C5E
:10769000200843AC0080073480BF023C080847AC98
:1076A0001C00062488BF023CB41046AC140003241E
:1076B00088BF023CB81043AC88BF053C00020224DE
:1076C0003410A2AC88BF033C641062AC88BF023C9B
:1076D000681040AC0800043C3410A4AC88BF093CDE
:1076E000D41026AD88BF083C0C000624D81006AD87
:1076F00003000A24D4102AADD81000AD641064AC85
:10770000681044AC80BF043C000C80AC80BF043CDB
:10771000100C80AC60EA083480BF043C200C88ACBC
:1077200080BF043C080C87AC0010043C3410A4ACAF
:1077300088BF073C001C053CE410E5AC88BF053C55
:10774000E810A0AC0003083CE410E8ACE810A0ACE2
:10775000641064AC681040AC81BF053C1700073C66
:107760004090A7AC00A0093481BF083C009009AD4F
:1077700081BF083C109000AD0107092481BF083C7F
:10778000209009AD4000082488BF093C186428AD4A
:1077900088BF093C086428AD81BF083C509000AD0B
:1077A0004090A7AC641064AC681040AC01000224A7
:1077B0003C8482A30680033480BF023C003043AC8B
:1077C00080BF023C103040AC80BF023C203040AC57
:1077D00081BF023C58FB438C0418C37C58FB43AC6C
:1077E0000800E0030000000000E85D4100701B405D
:1077F00002601A4090FFBD276C00BBAF00601B40C9
:107800006400BAAF6800BBAF44781B7C00147B37C0
:1078100000609B401800A3AF1400A2AF6400A38FC8
:107820000F00633011006014000000005400BFAF6F
:107830005000B9AF4C00B8AF4800AFAF4400AEAF96
:107840004000ADAF3C00ACAF3800ABAF3400AAAFE6
:107850003000A9AF2C00A8AF2800A7AF2400A6AF26
:107860002000A5AF1C00A4AF1000A1AF12100000B3
:107870005C00A2AF101800005800A3AF0C84828FE8
:10788000E081838FFFFF63242B18430008006050C2
:1078900080BF023C010042240C8482AF000203241A
:1078A00088BF023C341043AC0E1F400B00000000A8
:1078B000203040AC0002032488BF023C641043AC7B
:1078C00088BF023C681040ACC4818293D800401449
:1078D00001000224C483828F0400422C7C004014E7
:1078E0005C82839301000224790062143F00032428
:1078F00088BF023C386343AC007F032488BF023C4E
:10790000386143AC36848293020003243900435427
:1079100005000324ED828293060040140100032435
:1079200000A0023C99084290FDFF4224751E400BC6
:10793000CD8382A3060043140200032400A0023C6E
:1079400099084290FEFF4224751E400BCD8382A30E
:10795000060043140300032400A0023C990842904F
:10796000FFFF4224751E400BCD8382A30500431404
:107970000400032400A0023C99084290751E400BAD
:10798000CD8382A3060043140500032400A0023C1B
:107990009908429001004224751E400BCD8382A3BA
:1079A000060043140600032400A0023C99084290FC
:1079B00002004224751E400BCD8382A306004314AF
:1079C000CD83829300A0023C990842900300422498
:1079D000CD8382A3CD8382931E00422C01004050B0
:1079E000CD8380A3435D400F00000000B41E400B18
:1079F0000000000036004314ED828293060040141C
:107A00000100032400A0023C91094290FDFF4224A2
:107A1000AE1E400B108482A3060043140200032410
:107A200000A0023C91094290FEFF4224AE1E400B92
:107A3000108482A3060043140300032400A0023C28
:107A400091094290FFFF4224AE1E400B108482A396
:107A5000050043140400032400A0023C9109429055
:107A6000AE1E400B108482A30600431405000324BD
:107A700000A0023C9109429001004224AE1E400B3E
:107A8000108482A3060043140600032400A0023CD5
:107A90009109429002004224AE1E400B108482A342
:107AA000060043141084829300A0023C9109429086
:107AB00003004224108482A3108482931400422C79
:107AC00001004050108480A35F5D400F0000000063
:107AD000F861400F0000000081BF023C0090438C21
:107AE000010004244408837C009043ACA08080AF54
:107AF0001C82858F0F00A0100000000021200000D4
:107B000080BF033C88BF073C0800063C100C60ACFB
:107B10003410E6AC100C628C6E00422CFDFF401459
:107B20000000000001008424F8FF8514000000001C
:107B3000A08085AFFD61400F00000000A08080AFF5
:107B4000308380AF1C82828F320007242338E2000A
:107B500021280000A4808D8F98838E8F2130000013
:107B600081BF033C01000C2480BF043C88BF0B3C58
:107B700008000A3C81BF083CF71E400B02000924A4
:107B80000090628C4408827D009062AC100C80AC46
:107B900034106AAD100C828C0200422CFDFF4014A0
:107BA000000000000090628C4408027C009062ACEF
:107BB0000090628C01004230FDFF40100000000088
:107BC0007090028D0200A9142130C20070900D8DBA
:107BD0000100A5240100E55070900E8D2B10A70028
:107BE000E7FF401401000224A08085AF308386AFF8
:107BF000A4808DAF98838EAFC483838F01006250C1
:107C000044838EAFF361400F000000002D62400FEF
:107C1000000000003F00032488BF023C386343ACEF
:107C2000007F032488BF023C386143AC010002247A
:107C3000558382A30C8480AF5C00A28F13004000A8
:107C40005800A38F6400A28F0F004230130040142D
:107C5000110060005400BF8F5000B98F4C00B88FE6
:107C60004800AF8F4400AE8F4000AD8F3C00AC8F1A
:107C70003800AB8F3400AA8F3000A98F2C00A88F5A
:107C80002800A78F2400A68F2000A58F1C00A48F9A
:107C90001800A38F1400A28F1000A18F0060604114
:107CA000C00000006C00BA8F6800BB8F00709A4063
:107CB0006400BA8F7000BD2702609A4000E8DD4181
:107CC00000609B401800004200E85D4100701B40CE
:107CD00002601A40E8FFBD271400BBAF00601B40E4
:107CE0000C00BAAF1000BBAF44781B7C00107B3790
:107CF00000609B400400A3AF0000A2AF0001033C62
:107D000088BF023C341043AC1485828F01004224AA
:107D1000148582AF0C00A28F0F0042300300401484
:107D2000000000000400A38F0000A28F00606041EB
:107D3000C00000001400BA8F1000BB8F00709A4082
:107D40000C00BA8F1800BD2702609A4000E8DD41A0
:107D500000609B401800004200E85D4100701B403D
:107D600002601A40E8FFBD271400BBAF00601B4053
:107D70000C00BAAF1000BBAF44781B7C000C7B3703
:107D800000609B400400A3AF0000A2AF0800033CCA
:107D900088BF023C341043AC0C00A28F0F0042306D
:107DA00003004014000000000400A38F0000A28F15
:107DB00000606041C00000001400BA8F1000BB8F4B
:107DC00000709A400C00BA8F1800BD2702609A40DC
:107DD00000E8DD4100609B401800004200E85D4182
:107DE00000701B4002601A40E8FFBD271400BBAFC3
:107DF00000601B400C00BAAF1000BBAF44781B7C86
:107E000000187B3700609B400400A3AF0000A2AFC6
:107E10000040032488BF023C341043AC0C00A28F06
:107E20000F00423003004014000000000400A38F44
:107E30000000A28F00606041C00000001400BA8FF3
:107E40001000BB8F00709A400C00BA8F1800BD273D
:107E500002609A4000E8DD4100609B40180000424B
:107E60001485828F0A00422C06004014FAFF023467
:107E7000148580AF3C82828F010042243C8282AF15
:107E8000FAFF02343C82838F2B10620001004050C5
:107E90003C8280AF51C302341885838F2B1062005F
:107EA00001004050188580AF0800E003000000008A
:107EB000A58380A3348480A3A08380AF648480AF33
:107EC000608480AF2C8480AFE88180AFAC8280AFCB
:107ED000688480AFB28280A3A48280AFFFFF0224B7
:107EE000EC8182A3448380AF2C8280AF0C8280AF70
:107EF000788280A31C8380A3AA8280A3D98280A3D6
:107F0000348280AF208280A3CD8380A3010002242D
:107F1000108482A3E08280AF608280AF248380A33C
:107F2000E48180A3C48380AF108380A35C8280A39C
:107F300000A0023C7807422400A0033CE40763242D
:107F4000000040ACFDFF40A00C004224FDFF435464
:107F5000000040AC00A0023C4508422400A0033CC5
:107F60003D09632400A0043CE1088424000040A0F3
:107F7000030040AC000060A0030060AC0C00422491
:107F8000FAFF44140C0063240D000224048382AF22
:107F900000A0033CF0066324040060AC00A0023C97
:107FA000280840AC080060AC28084224040040AC1B
:107FB0000C0060AC080040AC848380AF6C8280AF62
:107FC000DC8280AF0C0040AC100040AC140040AC30
:107FD000180040A0190040A0508380AF248480AFD7
:107FE00050000224BC8282A3EE8282A3ED8182A390
:107FF0000800E003568480A3E8FFBD271400BFAF4C
:10800000C483828F010003243B0043105583839374
:108010000700401002000324A900431003000324BA
:10802000490143141400BF8FD920400B558383931B
:108030005085828F050040141C000224E08182AF2D
:10804000060002241620400B588382AFE08182AFE5
:1080500006000224588382AF21200000795D400F82
:1080600009000524CD83829300A0033CBC05632452
:10807000211843001084849300A0023CDC054224B4
:108080002110820000006490BC5C400F000045900D
:108090002D62400F0C8480AF2483829368808327F5
:1080A000211862000000649080BF033C203064AC63
:1080B00070808327211062000000439080BF023C43
:1080C000200843AC0002022488BF033C341062AC99
:1080D00088BF033C641062AC88BF033C681062AC8C
:1080E000C483828F01004224C48382AF3C82828F8A
:1080F0005121400B908282AF010002246100621482
:108100003C82828F02000224558382A310848393D1
:108110003083828F8028030000A0043C3007842431
:108120002120A400000082AC01006424108484A3F8
:1081300000A0043C9409848C2B2082000E00805007
:10814000108482934483848F2B2044000A0080543F
:108150001084829300A0043C3C098424580082AC23
:10816000550083A024838293108382A39883828FF7
:108170005C0082AC108482931400422C3F00405477
:10818000C48380AF01000224108482A324838293DD
:1081900001004224FF004230248382A30600422CC7
:1081A00036004054C48380AF4483828F3000422421
:1081B00000A0033C9409638C2B1043001100401075
:1081C00000A0023C910942900E00401001000324DF
:1081D000CD8383A3108482A35085828F0600401034
:1081E000C483828F01000224AC1F400F408582A30C
:1081F000A020400B308380AF010042249F20400B21
:10820000C48382AFAC1F400F000000005085828FF6
:1082100001004054408580A35085828F0B004010A0
:1082200000000000C485828F08004014010004246F
:10823000508584AF88BF023C8050438C4408837CC7
:10824000805043ACA020400B308380AF5085828F9C
:108250000B004050308380AFC485838F010002241F
:1082600007006254308380AFDC8180A33C8480A30C
:10827000C48580AFA020400B308380AF308380AFB7
:108280003C82828F9082838F231843000300632CEB
:10829000AD0060541400BF8F908282AFDC8180A358
:1082A000AC1F400F3C8480A3F861400F0000000029
:1082B000FD61400F000000005221400B1400BF8FF1
:1082C00021200000795D400F09000524CD838293B1
:1082D00000A0033CBC056324211843001084849350
:1082E00000A0023CDC0542242110820000006490C2
:1082F000BC5C400F000045902D62400F0000000064
:108300000C8480AF108382936880832721186200D9
:108310000000649080BF033C203064AC70808327F1
:10832000211062000000439080BF023C200843AC53
:108330000002022488BF033C341062AC88BF033CB7
:10834000641062AC88BF033C681062ACC483828F47
:1083500001004224C48382AF3C82828F5121400BB2
:10836000908282AF01000224690062143C82828FF5
:1083700002000224558382A3CD8383933083828FAE
:108380008028030000A0043C000684242120A400CF
:10839000000082AC01006424CD8384A300A0043CCF
:1083A0009C08848C2B2082000C008050CD8382930B
:1083B0004483848F2B20440008008054CD83829313
:1083C00000A0043C44088424580082AC550083A0DB
:1083D0009883828F5C0082ACCD8382931E00422CF6
:1083E000480040140200022401000224CD8382A32D
:1083F0004483828F3000422400A0033C9C08638C9D
:108400002B1043003B00401000A0023C9908429012
:108410003800401000000000118482A300A0023C3C
:1084200091094290718282A3C483828F0100422409
:10843000C48382AF598480A3828280A310838293F5
:10844000060040140100032478808293108382A3E5
:10845000010002243521400BEC8182A30600431465
:108460000200032479808293108382A301000224F6
:108470003521400BEC8182A3050043140300032443
:108480007A808293108382A33521400BEC8180A3F4
:1084900005004314040003247B808293108382A38D
:1084A0003521400BEC8180A3050043140500032413
:1084B0007C808293108382A33521400BEC8180A3C2
:1084C00005004314108382937D808293108382A3DE
:1084D000EC8180A310838293FEFF4224248382A335
:1084E000A08380AF648480AF608480AF4221400B62
:1084F0001C8280AFAC1F400F000000004321400BE6
:10850000308380AFC48382AF308380AF3C82828F60
:108510009082838F231843000300632C0A006014A9
:108520001400BF8F908282AFDC8180A3AC1F400F0C
:108530003C8480A3F861400F00000000FD61400F03
:10854000000000001400BF8F0800E0031800BD27E2
:10855000E8FFBD271400BFAF88BF023C8050428CAB
:10856000020042300E0040101400BF8F88BF023C52
:108570004010438C8410037C401043AC88BF033C04
:108580007010648C010002248410447C701064AC70
:10859000508582AFAC1F400F000000001400BF8F59
:1085A0000800E0031800BD27E8FFBD2703000224F0
:1085B000130082101400BFAF0400822C060040108C
:1085C0007200022401000224180082141400BF8FDC
:1085D0007C21400B00000000110082107500022475
:1085E00011008254010002248421400B000000008D
:1085F000331D400F000000008A21400B01000224BF
:108600002A1D400F000000008A21400B01000224B7
:108610005421400F000000008A21400B0100022479
:1086200040000000010002241400BF8F0800E00396
:108630001800BD27E8FFBD271400BFAF9084828FCC
:1086400006004010A08483930000429080004230D6
:10865000FF004230E60040141400BF8F01000224E6
:1086600003006210D2848393E10062141400BF8F70
:108670000800032488BF023C346143ACAC84828F81
:10868000D6004014A484828FCC84839301000224FA
:1086900007006254A48480AF4885838F040062542D
:1086A000A48480AF04000224CC8482A3A48480AF7D
:1086B00088BF023C2064448C4000847C2720040056
:1086C000211800000400837CA48483AF88BF043C8D
:1086D0002065858C0100A530272805004408A37C6F
:1086E000A48483AF2064458C8000A57C27280500E6
:1086F0008410A37CA48483AF2065848C4000847C98
:1087000027200400C418837CA48483AF2064448C95
:10871000C000847C272004000421837CA48483AFD0
:108720002064428C01004230271002004429437C1F
:10873000A48483AFCC8482930200032433004310CB
:108740000300432C060060100300032401000324EF
:10875000A0004314D2848393DE21400B0100022445
:1087600051004310040003249A00431400A0063C67
:108770005E22400B020002249600621400A0063C18
:1087800006000224200FC2A0C7818293200FC624B6
:108790000100C2A0C08482930200C2A0C18482935F
:1087A0000300C2A0C28482930400C2A0C384829347
:1087B0000500C2A0C48482930600C2A0C58482932F
:1087C0000700C2A008000224FE8382A30100042443
:1087D00001000524424A400F08000724908482AF1C
:1087E00000000000D28480A36481828F0400432CA7
:1087F0000400601401004224020002247522400B90
:10880000648182AF7522400B648182AFD2848393EE
:10881000010002246F00621400A0063C060002243E
:10882000200FC2A0C7818293200FC6240100C2A0DE
:10883000C08482930200C2A0C18482930300C2A0BC
:10884000C28482930400C2A0C38482930500C2A0A4
:10885000C48482930600C2A0C58482930700C2A08C
:1088600008000224FE8382A30100042401000524E1
:10887000424A400F08000724908482AF00000000A5
:10888000D28480A36481828F0400432C040060148E
:1088900001004224020002247522400B648182AF51
:1088A0007522400B648182AF00A0063C06000224C2
:1088B000FC09C2A0FC09C624C78182930100C2A0A2
:1088C000C08482930200C2A0C18482930300C2A02C
:1088D000C28482930400C2A0C38482930500C2A014
:1088E000C48482930600C2A0C58482930700C2A0FC
:1088F00008000224FE8382A3020004240100052450
:10890000424A400F08000724908482AFA08480A3CD
:1089100000A0063C02000224200FC2A0200FC624A3
:10892000F0FF02240100C2A0A48482930200C2A02E
:108930000300C0A00400C0A00500C0A00600C0A0A5
:10894000088582930700C2A00800C0A00900C0A04B
:108950000A000224FE8382A30300042401000524EC
:10896000424A400F0A000724908482AFA08480A36B
:108970007522400BD28480A3200FC2A0200FC624F2
:10898000F0FF02240100C2A0A48482930200C2A0CE
:108990000300C0A00400C0A00500C0A00600C0A045
:1089A000088582930700C2A00800C0A00900C0A0EB
:1089B0000A000224FE8382A303000424010005248C
:1089C000424A400F0A000724908482AFA08480A30B
:1089D000D28480A300000000A484828F030040148E
:1089E0000800032488BF023C386143AC1400BF8FE9
:1089F0000800E0031800BD27F0FFBD270C00B3AF4F
:108A00000800B2AF0400B1AF0000B0AF248582937C
:108A10000A00422C650540500C00B38F24858393D7
:108A200080180300019D023C3C8A4224211043002F
:108A30000000428C0800400000000000648A009D95
:108A4000C08A009D108E009D4890009D7C92009DE4
:108A5000B094009DE496009D1899009D4C9B009D4C
:108A6000809D009D3C82828FF48482AF00A0023CF6
:108A7000DC0B40ACDC0B4224040040AC140040ACE6
:108A8000180040AC280040AC2C0040AC3C0040AC8E
:108A9000400040AC500040AC540040AC640040ACDE
:108AA000680040AC780040AC7C0040AC8C0040AC2E
:108AB000900040AC01000224EA27400B248582A3E9
:108AC000F484828F3C82838F231062000300422C47
:108AD0005500401000A0023C88BF023C2064428C3C
:108AE000010042300600401000A0023CDC0B422492
:108AF0006400438C01006324C422400B640043AC37
:108B0000DC0B42246800438C01006324680043AC02
:108B100088BF023C2064428C0800423006004010AE
:108B200000A0023CDC0B42245000438C0100632473
:108B3000D222400B500043ACDC0B42245400438C47
:108B400001006324540043AC88BF023C2065428C82
:108B5000020042300600401000A0023CDC0B422420
:108B60003C00438C01006324E022400B3C0043ACFA
:108B7000DC0B42244000438C01006324400043ACE2
:108B800088BF023C2064428C040042300600401042
:108B900000A0023CDC0B42242800438C010063242B
:108BA000EE22400B280043ACDC0B42242C00438C0B
:108BB000010063242C0043AC88BF023C2065428C3A
:108BC000010042300600401000A0023CDC0B4224B1
:108BD0001400438C01006324FC22400B140043ACBE
:108BE000DC0B42241800438C01006324180043ACC2
:108BF00088BF023C2064428C0200423005004010D5
:108C000000A0023CDC0B438C01006324EA27400BEC
:108C1000DC0B43ACDC0B42240400438C01006324D6
:108C2000EA27400B040043ACDC0B42248C00438C4D
:108C30009000428C2B204300050080102B10620016
:108C40000100032400A0023C1823400B700C43A039
:108C50000400401000A0023C00A0023C700C40A0A8
:108C600000A0023CDC0B42247800438C7C00428C48
:108C70002B204300050080102B106200010003240C
:108C800000A0023C2723400B5C0C43A004004010D2
:108C900000A0023C00A0023C5C0C40A000A0023CF2
:108CA000DC0B42246400438C6800428C2B20430080
:108CB000050080102B1062000100032400A0023C7C
:108CC0003623400B480C43A00400401000A0023C97
:108CD00000A0023C480C40A000A0023CDC0B422457
:108CE0005000438C5400428C2B2043000500801020
:108CF0002B1062000100032400A0023C4523400B1E
:108D0000340C43A00400401000A0023C00A0023C30
:108D1000340C40A000A0023CDC0B42243C00438CFD
:108D20004000428C2B204300050080102B10620075
:108D30000100032400A0023C5423400B200C43A05C
:108D40000400401000A0023C00A0023C200C40A007
:108D500000A0023CDC0B42242800438C2C00428CF7
:108D60002B204300050080102B106200010003241B
:108D700000A0023C6323400B0C0C43A004004010F5
:108D800000A0023C00A0023C0C0C40A000A0023C51
:108D9000DC0B42241400438C1800428C2B2043002F
:108DA000050080102B1062000100032400A0023C8B
:108DB0007223400BF80B43A00400401000A0023CBB
:108DC00000A0023CF80B40A000A0023CDC0B438C4E
:108DD000DC0B42240400428C2B2043000500801051
:108DE0002B1062000100032400A0023C8023400BF2
:108DF000E40B43A00200401000A0023CE40B40A0A2
:108E00002485829301004224EA27400B248582A313
:108E100000A0023CDC0B4224080043900900429071
:108E20008100431001000224D28482A301000224A5
:108E30004800621400A0033C00A0023CDC0B42246A
:108E4000100040A02980849327200400C7818393C9
:108E500024188300C78183A32A80849327200400D9
:108E6000CE84839324188300CE8483A31100429080
:108E70000800432C6C006010048382AF2C80889320
:108E80003080899334808A9338808B933C808E9392
:108E9000408099934480929300A0033CDC0B6324B0
:108EA00025006C9039006D904D006F9061007890B6
:108EB00075007090890071909D007390212840008A
:108EC000C1848727C084862721184700000063904B
:108ED0002120C20003006814000083A0CF23400BB0
:108EE000FF004C300300691400000000CF23400B4A
:108EF000FF004D3003006A1400000000CF23400B38
:108F0000FF004F3003006B1400000000CF23400B24
:108F1000FF00583003006E1400000000CF23400B08
:108F2000FF0050300300791400000000CF23400BF5
:108F3000FF00513001007250FF0053300100A224A5
:108F40000800432CE0FF6014212840000124400B5E
:108F500000A0033CDC0B632428808893100068A0E9
:108F600029808293C781849325108200C78182A3C0
:108F70002A808293CE84849325108200CE8482A39B
:108F8000FF00083121100000110065902118000039
:108F9000E723400BC08487272128C0002120E2005E
:108FA000000084900B0080142130A0000800442CA5
:108FB0000900805001004224C084832721306200D0
:108FC0000000C8A001004324FF006430FC23400BD4
:108FD0000900032401004224010063240800642CDA
:108FE000EDFF8014FF004230212040002110A0003E
:108FF000048383AFD08484A300A0033C0A24400BE5
:10900000ED0B62A0DC0B632425006CA039006DA081
:109010004D006FA0610078A0750070A0890071A05C
:109020009D0073A0048382AF00A0023CDC0B4224AD
:1090300008004390090043A0248582930100422444
:10904000EA27400B248582A300A0023CDC0B4224CB
:109050001C0043901D004290800043100100022438
:10906000D28482A3010002244700621400A0023CC3
:10907000DC0B4224240040A02D8084932720040090
:10908000C781839324188300C78183A32E80849390
:1090900027200400CE84839324188300CE8483A3E6
:1090A000250042900800432C6C006010048382AFBE
:1090B000288088933080899334808A9338808B937A
:1090C0003C808E93408099934480929300A0033C0F
:1090D000DC0B632439006D904D006F906100789037
:1090E00075007090890071909D00739011006C90D4
:1090F00021284000C1848727C08486272118470083
:10910000000063902120C20003006814000083A0C7
:109110005C24400BFF004C30030069140000000089
:109120005C24400BFF004D3003006A140000000077
:109130005C24400BFF004F3003006B140000000064
:109140005C24400BFF00583003006E140000000048
:109150005C24400BFF005030030079140000000035
:109160005C24400BFF00513001007250FF0053306F
:109170000100A2240800432CE0FF601421284000D5
:109180008E24400B00A0033CDC0B42242C808893EF
:10919000240048A02D808393C781849325188300E1
:1091A000C78183A32E808393CE8484932518830064
:1091B000CE8483A3FF0008312500459021100000D4
:1091C000211800007424400BC08487272128C00088
:1091D0002120E200000084900B0080142130A000C8
:1091E0000800442C0900805001004224C0848327D9
:1091F000213062000000C8A001004324FF00643059
:109200008924400B09000324010042240100632447
:109210000800642CEDFF8014FF0042302120400044
:109220002110A00000A0053C010CA2A0048383AF84
:109230009724400BD08484A3DC0B632439006DA0F9
:109240004D006FA0610078A0750070A0890071A02A
:109250009D0073A0048382AF11006CA000A0023CAB
:10926000DC0B42241C0043901D0043A02485829304
:1092700001004224EA27400B248582A300A0023C7F
:10928000DC0B4224300043903100429080004310B8
:1092900001000224D28482A3010002244700621448
:1092A00000A0023CDC0B4224380040A031808493B3
:1092B00027200400C781839324188300C78183A3D8
:1092C0003280849327200400CE8483932418830063
:1092D000CE8483A3390042900800432C6C006010B8
:1092E000048382AF288088932C80899334808A936A
:1092F00038808B933C808E934080999344809293E6
:1093000000A0033CDC0B632425006D904D006F90A2
:109310006100789075007090890071909D00739045
:1093200011006C9021284000C1848727C0848627C3
:1093300021184700000063902120C2000300681438
:10934000000083A0E924400BFF004C3003006914A7
:1093500000000000E924400BFF004D3003006A14B8
:1093600000000000E924400BFF004F3003006B14A5
:1093700000000000E924400BFF00583003006E1489
:1093800000000000E924400BFF0050300300791476
:1093900000000000E924400BFF0051300100725032
:1093A000FF0053300100A2240800432CE0FF6014AA
:1093B000212840001B25400B00A0033CDC0B42246D
:1093C00030808893380048A031808393C78184938C
:1093D00025188300C78183A332808393CE8484932E
:1093E00025188300CE8483A3FF00083139004590FF
:1093F00021100000211800000125400BC0848727A0
:109400002128C0002120E200000084900B0080147D
:109410002130A0000800442C0900805001004224A3
:10942000C0848327213062000000C8A001004324CB
:10943000FF0064301625400B09000324010042247C
:10944000010063240800642CEDFF8014FF0042300B
:10945000212040002110A00000A0053C150CA2A076
:10946000048383AF2425400BD08484A3DC0B6324C6
:1094700025006DA04D006FA0610078A0750070A060
:10948000890071A09D0073A0048382AF11006CA0BD
:1094900000A0023CDC0B422430004390310043A08A
:1094A0002485829301004224EA27400B248582A36D
:1094B00000A0023CDC0B4224440043904500429053
:1094C0008000431001000224D28482A30100022400
:1094D0004700621400A0023CDC0B42244C0040A078
:1094E0003580849327200400C78183932418830048
:1094F000C78183A33680849327200400CE8483937E
:1095000024188300CE8483A34D0042900800432C8E
:109510006C006010048382AF288088932C8089932C
:1095200030808A9338808B933C808E9340809993CF
:109530004480929300A0033CDC0B632425006D90D3
:1095400039006F906100789075007090890071907B
:109550009D00739011006C9021284000C1848727E2
:10956000C084862721184700000063902120C20094
:1095700003006814000083A07625400BFF004C30E8
:1095800003006914000000007625400BFF004D30F9
:1095900003006A14000000007625400BFF004F30E6
:1095A00003006B14000000007625400BFF005830CC
:1095B00003006E14000000007625400BFF005030C1
:1095C00003007914000000007625400BFF005130A5
:1095D00001007250FF0053300100A2240800432C08
:1095E000E0FF601421284000A825400B00A0033CA8
:1095F000DC0B4224348088934C0048A03580839350
:10960000C781849325188300C78183A33680839301
:10961000CE84849325188300CE8483A3FF00083171
:109620004D00459021100000211800008E25400BB0
:10963000C08487272128C0002120E20000008490F8
:109640000B0080142130A0000800442C0900805039
:1096500001004224C0848327213062000000C8A09A
:1096600001004324FF006430A325400B09000324BC
:1096700001004224010063240800642CEDFF8014E3
:10968000FF004230212040002110A00000A0053C36
:10969000290CA2A0048383AFB125400BD08484A3FE
:1096A000DC0B632425006DA039006FA0610078A059
:1096B000750070A0890071A09D0073A0048382AF23
:1096C00011006CA000A0023CDC0B4224440043903B
:1096D000450043A02485829301004224EA27400BE1
:1096E000248582A300A0023CDC0B42245800439056
:1096F000590042908000431001000224D28482A3CA
:10970000010002244700621400A0023CDC0B42244A
:10971000600040A03980849327200400C781839390
:1097200024188300C78183A33A80849327200400F0
:10973000CE84839324188300CE8483A36100429057
:109740000800432C6C006010048382AF288088934B
:109750002C80899330808A9334808B933C808E93C5
:10976000408099934480929300A0033CDC0B6324D7
:1097700025006D9039006F904D00789075007090C5
:10978000890071909D00739011006C902128400019
:10979000C1848727C0848627211847000000639072
:1097A0002120C20003006814000083A00326400BA0
:1097B000FF004C3003006914000000000326400B3A
:1097C000FF004D3003006A14000000000326400B28
:1097D000FF004F3003006B14000000000326400B15
:1097E000FF00583003006E14000000000326400BF9
:1097F000FF00503003007914000000000326400BE6
:10980000FF00513001007250FF0053300100A224CC
:109810000800432CE0FF6014212840003526400B4F
:1098200000A0033CDC0B422438808893600048A0F1
:1098300039808393C781849325188300C78183A3CC
:109840003A808393CE84849325188300CE8483A3A7
:10985000FF00083161004590211000002118000030
:109860001B26400BC08487272128C0002120E2004E
:10987000000084900B0080142130A0000800442CCC
:109880000900805001004224C084832721306200F7
:109890000000C8A001004324FF0064303026400BC4
:1098A0000900032401004224010063240800642C01
:1098B000EDFF8014FF004230212040002110A00065
:1098C00000A0053C3D0CA2A0048383AF3E26400BC4
:1098D000D08484A3DC0B632425006DA039006FA025
:1098E0004D0078A0750070A0890071A09D0073A044
:1098F000048382AF11006CA000A0023CDC0B422468
:1099000058004390590043A02485829301004224CB
:10991000EA27400B248582A300A0023CDC0B4224F2
:109920006C0043906D0042908000431001000224BF
:10993000D28482A3010002244700621400A0023CEA
:10994000DC0B4224740040A03D8084932720040057
:10995000C781839324188300C78183A33E808493A7
:1099600027200400CE84839324188300CE8483A30D
:10997000750042900800432C6C006010048382AF95
:10998000288088932C80899330808A9334808B93AD
:1099900038808E93408099934480929300A0033C3A
:1099A000DC0B632425006D9039006F904D0078909A
:1099B00061007090890071909D00739011006C900F
:1099C00021284000C1848727C084862721184700AA
:1099D000000063902120C20003006814000083A0EF
:1099E0009026400BFF004C3003006914000000007B
:1099F0009026400BFF004D3003006A140000000069
:109A00009026400BFF004F3003006B140000000055
:109A10009026400BFF00583003006E140000000039
:109A20009026400BFF005030030079140000000026
:109A30009026400BFF00513001007250FF00533060
:109A40000100A2240800432CE0FF601421284000FC
:109A5000C226400B00A0033CDC0B42243C808893D0
:109A6000740048A03D808393C781849325188300A8
:109A7000C78183A33E808393CE848493251883007B
:109A8000CE8483A3FF0008317500459021100000AB
:109A900021180000A826400BC08487272128C00079
:109AA0002120E200000084900B0080142130A000EF
:109AB0000800442C0900805001004224C084832700
:109AC000213062000000C8A001004324FF00643080
:109AD000BD26400B09000324010042240100632439
:109AE0000800642CEDFF8014FF004230212040006C
:109AF0002110A00000A0053C510CA2A0048383AF5C
:109B0000CB26400BD08484A3DC0B632425006DA0FE
:109B100039006FA04D0078A0610070A0890071A08D
:109B20009D0073A0048382AF11006CA000A0023CD2
:109B3000DC0B42246C0043906D0043A0248582938B
:109B400001004224EA27400B248582A300A0023CA6
:109B5000DC0B42248000439081004290800043103F
:109B600001000224D28482A301000224470062146F
:109B700000A0023CDC0B4224880040A0418084937A
:109B800027200400C781839324188300C78183A3FF
:109B90004280849327200400CE848393241883007A
:109BA000CE8483A3890043900800622C6C0040108F
:109BB000048383AF288088932C80899330808A9394
:109BC00034808B9338808E933C8099934480929319
:109BD00000A0023CDC0B422425004D9039004F9040
:109BE0004D00589061005090750051909D00539029
:109BF00011004C9021206000C1848727C0848627F3
:109C000021108700000042902128C400030048145E
:109C10000000A2A01D27400BFF008C300300491458
:109C2000000000001D27400BFF008D3003004A1488
:109C3000000000001D27400BFF008F3003004B1475
:109C4000000000001D27400BFF00983003004E1459
:109C5000000000001D27400BFF0090300300591446
:109C6000000000001D27400BFF0091300100525002
:109C7000FF009330010063240800622CE0FF405491
:109C8000212060004F27400B00A0023CDC0B422447
:109C900040808893880048A041808393C781849343
:109CA00025188300C78183A342808393CE84849345
:109CB00025188300CE8483A3FF00083189004590D6
:109CC00021100000211800003527400BC084872791
:109CD0002128C0002120E200000084900B008014A5
:109CE0002130A0000800442C0900805001004224CB
:109CF000C0848327213062000000C8A001004324F3
:109D0000FF0064304A27400B09000324010042246D
:109D1000010063240800642CEDFF8014FF00423032
:109D2000212040002110A00000A0053C650CA2A04D
:109D3000048383AF5827400BD08484A3DC0B4224D8
:109D400025004DA039004FA04D0058A0610050A043
:109D5000750051A09D0053A0048383AF11004CA057
:109D600000A0023CDC0B422480004390810043A011
:109D70002485829301004224EA27400B248582A394
:109D800000A0023CDC0B42249400439095004290DA
:109D90008000431001000224D28482A30100022427
:109DA0004700621400A0023CDC0B42249C0040A04F
:109DB0004580849327200400C7818393241883005F
:109DC000C78183A34680849327200400CE84839395
:109DD00024188300CE8483A39D0042900800432C66
:109DE0006C006010048382AF288088932C80899354
:109DF00030808A9334808B9338808E933C80999303
:109E00004080929300A0033CDC0B632425006D90FE
:109E100039006F904D0078906100709075007190DE
:109E20008900739011006C9021284000C18487271D
:109E3000C084862721184700000063902120C200BB
:109E400003006814000083A0AA27400BFF004C30D9
:109E50000300691400000000AA27400BFF004D30EA
:109E600003006A1400000000AA27400BFF004F30D7
:109E700003006B1400000000AA27400BFF005830BD
:109E800003006E1400000000AA27400BFF005030B2
:109E90000300791400000000AA27400BFF00513096
:109EA00001007250FF0053300100A2240800432C2F
:109EB000E0FF601421284000DC27400B00A0033C99
:109EC000DC0B4224448088939C0048A04580839307
:109ED000C781849325188300C78183A34680839319
:109EE000CE84849325188300CE8483A3FF00083199
:109EF0009D0045902110000021180000C227400B52
:109F0000C08487272128C0002120E200000084901F
:109F10000B0080142130A0000800442C0900805060
:109F200001004224C0848327213062000000C8A0C1
:109F300001004324FF006430D727400B09000324AD
:109F400001004224010063240800642CEDFF80140A
:109F5000FF004230212040002110A00000A0053C5D
:109F6000790CA2A0048383AFE527400BD08484A39F
:109F7000DC0B632425006DA039006FA04D0078A094
:109F8000610070A0750071A0890073A0048382AF86
:109F900011006CA000A0023CDC0B42249400439012
:109FA000950043A0248580A30C00B38F0800B28FD6
:109FB0000400B18F0000B08F0800E0031000BD273F
:109FC0000484828F2100401000000000010003245F
:109FD0000F0043140200032400A0023C7806422430
:109FE00015000324030043A0040040A0CD83839305
:109FF000050043A0060040A000A0023CA008438C3E
:10A00000C018030000A0023C0800E003FC0643ACBB
:10A010000E0043140000000000A0023C7806422419
:10A0200016000324030043A0040040A0108483937F
:10A03000050043A0060040A000A0023C9809438C04
:10A04000C018030000A0023CFC0643AC0800E0037B
:10A0500000000000E0FFBD271C00BFAF1800B2AF3A
:10A060001400B1AF1000B0AF8282828303000324DA
:10A070003D00431438838393388384930100032481
:10A08000390083143883839300A0063C0700022420
:10A09000FC09C2A0C0FF1024D08390A3FC09C624F1
:10A0A0000100D0A0D28382970200C2A00212020057
:10A0B0000300C2A0808282970400C2A002120200A4
:10A0C0000500C2A00600C0A00700C0A00800C0A0F4
:10A0D0000900C0A00A001124FE8391A302000424F9
:10A0E00001000524424A400F0A000724908482AFF1
:10A0F0000000000000A0063C02000224200FC2A0C5
:10A10000D08390A3200FC6240100D0A0D2838297D1
:10A11000FF0043300200C3A0021202000300C2A0ED
:10A1200080828297FF0043300400C3A00212020025
:10A130000500C2A00600C0A00700C0A00800C0A083
:10A140000900C0A0FE8391A302000424010005249D
:10A15000424A400F0A000724908482AF00000000AA
:10A16000A928400B828280A34E00601400A0033C0B
:10A17000FC06638C0600601400000000EC818293F2
:10A1800040100200A0FF42246F28400BD08382A31E
:10A1900007004014EC81829340100200A0FF42248B
:10A1A000D08382A300A0023C6F28400BFC0640AC89
:10A1B00040100200A1FF4224D08382A300A0063CED
:10A1C00007000224FC09C2A0FC09C624D0838293A4
:10A1D0000100C2A000A0103C7806102603000292E5
:10A1E0000200C2A0040002920300C2A00500029275
:10A1F0000400C2A0060002920500C2A000A0113C0B
:10A20000F00631260C00228E0600C2A002120200C7
:10A210000700C2A00800C0A00900C0A00A001224C4
:10A22000FE8392A30200042401000524424A400F49
:10A230000A000724908482AF00A0063C020002249A
:10A24000200FC2A0D0838293200FC6240100C2A099
:10A25000030002920200C2A0040002920300C2A006
:10A26000050002920400C2A0060002920500C2A0EE
:10A270000C00228EFF0043300600C3A0003A427C4F
:10A280000700C2A00800C0A00900C0A0FE8392A3DE
:10A290000300042401000524424A400F0A00072459
:10A2A000908482AF1C00BF8F1800B28F1400B18F52
:10A2B0001000B08F0800E0032000BD27E8FFBD2795
:10A2C0001400BFAF9084828F06004050AC84828F10
:10A2D0000000429080004230FF0042300D004014E8
:10A2E000AC84828F0C0040141400BF8FD459400FEF
:10A2F00000000000020004240100052400A0063C28
:10A30000200FC624424A400FFE838793908482AF79
:10A31000000000001400BF8F0800E0031800BD27F4
:10A32000B084828F26004010FF0084302C858293F9
:10A3300009004014010003240800032488BF023CE4
:10A34000386143AC1885828F308582AF01000224CA
:10A350000800E0032C8582A30F00431402000324AD
:10A360001885828F3085858F23284500640003245B
:10A37000231864002B18A3001200601400000000D2
:10A3800010008050308582AF020003242C8583A307
:10A390000800E003308582AF0A004314000000008B
:10A3A0003085828F1885838F231062002B20440014
:10A3B00004008014000000000800E0032C8580A346
:10A3C0002C8580A30800E003000000000500801039
:10A3D000000000002110000001004224FFFF44544F
:10A3E000010042240800E003000000000800E00330
:10A3F00000000000B80B0224FFFF4224FFFF40547E
:10A40000FFFF42240800E00300000000600902246E
:10A41000FFFF4224FFFF4054FFFF42240800E003F7
:10A42000000000002C010224FFFF4224FFFF4054E3
:10A43000FFFF42240800E00300000000D8FFBD2712
:10A440002400BFAF2000B3AF1C00B2AF1800B1AF03
:10A450001400B0AF218080002188A0002190C000AE
:10A46000808384AF1460400F0000938C24887102B5
:10A47000212000021E60400F252832022400BF8FD9
:10A480002000B38F1C00B28F1800B18F1400B08F62
:10A490000800E0032800BD27D8FFBD272400BFAF78
:10A4A0002000B4AF1C00B3AF1800B2AF1400B1AFBE
:10A4B0001000B0AF00A0023C500B429002000324F9
:10A4C0004A0243542400BF8F00A0033C510B639009
:10A4D00050006324FF0064303000842C430280501D
:10A4E0002400BF8FFF00633080180300019D043CEF
:10A4F00004A58424211883000000638C08006000F8
:10A5000000000000C4A5009DE8AD009DE8AD009DE1
:10A51000E8AD009DE8AD009DE8AD009DE8AD009D73
:10A52000E8AD009DE8AD009DE8AD009DE8AD009D63
:10A53000E8AD009DE8AD009DE8AD009DE8AD009D53
:10A54000E8AD009DE8AD009DE8AD009DE8AD009D43
:10A55000E8AD009DE8AD009DE8AD009DE8AD009D33
:10A56000E8AD009DE8AD009DE8AD009DE8AD009D23
:10A57000E8AD009DE8AD009DE8AD009DE8AD009D13
:10A58000E8AD009D30A6009D9CA7009DE8AD009D14
:10A59000E8AD009DE8AD009DE8AD009DE8AD009DF3
:10A5A000E8AD009DE8AD009DE8AD009D04AC009DC8
:10A5B000E8AD009DE8AD009DE8AD009DE8AD009DD3
:10A5C000D4A6009D00A0103C500B02260200429031
:10A5D0007F004330F08183A3CC8483A300A0063C9A
:10A5E00002000324200FC3A0200FC624B1FF0324C0
:10A5F0000100C3A00200C2A00300C0A00400C0A0CC
:10A600000500C0A00600C0A00700C0A003000424ED
:10A6100001000524424A400F0A000724E48082AF6B
:10A62000500B00A2010002247A2B400BD08182A3A0
:10A6300000A0023C520B429004004330EA0160103B
:10A6400000A0033C530B63900C00601000A0063C7C
:10A6500000A0023C550B4290188082A3FFFF4224C9
:10A66000FF0042306400422CE00140142400BF8F00
:10A67000320002247A2B400B188082A302000324AC
:10A68000200FC3A0200FC624E0FF03240100C3A0B5
:10A690000200C2A00300C0A000A0103C500B022684
:10A6A000040042900400C2A0188082930500C2A05A
:10A6B0000600C0A00700C0A0030004240100052478
:10A6C000424A400F0A000724E48082AF7A2B400BF5
:10A6D000500B00A200A0023C500B42240300439008
:10A6E000001A03000400449021186400AC8083AF7A
:10A6F00005004490002204000600459021208500BA
:10A70000B08084AF07004290060905240C00651450
:10A71000C78082A3BD2803240A008354C68080A377
:10A720000900032407004354C68080A302000224CA
:10A730009C8582AF01000224D129400BC68082A3F0
:10A74000C68080A300A0103C500B029200A0063CE3
:10A75000200FC2A0200FC624EFFF02240100C2A0D8
:10A76000C68082930200C2A00300C0A00400C0A063
:10A770000500C0A00600C0A00700C0A0030004247C
:10A7800001000524424A400F0A000724E48082AFFA
:10A79000500B00A27A2B400BB48080AF00A0023C8B
:10A7A000520B429001000324E000435001000224B8
:10A7B0000600405000A0023C800003248B0143149B
:10A7C0002400BF8FFB2A400BC9808393540B429017
:10A7D00002000324380043100300432C06006010DD
:10A7E0000300032401000324800143142400BF8FCD
:10A7F000042A400B00A0103C5E0043100400032418
:10A800007A0143142400BF8F922A400B00A0103C11
:10A81000500B022603004390019D023C00E44234A9
:10A8200021106200A88082AF808382AF0000429036
:10A8300028859127000022A200A0063C02000424E3
:10A84000200FC4A0200FC624E1FF04240100C4A0EF
:10A850000200C3A0010003240300C3A00400C2A09F
:10A8600029859227000042920500C2A02A859327DD
:10A87000000062920600C2A02B85942700008292FD
:10A880000700C2A00800C0A00900C0A00300042463
:10A8900001000524424A400F0A000724E48082AFE9
:10A8A000500B00A2000020A2000040A2000060A205
:10A8B0007A2B400B000080A200A0103C500B022617
:10A8C00003004290019D033C00E4633421204300D7
:10A8D000A88084AF808384AF00008490288591276E
:10A8E000000024A20100632421184300A88083AF44
:10A8F000808383AF0000639029859227000043A2E4
:10A9000000A0063C02000524200FC5A0200FC6248D
:10A91000E1FF07240100C7A00200C2A00300C5A0F8
:10A920000400C4A00500C3A02A85932700006292FA
:10A930000600C2A02B859427000082920700C2A0C7
:10A940000800C0A00900C0A00300042401000524E1
:10A95000424A400F0A000724E48082AF500B00A255
:10A96000000020A2000040A2000060A27A2B400B51
:10A97000000080A200A0103C500B02260300429071
:10A98000019D033C00E4633421204300A88084AF90
:10A99000808384AF0000859028859127000025A240
:10A9A0000100642421204400A88084AF808384AF08
:10A9B0000000849029859227000044A202006324AD
:10A9C00021184300A88083AF808383AF0000639089
:10A9D0002A859327000063A200A0063C02000724FA
:10A9E000200FC7A0200FC624E1FF07240100C7A045
:10A9F0000200C2A0030002240300C2A00400C5A0FC
:10AA00000500C4A00600C3A02B85942700008292F5
:10AA10000700C2A00800C0A00900C0A003000424D1
:10AA200001000524424A400F0A000724E48082AF57
:10AA3000500B00A2000020A2000040A2000060A273
:10AA40007A2B400B000080A2500B0226030042909C
:10AA5000019D033C00E4633421204300A88084AFBF
:10AA6000808384AF0000879028859127000027A26B
:10AA70000100642421204400A88084AF808384AF37
:10AA80000000859029859227000045A202006424D9
:10AA900021204400A88084AF808384AF000084908C
:10AAA0002A859327000064A2030063242118430031
:10AAB000A88083AF808383AF000063902B859427A9
:10AAC000000083A200A0063C02000824200FC8A0BA
:10AAD000200FC624E1FF08240100C8A00200C2A084
:10AAE000040002240300C2A00400C7A00500C5A002
:10AAF0000600C4A00700C3A00800C0A00900C0A0B1
:10AB00000300042401000524424A400F0A000724E0
:10AB1000E48082AF500B00A2000020A2000040A2FF
:10AB2000000060A27A2B400B000080A2C98082A3A3
:10AB300000A0023C530B46901900C050048380AF24
:10AB4000C8808293FFFFC3241400431001004224F5
:10AB5000048382AF2B1846000C0060102138C0001F
:10AB600000A0053C100AA5242118A200000060A046
:10AB7000FF004430010042242B184700FBFF601403
:10AB80002118A200C88084A3048382AFC880839365
:10AB9000FFFFC224950062142400BF8F048380AF9E
:10ABA00000A0023C540B47908F00E01000A0023C34
:10ABB000550B422400A0033C100A632421186600B0
:10ABC0002128470000004490000064A001004224B6
:10ABD000FCFF451401006324FFFFE2242130C20082
:10ABE000C88086A37A2B400B048387AF0100022420
:10ABF0007E0062142400BF8F020002247A2B400BD7
:10AC0000C98082A300A0033C520B6390010004247E
:10AC100040006450010002240600601000A0103CB7
:10AC200080000224710062142400BF8F752B400B3A
:10AC3000CA808393500B092603002391009D043C96
:10AC4000005F852421286500A88085AF808385AFBB
:10AC50000000A89028859127000028A2015F852484
:10AC600021286500A88085AF808385AF0000A7906C
:10AC700029859227000047A2025F852421286500CC
:10AC8000A88085AF808385AF0000A5902A85932793
:10AC9000000065A2035F842421206400A88084AFA3
:10ACA000808384AF000084902B859427000084A2C9
:10ACB00000A0063C200FC2A0200FC624EAFF0224F9
:10ACC0000100C2A00200C3A0040022910300C2A0A0
:10ACD0000400C8A00500C7A00600C5A00700C4A0C6
:10ACE0000800C0A00900C0A003000424010005243E
:10ACF000424A400F0A000724E48082AF500B00A2B2
:10AD0000000020A2000040A2000060A27A2B400BAD
:10AD1000000080A2CA8082A300A0023C530B469090
:10AD20001900C050048380AFC8808293FFFFC32402
:10AD30001400431001004224048382AF2B18460004
:10AD40000C0060102138C00000A0053C100AA524AA
:10AD50002118A200000060A0FF004430010042243E
:10AD60002B184700FBFF60142118A200C88084A3A1
:10AD7000048382AFC8808393FFFFC2241B00621448
:10AD80002400BF8F048380AF00A0023C540B479087
:10AD90001500E01000A0023C550B422400A0033C2B
:10ADA000100A6324211866002128470000004490FF
:10ADB000000064A001004224FCFF4514010063244C
:10ADC000FFFFE2242130C200C88086A37A2B400B0B
:10ADD000048387AF01000224040062142400BF8FA3
:10ADE00002000224CA8082A32400BF8F2000B48FF7
:10ADF0001C00B38F1800B28F1400B18F1000B08FF9
:10AE00000800E0032800BD27E0FFBD271C00BFAFFE
:10AE10001800B2AF1400B1AF1000B0AFE480828F61
:10AE20000600401000000000000042908000423008
:10AE3000FF0042300B004014CA8083932629400F44
:10AE400000000000030004242128000000A0063CAC
:10AE5000500BC624424A400F0A000724E08082AF0C
:10AE6000CA8083930200022436006214C98083934F
:10AE7000C8808293FF00032429024310010042246A
:10AE80000001432C0C006010048382AF00A0053C3D
:10AE9000100AA5242118A200000060A0FF00443081
:10AEA000010042240001432CFBFF60542118A20042
:10AEB000C88084A3048382AFC58080A3009D043C26
:10AEC0001460400F005F8424CD2D400BF88180AFCB
:10AED000C58084932110900003004590002A05004E
:10AEE000020046902528A600002A05000100469091
:10AEF0002528A600002A0500000042902528A2006F
:10AF00008018030021187100000065AC1E60400F1E
:10AF100021209200C580829304004224C58082A330
:10AF2000F881838F010063244000622CE8FF401405
:10AF3000F88183AFCA8080A3C88080A3C98083932F
:10AF40000200022435006214D0818293C88082936B
:10AF5000FF000324FF014310010042240001432CA1
:10AF60000C006010048382AF00A0053C100AA524E9
:10AF70002118A200000060A0FF004430010042241C
:10AF80000001432CFBFF60542118A200C88084A359
:10AF9000048382AFC58080A3019D043C1460400FF0
:10AFA00000E48434DA2D400BF88180AFC5808493AF
:10AFB0002110900003004590002A050002004690F1
:10AFC0002528A600002A0500010046902528A60095
:10AFD000002A0500000042902528A20080180300E6
:10AFE00021187100000065AC1E60400F2120920006
:10AFF000C580829304004224C58082A3F881838F98
:10B00000010063244000622CE8FF4014F88183AF04
:10B01000C98080A3C88080A3D08182930A00401099
:10B0200000A0023C520B46902014067C060043040C
:10B03000D08180A3019D043C04E084340F29400F9B
:10B0400000FF0524D08180A39C85838F0200022409
:10B0500010006214B480828F01004224B48082AF59
:10B060007017422C0B00401488BF023C8050438C68
:10B070000400037C805043AC019D043C00E0843418
:10B080001E60400F12120524C0BF023C09F84000A8
:10B0900000000000F027400F000000009084828F25
:10B0A0000600401082828483000043908000633059
:10B0B000FF006330AF0060140000000003000324B1
:10B0C00006008314B2828493C483838F0400632CAC
:10B0D00006006054AC84828FB28284930100032402
:10B0E000A200831400000000AC84828FA6014014EB
:10B0F0000800032488BF023C386143AC088380AF5A
:10B10000F0818293020003242F0043100300432C9C
:10B110000600601003000324010003247900431497
:10B1200001000224512C400B00A0103C4C004310A5
:10B130000400032473004314010002249C2C400BE0
:10B1400000A0103C09000224200F02A2D08380A39B
:10B15000200F1026010000A2F080828FFF004330F4
:10B16000020003A2003A427C030002A2F480828F14
:10B17000FF004330040003A2003A427C050002A213
:10B18000060000A2070000A208000224FE8382A39A
:10B19000010004240100052421300002424A400F2E
:10B1A00008000724908482AF00000000828280A300
:10B1B00001000292FF0042305300401003000224BD
:10B1C000C22C400B828282A300A0103C0700022404
:10B1D000200F02A2C0FF0224D08382A3200F1026DA
:10B1E000010002A2F080828FFF004330020003A220
:10B1F000003A427C030002A2F480828FFF004330B9
:10B20000040003A2003A427C050002A2060000A24C
:10B21000070000A2080000A2090000A20A00022400
:10B22000FE8382A3020004240100052421300002D1
:10B23000424A400F0A000724908482AF00000000B9
:10B24000828280A301000392FF006330C0000224C9
:10B250002D00621003000224C22C400B828282A3C4
:10B260001528400F00000000C32C400B448480A729
:10B2700002000224200F02A2C0FF0224D08382A376
:10B28000200F1026010002A2F080828FFF004330C1
:10B29000020003A2003A427C030002A2F480828FE3
:10B2A000FF004330040003A2003A427C050002A2E2
:10B2B000060000A2070000A2080000A2090000A2E8
:10B2C0000A000224FE8382A3030004240100052453
:10B2D00021300002424A400F0A000724908482AFC6
:10B2E00000000000828280A301000392FF0063300F
:10B2F000C00002240400621003000224C22C400B90
:10B30000828282A3F08182A3448480A79E8380A747
:10B310002C8480AFE88180AFAC8280AF688480AF3E
:10B3200000A0033CF00663240C0060AC00A0043CC9
:10B3300028088224080040AC040060AC280880ACD7
:10B34000080060AC040040AC848380AF6C8280AFA6
:10B35000DC8280AF0C0040AC100040AC140040AC6C
:10B36000180040A0E22D400B190040A0060040103C
:10B370005C8283930000429080004230FF004230A4
:10B38000010140145C82839302000224FF006214D6
:10B390001C00BF8FC483828F0400422CFB0040142A
:10B3A000EC818293FF000324F800431000A0033CCB
:10B3B000FC06638C0600601408000324050040149A
:10B3C00088BF023C01000224F72C400BA58382A316
:10B3D00088BF023C346143ACA58380A3AC84828FD8
:10B3E000E9004014F0818293020003243D004310E1
:10B3F0000300432C06006010030003240100032413
:10B40000B6004354010002240A2D400B00A0023C68
:10B410007800431004000324B000435401000224C8
:10B42000812D400B00A0023CFC06428C050040141C
:10B4300082828283EC818293401002001B2D400B9C
:10B44000D08382A306004014EC8182934010020056
:10B45000D08382A300A0023C1B2D400BFC0640AC15
:10B460004010020001004224D08382A300A0063CC9
:10B4700009000224200FC2A0D0838293200FC6248B
:10B480000100C2A000A0023C7806422403004390C1
:10B490000200C3A0040043900300C3A00500439032
:10B4A0000400C3A0060042900500C2A000A0023C18
:10B4B000FC06428CFF0043300600C3A0003A427CE9
:10B4C0000700C2A008000224FE8382A30100042416
:10B4D00001000524424A400F08000724B82D400B04
:10B4E000908482AF00A0023CFC06428C070040140E
:10B4F00001000224EC81829340100200A0FF42244C
:10B50000D08382A3502D400BFC8380A3FC8382A3B5
:10B510008282828307004014EC81829340100200F3
:10B52000A0FF4224D08382A300A0023C502D400BF8
:10B53000FC0640AC40100200A1FF4224D08382A34D
:10B5400000A0063C07000224200FC2A0D0838293F3
:10B55000200FC6240100C2A000A0023C78064224AD
:10B56000030043900200C3A0040043900300C3A063
:10B57000050043900400C3A0060042900500C2A04D
:10B5800000A0023CFC06428CFF0043300600C3A032
:10B59000003A427C0700C2A00800C0A00900C0A079
:10B5A0000A00C0A00B00C0A0248382930C00C2A09C
:10B5B000B882828F003C437C0D00C3A0003A437CDC
:10B5C0000E00C3A0FF0042300F00C2A01000C0A0B8
:10B5D0001100C0A00A000224FE8382A302000424FA
:10B5E00001000524424A400F0A000724B82D400BF1
:10B5F000908482AF1528400F00000000B82D400B4A
:10B6000000000000FC06428C0700401401000224E8
:10B61000EC81829340100200A0FF4224D08382A3D9
:10B62000972D400BFC8380A3FC8382A382828283BC
:10B6300007004014EC81829340100200A0FF4224D6
:10B64000D08382A300A0023C972D400BFC0640ACA7
:10B6500040100200A1FF4224D08382A300A0063C38
:10B6600002000224200FC2A0D0838293200FC624A0
:10B670000100C2A000A0023C7806422403004390CF
:10B680000200C3A0040043900300C3A00500439040
:10B690000400C3A0060042900500C2A000A0023C26
:10B6A000FC06428CFF0043300600C3A0003A427CF7
:10B6B0000700C2A00800C0A00900C0A00A00022420
:10B6C000FE8382A30300042401000524424A400FA4
:10B6D0000A000724B82D400B908482AFF08182A32A
:10B6E0000000000000A0023C7806422404004490C0
:10B6F000002204000300439021188300F08083AFF0
:10B7000006004390001A03000500429021106200D9
:10B71000F48082AF03000224E22D400B828282A3D8
:10B72000C58080A3009D043C1460400F005F84240A
:10B73000F88180AF2118000000A0103C100A1026EC
:10B7400000A0113CBC143126009D123CB42B400BD0
:10B75000005F5226C58080A3019D043C1460400F09
:10B7600000E48434F88180AF2118000000A0103C70
:10B77000100A102600A0113CBC143126019D123C79
:10B78000EB2B400B00E452361C00BF8F1800B28F29
:10B790001400B18F1000B08F0800E0032000BD2717
:10B7A000A58383930100022425006254E48480A3CE
:10B7B000E484829309004014010003240800032458
:10B7C00088BF023C346143AC3C82828FD48482AF18
:10B7D000010002240800E003E48482A30E00431465
:10B7E000020003243C82828FD484838F2318430079
:10B7F000C800632C1200601400000000080004243C
:10B8000088BF033C386164AC02000324E48483A352
:10B810000800E003D48482AF090043140000000054
:10B82000D484828F3C82838F23106200280A422CAA
:10B8300003004014000000000800E003E48480A33B
:10B840000800E00300000000E8FFBD271400BFAFC0
:10B850005085838F01000224160062141400BF8FEC
:10B8600088BF023C8050428C0200423011004010E0
:10B870000800022488BF033C346562AC88BF033CE7
:10B88000386162AC88BF023C4010438CC47B037CAF
:10B89000401043AC88BF023C7010438C010004246C
:10B8A000C47B837C701043AC3862400F0000000002
:10B8B0001400BF8F0800E0031800BD27E8FFBD2774
:10B8C0001400BFAFDC818293050040100100032407
:10B8D000590043141400BF8F672E400BC483828F1E
:10B8E0005C85828F2000422C0500401488BF023CFA
:10B8F0008050428C02004230030040103C8482930E
:10B900008D2E400B3C8480A34B0040541400BF8F0D
:10B9100088BF023C8050438C4408037C805043AC79
:10B92000808580AF9E1D400F0000000000FF0234A4
:10B9300088BF033C146162AC88BF033C046162AC05
:10B94000BF00022488BF033C146362AC88BF033C81
:10B95000046362ACCD8480A33F00032488BF023C13
:10B96000386343AC007F032488BF023C386143AC9A
:10B97000248380A3DC81829301004224DC8182A3A2
:10B980003C82828FB48382AF508580AFEC8480A3E9
:10B99000C48580AF8E2E400B1400BF8F0400422C54
:10B9A0000500401000000000FE1F400F00000000D6
:10B9B000832E400B000000005085828F0B00401446
:10B9C0005C82829305004014000000009853400FF1
:10B9D00000000000832E400B000000002445400FB3
:10B9E00000000000832E400B000000000100042432
:10B9F000508584AF88BF023C8050438C4408837CD0
:10BA0000805043ACAC1F400F00000000E82D400FF9
:10BA1000000000007E22400F00000000822B400F3B
:10BA2000000000008D21400F00000000122E400F8A
:10BA3000000000001400BF8F0800E0031800BD27BD
:10BA4000D8FFBD272400BFAF2000B3AF1C00B2AFAA
:10BA50001800B1AFA363400F1400B0AF4000112431
:10BA600088BF033C042071AC81BF033C00F0638CB1
:10BA70008D63400F21204000908480AFFFFF02348F
:10BA800088BF033C186162AC88BF033C046162ACB0
:10BA900088BF043C186282AC88BF043C046282AC5C
:10BAA00088BF043C186382AC88BF073C0463E2ACE7
:10BAB00088BF043C186482AC88BF043C046482AC38
:10BAC00088BF043C186582AC88BF083C046502ADA1
:10BAD00088BF043C186682AC88BF043C046682AC14
:10BAE0000300062488BF023C506146AC88BF023C7C
:10BAF000506240AC0001022488BF043C506382AC19
:10BB00000F00052488BF043C506485AC88BF043C0A
:10BB1000506586AC88BF043C08001024146190ACCA
:10BB2000046170AC88BF053C3461B0AC88BF053C93
:10BB30003861B0AC0001053C88BF093C341025AD2C
:10BB400088BF0A3C1C000924E41049AD88BF093CA9
:10BB500010000B24E8102BADE41046ADE81020AD2A
:10BB600088BF063C6410C5AC88BF063C6810C5ACF5
:10BB700080BF053C000EA0AC80BF053C100EA0AC01
:10BB80007017062480BF053C200EA6AC008006344A
:10BB900080BF053C080EA6AC508580AF010005248F
:10BBA000CD8085A33C82858F9C8085AF88BF053C76
:10BBB0001465B0AC046510AD80000524146185AC3B
:10BBC000046165AC146191AC046171AC88BF033C45
:10BBD000146362AC0463E2AC2D62400F000000000D
:10BBE00088BF023C346550ACF361400F0000000098
:10BBF0002080033481BF023C009843AC51400324B1
:10BC000081BF023C20A043ACA349400F0100102497
:10BC10007F1D400F88BF113C414B400F080012248C
:10BC200001001324CD808293100050143C82838F36
:10BC30009C80828F23106200D007422C07004014A2
:10BC4000C480829307004014000000005C85828F4E
:10BC50003C8480A3192F400BC48093A30100405063
:10BC6000386532AE2F2E400F00000000981F400FA5
:10BC7000000000000A2F400BCD8082938200856F68
:10BC80008200B9208200B91E8200B9228200B92444
:10BC90008200B91E8200B9468200B91E8200B94CEA
:10BCA0008200B94E8200B9508200B9528200B95F59
:10BCB0008200B9618200B9638200B9658200B96708
:10BCC0008200B9698200B91E8200B91E8200B91EC5
:10BCD0008200B96B8200B96D8200B96F8200B9959C
:10BCE0008200B91E8200B91E8200B9978200B99EF7
:10BCF0008200B9A08200B9A28200A2EAFFFFFFFF82
:10BD0000FFFFFFFFFFFFFFFFFFFFFFFFFFFFFFFF43
:10BD1000FFFFFFFFFFFFFFFFFFFFFFFFFFFFFFFF33
:10BD2000FFFFFFFFFFFFFFFFFFFFFFFFFFFFFFFF23
:10BD3000FFFFFFFFFFFFFFFFFFFFFFFFFFFFFFFF13
:10BD4000FFFFFFFFFFFFFFFFFFFFFFFFFFFFFFFF03
:10BD5000FFFFFFFFFFFFFFFFFFFFFFFFFFFFFFFFF3
:10BD6000FFFFFFFFFFFFFFFFFFFFFFFFFFFFFFFFE3
:10BD7000FFFFFFFFFFFFFFFFFFFFFFFFFFFFFFFFD3
:10BD8000FFFFFFFFFFFFFFFFFFFFFFFFFFFFFFFFC3
:10BD9000FFFF000186A001020408000F42400001DD
:10BDA00086A18538620001856C6200F1856E6401B0
:10BDB00000856F009BF79913044600000000000007
:10BDC0000000000000000000000000009913044D76
:10BDD0000000000000000000000000000000000063
:10BDE0000000492600000A020804FFAE0FFF9490ED
:10BDF000CE8526AE8528F62720A5602717BFEBEE57
:10BE000003BFEEBEEBEE0190F6F75C905C90B3EEF4
:10BE100026F5BEEB1C000520DDAE00352002F75CE8
:10BE2000A300F126F9AE01012002F75CA30B042662
:10BE3000F9CDB9A420FE891305230572F00520056C
:10BE40001E0572F0015B02818952059EAD7DEE49AF
:10BE50001F047B07AD75EE491F017B06AD6D160112
:10BE6000EF497B07AD651604EF497B06AD5DEE4BF0
:10BE70001F047B07AD55EE4B1F017B06AD4D160130
:10BE8000EF4B7B07AD451604EF4B7B06AD3DE65708
:10BE90006B03897B09AD34E65785E7577B07AD2BEC
:10BEA0007B03E7575F7B069758EE3E1F045F7B07D7
:10BEB00097587B06905F90979058EE3E90EF3E5FCC
:10BEC0007B0797581604EF3E5B078197A60F4281C8
:10BED000520CAEFFFF1F02C60441B14825690F0B8B
:10BEE000205B0F0C203FCD87B8909390EE4D905C77
:10BEF000272DEE4F897B0DCD87B8EE4D897B10CD78
:10BF000087B8EE4B897B12CD87B8EE49CD89625B4D
:10BF1000061F047B0C2704130224081F0220027B47
:10BF20000B6B060C0C7B0CC10A9A7B0B25B8110617
:10BF300027097B06977B0B95CD85CC0C0B7B0BC122
:10BF40000A9A259E5B0C810F0C20770F0B206A7BD1
:10BF50000CCD87B8909390EE49905C274D7B0BCD2C
:10BF600087B8EE4F897B0DCD87B8EE4D897B10CD1C
:10BF700087B8EE4B897B12CD87B8EE49CD89625BDD
:10BF8000061F047B0B260F1F0296CD87B21B0C24C5
:10BF9000015C027F20211302241D1F0296CD87B26F
:10BFA0001B0C24015C027B0B200C96CD87B21B0C72
:10BFB00024015C02A6FFF70C0B7B0BC10A9A258FAC
:10BFC0000C0C7B0CC10A9A25820F0B20570F0C20FA
:10BFD0004A96AD5A1B0C24015C02F6110B263A7BE3
:10BFE0000B977B0C95CD85CC96AD431B0C24015C47
:10BFF00002F66B0196AD371B0C24015C0289961C7E
:10C0000000089F5E1B0D24015C02F685F796AD1EAD
:10C010001B0B24015C027B01F70C0C7B0CC10A9A00
:10C0200025AF0C0B7B0BC10A9A25A2CC86C81C003D
:10C03000069F5E8197A60F428188521672050A629A
:10C0400003CC88C9BE35CDBD45961C000DCDBCBE08
:10C050007B17CD88CFEE53CDBD4C961C000DCDBBCC
:10C0600088BEE989BE37CDBD45961C000BCDBCBE50
:10C070007B19CD88CFEE51CDBD4C961C000BCDBBAE
:10C0800088BEE989BE35CDBD45961C0009CDBCBE34
:10C090007B1BCD88CFEE4BCDBD4C961C0009CDBB94
:10C0A00088BEE989BE37CDBD45961C0007CDBCBE14
:10C0B0007B1DCD88CFEE49CDBD4C961C0007CDBB76
:10C0C00088BEE9CD89625B06C30A692303CE0A698B
:10C0D0001F155FC60A6897BFEB1E15B3EB24045FFC
:10C0E000971F157B15977B16C00A6824015ACDBD92
:10C0F0003A961C000DCDBCBE4F974AC00A6724017A
:10C100005ACDBA48961C000DCDBAD3961C0011CD5D
:10C11000BCBEC60A6997C60A6AC00A6824015ACD1D
:10C12000BD3A961C000DCDBCBE961C0011CDBB7651
:10C13000961C000DCDBB88961C0011CDBCBE7B1497
:10C14000CB0A672003C60A635B178197A60F42904C
:10C15000CE0A9E818952101E17F6B7EA3FE93FE8E2
:10C160003FE7961C0005CDBCBE1E1590AE0100FE3B
:10C17000CDBD4C961C0005CDBA75961C000DCDBCEE
:10C18000BE1E11FECDBD4C961C0009CDBCBE7B1958
:10C19000B7EA3FE93FE83FE7961C0005CDBCBE96F5
:10C1A0001C0009CDBB76961C0005CDBAD3965CCD9C
:10C1B000BCBEA601974F101924015ACDBA48961C4F
:10C1C000000DCDBAD3965CCDBA75961C000DCDBCD2
:10C1D000BE1E15160DFF1E177B0FF75B12818952CD
:10C1E000081E0F891E0BCD85BA5B021F031E118925
:10C1F0001E0FCD85BA5B021F071E03130723041F02
:10C2000005200A1E071F051E031F071E05541307DE
:10C210001E05242454541F011E055472FB011307EC
:10C220001E07250254545454541F011E07545472BF
:10C23000FB0572FB015B0A81545413071E07240B94
:10C24000545454541F011E075420E2545454547241
:10C25000FB0520E172110440521A721500F10F1A09
:10C26000CC8D4ACD8D5CDE04461F097B1ACD8D5CDA
:10C27000DE04481F0B7B1ACD8D57909390EE4D90A6
:10C280005C2703CC8A8F909390EE49905C277CBE0C
:10C2900037CDBD45961C0005CDBCBE7B1ACD8D5754
:10C2A00090CE0A9EEE49CDBD4C96CD8D611F037B8D
:10C2B0001ACD8D5C1603CD8D82961C0005CDBCBEBB
:10C2C0007B1ACD8D5790CE0AA0EE4BCDBD4C96CDAE
:10C2D0008D611F037B1ACD8D5C1603DF04487B1A2A
:10C2E000CD8D57CD8D6A7B1ACD8D5C7B1A905F907A
:10C2F00097905890EE3EDF044ACD8D5C897B1CCD33
:10C300008D57E65785D7044CCC8CFA909390EE4924
:10C31000905C2603CC8CDC7B1ACD8D5CDE044ACD90
:10C32000BD45A610CDBAC4961C0012CDBCBE7B1A6A
:10C330005F9758EE3ECDBD45A610CDBAC4961C0001
:10C340000ECDBCBE961C000ECDBB76A604CDBCAFF8
:10C35000961C0005CDBCBE961C0012CDBB76A60473
:10C36000CDBCAF965CCDBCBE961C0012CDBB769604
:10C370005CCDBB5E961C0005CDBA75961C0012CD37
:10C38000BCBE7B1ACD8D5C1612DF044AD6044CCDA0
:10C390008D79961C0012CDBCBE7B1ACD8D57E65709
:10C3A000CD8D79961C000ECDBCBE961C000ECDBB6B
:10C3B00076A603CDBAC4961C0005CDBCBE961C0063
:10C3C00012CDBB76A603CDBAC4961C0005CDBA75B6
:10C3D000961C0012CDBCBE7B1ACD8D5C7B14D7049D
:10C3E0004C7B1A72010A6269CD87BD6B0D7B1ACD39
:10C3F0008D57EE511F187B1ACD8D57EE531F167BAC
:10C400000D887B1BCD8D5701AB555F97897B1DCD6B
:10C410008D5701AB515F97897B1FCD8D5701AB497C
:10C420005F97CD88D85B057B0D887B1BCD8D570131
:10C43000AB565F97897B1DCD8D5701AB535F9789B5
:10C440007B1FCD8D5701AB4B5F97CD88D85B052007
:10C4500013CD8D57CD8D6AEE4D1F187B1ACD8D579C
:10C46000EE4F1F167B1ACD8D57EE5172030A621DD7
:10C4700072FB18541F077B1ACD8D5C1607DF04462C
:10C480007B1ACD8D57EE5372FB165420131F077B7A
:10C490001ACD8D5C1607DF04467B1ACD8D57EE53FF
:10C4A0001F077B1ACD8D5C1607DF0448BE37CDBD54
:10C4B00045961C0005CDBCBE7B1ACD8D5C90CE0A86
:10C4C0009EDE0446CDBD4C96CD8D611F037B1ACDFB
:10C4D0008D5C1603CD8D82961C0005CDBCBE7B1AEB
:10C4E000CD8D5C90CE0AA0DE0448CDBD4C96CD8D9E
:10C4F000611F037B1ACD8D5C1603DF0448DE044602
:10C5000072F0091F167B1ACD8D5CDE044872F00BA9
:10C510001F181E16011A19011A18015D270472143A
:10C5200000F1C604414A2612CE044272FB16CF0423
:10C5300042CE044472FB18CF04447B1A5F97589094
:10C5400093EE9E72FB1690EF9E5F97589093EE9439
:10C5500072FB1890EF94201E7B1AAD7C905ADF047A
:10C5600046DF0448905FDF044A724F044C5F7B1A39
:10C570009758EF94EF9E7B1A5F97586D9E2A05EEB1
:10C580009E502002EE9E1F185F97586D942A085FF8
:10C590009758EE945020055F9758EE941F165FC68B
:10C5A0000AA297BFEB1E18B3EB220A5F97BFEB1EE0
:10C5B00016B3EB230F7B1A5F9758905FEF9EEF94B3
:10C5C000721004400C1A7B1AC10A9A2403CC89E722
:10C5D0005B1A8197A60F428197A60742811C00052E
:10C5E000CDBB88BEE981909390EE49EF5190939036
:10C5F000EE4BEF53815F9758585858CCBD45DF0438
:10C6000046BE35CCBD45897B05270E9EC701039FDD
:10C61000C70102725F0101201DC60101A13225047C
:10C62000A6018581725C0101C6010311012607C6BE
:10C630000102110227EA4F20E98952079E4D2B4F34
:10C640009F4D2B4BC60A6D5F975A7B09905F4D2A11
:10C65000029053CD90122F37CD901A7B08905F4DEA
:10C660002A029053CD90122F26AE00017B09270499
:10C67000584A26FC7B08905F4D2A02905390979071
:10C68000580190D4048A0190D40489015D26044F96
:10C690005B09815F1F067B0927772A0153CD902113
:10C6A0001F035F7B084D2A0153CD900A72FB03DE06
:10C6B00005F172FB061F067B0827247B095F4D2AC4
:10C6C0000153CD90211F035F7B084D2A0153CD906C
:10C6D0000A1D001472FB03DE05F172FB061F06CD76
:10C6E000901A7B08905F4D2A029053CD901227211B
:10C6F0007B095F4D2A0153CD90211F035F7B084DBD
:10C700002A0153CD900A72FB03DE060572FB061F59
:10C7100006C60A6D5F975A7B09905F4D2A029053B7
:10C72000CD901227765F4D2A015397581F035F7BE8
:10C73000084D2A0153CD900A72FB03DE05F372FB0C
:10C74000061F067B0827237B095F4D2A0153975854
:10C750001F035F7B084D2A0153CD900A1D00147200
:10C76000FB03DE05F372FB061F06CD901A7B0890D3
:10C770005F4D2A029053CD901227207B095F4D2AEE
:10C78000015397581F035F7B084D2A0153CD900A30
:10C7900072FB03DE060772FB061F067B0827237B5E
:10C7A000095F4D2A015397581F035F7B084D2A01EB
:10C7B00053CD900A1D001472FB03DE05F172FB06D7
:10C7C0001F06CD901A7B08905F4D2A029053CD90A2
:10C7D0001227207B095F4D2A015397581F035F7B67
:10C7E000084D2A0153CD900A72FB03DE060572FB49
:10C7F000061F06C60A9B6B05720500E6020F057B45
:10C80000095F4D2A01539790AE0005CDBA271F034B
:10C810005F7B084D2A01539790AE0032CDBA277244
:10C82000FB03DE01411F011E065757575757577B21
:10C8300005905F9097CDBA2772FB011F065F7B09B9
:10C840004D2A015397581F035F7B084D2A0153ADB2
:10C850003572FB03DE05F113062E03CC8E137B0924
:10C860005F4D2A0153971F035F7B084D2A015397A1
:10C8700090AE000ACDBA2772FB0C72FB03C60441CE
:10C88000F7A601CC8E149790AE0014CCBA279097DF
:10C8900090BFEEB3EE81C60A6E5F975A8197581D1E
:10C8A0000002818952045F1F037B0697581F017B9A
:10C8B00005CD917472FB01DE05F113032C03CC91BD
:10C8C0006572050A996B72010A9923C60A6ECD91A9
:10C8D00098100524015A02897B085F97581F057B31
:10C8E00007CD917472FB059085CD917920177B0659
:10C8F0005F97581F037B05CD917472FB037B05DEA8
:10C9000005F1CD91847B09CD918E72030A990CC6F5
:10C910000A6DCD91981006246C20697B065F9758AC
:10C920001F037B05CD917472FB037B06DE05F120AE
:10C930007D72010A9923C60A6DCD919810062401D3
:10C940005A02897B085F97581F057B07CD91747247
:10C95000FB059085CD917920177B065F97581F03C3
:10C960007B05CD917472FB037B06DE05F1CD9184CE
:10C970007B09CD918E72030A9921C60A6ECD9198DA
:10C98000100524015A02897B085F97581F057B0711
:10C99000AD5E72FB059085AD5C20157B065F9758F8
:10C9A0001F037B05AD4A72FB037B05DE05F1AD502D
:10C9B0007B0997A604421C0104CDBAAD7B065F97A4
:10C9C000581F037B05AD2972FB037B09DE05F1903F
:10C9D0005F90979058BFEB93EE3E72BB00EB90EFE9
:10C9E0003E7B0A27087B0997A60F426C575B06819E
:10C9F00097A6144281DE05F1CDBA279093CCBA6296
:10CA0000905F9097CDBA27CCBA5497A604421C01E8
:10CA100018CCBAAD5F975A018152070F0720605FAB
:10CA20009758EE3ECDBD45961C0003CDBCBE7B079E
:10CA300097A604421C0118CDBB7648CDBAC496AD6A
:10CA4000481F017B0797A60F421601EF495F7B073E
:10CA50009758EE3ECDBD45961C0003CDBCBE7B076E
:10CA600097A604421C0104CDBB7648CDBAC496AD4E
:10CA7000181F017B0797A60F421601EF4B0C077B8F
:10CA800007C1044125995B07811C0003CDBB88BE0B
:10CA9000E98189720200F1209E4D2B1C9F4D2B18BD
:10CAA0009EC10A6E24129FC10A6D240C4B003B04E8
:10CAB000417B0395CD902785721300F1858189B65E
:10CAC0003C97B63A95CD8DBD4A852611B639A1035E
:10CAD00026043F3920023C39721200F181B6392612
:10CAE000063503003920023A39B63C97B63A95CC60
:10CAF0009216895203A6016B013F399E6B039F6B0F
:10CB0000024B017B04977B0395CD8D8A84CC9347A0
:10CB1000B63926197B024A977B0395CD92160C03F2
:10CB20007B02B73D7B03B73B7B024A201AA1032659
:10CB30001C7B02977B0395CD92160C027B02B73DBE
:10CB40007B034AB73B7B02B73C7B03203CA1022618
:10CB50001A7B02977B034A95CD92160A037B024A01
:10CB6000B73D7B034AB73B7B0220197B024A977B88
:10CB7000034A95CD92160A027B024AB73D7B03B762
:10CB80003B7B024AB73C7B034AB73A1E0889B63D55
:10CB900097B63B95CD8DBD4A8526101E0889B63CBB
:10CBA00097B63A95CD8DBD4D8527184B007B0497E0
:10CBB0007B0395CD8D8A5B014A26035B05811E08A8
:10CBC000CD92427B012703CC929420EF884F6B01DA
:10CBD00097A6074290AEFFFFDF0446DF0448905F50
:10CBE000DF044A724F044C7B0197A60F42905AEF24
:10CBF00049EF4BEF4DEF4FEF53EF510C017B01A18C
:10CC00000525CD84815204B6BE5F9790AE03E8CD72
:10CC1000BD4C965CCDBCBEBEC1CDBD45965CCDBA0B
:10CC200075AE012CCDBCBEC60A9D5F97A620CDB9BE
:10CC3000F5AE012CCDBA75AE0130CDBCBE72100080
:10CC4000F15B0481880F01201697A60F42E657C1B9
:10CC50000A9C230972120440CD938984810C017BC4
:10CC600001C1044125E38481529E961C000690AECA
:10CC70008480A696CDBD970F9E203F97A60F429029
:10CC80009390EE49EF4D909390EE4BEF4FCD95C2C0
:10CC90007B9E97A604424FD7011BD7011AD70119D3
:10CCA000D70118D70107D70106D70105D701045FBF
:10CCB0007B9E9758905FEF3E0C9E7B9EC10A9A2503
:10CCC000BA5504410048725F0441721504400F9D3B
:10CCD000CC95A25F9758D6048ADA04892603CC95AE
:10CCE000A00F05A6FF6B9C0F9ECC9596961C000688
:10CCF0001F037B9DCD95CD72FB03011B9E24015C20
:10CD000002F64C271EA6016B05961C00061F037B2E
:10CD10009DCD95CD72FB03011B9E24015C02F66B39
:10CD20009C20677B054A26727B9E5F975A1F03965D
:10CD30001C00061F017B9DCD95CD72FB0172FB038C
:10CD4000F6119C262DAE00017B9E2704584A26FC36
:10CD50007B9DCD95AF2712961C0006897BA0977B03
:10CD60009F95CD8DBD4D8526090F05A6FF6B9CCCEB
:10CD70009594961C00061F037B9DCD95CD72FB03F9
:10CD8000011B9E24015C027B9CF74B017B9D887BF1
:10CD9000A0977B9F95CD90272075AE00017B9E27A5
:10CDA00004584A26FC7B9DCD95AF2764961C00064F
:10CDB000897BA0977B9F95CD8DBD4D852752C6045D
:10CDC00041C10A9A2622725F04410F9E200897A64D
:10CDD0000F42AD6A0C9E7B9EC10A9A25F172020435
:10CDE00040047214044020406B9CA6016B054B016B
:10CDF0007B9D887BA0977B9F95CD902785961C0077
:10CE000006897BA0977B9F95CD9276725C044185C5
:10CE10000C9E7B9EC10A6D2403CC94700C9D7B9D5F
:10CE2000C10A6E2403CC94575B9E81905F909790CB
:10CE3000580190D4048A0190D40489015D8190AE98
:10CE4000FFFFEF49EF4B6F578197A60A42815208C7
:10CE5000CD9350B6BE5F9790AE03E8CDBD4C965CC7
:10CE6000CDBCBEBEC1CDBD45965CCDBA75961C008D
:10CE700005CDBCBEAE0130AD2C962406AD1B2316ED
:10CE80002004AD152208961C0005AD192408721166
:10CE900000F1721304405B08811C0005CDBB76AE27
:10CEA0000130CCBA8DCDBB76AE012CCCBA8D897257
:10CEB000050A990AC60A6E6B01C60A6D2008C60AE1
:10CEC0006D6B01C60A6E6B025F7B01975A4F02BF02
:10CED000375F7B02975A4F02BF35CD93EC72070A3A
:10CEE0009903CD93C8720000F10BCD919DCD86546E
:10CEF000CD89D82003CD95D2858188720304400561
:10CF0000AE9C51BF014F6B01AD40CDBDA6BEA8A3E5
:10CF100099132703CD96F5720404400ABEA8A38096
:10CF2000012503FDBFA87B01AD20CDBD880C017B91
:10CF300001A10225D3720404400592CD01BF01C6B0
:10CF4000043DC40AE7C7043D848197A6164201AB9D
:10CF5000035F9790AE00A8A6168189BEBAA67DCDC4
:10CF6000BCD672BB00B813012404A60120014F8572
:10CF70008189B6C3974F021F015FC652E69772FBC5
:10CF8000015872B000B6BFBA5FC6043C971F01BE1D
:10CF9000B872FB01BFB8858189B6C3974F021F01E4
:10CFA0005FC652E69772FB0158BFB65FBFB8858176
:10CFB000520ABEAC8992CEAACD85BA5B021F05BECD
:10CFC000AE89BEAAEE02CD85BA5B021F07CDBD4574
:10CFD000965CCDBCBE1E05A640CDB9F5965CCDBB1A
:10CFE00088BEE91F09A300FF24047B0A2002A6FFD4
:10CFF000B7B51E05CDBD45965CCDBCBE1E07A6408F
:10D00000CDB9F5965CCDBB88BEE91F09A300FF240E
:10D01000047B0A2002A6FFB7B45B0A81BEAAEE0217
:10D020008992CEAA89BEAE89BEACCD89625B06BFAD
:10D03000BCCC97345205C60AF76B03CE0AF31F0126
:10D04000CE0AF51F04BEA8A397B8260ACE0AEF1F82
:10D0500001CE0AF11F04C60441A102250AC60AFA3C
:10D060006B03CE0AF81F0490BEAA90FE905C2603C4
:10D070005F2014CD97A01E01CD96DE4D260CBE017B
:10D08000A39B8A2605BEA85B0581BEBC130425F5BB
:10D09000B6B41103223890BEAA90FE90B3ACBEA8DD
:10D0A0002416A398942705A397B82622CD971C5F32
:10D0B000CF0444AE000420CFA398972705A397B8C8
:10D0C000260CCD971C5FCF0444AE000820B9B6B53E
:10D0D000110322B190BEAA90EE0290B3AE2318BE07
:10D0E000A8A3989A2705A397B8269ACD971C5FCF37
:10D0F0000442AE00102090BEA8A3989D2705A397D8
:10D10000B82682CD971C5FCF0442AE0020CC980B8E
:10D11000CC97B8CC97B8CC97B8CC97B85FCF04442D
:10D12000CF044290BEAA90FE905C2619CE0AE9CDAB
:10D1300096DE4D2710BEB092CFAABEAA90BEB2EF27
:10D1400002AE00018192CEAABFB0BEAAEE02BFB26B
:10D15000BEAE89BEAC89BEB289BEB0CD89625B0667
:10D16000C30AEB2304AE97B881CE0AE972BB0AED7D
:10D17000CD96DE4D2604AE000281AE98A08190BE11
:10D18000AA90FE905C2604AE991381AE990281901C
:10D19000BEAA90FE905C271A92CEAABFB0BFACBECA
:10D1A000AAEE02BFB2BFAE3FB43FB5CD971CAE985A
:10D1B000A081AE991381CC9B1ACC9B1ACC9B1A925E
:10D1C000CE05BF07BE05EE02BF0992CE1BBF1DBE36
:10D1D0001BEE02BF1F817212043EAE97B8BF03BFA1
:10D1E00019CC9943520490BE0592CE1B90FE90BF7D
:10D1F000EB72BB00EB72B0000B72B00021A602CD47
:10D20000BCD61F01BE1B90BE05EE0290EE0290BF81
:10D21000EB72BB00EB72B0000D72B00023A602CD22
:10D22000BCD61F0392CE05BF0BBE05EE02BF0D920A
:10D23000CE1BBF21BE1BEE02BF23BE19A38000245C
:10D2400037BE03A380002430A30003252BB604B40B
:10D250001AA50C270DCD995A1E01CF0442AE994054
:10D260002013B604B41AA530270ECD995A1E03CF49
:10D270000444AE993D5B0481BE01A399402626BEBD
:10D2800003A300042711A30008270CBE19A3000460
:10D290002705A300082603CD995A1E01CF04427228
:10D2A00012043EBE01A3993D26CBBE03A300102766
:10D2B00011A30020270CBE19A300102705A30020EE
:10D2C0002603CD995A1E03CF04447212043EBE01B8
:10D2D00020A35206BE1F89BE1D89BE0989BE07CD87
:10D2E00089625B061F01BE1BEE028992CE1B89BEBE
:10D2F00005EE028992CE05CD89625B061F03BE0151
:10D30000A3993A2605CE0AFD2003CE0AFB1F055F2E
:10D31000CF04441E0372F0011605CDBA09CF0442B2
:10D32000270C7214043ECD9943AE993A2002BE01F7
:10D330005B0681BE03A380002429A30002240A5AAD
:10D340002618BE19A399132611AE97B8BF03BE01C4
:10D35000A39B572605AE9B1ABF01BE032605AE99B7
:10D3600002BF03BE19A380002429A30002240A5A85
:10D370002618BE03A399132611AE97B8BF19BE0194
:10D38000A39B572605AE9B1ABF01BE192605AE9971
:10D3900002BF19BE0181725F043E5FCF0442CF0419
:10D3A0004490BE0590FE905C270990BE1B90FE90B5
:10D3B0005C2603CC9C0672050AE805CD9A56BF018F
:10D3C00072030AE80B725D043E2605CD9968BF0121
:10D3D000CC9AB7725F043EBE03B3192626A30001A0
:10D3E000261472010AE8047210043EAE9913BF03BA
:10D3F000BF19AE9C0681A397B82608AE9B1ABF0141
:10D40000CC9B1ACC9AB7725F043DBE19A39913271F
:10D410000FAE98A0BF03BF19AE9B57BF01CC9B575F
:10D42000BE03A380002449550004043D1D000427C9
:10D430001D1D0004271D1D0008271D1D0010271D90
:10D4400090BE0590FE905C2619AE99132017AE98F9
:10D45000942018AE98972013AE989A200EAE989DFF
:10D460002009AE9902BF03AE9C0681BF03CD99434C
:10D47000BE0181BE03A399132704AE9B8A81AE9B94
:10D48000F781725F043EC6043DA402C7043D90BE0E
:10D490000590FE905C2609AE9913BF03725F043DB0
:10D4A00090BE1B90FE905C2605AE9913BF19C60472
:10D4B000412604AE9BF781720204400D72040440C1
:10D4C00008A1022604AE9B5781AE9C068172020021
:10D4D000E603CC9C06AE9C5181AE0101CDB6E4358D
:10D4E00007528D35805280357D528E725F528F7219
:10D4F000105287721052807211528535015284AEDB
:10D50000010072115280CCB6E4AE0201CDB6E43512
:10D51000FF52E8350852E7AE0200721052E3CCB673
:10D52000E4721C50C3721050C3721050F07210524B
:10D530005852087210525A725F525B725F525C729C
:10D5400010525072035255FBC652605F971F057B05
:10D55000066B050F065FC6526197011A06011A0590
:10D56000011F057213525672035255FBC652605F7B
:10D57000971F077B086B070F085FC6526197011A58
:10D5800008011A07011F0772135256721152507286
:10D590005F5258725F525A721150C3721150F0723A
:10D5A0001D50C372F0051F07CDBD45965CCDBCBEB6
:10D5B000AE6938BFE9AE0018BFE7965CCDBB88BE48
:10D5C000E9BFC45B08815206AE003ACF0430AE001A
:10D5D0000FCF0432350204343501043535A5043645
:10D5E00035FF043B3580043FCD9350AE09051F0342
:10D5F000AEBE001F055F1F011E05F61E03F75C1F70
:10D60000031E055C1F051E015C1F01A301FB25E82D
:10D610005B06814BC04BC7AE5000CDB78D854B002C
:10D62000AE5000CDB7DB84CD9FC44BC04BFFAE5096
:10D630000FCDB78D854B00AE500FCDB7DB844BC0FF
:10D640004BFFAE5005CDB78D854B00AE5005CDB725
:10D65000DB844FCDB742725F50C3CDA1BBCD9CA53B
:10D66000CD9D4ACDAD81CD9C5DCD9C8D720B09BE0B
:10D670001835CC50E0355550E0350550E135A75010
:10D68000E2725F50E035AA50E09A81AE0201CDB659
:10D69000E4725F52E63FC3721052E08152140F0AE7
:10D6A000AE0200721152E0CDB6E45F1F0FB6C36B3D
:10D6B0000920091E0F1C10001F0F3AC3B6C326F322
:10D6C000C652E65F975858585872FB0F1F0F720AE0
:10D6D00008610AB6CF2757B634A1022651AE03E837
:10D6E0001F0D5F1F0B5C1F111E0FCDBD45961C004B
:10D6F0000BCDBA8D2503CC9F67BEC4CDBD45961C0E
:10D700000005CDBCBE1E0FCDBD45965CCDBCBE9602
:10D710001C000BCDBB76965CCDBB5E961C0005CD88
:10D72000BAD3AE8516CDBB88BEE91F13205F720346
:10D7300000E51CB634A1022516CE09AA90AE03E876
:10D74000CDBD4C961C000BCDBCBECE09AA2097B611
:10D75000D22713B634A103250DAE9C401F0D5F1FC9
:10D760000BAE00282080B6345F975890AE03E8DEF9
:10D7700009AACDBD4C961C000BCDBCBE5F9758DEF0
:10D7800009AACC9E6A0C0A041306141E13A30041B6
:10D7900024F3AE0601CDB6E41E13A3000225097BD7
:10D7A00014A002C750F12004725F50F17B0A4CC7ED
:10D7B00050F2AE0701721850F0CDB9007202521942
:10D7C000018EAE0700CDB900721950F0725F50F2B1
:10D7D000AE0600CDB6E472170440BEC172FB11BFA5
:10D7E000C120227216044090AE03E81E0F651F117F
:10D7F000BEC172FB11BFC190AE03E81E0F659372EC
:10D80000BB00BFBFBF1E11A30100250635FF043CAE
:10D8100020117B12C7043C200A1D03E8BFBFBEC114
:10D820005CBFC1BEBFA303E924EF200A1D03E8BF0C
:10D83000C1CDB4763CBEBEC1A303E924EF5B148125
:10D84000720109BE2072135002720309BE067213E0
:10D850005003200472125003350C50A0350250A31F
:10D8600072125004817212500272125003721350DD
:10D87000048189BEC6A306D0240A1C04301F01F609
:10D88000B7C82025A3F000250DA3F00C24081DA681
:10D89000DAF6B7C82013A3F102260ABE2FF6B7C8DE
:10D8A0005CBF2F200435EE00C8BEC6A3EEEE2708ED
:10D8B000A3F10227035CBFC685813556505235AEB1
:10D8C000505235AE50533556505381C65054A4F57E
:10D8D000C750548135CC50E0355550E0725F50E16F
:10D8E000725F50E220FE89BEC6A303032403CCA1CD
:10D8F0001BA306D024F81D03031C07331F01B6C861
:10D90000F7BEC65CBFC61E01A30A8F250BA30A94EF
:10D910002206721600F1201DA30A882705A30A8D8E
:10D92000261972090A880BB634A1032505CDB391D7
:10D930002051CDB3B6721000E48581A309C6250B32
:10D94000A30A5D2206721800E420EEA30A622606EE
:10D95000721600E420E3A3086F2505A3099B23D5D5
:10D96000A30A6D2505A30A8723CBA308652505A374
:10D97000086F230FA3099C270AA30A89250FA30A6E
:10D980008C220A721600E4721400E420ACA309BED3
:10D9900026A7CD9FC420A2A3F1002705A3F101264D
:10D9A000101DF1001C002FB6C8F7BEC65CBFC685AF
:10D9B00081A3F10226F9BE2FA30C00250AA3500073
:10D9C000250FA35800240AB6C8F7BE2F5CBF2F202E
:10D9D000DEA3BE0025F4A3C00024EFCDA03EB6C850
:10D9E00092C72FCDA04F20E289C609BA5F9790AEAB
:10D9F000007DCDBA271F01AE7D0072F0011F017BB3
:10DA000001C7528B7B02C7528C858172115280CD27
:10DA1000A16C7210528081AE0101CDB6E4CDA16C33
:10DA200072115285721900F1721052808172115276
:10DA300080AE0100CCB6E45203C6BFFF2602A67436
:10DA40006B03AE0301CDB6E44B004B044B007B06E9
:10DA50005F975889AE86A089AE000189CDB7E35B98
:10DA60000C81AE0601CDB6E4350250F1350150F21D
:10DA7000721850F08E721950F035F050F2AE060068
:10DA8000CCB6E47201086215200AAE0701CDB900D8
:10DA90008ECDA22272000862F1721000E48172122F
:10DAA00000F2721100F2CE0AA5BFC6725F5218CD05
:10DAB000A19BAE0701CDB900721C5000202A35AAE7
:10DAC00050E0720B00F115720100F210720252194F
:10DAD0000BBEC6A3EEEE2604721300F2720900F12B
:10DAE00007721300F2CDA1E6720200F2D1AE070078
:10DAF000CDB90072145211721D5000720800F10A63
:10DB0000CDA1B15FCF0442CF04447219043F721D0E
:10DB1000043F721B00F17207086108721000E47282
:10DB20001708617209086108721400E4721908612B
:10DB3000720F086108721F043F721F0861720700AC
:10DB4000F117721700F1B634A103250972090A888A
:10DB500004A60120014FCDAD377203086203CDA0AA
:10DB600058721F00F181880F01555217042C55522D
:10DB700018042E555219042F721B00F1C6042EA54D
:10DB800009260572015285147201528507721152DD
:10DB900085CDA47CC65218A4F6C75218720B042E69
:10DBA00004721B52187203042C0B721000F2350120
:10DBB000042D5FBFC9C6042CA484A1842705720F5D
:10DBC000042C15725F042DCD9FF6B6C8CDB91ABED0
:10DBD000C95CBFC9A6016B01C6042CA444A144279B
:10DBE00005720D042C3AC6042D4A2623BEC9260A06
:10DBF000CDB916974F02BFC6201DCDB9165F97014C
:10DC0000BAC701BAC601BFC6725F042D5F200BCD33
:10DC1000B916B7C8CDA06ABEC95CBFC9A6016B0161
:10DC20007205042E0DBEC95ABFC972155218721A58
:10DC300000F17209042C1472145211BEC6A3EEEE48
:10DC400026097202042C04721300F27B012703CD13
:10DC5000A18F84817203500106721A04402004725D
:10DC60001B0440720A086109B6CF2605720500F24E
:10DC7000024F8172035219087203521703A60181E1
:10DC8000720109BF70720F09BF05720C00F2617258
:10DC90000D09BF05720A00F257720B09BF05720821
:10DCA00000F24D720909BF11720700E607720F00FA
:10DCB000E63E2005720E00E637720709BF0A720CB5
:10DCC000043F2D7208043F28720509BF0C7204003E
:10DCD000F11EC60441B1482617720309BF08C604E5
:10DCE0003ECA043D260A720909BE08720F00F103FC
:10DCF000A601814F81A60181721800F1CCA1B189E2
:10DD0000AE0001B6DD2704584A26FCB6DC905F90D1
:10DD10009790580190D4048A0190D40489015D271A
:10DD200004A60120014F5F97D609C66B01B6DC97A8
:10DD3000A60A4201BBDD24015C02D609C81B016BA7
:10DD400002BEE0CDB9F5A607CDBCAF90CE0B02BEAA
:10DD5000E990EF0385815FCF5316CF53088188B6D2
:10DD6000315F97D60A796B01A109240FAE00014DEE
:10DD70002704584A26FCCF53162010A0095F97A607
:10DD8000805D2704445A26FCC75309848120018FF3
:10DD9000720100E5FA81CE071DCF085F3FD45FCF47
:10DDA0000487721700E6721500E481CDA4DA3C31D5
:10DDB000B631C10A6E2503A60181CDA4E24F818947
:10DDC0000F0220505F97D60A6F5F9789B63197A6EA
:10DDD0000A42011B0424015C02D6086F85D7535008
:10DDE000B63197A60A42011B0224015C02D609053E
:10DDF000CB099B6B01A1202F06A61F6B0120054DAF
:10DE00002A020F017B025F97D60A6F5F977B01D7CB
:10DE100053400C027B02C10A6D25A98581880F0140
:10DE2000AE00017B012704584A26FC01C40A8A017E
:10DE3000C40A89015D27167B015F97D60865D75311
:10DE4000505F7B0197C6099CD75340200E7B015F32
:10DE500097724F53505F97724F53400C017B01A153
:10DE60000A25BD84818852040F01201E97A60A420C
:10DE70001C086F1F030F0220087B05F75C1F030CB3
:10DE8000027B02C10A6D25F10C017B01C10A6E25DE
:10DE9000DB5B0581885F97D609C45F97B3DE2C688A
:10DEA000AE0001B6DD2704584A26FCCDA6E62717AA
:10DEB000CE0B024FF70D012607721000E6CCA6D854
:10DEC000721600E6CCA6D8CE0B02F6A40FF74EC809
:10DED0000AA9A5F0262ACDA6FB270590584A26FBBD
:10DEE0009001DA046A9001DA0469CDA707A4F0F77B
:10DEF0000D012606721000E62050721600E620542E
:10DF0000F64CF8A40FF8204BAE0001B6DD270458FC
:10DF10004A26FCAD4D2606CE0B024F2036CE0B0214
:10DF2000F6A4F0F74EC80AA9A50F2624AD49270587
:10DF300090584A26FB90539001D4046A9001D4046F
:10DF400069AD40A40FF70D01260A721C00F22004EF
:10DF5000F6AB10F7A50F2604A5F02704721200E512
:10DF60008481B6DC905F909790580190D4046A0148
:10DF700090D40469015D81B6DC5F975890AE0001D2
:10DF8000B6DD819001DF0469CE0B02F681880F01B6
:10DF900090CE0B0290EE0390B3DE2C56AE0001B68D
:10DFA000DD2704584A26FCCDA8172706721200E682
:10DFB0002050CE0B02E601A4F3E7014EC80AAAA541
:10DFC000302626CDA82C270590584A26FB9001DA4A
:10DFD000048A9001DA04899001DF0489CDA838A66B
:10DFE000016B01721200E6205BE6014CE801A4031C
:10DFF000204EAE0001B6DD2704584A26FCCDA817F6
:10E000002609CE0B02E601A4F02037CDA8384444FF
:10E01000C80AAAA5032621CDA82C270590584A2670
:10E02000FB90539001D4048A9001D404899001DFBD
:10E030000489A6016B01200CE601AB04E801A40FE2
:10E04000E801E701CE0B02E601A5032704721200E6
:10E05000E5AE0001B6DD2704584A26FCAD3527267B
:10E06000BEDEB3CB232072050A990BB6DC97A6104F
:10E07000429FBADD2009B6DD97A610429FBADCC7E1
:10E08000043BBEDEBFCB7B012707CDA483721A0001
:10E09000F28481B6DC905F909790580190D4048A06
:10E0A0000190D40489015D81B6DC5F975890AE0081
:10E0B00001B6DD81CE0B02E601A4FCE701818952A5
:10E0C000049F5F97581F017B0597A6144272FB01BE
:10E0D000DE04C51F032709BEDA72FB03BFDA3CD991
:10E0E0005B068152030F020F010F03CE09C272BB00
:10E0F00000DE2D03CCA90D5FBFDA3FD9C60A6D97AC
:10E100005AB6DD905F909790BFEEB3EE2604A6015D
:10E110006B01C60A6E5F975AB6DC905F909790BF0E
:10E12000EEB3EE2604A6016B03B6DD27164ACDA991
:10E13000E72706B6DD4ACDA9CB7B032606B6DD4A26
:10E14000CDA9D37B012618B6DD4CCDA9E72706B6AD
:10E15000DD4CCDA9CB7B032606B6DD4CCDA9D3B6CD
:10E16000DC2705B6DDCDA9CB7B032605B6DDCDA921
:10E17000D3B6D92711BEDA62BFDA72B009C2B3E2F0
:10E180002307A60120014C6B027B02275AAE000137
:10E19000B6DD2704584A26FCCDA9B627067214001E
:10E1A000E62053CE0B02E601A43FE7014848C80A27
:10E1B000AAA5C02626CDA9DB270590584A26FB90A4
:10E1C00001DA04A89001DA04A79001DF04A7CDA921
:10E1D000F1721800F2721400E62054E601AB10E868
:10E1E00001A43FE8012046AE0001B6DD2704584AED
:10E1F00026FCAD3E2609CE0B02E601A40F202EAD73
:10E200006C4EC80AAAA50C2620AD4C270590584A8A
:10E2100026FB90539001D404A89001D404A7900148
:10E22000DF04A7721800F22006E601AB40E7015BAD
:10E230000381B6DC905F909790580190D404A801B8
:10E2400090D404A7015D8197B6DC4A95CCA842978B
:10E25000B6DC4C95CCA842B6DC5F975890AE000176
:10E26000B6DD8197B6DC95CDA842B6DC81CE0B0237
:10E27000E601A4CFE701815211B634A1032605C6F9
:10E280000A652003C60A666B0D45D4EA3FE93FE8FC
:10E290003FE7961C0005CDBCBECE085F90AE0100E6
:10E2A000CDBD4C961C0005CDBA75961C000ECDBC9C
:10E2B000BECE071DCDBD4C961C0009CDBCBE961C24
:10E2C0000009CDBB767B0DCDBCAF961C0005CDBC47
:10E2D000BE961C000ECDBB767B0DCDBCAF965CCD43
:10E2E000BCBE961C000ECDBB76965CCDBB5E961C6C
:10E2F0000005CDBA75961C000ECDBCBE1E0FCF0812
:10E300005F7B11B7D45B1181720B53040735C05387
:10E3100004A601814F8152055F1F03AE03FFA60AC9
:10E32000C00A6D2704574A26FCB631905F9097903B
:10E33000580190D40AAC0190D40AAB011F010F051B
:10E34000AE00017B052704584A26FC011402011483
:10E3500001015D271CAE00017B05905F909790D670
:10E360000A6F2704584A26FC011A04011A03011FE8
:10E37000030C057B05A10A25C71E0301CA53090129
:10E38000CA530801CF53081E032604A60120014FDB
:10E390005B0581890F01CDA52F6B022605CDAA9AB9
:10E3A0006B017B0127047B0227EC7B022605CDA5B0
:10E3B000437B02858152050F05CCABD6AE00014DE3
:10E3C0002704584A26FCB631905F909790580190E8
:10E3D000D40AAC0190D40AAB015D2763B6CF2730D5
:10E3E0007B055F97581F03CDABF872FB037B05CD10
:10E3F000ABFF90BFEE909390DE04C572B900EE9033
:10E40000547B055F97581F01AD6A72FB01DF07332C
:10E410007B055F97581F03AD5B72FB037B05AD5B0C
:10E42000DF04C5720100E4287B055F97581F03AD28
:10E430004372FB03909390DE04C5DF073320117B0A
:10E44000055F97581F03AD2C72FB03905FDF04C577
:10E450000C057B05C10A6D2403CCAB40720100E4BE
:10E4600010B6315F9758905FDF0469DF0489DF04DD
:10E47000A75B0581B63197A6144281905F90979073
:10E48000D60A6F905F9097905890DE532081BED748
:10E49000CF071D5FBFD5721700E4815210BED7268B
:10E4A000075FCF071DCCACACBED54F01CDBD4596A7
:10E4B0001C0005CDBCBECE071D90AE0100CDBD4CED
:10E4C000961C0005CDBA75961C000DCDBCBEBED7FE
:10E4D000CDBD4C961C0009CDBCBE550A6400EA3F78
:10E4E000E93FE83FE7961C0005CDBCBE961C00093D
:10E4F000CDBB76961C0005CDBAD3965CCDBCBEA62E
:10E5000001974FC00A6424015ACDBA48961C000DE9
:10E51000CDBAD3965CCDBA75961C000DCDBCBE1E8F
:10E520000DCF071D1E0FBFD55B10813503530AC6E3
:10E530000A8D43C7530BAE03FFCF530CCF530E814D
:10E540005FCF530AC60A8D97CF530ECF530C81C6A7
:10E550000A5E5F9750B3DE2D4F3FD0AE0001B6DDAF
:10E560002704584A26FCB6DC905F9097905801909B
:10E57000D40ACA0190D40AC9015D2635720C00E69E
:10E5800027720400E622720A00E61DCE0B02E602A4
:10E590004CE802A40FE802E702A40FA10E2512E640
:10E5A00002A4F0E702A60181CE0B02E602A4F0E786
:10E5B000024F81721F530088C65301A4DCC7530168
:10E5C000C60A8FA423CA5301C7530172050A8F05D7
:10E5D000AE03FF20015FCF53125F7B0197D60A90F5
:10E5E000C753065F7B0197D60A92C753025F7B0130
:10E5F00097D60A94C7530784721E530081AE070151
:10E60000CDB6E4CDB3B63580530035205304358400
:10E610005301AE03FFCF531C8188720400E50772DB
:10E6200007043F028481720500E507720B043F0274
:10E6300084817B012704721A0861848152070F07C5
:10E64000720200E600901B00E6720000E6009019DE
:10E6500000E6720400E600901D00E6B6E6A4F8B7F6
:10E66000E635FF043B5FBFCB721900F2721B00F26C
:10E67000721D00F2721300E5C6099D97C6099ECB74
:10E6800009A124015C021F0301C6099D97C6099ECA
:10E69000C009A124015A021F053FDCCCAF8D8FB108
:10E6A0003124FBAE0001B6DC2704584A26FC01B435
:10E6B000CE01B4CD015D2703CCAF8BB6DC97A6327B
:10E6C000421C013ECF0B023FDDCCAF815F97581F4C
:10E6D00001CDAFCE72FB01DE04C5BFE22603CCAF95
:10E6E00017B6DD5F97581F01CDAFCE72FB01DE0775
:10E6F00033BFE0BEE272B000E0BFDE5FB6DD975828
:10E700001F01CDAFCE72FB0190BEDEDF05F1CE0B57
:10E7100002E602A40FE702CDACD34D27087217041E
:10E720003FA6016B07B6CF2605720100E41BBEE0D1
:10E730001303220413052411720700F20872160451
:10E740003F3FD12004A6016B07720800E409B6CF51
:10E750002605720100E403CDA483B6CF2703CCAF16
:10E7600076CDA618B634A10324F4CDA711AE0001CE
:10E77000B6DD2704584A26FCB6DC905F9097905887
:10E780000190D40ACA0190D40AC9015D2764CDA8BA
:10E7900067205F5CB6DD2704584A26FCB6DC905F34
:10E7A000909790580190D40AAC0190D40AAB015DC7
:10E7B0002720CE0B02E602AB10E7024EA40FA10EFB
:10E7C00025307217043FA6016B07E602A40FE7028B
:10E7D0002020B6DD5F97581F01AD6F72FB01905F7F
:10E7E000DF07335FB6DD97581F01AD5E72FB01DFB7
:10E7F00005F1CE0B021C0005CF0B023CDDB6DDC1DE
:10E800000A6D2403CCAE503CDCB6DCC10A6E240396
:10E81000CCAE23721700F2721100E4720509BE0536
:10E820007B07CDAD9D720500E605720900F20B3F36
:10E83000D3720D00E604721800F2720800F2009024
:10E84000190440721900E45B0781B6DC97A61442F4
:10E850008152060F015F1F043FDD350F00DC721788
:10E8600000E6B6D227023AD2721300E50F06AE00D8
:10E87000017B062704584A26FC01C40A8A01C40AFF
:10E8800089015D27081E0472BB099F1F040C067BCB
:10E8900006A10A25D97B04977B05CB09A224015C3C
:10E8A000021F02017B04977B05C009A224015A02C2
:10E8B0001F04720B00E503CCB0C5AE0134CF0B02D0
:10E8C00072070A620BB6D2A10E2705720700E41583
:10E8D000CDAC12CE071DBFE2B6D2A10A270C72053D
:10E8E00000E40A2005CDAC1F20E9CDA51A720B0A61
:10E8F0008809CE085FB3E223102008720F0A880946
:10E90000CE085F72B000E22006BEE272B0085FBFC0
:10E91000DEA601CDA618720200E508720600E60325
:10E92000CDA9FBCE085F1302220813042504BEE222
:10E93000260F720700F206721A043F2004A6016B2C
:10E9400001721700F2720709BE057B01CDAD9D7201
:10E950000700E607720B043F023FD15B06815206B7
:10E96000C601004C720500E503CCB1FC260BA68065
:10E97000C70100CDA5E9CCB24DC601002621CDB21C
:10E98000D2721000E47218043F725D0B0027097206
:10E9900016043FB7D1CCB24D7217043FCCB24D72C2
:10E9A0005F0B000F05CCB1EC0F06CCB1E0CE099D9A
:10E9B0001F035F97581F017B0597A6144272FB0146
:10E9C000DE04C5130322187B065F97581F017B05E1
:10E9D00097A6144272FB01D604C6DA04C526157B3D
:10E9E00005CDB2CC1B0624015C02C6010043D4084D
:10E9F0006FD7086F7B05CDB2CC1B0624015C02C625
:10EA0000010044DA086FD7086FC601004A264BAEF2
:10EA100000017B062704584A26FC7B05905F9097EF
:10EA200090580190D40AAC0190D40AAB015D272A1A
:10EA30007B05CDB2CC1B0624015C02D6086FC10950
:10EA4000A323137B05CDB2CC1B0624015C02D608A0
:10EA50006FC109A4250435010B000C067B06C10A11
:10EA60006D2403CCB1310C057B05C10A6E2403CCA7
:10EA7000B12C7254010020512629358001000F0667
:10EA8000AE00017B062704584A26FCCDB2DF2709D9
:10EA90007B065F97A680D708650C067B06A10A2532
:10EAA000DF2026C601002624CDB2D2721600E47201
:10EAB0001400E4721C043F725D0B002708721A04F4
:10EAC0003FB7D12004721B043F5B0681725F0B00CD
:10EAD0004F6B065F9758909390DE532090C3099F29
:10EAE000220AD65321DA5320260E7B065F97C601F1
:10EAF0000043D40865D708657B065F97C6010044CC
:10EB0000DA0865D70865C601004A262BAE00017BEE
:10EB1000062704584A26FCAD42271C7B065F97D681
:10EB20000865C109A3230C7B065F97D60865C10958
:10EB3000A4250435010B000C067B06A10A2594725E
:10EB4000540100CDAC12208197A60A42018135FF05
:10EB50000100721B0861721600F28101C40A8A0169
:10EB6000C40A89015D8189720B08610D720400E598
:10EB700008CE099D1C00322003CE09A5CF531A727E
:10EB80000400E51D3F31C60A6E4A2706721B53007A
:10EB90002004721A5300CDA4E2CDAA9ACDA5432039
:10EBA00061720E0A88500F0172010A8B06350153FB
:10EBB000162004725F5316550A8C5317A6096B0270
:10EBC000AE00014D2704584A26FC01C40A8C01C43A
:10EBD0000A8B015D27137B02A0095F97A6805D2742
:10EBE00004445A26FC1A016B010C027B02A1112578
:10EBF000CF7B01C75309C65309CA0A8AC75309CD37
:10EC0000A5A1720600E600901F00E685817214003F
:10EC1000E5720F0A8805CDACC42003CDACAF720DF0
:10EC20000A880672165301200472175301A601CCFC
:10EC3000AD37721500E5CDACAF721753014FCCADB7
:10EC4000378835205304720400E55BCDAA8C4A2630
:10EC500013AE0001B6312704584A26FC01BACE0192
:10EC6000BACD2012AE0001B6312704584A26FC5313
:10EC700001B4CE01B4CD01BFCDCDAB39CDAB17447E
:10EC8000901100E5720000E567C60A6E5F975AB6FC
:10EC900031905F909790BFEEB3EE2604721A530046
:10ECA000721C5300204ACDAA8C44901B00E55FBF24
:10ECB000D74F6B015F9758909390DE5320DF071F6B
:10ECC000AE00014D2704584A26FC01C40A8A01C43B
:10ECD0000A89015D270E7B015F9758DE532072BBC6
:10ECE00000D7BFD70C017B01A10A25C8721000E52F
:10ECF0008481720E09BE21B634A103251BC609B852
:10ED000027164A2604725C09B83CD0B6D0C109B8AF
:10ED100025063FD0350100CFBE322708A300FF27CC
:10ED2000035ABF32720500E614C609B9270F3CD357
:10ED3000B6D3C109B923063FD3721000E4720400B0
:10ED4000E50A7207043F05720409BE0F720500E56B
:10ED50001D720B043F18720709BE133CD1B6D1C116
:10ED600009A7250AB6CF2606721A0861B7D181888D
:10ED7000B6346B01720F09BE03CCB5DAB6CF273EAD
:10ED80004A2623B634C70B013CCFA1022704350223
:10ED900000347206043F03CCB5E1720509BEF87277
:10EDA0001A0861CCB5E1720B08610284813CCFC6C0
:10EDB0000B01A10325ED550B010034CCB5E1B634B0
:10EDC000261D720200E607720400E602207A720134
:10EDD00004400AC609B45F97BF32CCB5E1206FA1E9
:10EDE000012628720200E602205E720004400C72C6
:10EDF0000800F207B648C104412702201CBE322693
:10EE00005C35020034721000E42052A10226217207
:10EE10000200E605720500E6043F342040BE3226BB
:10EE20003C3C3472090A8804721400E43FD0202D5F
:10EE300072090A8809720700E604B6D2270A720826
:10EE40000A880B720100E60635020034200FBE323C
:10EE5000260B3C342007C60861A407B734B634112A
:10EE60000127573DCF262EA10427095F97D609B465
:10EE70005F972003AE00FFBF32B634A10326169081
:10EE8000AE0014CDBA27BF3272090A8806350F00CA
:10EE9000D220023FD272090A88207B01A103250BF0
:10EEA000B634A1032405CDB3B6200F7B01A1032402
:10EEB00009B634A1032503CDB391B6CFA103260231
:10EEC0003FCFC6043FA4F8C7043FC6043FBA34C7C7
:10EED000043F8481720A08610FCDADC0B634A1032E
:10EEE000240CCD9632CC967ECDA511CDB0E281CD4D
:10EEF000A511CDA4DA720A086103CCAFD5CCB0E27B
:10EF0000B634A1032428720A08615472090A880CD5
:10EF100035030034CDB391721A086181721500F285
:10EF2000720F09BE07C60861A407B7342028A103E1
:10EF3000262D720A086128721500F2720F09BE0DA3
:10EF4000C60861A407B734A103240B2004350200CE
:10EF500034CDB3B6B6345F97D609B45F97BF32816C
:10EF600089889EA4F06B0126267B03270F7B02ADC8
:10EF7000452704485A26FCCA50C3200E7B02AD36F2
:10EF80002704485A26FC43C450C3C750C320247BDF
:10EF900003270F7B02AD1F2704485A26FCCA50C422
:10EFA000200E7B02AD102704485A26FC43C450C4EF
:10EFB000C750C45B0381A40F5F97A6015D8188C61B
:10EFC00050C0A4FCC750C07B01C750C08481520907
:10EFD000C650C0A4035F97D6851A6B09B7EA3FE90C
:10EFE0003FE83FE7965CCDBCBEAE2400BFE9AE0073
:10EFF000F4BFE7965CCDBB88961C0005CDBCBE96E1
:10F000001C0005CDBB765B0981897B062A18A510FB
:10F010002705F61A0520061E017B0543F4F71E019D
:10F02000E6021A0520071E017B0543E402E7027B86
:10F0300006A5402706E6031A0520057B0543E403E1
:10F04000E7037B06A5202706E6041A0520057B05B5
:10F0500043E404E7048581891E017B05F78581521D
:10F060000A0F07CDB752AE851ECDBB88B6EA6B0836
:10F07000C65212A4C0C75212C652121A08C7521260
:10F0800072115210C6521CA430C7521C725F521B20
:10F09000961C000DCDBB76AE8522CDBA8D2560A61F
:10F0A000806B07960D13261D1C000DCDBB76A603A5
:10F0B000CDBCFB965CCDBCBE7B08CDB8EB96CDB885
:10F0C000F91F0920211C000DCDBB76A619CDBCFB74
:10F0D000965CCDBCBE7B08CDB8EB96CDB8F91F09C8
:10F0E0007B07AA406B071E0926035C1F097B089754
:10F0F000A60342A60ACDBCD65C1F057B0620289637
:10F100001C000DCDBB7638EA39E939E89639E75C61
:10F11000CDBCBE7B08AD5096AD5BA300042403AE0E
:10F1200000041F097B084CC7521D7B0AC7521B7B7A
:10F1300009A40F1A07C7521C7210521072155211EF
:10F14000C652111A14C752117B12C752137B11A455
:10F1500003974F024F0148599F6B047B15AA401A31
:10F1600004C752145B0A81B7EA3FE93FE83FE7AEC4
:10F17000851ECCBAD35CCDBB88BEE981899F4D2763
:10F18000069ECA521A20067B0143C4521AC7521A5D
:10F190008581C6521681C752168120FE20FE20FEB0
:10F1A0008A84A4BF88863B00EDBEEB893B00F0BE9D
:10F1B000EE89CDB3C585BFEE3200F085BFEB3200DE
:10F1C000ED805550F050F08020FE20FE20FE3502EC
:10F1D00050A372110862721E00F18020FE20FE20F2
:10F1E000FE20FE20FE20FE20FE20FE8A84A4BF8892
:10F1F000863B00EDBEEB893B00F0BEEE89721152FA
:10F2000085CDA47C85BFEE3200F085BFEB3200EDEA
:10F210008020FE3CC335FE52E48020FE20FE20FE0E
:10F22000CD9D97CDA222720D09BEF8721A0861CD4C
:10F230009E0F721100E5CDB2EA721C5300720400F9
:10F24000E505CDB6582003CDB673CDA3D84D27061E
:10F25000CDA222CDA207720400F205CDB4F32003A3
:10F26000CDB684720400F203CD9E2035AA50E02072
:10F27000BEBFE742BFE997B6E73FE84272BB00E88E
:10F28000BFE83FE781884F5D2A024C50905D2A0419
:10F29000AB029050654D2709442405905044250148
:10F2A00050848188BFEC909F5E42BFEB909EBEEC85
:10F2B0004272BB00EBBFEB909FBEEC3FED4272BBD6
:10F2C00000EC8481B7EA9F5FB7E92A015ABFE78162
:10F2D000BFE92A06AEFFFFBFE7815FBFE78190BFAE
:10F2E000E92A0890AEFFFF90BFE781905F90BFE7EB
:10F2F00081B6EAEB03B7EAB6E9E902B7E9B6E8E9AD
:10F3000001B7E8B6E7F9B7E781B6E7F1261AB6E83C
:10F31000E101260CB6E9E1022606B6EAE103270878
:10F320009C2403A6FF81A60181E603BBEAE703E66E
:10F3300002B9E9E702E601B9E8E701F6B9E7F781C2
:10F340004D270B38EA39E939E839E74A26F581E6ED
:10F350000388E60288FE891E03B6E742BFEBBEE7DC
:10F360007B034272BB00EBBFEBBEE87B024272BB89
:10F3700000EBBFEBBEE97B014272BB00EB9FB7E73E
:10F38000BEE77B043FE84272BB00E7BFE7BEE87B15
:10F39000034272BB00E7BFE7BEE97B024272BB00DB
:10F3A000E7BFE7BEE87B043FE94272BB00E8BFE885
:10F3B00024023CE7BEE97B034272BB00E8BFE824BD
:10F3C000023CE7BEE97B043FEA4272BB00E9BFE9C9
:10F3D0002405BEE75CBFE75B0481B6EAE003B7EA59
:10F3E000B6E9E202B7E9B6E8E201B7E8B6E7F2B794
:10F3F000E78188F6B7E7E601B7E8E602B7E9E60392
:10F40000B7EA84815204E60388E60288E60188F6BA
:10F410009688CDBBB35B08813FEB4D2A07CDBC87F7
:10F42000721000EBB6E72A07CDBC9A721200EB907F
:10F4300089F62667E601266390BEE7271BE60227CA
:10F440002EB1E722592606E603B1E8225190AE001C
:10F45000204FE706E707205789EE0290BEE9516585
:10F46000BFE985EF06905FEF0490BFE7908581E7E5
:10F4700004E705E706E603906290BFE79095B6E9DA
:10F480009097E60390629001B7E9B6EA9097E60399
:10F490009062E707909FB7EA90858190BEE7EF06FC
:10F4A00090BEE990BFE790AE00104FB7E9B7EAE72A
:10F4B0000538EA39E939E839E7690769066905492C
:10F4C000F12537261CE704E605E10125102614E6A0
:10F4D00006E1022508260CE607E003240AE60420DC
:10F4E00019E704E607E003E707E606E202E706E6B7
:10F4F00005E201E705E604F23CEA905A26B390855E
:10F50000E704817363016302600326096C02260528
:10F510006C0126017C8133E733E833E930EA260ABF
:10F520003CE926063CE826023CE7814D270B34E700
:10F5300036E836E936EA4A26F58188B6E7F7B6E8CE
:10F54000E701B6E9E702B6EAE7038481358000EB1C
:10F5500020023FEB5D2A0950721000EB721200EBA3
:10F560004D2A0540901200EB6237EB2A065F972484
:10F5700005508127015081899089909797B6E7427D
:10F580009FB7E793B6E83FE84272BB00E7BFE79357
:10F59000B6E93FE94272BB00E8BFE824023CE7B6A7
:10F5A000EA933FEA4272BB00E9BFE92405BEE75C8B
:10F5B000BFE790858581B7EA41B7E9413FE83FE77A
:10F5C00081BFE93FE83FE78188BFEB90BFEE909FA6
:10F5D00042BFE9B6EB97B6EE42BFE74D271097B6AC
:10F5E000EC270B4272BB00E8BFE824023CE7B6EB15
:10F5F000271097B6EF270B4272BB00E8BFE8240242
:10F600003CE7848189B7EB90F6F75C905C3AEB2697
:10F61000F6858189B7EB90F6F75C905C3AEB26F6BD
:10F6200085819089B7EBF690F75C905C3AEB26F613
:10F630009085817171717171717171717171717177
:10F6400071717171717171717171717171717171AA
:10F65000717171717171717171717171717171719A
:10F66000717171717171717171717171717171718A
:10F67000717171717171717171717171000000003E
:10F68000000000000000000000000000000000007A
:10F69000000000000000000000000000000000006A
:10F6A000000000000000000000000000000000005A
:10F6B000000000000000000000000000000000004A
:10F6C000000000000000000000000000000000003A
:10F6D000000000000000000000000000000000002A
:10F6E000000000000000000000000000000000001A
:10F6F000000000000000000000000000000000000A
:10F7000000000000000000000000000000000000F9
:10F710000000031501F401F44B3200FF07D005008F
:10F7200000000D0032004B00C80190053C141E087B
:10F730000A640000006C24000000641708120C002A
:10F7400000000000000000000000000000000000B9
:10F7500000000000000000000000000000000000A9
:10F760000000000000000000000000000000000099
:10F770000000000000000000000000000000000089
:10F780000000000000000000000000000000000079
:10F790000000000000000000000000000000000069
:10F7A0000000000000000000000000000000000059
:10F7B0000000000000000000000000000000000049
:10F7C0000000000000000000000000000000000039
:10F7D00000000000001E0000000B80320806070633
:10F7E000007C00000809000102030405060708095F
:10F7F000000102030405060708090A0B0C0D0E2080
:10F8000000FF01550000007272959543430000000F
:10F81000080206190F03000400140000000D000187
:10F820004400031C037E03FF03FF03FF03FF037E6B
:10F83000033C030003FF03FF03FF03FF03FF03FF7A
:10F8400000000000000000000000000000000000B8
:10F8500000000000000000000000000000003F0F5A
:10F8600000640019012C0096012C000007D017003D
:10F8700032250032001900000002010000A0033C04
:10F88000440862244408658C0400448C0800438CBE
:10F89000540045AC580044AC5C0043AC0C00458CB3
:10F8A0001000448C1400438C600045AC640044ACF0
:10F8B000680043AC1800458C1C00448C2000438C2D
:10F8C0006C0045AC700044AC740043AC2400458C23
:10F8D0002800448C2C00438C780045AC7C0044AC60
:10F8E000800043AC3000458C3400448C3800438C9D
:10F8F000840045AC880044AC8C0043AC3C00458C93
:10F900004000448C4400438C900045AC940044ACCF
:10F91000980043AC4800458C4C00448C5000438C0C
:10F920009C0045ACA00044ACA40043AC00A0033C48
:10F930003C0962243C09658C0400448C0800438C1B
:10F94000540045AC580044AC5C0043AC0C00458C02
:10F950001000448C1400438C600045AC640044AC3F
:10F96000680043AC1800458C1C00448C2000438C7C
:10F970006C0045AC700044AC740043AC2400458C72
:10F980002800448C2C00438C780045AC7C0044ACAF
:10F99000800043AC3000458C3400448C3800438CEC
:10F9A000840045AC880044AC8C0043AC3C00458CE2
:10F9B0004000448C4400438C900045AC940044AC1F
:10F9C000980043AC4800458C4C00448C5000438C5C
:10F9D0009C0045ACA00044ACA40043AC07000B2441
:10F9E00000A00D3C00A00C3C00A0053C4408A52450
:10F9F000AC00A724B43E400B00A00A3C0000468C9B
:10FA00000C00448C2B20C400140080500000668C35
:10FA10000800488C0C00468C1000448CA800A8AC50
:10FA2000AC00A6ACB000A4ACFCFF488C0000468C37
:10FA30000400448C080048AC0C0046AC100044ACF8
:10FA4000A800A88CAC00A68CB000A48CFCFF48AC2D
:10FA5000000046AC040044AC0000668C0C00648CD2
:10FA60002B20C400140080100C0042243C094425C3
:10FA70000800698C0C00688C1000668CA80089ACAA
:10FA8000AC0088ACB00086ACFCFF698C0000688CD0
:10FA90000400668C080069AC0C0068AC100066AC11
:10FAA000A800888CAC00868CB000848CFCFF68AC0D
:10FAB000000066AC040064ACD0FF47140C00632463
:10FAC000FFFF6B25FF006B31040060110000000098
:10FAD0009C08A2257F3E400B940983250800E00383
:10FAE000000000002014047C01004324FF00633068
:10FAF0000200632C0300601000000000F08380AF60
:10FB0000211000000800E0030000000000000424B1
:10FB1000AC82838F2C848A8F6884828FE881898F5E
:10FB200023404900C33F08002640E800233807016E
:10FB300023306A00C32F06002630A6002328C50004
:10FB40002128E5002A28A4001600A014E880043427
:10FB50002B2064000A0080507850432C00A0043C05
:10FB600078068424030083A0022A0300040085A0F1
:10FB700021184301421803002C8483AF7850432C92
:10FB80000800601000A0033C78066324050062A012
:10FB900002220200060064A021102201421002008D
:10FBA000E88182AF0800E00300000000E8FFBD2705
:10FBB0001400BFAF44848297B0EE4324FFFF63304C
:10FBC000DF73642C060080142F8504349E83849791
:10FBD0002954842C10008050020002242F85043404
:10FBE0002B204400060080545011422C9E838497A1
:10FBF0008A0F842C08008054020002245011422CE9
:10FC000007004010DF73632C9E8382978A0F422C7B
:10FC10000300401002000224133F400BF48382A330
:10FC200009006010010002249E8382972954432C0E
:10FC300005006050010002248A0F422C030040504E
:10FC4000F48380A301000224F48382A3488280AF5E
:10FC500000A0023CFC06428C28004010F4838293F2
:10FC60000200032407004314010003241E000224A1
:10FC7000288282AFC33E400F1E000424813F400B08
:10FC80001400BF8F07004314000000002800022466
:10FC9000288282AFC33E400F28000424813F400BDE
:10FCA0001400BF8F560040142883838F590102240B
:10FCB0001B006200F4014000121800000F00622CCB
:10FCC00005004014488283AF00A0023C9B1642907E
:10FCD0003B3F400B288282AF00A0023C8C1642249E
:10FCE0002118430000006290288282AFC33E400F7B
:10FCF00028828493813F400B1400BF8F02000324AD
:10FD000016004314010003242883838F2C0102244E
:10FD10001B006200F4014000121800000F00622C6A
:10FD200005004014488283AF00A0023C9B1642901D
:10FD3000533F400B288282AF00A0023C8C16422425
:10FD40002118430000006290288282AFC33E400F1A
:10FD500028828493813F400B1400BF8F1500431409
:10FD60002883838F590102241B006200F4014000A4
:10FD7000121800000F00622C05004014488283AF67
:10FD800000A0023C9B164290693F400B288282AF44
:10FD900000A0023C8C16422421184300000062900F
:10FDA000288282AFC33E400F28828493813F400B5C
:10FDB0001400BF8F12004014590102241B0062007E
:10FDC000F4014000121800000F00622C05004014DE
:10FDD000488283AF00A0023C9B1642907E3F400BBE
:10FDE000288282AF00A0023C8C16422421184300D6
:10FDF00000006290288282AFC33E400F2882849325
:10FE00001400BF8F0800E0031800BD27F081839322
:10FE1000010002241E006214AC82838F2C84878F21
:10FE20006884828FE881868F23284600C3270500D7
:10FE3000262885002340A40023286700C327050047
:10FE4000262885002320A4002120040114008428F2
:10FE50003300801400A0043C78068424030083A0AF
:10FE6000022A0300040085A02118E30042180300C1
:10FE70002C8483AF050082A0021A0200060083A032
:10FE80002110C200421002000800E003E88182AFA6
:10FE90002C84878F6884828FE881868F2320460098
:10FEA000C32F04002620A4002340850023286700D8
:10FEB000C3270500262885002320A4002120040153
:10FEC0001400842816008014E88004342B20640079
:10FED0000A0080507850432C00A0043C780684240B
:10FEE000030083A0022A0300040085A02118E30078
:10FEF000421803002C8483AF7850432C0800601014
:10FF000000A0033C78066324050062A002220200E0
:10FF1000060064A02110C20042100200E88182AFF6
:10FF20000800E0030000000000A0023C2808428C0A
:10FF3000F10A432C08006010D88B0334030002241C
:10FF40005C8282A3010002245D8382A3F00A022462
:10FF5000E33F400BAC8282AF2B1843000800605493
:10FF60009D8280A3030002245C8282A301000224FC
:10FF70009D8282A3D78B0234E33F400BAC8282AFD9
:10FF80005D8380A310F54224AC8282AF00A0023CC6
:10FF90002C08428C230A432C080060509A5A432CA8
:10FFA000030002245C8282A3010002246C8482A3E9
:10FFB000220A02240800E003688482AF080060542B
:10FFC0006C8480A3030002245C8282A301000224CB
:10FFD000ED8382A3995A02240800E003688482AF6B
:10FFE000ED8380A3DEF542240800E003688482AF3D
:10FFF0000800E003000000009E8382978B0F432CD3
:020000041D01DC
:10000000040060102854422C010002240940400BD7
:10001000408282A303004054408280A30100022456
:10002000408282A3448482975111432C0400605083
:100030002E850334010002240800E0039C8282A381
:100040002B104300040040549C8280A30100022432
:100050000800E0039C8282A30800E0030000000087
:10006000F8FFBD270400B0AF00A0043C440884247E
:10007000A000828C0400838C1B006200F40140000D
:1000800012300000FF00C6301000838C1B0062009D
:10009000F401400012500000FF004A311C00838C24
:1000A0001B006200F401400012700000FF00CE311E
:1000B0003400838C1B006200F40140001238000001
:1000C000FF00E7304000838C1B006200F401400019
:1000D00012580000FF006B314C00838C1B00620043
:1000E000F401400012780000FF00EF3100A0053C51
:1000F0003C09A524A000A38C0400A98C1B002301AB
:10010000F401600012400000FF0008311000A98CCB
:100110001B002301F401600012600000FF008C311D
:100120001C00A98C1B002301F401600012C0000018
:10013000FF0018333400AD8C1B00A301F4016000F4
:1001400012480000FF0029314000B98C1B00230336
:10015000F401600012680000FF00AD314C00B08C6B
:100160001B000302F401600012C80000FF003933D5
:10017000EF8188A3CE838CA3D08298A32800A58C7E
:100180001B00A300F401600012280000D88385A39F
:10019000658389A368828DA3488499A3948286A3EA
:1001A00030828AA318848EA32800838C1B006200EF
:1001B000F401400012180000648283A3398387A3EE
:1001C00041828BA3C4828FA3648382932200405018
:1001D000010042240700CA14000000000500CE14EC
:1001E000010003240300C310000000001C00A35101
:1001F000388382930700EB14000000000500EF1421
:10020000010003240300E3100000000014008351E8
:100210003883829307000C150000000005001815B4
:100220000100032403000311000000000C006351CF
:100230003883829308002D550100422406003915A9
:1002400001004224010003240300231100000000E8
:100250000300435138838293648382A3388382935B
:1002600001004050648380A30400B08F0800E003C5
:100270000800BD2738838293658282A344848297D5
:10028000FEF84324FFFF6330118804342B18640008
:100290000E006050020002249E838397BA06642CED
:1002A0000A00805402000224235D642C0700805061
:1002B0000200022400A0043CB807848C300005240E
:1002C0000400851494F5452402000224D440400B18
:1002D000388382A3FFFFA530D18006342B28A600E7
:1002E0000B00A05001000224B809652C0800A0549E
:1002F00001000224835A652C0500A050010002244D
:100300003000852C0400A01043F542240100022493
:10031000D440400B388382A3FFFF42302F80053446
:100320002B1045000B00405065828393090A622C14
:100330000800405465828393325A632C0500601094
:10034000658283937100842C01008050388380A3E0
:1003500065828393020002240C00621465828393F9
:100360003883839301000224090062146582839319
:1003700000A0023CFC0640AC210002248C8382A336
:1003800001000224E48382AF65828393010002248A
:1003900007006214658282933883829304004014BC
:1003A00065828293100002248C8382A365828293EB
:1003B00008004014658283933883839301000224EC
:1003C00005006214658283938C8382A3E48380AFEB
:1003D00065828393010002240700621438838393AB
:1003E000020002240400621400A0023CFC0640AC9F
:1003F000120002248C8382A30800E00300000000A6
:1004000000A0023C2808438C280842240400428CA7
:10041000688482AFBC0A622C03004010ED8A02346B
:100420001F41400BAC8280AF2B10620004004014CF
:1004300080100300E78002341F41400BAC8282AF82
:10044000C02103002310820021104300402102003C
:1004500021104400C01002002310430098FA043C0D
:100460005C50842421104400308004341B0044007C
:10047000F401800012200000AC8284AF6884838F76
:10048000080A622C03004010335A622C0800E00373
:10049000688480AF04004014802003007750022459
:1004A0000800E003688482AF40120300211082003C
:1004B000231043008020020021104400C0100200DD
:1004C00023104300D8FC043C48D684342110440057
:1004D0002A5004241B004400F40180001220000074
:1004E0000800E003688484AF00A0033C2808628C05
:1004F000AC8282AF280863240400638C688483AFD5
:1005000043F54424308003342B1883000C00601022
:10051000BD0A432CC01B020023106200A2FA033C58
:10052000BC0A632421104300308003341B004300C5
:10053000F4016000121800005941400BAC8283AFF7
:1005400003006010ED8A03345941400BAC8280AF48
:100550002B104300040040146884828FFF7F022424
:10056000AC8282AF6884828FF7F543242A50632CD3
:100570000C006010090A432CC01B0200231062000B
:10058000FCFA033C080A6324211043002A50032488
:100590001B004300F4016000121800000800E00393
:1005A000688483AF03006010335A422C0800E003D4
:1005B000688480AF02004014FF7F0224688482AF09
:1005C0000800E0030000000000A0023CF406428C9A
:1005D00000A0033C2808638C2B206200040080509C
:1005E00023106200231043007D41400B848382AFBF
:1005F000848382AF00A0023CF806428C00A0033C3A
:100600002C08638C2B206200050080108483848F6B
:1006100021104400231843008B41400B848383AF97
:100620002118640023106200848382AF00A0023C82
:10063000FC06428C5B0040108483828F4082829350
:100640002E0040148483828F9C8282932B0040145E
:100650008483828FE903432C040060149101432CAE
:1006600004000224FF41400B6C8282AF040060143E
:100670005F01432C05000224FF41400B6C8282AFD6
:10068000040060142D01432C07000224FF41400B9D
:100690006C8282AF04006014FB00432C080002242B
:1006A000FF41400B6C8282AF04006014C900432CF0
:1006B0000A000224FF41400B6C8282AF04006014E8
:1006C0009700432C14000224FF41400B6C8282AF40
:1006D000040060146500422C23000224FF41400BFB
:1006E0006C8282AF0300401428000224FF41400BBB
:1006F0006C8282AFFF41400B6C8282AFE903432CD6
:10070000040060149101432C03000224FF41400BBC
:100710006C8282AF040060145F01432C0400022449
:10072000FF41400B6C8282AF040060142D01432C0A
:1007300003000224FF41400B6C8282AF040060146E
:10074000FB00432C04000224FF41400B6C8282AF6B
:1007500004006014C900432C0A000224FF41400B2E
:100760006C8282AF040060149700432C14000224B2
:10077000FF41400B6C8282AF040060146500422C84
:1007800023000224FF41400B6C8282AF030040141F
:1007900028000224FF41400B6C8282AFFF41400BD6
:1007A0006C8282AFE903432C040060149101432C56
:1007B00005000224FF41400B6C8282AF04006014EC
:1007C000C900432C08000224FF41400B6C8282AF19
:1007D000040060146500422C07000224FF41400B16
:1007E0006C8282AF04004014190002240F0002241E
:1007F000FF41400B6C8282AF6C8282AF0100062405
:1008000000A0023C400842802B18460013006014F0
:1008100000A0033C2808688C280863240400678C27
:100820000C00648C1000638C234008002338070000
:1008300021208800FFFF42242014027C2B28460040
:10084000FBFFA0102118670000A0053C2808A52484
:100850000C00A4AC1000A3AC1800A2A000A0023CA5
:10086000F00642240400478C00A0043C280884249D
:100870000C00858C2128E5000C0085AC0800468C16
:100880001000838C2118C300100083AC18008290E4
:10089000010042242014027C0C004018180082A0A1
:1008A00000A0043C1B00A200F4014000122800003C
:1008B000280885AC280884241B006200F40140004D
:1008C000121800000800E003040083AC00A0023C02
:1008D000280847AC28084224040046AC0800E0037E
:1008E000180040A0D8FFBD272400BFAF2000B3AF41
:1008F0001C00B2AF1800B1AF1400B0AF21108000DF
:100900003800B38FFF00F23080180500402004004B
:10091000212082002320640023208600C31F0400BE
:100920002620640023208300088284AF40800500D5
:100930002380020223800602C31F1000268070005D
:10094000238003021C63400FBC8390AF21884000CA
:100950001C63400F21200002212020023E60400F36
:100960002128400021804000388282AF1C63400F64
:1009700002207272218840001C63400F4220130045
:1009800021200002CA60400F2128400021202002BF
:10099000145F400F21284000D262400F2120400008
:1009A0002400BF8F2000B38F1C00B28F1800B18FBE
:1009B0001400B08F0800E0032800BD27D8FFBD2732
:1009C0002400BFAF2000B1AF1C00B0AF00A0103CAE
:1009D0003C09102654000292578482A3FFFF45244D
:1009E0004483848F803005000019050023186600B9
:1009F000211803020400658C2328A400040065ACC0
:100A000080280200003102002328C50021280502A9
:100A10000400A68C2330C4000400A6AC01004224CC
:100A20008030020000110200231046002110020253
:100A30000400468C2330C400040046AC0400648CDF
:100A40000400A58C01006790000502243942400F84
:100A50001000A2AF00A0033CF80662AC4C00028E6E
:100A60005084848F21208200F883828F01004224E9
:100A70000400038E9083908F218003021B000202EA
:100A8000F401400012180000448283AF1B00820072
:100A9000F401400012100000E08382AF23206200C6
:100AA0004C8484AF2110430040800200F162400F6B
:100AB000C08390AF21884000F162400F21200002E6
:100AC000212020023E60400F21284000088482AF90
:100AD00021204000029D023CCA60400F688E458C78
:100AE00021204000145F400F21284000B262400FD7
:100AF000212040001C8382A3F88380AF908380AFC5
:100B0000508480AFF083838F03006054838282938C
:100B1000C742400B838282A31C8382A3B93E400F4D
:100B20001C8384831C8382A3108482930400432C3F
:100B30000B0060501000422C00A0033C4009638C65
:100B4000070060541000422C00A0033C8809638C0D
:100B50008100632C0C0060541C8380A31000422C85
:100B60000A00401400A0023C8809428C070040148F
:100B700000A0023C4009428C8100422C040040103D
:100B800000A0023C1C8380A3788280A300A0023CCA
:100B90003C094224540043908020030000190300C4
:100BA000231864002110620001004290C08282AFCD
:100BB0002400BF8F2000B18F1C00B08F0800E0031D
:100BC0002800BD27D8FFBD272400BFAF2000B1AF4C
:100BD0001C00B0AF00A0103C440810265400029244
:100BE000578482A3FFFF45244483848F803005000F
:100BF0000019050023186600211803020400658C03
:100C00002328A400040065AC802802000031020003
:100C10002328C500212805020400A68C2330C40027
:100C20000400A6AC01004224803002000011020042
:100C300023104600211002020400468C2330C40019
:100C4000040046AC0400648C0400A58C010067908D
:100C5000000502243942400F1000A2AF00A0033C5F
:100C6000F40662AC4C00028EA082848F21208200A8
:100C7000E882828F010042240400038E1483908F47
:100C8000218003021B000202F40140001218000040
:100C9000008483AF1B008200F401400012100000AA
:100CA0003C8382AF232043004C8484AF2110430057
:100CB00040800200F162400FC08390AF2188400065
:100CC000F162400F21200002212020023E60400FEF
:100CD00021284000088482AF21204000029D023C70
:100CE000CA60400F688E458C21204000145F400F81
:100CF0002128400021884000B262400F212040009E
:100D000021804000788282A3D262400F21202002FD
:100D1000408382A7E88280AF148380AFA08280AF37
:100D2000F083828F03004014B08282934E43400BC5
:100D3000B08290A3788282A3B93E400F78828483E8
:100D4000788282A3CD8382930400432C0B006050F1
:100D50001A00422C00A0033C4808638C0700605432
:100D60001A00422C00A0033C9008638C8100632C85
:100D70000C0060541C8380A31A00422C0A0040140B
:100D800000A0023C9008428C0700401400A0023CE6
:100D90004808428C8100422C0400401000A0023C14
:100DA0001C8380A3788280A300A0023C44084224D4
:100DB00054004390802003000019030023186400AE
:100DC00021106200010042907C8282AF2400BF8F1C
:100DD0002000B18F1C00B08F0800E0032800BD2761
:100DE000D8FFBD272400BFAF2000B3AF1C00B2AFB7
:100DF0001800B1AF1400B0AF211080003800B38FDD
:100E0000FF00F230801805004020060021208600F7
:100E10002320640023208200C31F040026206400D6
:100E200023208300088284AF4080050023800602CF
:100E300023800202C31F100026807000238003025B
:100E40001C63400FBC8390AF218840001C63400F9F
:100E500021200002212020023E60400F2128400076
:100E600021804000388282AF1C63400F02207272E2
:100E7000218840001C63400F422013002120000203
:100E8000CA60400F2128400021202002125F400F3D
:100E900021284000D262400F212040002400BF8F53
:100EA0002000B38F1C00B28F1800B18F1400B08FD8
:100EB0000800E0032800BD27D8FFBD272400BFAFEE
:100EC0002000B3AF1C00B2AF1800B1AF1400B0AF38
:100ED000211080003800B38FFF00F23023208600FD
:100EE000C31F04002620640023208300088284AFEF
:100EF000408005002380020223800602C31F1000E9
:100F000026807000238003021C63400FBC8390AFD7
:100F1000218840001C63400F212000022120200274
:100F20003E60400F2128400021804000388282AF7F
:100F30001C63400F02207272218840001C63400F26
:100F40004220130021200002CA60400F21284000E7
:100F500021202002125F400F21284000D262400F62
:100F6000212040002400BF8F2000B38F1C00B28FCF
:100F70001800B18F1400B08F0800E0032800BD27CF
:100F8000D8FFBD272400BFAF2000B3AF1C00B2AF15
:100F90001800B1AF1400B0AF211080003800B38F3B
:100FA000FF00F2302320C400C31F04002620640089
:100FB00023208300088284AF408005002380020242
:100FC00023800602C31F10002680700023800302C6
:100FD0001C63400FBC8390AF218840001C63400F0E
:100FE00021200002212020023E60400F21284000E5
:100FF00021804000388282AF1C63400F0220727251
:10100000218840001C63400F422013002120000271
:10101000CA60400F2128400021202002145F400FA9
:1010200021284000D262400F212040002400BF8FC1
:101030002000B38F1C00B28F1800B18F1400B08F46
:101040000800E0032800BD27D0FFBD272C00BFAF5C
:101050002800B5AF2400B4AF2000B3AF1C00B2AF7E
:101060001800B1AF1400B0AF00A0033C44086324E3
:1010700054007090578490A3FEFF02268020020047
:101080000011020023104400211062000400468C6D
:10109000FFFF0426801004000021040023208200AA
:1010A000212064000400918C802010000029100091
:1010B0002320A400212064000400938C0100042656
:1010C00080280400002104002320850021206400E2
:1010D0000400928C231033022310520002000426D5
:1010E00080280400002104002320850021186400CA
:1010F0000400648C211844003000605040981300B4
:101100002A105102160040542318320223203202C2
:101110000012040080220400211044001A00430041
:10112000F40160001218000080101000002110006F
:101130002310820000A0043C4408842421104400B1
:101140000100459000120500802A05002128450075
:10115000F162400F212065006E44400B21A8400041
:1011600000120300801A0300211043002330D10035
:101170002330D3002130D2001A004600F401C00011
:1011800012300000801010000019100023106200BF
:1011900000A0033C44086324211043000100439055
:1011A00000120300801A030021184300F162400F6F
:1011B0002120C30021A84000409813002398710209
:1011C00023987202409813001400601280101000DF
:1011D000008110002380020200A0023C4408422447
:1011E000218002020100039200120300801A030012
:1011F0002110430023883202001A1100808A110056
:10120000211871001A007300F401600212980000A6
:10121000F162400F2320530021A040002120A002B2
:10122000145F400F21288002B262400F212040004D
:10123000C227020021208200F162400F43200400F7
:10124000B262400F212040002C00BF8F2800B58FD4
:101250002400B48F2000B38F1C00B28F1800B18F10
:101260001400B08F0800E0033000BD27D0FFBD2779
:101270002C00BFAF2800B5AF2400B4AF2000B3AF3F
:101280001C00B2AF1800B1AF1400B0AF00A0033C17
:101290003C09632454007090578490A3FEFF0226FB
:1012A000802002000011020023104400211062007F
:1012B0000400468CFFFF0426801004000021040077
:1012C00023208200212064000400918C80201000E3
:1012D000002910002320A400212064000400938C26
:1012E000010004268028040000210400232085003A
:1012F000212064000400928C23103302231052003A
:101300000200042680280400002104002320850018
:10131000211864000400648C2118440030006050DF
:10132000409813002A10510216004054231832022C
:101330002320320200120400802204002110440005
:101340001A004300F4016000121800008010100021
:10135000002110002310820000A0043C3C098424DA
:10136000211044000100459000120500802A05006C
:1013700021284500F162400F21206500F744400B11
:1013800021A8400000120300801A0300211043002E
:101390002330D1002330D3002130D2001A00460080
:1013A000F401C0001230000080101000001910007D
:1013B0002310620000A0033C3C0963242110430079
:1013C0000100439000120300801A0300211843001B
:1013D000F162400F2120C30021A840004098130073
:1013E000239871022398720240981300140060122F
:1013F00080101000008110002380020200A0023C37
:101400003C094224218002020100039200120300E1
:10141000801A03002110430023883202001A1100B1
:10142000808A1100211871001A007300F401600213
:1014300012980000F162400F2320530021A04000C9
:101440002120A002145F400F21288002B262400FC9
:1014500021204000C227020021208200F162400FBB
:1014600043200400B262400F212040002C00BF8FB7
:101470002800B58F2400B48F2000B38F1C00B28FDA
:101480001800B18F1400B08F0800E0033000BD27B2
:10149000E8FFBD271400BFAF1000B0AF36848293C1
:1014A0000800422CC20240501400BF8F3684839340
:1014B00080180300019D023CCC14422421104300FB
:1014C0000000428C0800400000000000EC14019D68
:1014D0001416019DD416019D8418019D9019019D3B
:1014E000501A019DD81B019D401F019D00A0103C7A
:1014F0004408102655000292CD8382A300A0023C2E
:1015000091094290108482A39761400F0100042446
:10151000E481829301004224E48182A30100042437
:10152000795D400F010005245800028EED00432C28
:10153000040060145000422C010002246345400B5B
:10154000568382A307004010568383930100022430
:101550000900621410838293B18282A36545400B17
:10156000568380A301000224030062141083829337
:101570005F45400BB18282A3B18282A356838393DD
:101580000100022404006214CD83829310838293AD
:10159000B18282A3CD838293FFFF4224FF004230B9
:1015A0001D00422C04004054388480AFAC1F400F13
:1015B00000000000388480AF00A0023CA008428CEC
:1015C0000102432C090060142801422CA083828F61
:1015D00001004224A08382AF1500422C0A0040146F
:1015E000140002248245400BA08382AF0600401005
:1015F000A083828F04004010FFFF422402004014A9
:10160000A08382AFA08380AFA083828FEB47400B83
:101610001C8282AFEF61400F000000000600022430
:10162000588382AF1C000224E08182AFE481829360
:1016300001004224E48182A301000424795D400F6B
:1016400002000524CD83829300A0033CBC056324E3
:10165000211843001084849300A0023CDC0542243E
:101660002110820000006490BC5C400F0000459097
:101670002D62400F000000000C8480AFB182829385
:1016800000A0033C4C166324211843000000649022
:1016900080BF033C203064AC00A0033C6C16632484
:1016A000211043000000439080BF023C200843AC5F
:1016B0000002022488BF033C341062AC88BF033CA4
:1016C000641062AC88BF033C681062ACEC47400B0E
:1016D0001400BF8F558383930100022434026214E7
:1016E0001400BF8F02000224558382A33884828FA6
:1016F000010042244F004010388482AF01000324CF
:10170000030043143083828FC745400B608282AF51
:101710006082838F21106200608282AFED828393AA
:1017200080100300002103002310820000A0043C6D
:101730004408842421104400CD838493010044A0F4
:101740006082848F040044AC000043A09883848F9F
:10175000080044ACAC85828F04004054E08280AF26
:1017600001006324ED8283A3E08280AF608280AFBA
:1017700000A0023C99084290CD8382A3ED8282931F
:101780000700422C1E00401400A0033CED8280A301
:101790004483828F30004224B807638C2B104300AF
:1017A0000500401400000000AC1F400F00000000C6
:1017B000EB47400B308380AFAC85828F080040142C
:1017C000E481829301004224E48182A30100042485
:1017D000795D400F03000524EB47400B308380AF59
:1017E000FFFF4224E48182A301000424795D400FBD
:1017F00001000524AC8580AFEB47400B308380AF00
:10180000388480AFE4818293FFFF4224E48182A385
:1018100001000424795D400F01000524AC85838F0D
:101820000100022415006250AC8580AFEB47400BED
:10183000308380AF00A0023C99084290CD8382A300
:10184000E4818293FFFF4224E48182A30100042407
:10185000795D400F01000524010002243884838F44
:10186000030062143083828F1F46400B608282AF78
:101870006082838F21106200608282AFEB47400B51
:10188000308380AF00A0103C3C0910265500029226
:10189000108482A39761400F02000424E4818293A4
:1018A00001004224E48182A302000424795D400FF8
:1018B000040005245800028EED00432C040060143F
:1018C000EC00422C010002244246400BFD8282A320
:1018D0000800401010838293FD828393010002244C
:1018E00004006214108382935E8382A34446400BFB
:1018F000FD8280A35E8382A3FD8283930100022484
:101900000400621410848293108382935E8382A306
:1019100010848293FFFF4224FF0042301300422CC8
:1019200004004054388480AFAC1F400F000000001A
:10193000388480AF00A0023C9809428C0102432CFD
:10194000090060142801422C6484828F0100422423
:10195000648482AF1500422C0A0040141400022453
:101960006146400B648482AF060040106484828F1D
:1019700004004010FFFF422402004014648482AF40
:10198000648480AF6484828FEB47400B1C8282AFFB
:10199000F161400F0000000006000224588382AF6E
:1019A0001C000224E08182AFE48182930100422482
:1019B000E48182A302000424795D400F0500052420
:1019C000CD83829300A0033CBC056324211843000F
:1019D0001084849300A0023CDC0542242110820084
:1019E00000006490BC5C400F000045902D62400FE9
:1019F000000000000C8480AF5E83829300A0033C53
:101A00004C166324211843000000649080BF033CFF
:101A1000203064AC00A0033C6C166324211043000A
:101A20000000439080BF023C200843AC0002022427
:101A300088BF033C341062AC88BF033C641062ACC6
:101A400088BF033C681062ACEC47400B1400BF8FAA
:101A50005583839301000224550162141400BF8F43
:101A600002000224558382A33884828F010042241D
:101A70003D004010388482AF01000324030043146A
:101A80003083828FA746400BE08282AFD48382AF3F
:101A9000E082838F21106200E08282AFED82829328
:101AA00080180200002102002318830000A0043CDB
:101AB0003C0984242118640010848593010065A0EA
:101AC000E082858F040065AC000062A09883858F5A
:101AD000080065AC01004224FF004230ED8282A381
:101AE000E08280AF608280AF550083900700422C77
:101AF00014004014108483A3ED8280A34483828F5A
:101B00003000422400A0033CB807638C2B10430034
:101B100005004014E4818293AC1F400F00000000D8
:101B2000EB47400B308380AF01004224E48182A365
:101B300002000424795D400F06000524EB47400BAA
:101B4000308380AF388480AFE4818293FFFF4224EA
:101B5000E48182A302000424795D400F040005247F
:101B6000EB47400B308380AF00A0023C91094290CC
:101B7000108482A3E4818293FFFF4224E48182A344
:101B800002000424795D400F040005240080033422
:101B900088BF023C386143AC8000032488BF023C0C
:101BA000346343AC010002243884838F0400621440
:101BB0003083828FE08282AFF446400B508282AF46
:101BC000E082838F21186200E08283AF308482AF8D
:101BD000EB47400B308380AF1F3E400F00A0103C0E
:101BE0001244400FF00610269B44400F040002AE42
:101BF000080002AE00A0033C440863245400649033
:101C0000802804000021040023208500211883007F
:101C1000010063907C8283AF00A0033C3C096324F5
:101C200054006490802804000021040023208500D3
:101C30002118830001006390C08283AF0400038EEB
:101C4000208483AF248282AF448483A79E8382A7AB
:101C500071828293130003240500431001000324C2
:101C60000400431000A0023CFE3F400F00000000B3
:101C700000A0023C9409438CC218030000A0023C5F
:101C80009C08428CC210020021106200288382AF9F
:101C9000118482937C82848F23184400FFFF65287F
:101CA0000500A014020065280400A0501D000424B3
:101CB0003E47400B118484A31D00042403004410FC
:101CC000010004240D0044147182829300A0023CA0
:101CD000FC06428C0900401071828293C3170300F6
:101CE000261843002310620002004228020040141C
:101CF00001000224D88282A371828293C082848FE1
:101D000023184400FFFF65280500A0140200652881
:101D10000400A050130004245747400B718284A391
:101D20001300042403004410010004240B00441495
:101D30000000000000A0023CFC06428C070040109E
:101D4000C317030026184300231062000200422834
:101D50000200401401000224D88282A37241400F85
:101D600000000000CA3F400F00000000F081839394
:101D70000100022407006214000000003A41400FF5
:101D800000000000833F400F000000006847400B48
:101D9000D8828393EB3E400F00000000D8828393EB
:101DA000010002240D00621400A0023C9E83829771
:101DB00076EE4224FFFF42309F40422C0A00401042
:101DC000448482975013432C070060142F830334FC
:101DD0002B1043000400401000A0023CFC06428C83
:101DE00001004050D88280A39D40400F00000000B9
:101DF0005C82839301000224170062545D83839305
:101E000000A0023C91094290FFFF4224FF004230B3
:101E10001300422C0E004050B28280A300A0023C6E
:101E2000990842900A004050B28280A31E00422CC2
:101E300007004050B28280A3D882829304004054AD
:101E4000B28280A3020002245C8282A3B28280A3B9
:101E50005D83839301000224070062109D828393B7
:101E6000050062106C84839303006210ED838393FA
:101E70001000621436848293B2828293010042245D
:101E8000FF0042300100032404004314B28282A305
:101E90003C82828FAC47400B408482AFC800422C0A
:101EA000030040140A000224B28282A3D88280A3D5
:101EB0003684829301004224368482A300A0023C2F
:101EC00099084290FFFF4324FF0063300200632C17
:101ED0000F0060141C0003240D0043101D00032498
:101EE0000B00431000A0023C910942900100032422
:101EF00007004310020003240500431012000324CE
:101F00000300431013000324290043141400BF8F5F
:101F10000083828FFF01422C24004010D0838293E3
:101F2000C000032403004310800003242000431456
:101F30001400BF8F00A0023CEB47400BFC0640ACF6
:101F4000E48180A3368480A35C8280A300A0023C4D
:101F5000B807428C0102432C0A0060142801422C6D
:101F60006084828F01004224608482AF1F00422C73
:101F70000D0040146084828F1E000224E947400B4C
:101F8000608482AF080040106084828F0700405058
:101F90001C8282AFFFFF422402004014608482AFA3
:101FA000608480AF6084828F1C8282AF1400BF8FF8
:101FB0001000B08F0800E0031800BD27D8FFBD2730
:101FC0002400BFAF2000B3AF1C00B2AF1800B1AF08
:101FD0001400B0AF00A0023C440842241000528C10
:101FE0001C00518C2800508C3400438C4000538CD2
:101FF0002A107100110040542388230223887100A5
:10200000F162400F212020022190400023883302FA
:10201000F162400F21203002212040023E60400F3B
:102020002128400021204000029D023C145F400F07
:102030006C8E458C1D48400B21804000F162400FA2
:10204000212020022198400023883202F162400FB3
:1020500021203002212060023E60400F21284000F4
:10206000029D033C6C8E648C125F400F212840005F
:102070002180400000A0023CF162400F69084490BA
:1020800021204000029D023C125F400F6C8E458C67
:1020900021204000145F400F212800022120400031
:1020A000029D023CCA60400F708E458CB262400FA8
:1020B000212040002400BF8F2000B38F1C00B28F6E
:1020C0001800B18F1400B08F0800E0032800BD276E
:1020D000D8FFBD272400BFAF2000B3AF1C00B2AFB4
:1020E0001800B1AF1400B0AF00A0023C3C0942247C
:1020F0001000528C1C00518C2800508C3400438CF2
:102100004000538C2A107100110040542388230290
:1021100023887100F162400F2120200221904000AD
:1021200023883302F162400F212030022120400237
:102130003E60400F2128400021204000029D023CCB
:10214000145F400F6C8E458C6248400B218040002C
:10215000F162400F212020022198400023883202A2
:10216000F162400F21203002212060023E60400FCA
:1021700021284000029D033C6C8E648C125F400F4E
:10218000212840002180400000A0023CF162400F65
:102190006109449021204000029D023C125F400FE3
:1021A0006C8E458C21204000145F400F21280002D6
:1021B00021204000029D023CCA60400F708E458C79
:1021C000B262400F212040002400BF8F2000B38F57
:1021D0001C00B28F1800B18F1400B08F0800E0030C
:1021E0002800BD27D0FFBD272C00BFAF2800B5AF0A
:1021F0002400B4AF2000B3AF1C00B2AF1800B1AFE1
:102200001400B0AF00A0023C440842241000548CDB
:102210001C00508C2800528C3400518C4000558C8E
:10222000F162400F2320500221984000402012000C
:1022300023209000F162400F2320910021206002B2
:102240003E60400F21284000219840002A103002B3
:10225000110040542380110223803002F162400FAC
:102260002120000221A0400023801502F162400FCE
:1022700021201202212080023E60400F21284000D0
:1022800021204000029D023C145F400F6C8E458C63
:10229000B448400B21206002F162400F212000026F
:1022A00021A8400023801402F162400F2120120275
:1022B0002120A0023E60400F21284000029D033CE7
:1022C0006C8E648C125F400F212840002120600238
:1022D000145F400F21284000029D103C2120400047
:1022E000CA60400F6C8E058E029D113C212040007B
:1022F000CA60400F708E258E2190400000A0023CE5
:10230000F162400F6908449021204000125F400FA5
:102310006C8E058E21204000CA60400F708E258E85
:1023200021204002145F400F21284000B262400F7C
:10233000212040002C00BF8F2800B58F2400B48FCF
:102340002000B38F1C00B28F1800B18F1400B08F23
:102350000800E0033000BD27D0FFBD272C00BFAF31
:102360002800B5AF2400B4AF2000B3AF1C00B2AF5B
:102370001800B1AF1400B0AF00A0023C3C094224E9
:102380001000548C1C00508C2800528C3400518C4E
:102390004000558CF162400F2320500221984000EC
:1023A0004020120023209000F162400F2320910072
:1023B000212060023E60400F21284000219840000B
:1023C0002A10300211004054238011022380300271
:1023D000F162400F2120000221A04000238015025D
:1023E000F162400F21201202212080023E60400F46
:1023F0002128400021204000029D023C145F400F34
:102400006C8E458C1149400B21206002F162400F17
:102410002120000221A8400023801402F162400F15
:10242000212012022120A0023E60400F21284000FE
:10243000029D033C6C8E648C125F400F212840008B
:1024400021206002145F400F21284000029D103CB3
:1024500021204000CA60400F6C8E058E029D113C09
:1024600021204000CA60400F708E258E21904000D0
:1024700000A0023CF162400F61094490212040001D
:10248000125F400F6C8E058E21204000CA60400F05
:10249000708E258E21204002145F400F21284000BD
:1024A000B262400F212040002C00BF8F2800B58F62
:1024B0002400B48F2000B38F1C00B28F1800B18F9E
:1024C0001400B08F0800E0033000BD27401804005E
:1024D0002118A3000019030000A0023C000E4224B2
:1024E0002110430000004390C439037C000043A046
:1024F0000600A0148020040000A0033C600F6324A9
:10250000212083004749400B000082AC00A0033C1F
:10251000100F632421208300000082AC0000439050
:102520008431037C000043A0080043900100042490
:102530008431837C080043A00800E0030000000011
:1025400000A0023C000F422408004294FFFF4230EA
:102550004000422C150040104000022400A0023C24
:10256000000F422408004294FF0042309485839378
:10257000FF0063300400601401000324948583A3EA
:102580006C49400B00A0043C94858493FF00843088
:10259000010003240600835400A0043C020003242D
:1025A000948583A36C49400B00A0043C00A0043C2C
:1025B000000F84240800839423186200FFFF633017
:1025C000080083A400A0033C100F638CFF0045307B
:1025D00002006690020065A003006590FCFF0624DF
:1025E0002428C500030065A000A0033C800E6324DE
:1025F0004C8583AF0400838C0100633005006010BC
:10260000000000001300401400A0053C0800E00397
:1026100000000000FDFF401000A0053C4C85848FA9
:10262000000FA38C00006690000086A001008424A7
:102630004C8584AF01006324000FA3ACFFFF42244C
:10264000FF004230F6FF40144C85848F0800E00301
:10265000000000004C85848F000FA38C0000669062
:10266000000086A0010084244C8584AF010063240F
:10267000000FA3ACFFFF4224FF004230F6FF4014DE
:102680004C85848F0800E0030000000088BF023CF6
:102690007010438C8410037C701043ACFF00022444
:1026A00088BF033C205262AC88BF033C005262AC3E
:1026B00088BF023C005340AC88BF023C105340AC82
:1026C00088BF023C20534324205340AC100060AC30
:1026D00088BF023CE05240AC9F00022488BF033C0C
:1026E000305262AC88BF033C105262AC88BF023CDF
:1026F0007050438C0F006330705043AC7050438C6B
:10270000705043AC88BF023C8050438C01000424CD
:102710000400837C805043AC00A0023C000E4224A5
:1027200000E0427C0226020088BF033CD05264AC29
:102730000224020088BF033CC05264AC02120200B3
:1027400088BF033C705262AC2110000000A0053C21
:10275000000EA52410000424C018020021186500F2
:102760002130000021380000000066AC040067AC96
:1027700001004224F9FF4414C018020088BF023C43
:102780005052438C010004244408837C505243ACD3
:1027900088BF033C605260AC5052438C4429037C98
:1027A000505243AC5052438C4408037C505243ACCB
:1027B00088BF023C0052428C080042301100401099
:1027C00088BF043C88BF083C0800072400A0063CE2
:1027D00000A0053C005207AD000FC224040040A039
:1027E000700FA224040040A00400438C04BA037CB0
:1027F000040043AC0052828C08004230F5FF4014C4
:102800000000000001000224688582AF748582AF59
:10281000548580AF588580AF808580AF00A0023C92
:10282000600F40AC00A0043C100F8324040060AC97
:10283000600F4224040040AC080060AC080040ACCB
:102840000C0060AC0C0040AC00A0023C100E422416
:10285000100F82AC0D00032488BF023C005343AC30
:1028600000A0023C000E43248885842700E0847C7D
:10287000040064AC000E438C4000042404CC837C30
:10288000000E43AC84000324000E43A4A08580A363
:102890005C8580AF0800E00300000000E0FFBD277A
:1028A0001C00BFAF1800B1AF1400B0AFFF00B030D4
:1028B0000800023204004010FF0091302120200265
:1028C0003349400F21280000040002320500405027
:1028D00000891100212020023349400F0100052406
:1028E0000089110088BF023C005342242188510016
:1028F000000030A21C00BF8F1800B18F1400B08FF1
:102900000800E0032000BD27FF008430FF00A53051
:102910000700A010FF00E7308018040000A0023C70
:10292000100F422421106200514A400B0000428CDB
:102930008018040000A0023C600F422421106200B5
:102940000000428C3A00401000E0C37CFF00C6301B
:1029500004004890040046A0003A667C05004890B8
:10296000050046A0003C667C06004890060046A094
:10297000021E030007004690070043A0FF00E73057
:1029800002004390020047A003004390FCFF06248E
:102990002418C300030043A00000439001004690A8
:1029A00040006330FFFF6330FF006330000046905B
:1029B000000043A001004390010040A000004690A9
:1029C000FF00C63001004390FF006330001A03008F
:1029D0002518660080006334FF00663000004790D1
:1029E000000046A0021A030001004690010043A027
:1029F0000800A0108020040000A0033C100F6324F6
:102A00002120640000008390080063380800E00380
:102A1000000083A000A0033C600F63242120640019
:102A200000008390080063380800E003000083A0E2
:102A30000800E00321100000FF008430260080140D
:102A4000FF00A5307C85828F020043904000032464
:102A5000020043A003004490FCFF032424188300D9
:102A6000030043A07C85828F8885842700E0837CD7
:102A7000FF00843004004590040044A0003A647CC8
:102A800005004590050044A0003C647C060045908C
:102A9000060044A0021E030007004490070043A064
:102AA000000043908CFF0324000043A001004390EA
:102AB000010040A000A0023C100F428C0000439097
:102AC00084FF0324000043A001004390010040A0C4
:102AD0000800E00300000000402004002120A400C2
:102AE0000021040000A0033C000E632421106400B8
:102AF0000000469001004590002A05002528A60008
:102B00008400A534000045A0022A0500010045A06C
:102B1000080084242120640000008390010082903A
:102B2000001202002510430084004234000082A0FD
:102B3000021202000800E003010082A0FF008430BE
:102B400088BF023C5052428C20004230640040104A
:102B50002014047C33004104801804007F0084307A
:102B60008018040000A0023C100F422421106200D3
:102B70000000428C0000439080006330FF0063300F
:102B80000B006050010005240000439001004590B7
:102B900040006330FFFF6330FF006330000045906A
:102BA000000043A001004390010040A02128000044
:102BB0008018040000A0023C100F4224211843009A
:102BC000000066900800C638000066A00000628C15
:102BD0000000449080008430FF0084300B0080109F
:102BE000000000000100A52C000044900100469068
:102BF00040008430FFFF8430FF00843000004690A6
:102C0000000044A001004490010040A03400A01046
:102C10000000000000006290080042380800E00355
:102C2000000062A000A0023C600F4224211062005C
:102C30000000428C0000439080006330FF0063304E
:102C40000B006050010005240000439001004590F6
:102C500040006330FFFF6330FF00633000004590A9
:102C6000000043A001004390010040A02128000083
:102C70008018040000A0023C600F42242118430089
:102C8000000066900800C638000066A00000628C54
:102C90000000449080008430FF0084300B008010DE
:102CA000000000000100A52C0000449001004690A7
:102CB00040008430FFFF8430FF00843000004690E5
:102CC000000044A001004490010040A00400A010B6
:102CD000000000000000629008004238000062A07E
:102CE0000800E0030000000088BF023C505240ACE6
:102CF00088BF023C105240AC5C8580AF0800E00306
:102D000000000000E8FFBD271400BFAF5C85828F84
:102D1000300040141400BF8F88BF023C505240ACBA
:102D200088BF023C105240AC88BF033CE05260AC0C
:102D30009F00032488BF043C305283AC105243AC44
:102D400088BF023C7050438C0F006330705043AC1E
:102D50007050438C705043AC88BF023C7010438C61
:102D6000010004248410837C701043AC00FF033402
:102D700088BF023C041143AC0007032488BF023C17
:102D8000081143AC8063400F00000000A163400FB6
:102D90000000000088BF023C5052428C01004230CB
:102DA0000900401488BF023C010004245052438CA7
:102DB0000400837C505243AC5052438C010063307A
:102DC000FAFF601000000000010002245C8582AF61
:102DD0001400BF8F0800E0031800BD276885828FAC
:102DE0001800401401000224688582AF7485828F28
:102DF0001400401401000224748582AF608583931F
:102E0000FF006330020002241000621400A0033CA3
:102E1000100F628C02004490020040A00300459015
:102E2000FCFF04242420A400030044A0100F628CA3
:102E300000004390C8FF0324000043A0010043901A
:102E4000010040A00800E0030000000060858393BB
:102E5000FF0063300100022434006214000000000F
:102E6000788580AF9885828F0200439040000824C7
:102E7000020048A003004390FCFF072424186700C9
:102E8000030043A09885828F8885862700E0C37C55
:102E9000FF00C63004004490040046A0003A657C60
:102EA00005004490050045A0003C647C0600499064
:102EB000060044A0021E030007004990070043A03B
:102EC0000000499084FF0924000049A001004990B6
:102ED000010040A001000224788582AF7C85828FAA
:102EE00002004990020048A00300489024380701DE
:102EF000030047A07C85828F04004790040046A011
:102F000005004690050045A006004590060044A037
:102F100007004490070043A00000439080FF032473
:102F2000000043A001004390010040A00800E0031E
:102F300000000000E8FFBD271400BFAF548580AF3C
:102F4000588580AF60858393FF00633002000224C0
:102F50001F0062147C85828F02004390400003248E
:102F6000020043A003004490FCFF032424188300C4
:102F7000030043A07C85828F00A0043C800E842443
:102F800000E0837CFF00843004004590040044A0EE
:102F9000003A647C05004590050044A0003C647C38
:102FA00006004590060044A0021E0300070044905E
:102FB000070043A000004390C8FF0324000043A083
:102FC00001004390010040A01B4C400B1400BF8F38
:102FD0008E858397FFFF633000A0023C000F4224E0
:102FE00008004294FFFF42302B10620006004010A0
:102FF000000000008E858397FFFF633000A0023C35
:10300000000F4224080043A45049400F0000000074
:1030100000A0023C100F428C00A0043C800E8424CF
:1030200000E0837CFF00843004004590040044A04D
:10303000003A647C05004590050044A0003C647C97
:1030400006004590060044A0021E030007004490BD
:10305000070043A000004390C8FF0324000043A0E2
:1030600001004390010040A01400BF8F0800E0035E
:103070001800BD2700E85D4100701B4002601A4047
:1030800058FFBD27A400BBAF00601B40A000BAAF33
:1030900000681A409C00BBAF82D21A00847A5B7F22
:1030A00044201B7C00609B402C00A3AF2800A2AFF3
:1030B000A000A38F0F0063301A006014000000000E
:1030C0008C00BFAF8800BEAF8400B9AF8000B8AF3E
:1030D0007C00B7AF7800B6AF7400B5AF7000B4AF86
:1030E0006C00B3AF6800B2AF6400B1AF6000B0AFC6
:1030F0005C00AFAF5800AEAF5400ADAF5000ACAF06
:103100004C00ABAF4800AAAF4400A9AF4000A8AF45
:103110003C00A7AF3800A6AF3400A5AF3000A4AF85
:103120002400A1AF121000009400A2AF10180000FC
:103130009000A3AF0C85828F6400422C01004050A8
:103140000C8580AF5C85838F010002240F00621420
:1031500088BF023CFF00032488BF023C005243ACFE
:1031600088BF023C1052438C010004240400837C7D
:10317000105243AC1052438C0421837C105243AC58
:10318000020002245C8582AF88BF023C4050428C22
:10319000100042301A00401088BF023C88BF023C39
:1031A0005050428C100042301500401088BF023C45
:1031B00088BF113C10001024405030AE808580AF95
:1031C00074000424212800006A21400F21300000EF
:1031D00001000224C48582AF88BF023C8050438C2A
:1031E0004408037C805043AC88BF023C5050438C61
:1031F0000421037C505043AC405030AE88BF023CA9
:103200008050428C020042300700401088BF023CD0
:1032100088BF023C4010438C8410037C401043ACB8
:103220003953400B000000000052428C0100423034
:103230001600401088BF023C88BF023C1052428CEE
:10324000010042301100401088BF023CA349400FEA
:103250000000000088BF033C7010648C0100022451
:103260008410447C701064AC040003245C8583AF3C
:103270005085838F01006250A88582AF010003242E
:1032800088BF023C005243AC88BF023C0052428CD3
:10329000100042301900401088BF023C88BF023C39
:1032A0001052428C100042301400401088BF023C83
:1032B00088BF033C5050648C010002240421447CEC
:1032C000505064AC88BF113C10001024005230AE46
:1032D00088BF033C8050648C4408447C805064ACBC
:1032E000808582AF75000424212800006A21400FE8
:1032F00021300000005230AE88BF023C0052428CA8
:10330000040042300E00401088BF023C88BF023CDF
:103310001052428C04004230060040100400032486
:1033200073000424212800006A21400F01000624B4
:103330000400032488BF023C005243AC88BF023C17
:103340000052428C800042302C00401088BF023C6A
:1033500088BF023C1052428C80004230270040104F
:1033600088BF023C88BF023C0053428C02004230BE
:103370001E0040109885828F00004390FF0063304C
:1033800001004490FF0084300022040025208300C7
:10339000800003241200835488BF023C00A0033C39
:1033A000100F638C00006590FF00A5300100649051
:1033B000FF008430002204002520850084000324BF
:1033C0000700835488BF023C000043908CFF032415
:1033D000000043A001004390010040A088BF023CD0
:1033E0000053438C4408037C005343AC8000032407
:1033F00088BF023C005243AC88BF023C0052428C62
:10340000020042300F00401088BF023C1052428C34
:10341000020042300B00401000000000FFFF0424B7
:10342000212800006A21400F01000624FF00032428
:1034300088BF023C205243AC0200032488BF023CF8
:10344000005243AC5C85828F0400422C0700401080
:1034500088BF023C88BF023C4010438C8410037C30
:10346000401043AC3953400B000000001052428C16
:10347000080042301806401088BF023C88BF023C5A
:103480000052428C080042300900405404001124CC
:103490003653400B88BF023C0052428C0800423039
:1034A0000E00405488BF023C3653400B88BF023C9C
:1034B00088BF143C080012242198400200A0163C4A
:1034C000800ED52600E0B77E003AE27E1800A2AF5B
:1034D00000A01E3C000EDE2788BF023C4052428CFA
:1034E000FF004230B08582A3B08582930019427CF0
:1034F000618582A3005293AEB0858293080042306A
:10350000FF0042300D0040140000000061858293EE
:10351000FF00423064858327211062000000449040
:103520000100843001008438000043900400837C53
:10353000000043A05A4D400B0000000061858293BB
:10354000FF004230908583272110620000004490E4
:103550000100843001008438000043900400837C23
:10356000000043A06185829361858293FF00423011
:10357000C605401400000000B0858293FB00423075
:103580005605401400000000B08583938028637CBA
:10359000C01003002110C203988582AF7C8582AFE2
:1035A000080044387C8584A3000045903C00A53089
:1035B000340004249604A414000000002128000014
:1035C0008885892700A0083C04004A90FF004A3102
:1035D00005004790FF00E730003A07002538EA0071
:1035E00006004490FF00843000240400252087005A
:1035F00007004690003606002530C4002120250132
:103600002530C8000000C690000086A004004A9043
:10361000FF004A3105004790FF00E730003A0700FD
:103620002538EA0006004690FF00C6300034060048
:103630002530C7000700449000260400252086009E
:1036400001008424FF00863004004790040046A057
:10365000003A867C05004790050046A0003C867C29
:1036600006004790060046A0022604000700469088
:10367000070044A00100A524D3FFB21400000000FD
:103680008885852700E0A27CC018030021187E00F1
:10369000040062AC948580A3C08580AF548580AF60
:1036A000588580AF788580AF608580A300A0023CFC
:1036B000100F438C00006490FF008430010066907E
:1036C000FF00C630003206002530C4007FFF04240E
:1036D0002430C400FF00C73000006890000067A0DD
:1036E0000232060001006790010066A0100F4390AF
:1036F00008006338100F43A0100F438C0000679040
:10370000FF00E73001006690FF00C630003206007F
:103710002530C7002430C400FF00C7300000689087
:10372000000067A00232060001006790010066A059
:10373000100F439008006338100F43A07C85828FE0
:1037400000004690FF00C63001004390FF00633048
:10375000001A03002518660024206400FF0083304F
:1037600000004690000043A00222040001004390A4
:10377000010044A000A0023C000F4224040040A02D
:10378000080040A400A0023C700F4224040040A0A6
:103790000400438C04BA037C040043AC0000A290F4
:1037A000600042309D0340540300042489858293C5
:1037B000FF0042300C00432C9803605003000424A7
:1037C00080100200019D033CDC376324211062005D
:1037D0000000428C08004000000000007C40019D79
:1037E000C441019D1846019DC441019D1846019D9B
:1037F0000C38019D3038019D0846019D4440019DD3
:10380000503F019D8845019DCC45019D00A0023C93
:10381000000F42240400438C01000424C439837C3B
:10382000040043AC5C8593AF8751400B0300042434
:1038300088858393FF00633080000224770362143D
:1038400003000424C0FF032400A0023C000F422414
:10385000040043A08B858293FF00423002000324C2
:103860000D0043100300032425004310010003242E
:10387000B301431400A0023C019D033C906A632401
:10388000000F43AC000F422412000324080043A49D
:103890008751400B030004248A858293FF00423045
:1038A0000500401000A0023C000F4224040040A08C
:1038B0008751400B030004248A858393FF00633003
:1038C00080180300019D023CBC6E4224211062005E
:1038D0000000438C00A0023C000F43AC000F438C5F
:1038E00002006490000F4324080064A0000F428C83
:1038F00003004290090062A08751400B030004249A
:103900008E858397FFFF6330FF000224040062145A
:10391000010002246C8582AF494E400B000000007C
:103920006C8580AF8A858293FF0042300300422C71
:1039300010004010000000008A858393FF00633070
:1039400080180300019D023CC06E422421106200D9
:103950000000438C00A0023C000F43AC000F438CDE
:1039600000006390000F4224080043A48751400BDD
:10397000030004248A858393FF006330030002243C
:1039800027006214009D023C005F4324808383AFC4
:10399000005F428C448582AF4485838FFFFF0234F1
:1039A00015006254019D023CB8858227060003245D
:1039B000000043A003000324B98583A34485838FBB
:1039C000BA8583A34485838F021A0300BB8583A332
:1039D0004485838F021C0300BC8583A34485838FA9
:1039E000021E0300BD8583A300A0033C000F62AC50
:1039F000824E400B00A0023CCC6E438C00A0023CE7
:103A0000000F43AC00A0023C000F438C0000639009
:103A1000000F4224080043A48751400B03000424F4
:103A20008A858393FF006330040002240A00621435
:103A3000019D023CD06E438C00A0023C000F43ACC1
:103A4000000F438C00006390000F4224080043A441
:103A50008751400B030004248A858393FF00633061
:103A6000050002240A006214019D023CD46E438CBE
:103A700000A0023C000F43AC000F438C0000639099
:103A8000000F4224080043A48751400B0300042484
:103A90008A858393FF006330620002240A00621467
:103AA000019D023CD86E438C00A0023C000F43AC49
:103AB000000F438C00006390000F4224080043A4D1
:103AC0008751400B030004248A858393FF006330F1
:103AD000640002240C006214019D023CDC6E438CE5
:103AE00000A0023C000F43AC000F438C0000639029
:103AF000000F4224080043A401000224708582AF15
:103B00008751400B030004248A858393FF006330B0
:103B1000650002240A006214019D023CE06E438CA1
:103B200000A0023C000F43AC000F438C00006390E8
:103B3000000F4224080043A48751400B03000424D3
:103B40008A858393FF006330660002240A006214B2
:103B5000019D023CE46E438C00A0023C000F43AC8C
:103B6000000F438C00006390000F4224080043A420
:103B70008751400B030004248A858393FF00633040
:103B80006D0002240A006214019D023CE86E438C21
:103B900000A0023C000F43AC000F438C0000639078
:103BA000000F4224080043A48751400B0300042463
:103BB0008A858393FF0063306E0002240A0062143A
:103BC000019D023CEC6E438C00A0023C000F43AC14
:103BD000000F438C00006390000F4224080043A4B0
:103BE0008751400B030004248A858393FF006330D0
:103BF0006F0002240A006214019D023CF06E438CA7
:103C000000A0023C000F43AC000F438C0000639007
:103C1000000F4224080043A48751400B03000424F2
:103C20008A858393FF006330790002240A006214BE
:103C3000019D023CF46E438C00A0023C000F43AC9B
:103C4000000F438C00006390000F4224080043A43F
:103C50008751400B030004248A858393FF0063305F
:103C60007A0002240A006214019D023CF86E438C23
:103C700000A0023C000F43AC000F438C0000639097
:103C8000000F4224080043A48751400B0300042482
:103C90008A858393FF0063307B0002240C0062144A
:103CA000019D023CFC6E438C00A0023C000F43AC23
:103CB000000F438C00006390000F4224080043A4CF
:103CC00001000224488582AF8751400B0300042481
:103CD0008A858393FF0063307C0002240B0062140A
:103CE000019D023C006F438C00A0023C000F43ACDE
:103CF000000F438C00006390000F4224080043A48F
:103D0000488580AF8751400B030004248A85839344
:103D1000FF006330830002240A006214019D023C0C
:103D2000046F438C00A0023C000F43AC000F438C97
:103D300000006390000F4224080043A48751400B09
:103D4000030004248A858393FF006330A8000224C3
:103D50000A006214019D023C086F438C00A0023CE3
:103D6000000F43AC000F438C00006390000F42240F
:103D7000080043A48751400B030004248A858393E1
:103D8000FF006330140002240A006214019D023C0B
:103D90000C6F438C00A0023C000F43AC000F438C1F
:103DA00000006390000F4224080043A48651400B9A
:103DB000048480AF8A858393FF006330150002245A
:103DC0000B006214019D023C106F438C00A0023C6A
:103DD000000F43AC000F438C00006390000F42249F
:103DE000080043A4010002248651400B048482AFE2
:103DF0008A858393FF006330160002240B0062144F
:103E0000019D023C146F438C00A0023C000F43ACA8
:103E1000000F438C00006390000F4224080043A46D
:103E2000020002248651400B048482AF8A8583936A
:103E3000FF006330170002240B006214019D023C56
:103E4000186F438C00A0023C000F43AC000F438C62
:103E500000006390000F4224080043A403000224E2
:103E60008651400B048482AF8A858393FF006330C0
:103E7000180002240B006214019D023C1C6F438C4D
:103E800000A0023C000F43AC000F438C0000639085
:103E9000000F4224080043A4040002248651400B72
:103EA000048482AF8A858393FF0063301900022463
:103EB0000B006214019D023C206F438C00A0023C69
:103EC000000F43AC000F438C00006390000F4224AE
:103ED000080043A4050002248651400B048482AFED
:103EE0008A858393FF006330C800022410006214A7
:103EF00000A0023C88BF023C8050438C0400037C3D
:103F0000805043AC019D103C1460400F00E004362B
:103F100000E004361E60400F12120524C0BF023CB0
:103F200009F84000000000008751400B0300042402
:103F3000000F4224040040A08751400B03000424DA
:103F4000000F4224040040A08751400B03000424CA
:103F50008A858293FF0042300200422CAF0140105C
:103F60000300042400A0023C000F42240400438C00
:103F700001000424C439837C040043AC88BF023CA4
:103F8000105340AC88BF023C20534324205340AC24
:103F9000100060AC2110000010000424C0180200C2
:103FA00021187E002130000021380000000066AC9E
:103FB000040067AC01004224F9FF4414C018020059
:103FC00088BF023C5052438C010004244408837C87
:103FD000505243ACB48580A35052438C4408037CB8
:103FE000505243AC00A0033C100E632400A0023CDE
:103FF000100F43AC98859EAF7C859EAF8A858293D7
:10400000FF004230A08582A3A0858293FF0042304A
:1040100004004014100002245C8582AF8751400BDD
:104020000300042401000424A08585276A21400F91
:1040300001000624200002245C8582AF8751400BDA
:104040000300042400A0023CA0858327000F43AC9A
:10405000000F42240400448C010003240400647C0B
:10406000040044AC080043A00400448CC439647CC0
:10407000040044AC8751400B03000424800EC0A20E
:104080000100A0A28885828F1F0042300100032416
:1040900014004310020003241A00435000A0023C05
:1040A0003900401400A0023C00A0033C000F632430
:1040B0000400648C01000224C439447C040064AC14
:1040C000A485838F3000625400A0023C800EC2920F
:1040D000FF00423002004234800EC2A26250400B08
:1040E00000A0023C00A0023C000F42240400438CCC
:1040F00001000424C439837C040043AC6250400BAB
:1041000000A0023C000F42240400438C0100042460
:10411000C439837C040043AC8C8582938000423098
:10412000FF00423009004014000000008C85838F9E
:104130000F0063308018030000A0023C600F42248F
:10414000211062005A50400B0000428C8C85838FF6
:104150000F0063308018030000A0023C100F4224BF
:10416000211062000000428C000043908400633004
:10417000840002240400621400A0023C0100022416
:10418000800EC2A200A0023C000F42240400428C18
:10419000800042302001401000A0023C000F55ACCE
:1041A000000F42240400438C010004240400837C9B
:1041B000040043AC02000324080043A08751400BD5
:1041C000030004248A858393FF00633001000224E6
:1041D0001300621400000000888582931F004230A3
:1041E0000F00401400A0023C000F42240400438C46
:1041F00001000424C439837C040043AC8985839383
:10420000FF00633003000224040062140100022452
:10421000A48582AF8850400B00000000A48580AFC9
:104220008A858293FF004230FC004014030004247E
:10423000888583931F00633002000224F800621413
:10424000212800008C8582930F004230F40040103A
:10425000000000008C85828F0F004230040042284D
:10426000EF004010000000005C85838F20000224D6
:10427000EB00621400A0023C000F42240400438CB7
:1042800001000424C439837C040043AC8C858293F0
:1042900080004230FF0042300A004014000000005D
:1042A0008C85838F0F0063308018030000A0023CD0
:1042B000600F4224211062000000428CB950400B74
:1042C0001000A2AF8C85838F0F006330801803002D
:1042D00000A0023C100F4224211062000000428C1A
:1042E0001000A2AF1000A293F70042301000A2A36A
:1042F0008C85829380004230FF0042300A004014D7
:10430000000000008C85838F0F006330801803004D
:1043100000A0023C600F4224211062001000A38F15
:10432000D250400B000043AC8C85838F0F0063306C
:104330008018030000A0023C100F422421106200EC
:104340001000A38F000043AC89858393FF00633086
:1043500003000224280062141000A2931000A28F10
:104360000000429080004230FF00423019004010AF
:104370001000A28F8C85829380004230FF00423073
:104380000B004014000000008C85828F0F0042302B
:1043900064858327211062000000439001000424FB
:1043A0004408837C000043A0F550400B1000A28F0E
:1043B0008C85828F0F004230908583272110620008
:1043C00000004390010004244408837C000043A0C3
:1043D0001000A28F0000449001004390001A0300D7
:1043E0002518640084006334000043A0021A03000F
:1043F0008651400B010043A0080042381000A2A3E0
:104400001000A28F0000439080006330FF006330F3
:10441000170060100000449001004390001A030050
:10442000251864007FFF6330000043A0021A0300D8
:10443000010043A01000A28F0000449001004390AF
:10444000001A03002518640040006334000043A0F4
:10445000021A0300010043A0050004241000A58FE8
:104460006A21400F040006242451400B1000A2933F
:1044700001004390001A03002518640040006334D3
:10448000000043A0021A0300010043A01000A29301
:10449000080042381000A2A31000A28F0000439031
:1044A00080006330FF0063302500605000004490BE
:1044B0008C85829380004230FF0042300A00401415
:1044C000000000008C85828F0F00423064858327B6
:1044D00021106200000043904408037C000043A0C8
:1044E0004251400B1000A28F8C85828F0F0042300A
:1044F0009085832721106200000043904408037CCC
:10450000000043A01000A28F0000449001004390DF
:10451000001A0300251864003BFF6330000043A02D
:10452000021A0300010043A0050004241000A58F17
:104530006A21400F040006245751400B0000000080
:1045400001004390001A0300251864003BFF63300C
:10455000000043A0021A0300010043A08C85838F52
:104560000F0063300019030088BF023C005342244F
:10457000211043000000448CFDFF03242418830015
:104580008651400B000043AC8C858293FF00423083
:10459000B48583272118620000A0023C000F43ACC1
:1045A000000F42240400448C010003240400647CB6
:1045B000040044AC080043A00400448CC439647C6B
:1045C000040044AC8751400B0300042400A0023CCB
:1045D000000F42240400438C01000424C439837C6E
:1045E000040043AC8C858293FF0042308A8583931C
:1045F000FF006330B485842721108200000043A0AF
:104600008751400B030004240200042421280000E9
:104610006A21400F213000000300042421280000FB
:104620006A21400F2130000088BF023C5052438C69
:104630004429037C505243AC00A0023C000F4224AA
:104640000400428C800042303600401400A0023C3E
:10465000700F42240400429080004230FF0042303C
:104660000B00401002000224608582A35885828FCF
:104670000300401400000000CD4B400F000000007C
:10468000748580AF688580AF3253400BFFFF3126C1
:104690007C85828F0200439040000324020043A0E7
:1046A00003004490FCFF032424188300030043A06C
:1046B0007C85828F8885842700E0837CFF0084309E
:1046C00004004590040044A0003A647C0500459035
:1046D000050044A0003C647C06004590060044A010
:1046E000021E030007004490070043A0000043900F
:1046F0008CFF0324000043A001004390010040A070
:1047000000A0023C100F428C0000439084FF032461
:10471000000043A001004390010040A03253400B31
:10472000FFFF31268885829380004230FF004230AF
:10473000110040100200022401000224608582A3BF
:104740005485828F0300401400000000CD4B400FC1
:1047500000000000748580AF688580AFC085828FBF
:1047600059014014FFFF3126774B400F0000000035
:104770003353400BFF003132608582A37C85828FEA
:104780000200439040000324020043A00300449031
:10479000FCFF032424188300030043A07C85828F40
:1047A0008885842700E0837CFF00843004004590E6
:1047B000040044A0003A647C05004590050044A034
:1047C000003C647C06004590060044A0021E0300E5
:1047D00007004490070043A00000439084FF032497
:1047E000000043A001004390010040A0748580AF09
:1047F000688580AFC085828F33014014FFFF31266A
:10480000774B400F000000003353400BFF00313264
:1048100060858493FF008430020002248B008214A0
:10482000C018030021187E000000668C003CC67C86
:1048300000A0023C700F42240400428C007A427CAB
:104840002B1046000500401000A0023C700F4224CF
:104850000400468C003AC67C00A0023C700F422443
:104860000400448C007A847C23208600FFFF84307F
:104870000400438C04BA837C040043AC0D00C010D8
:104880002110000000A0043C700F838C21285500EB
:104890000000A590000065A001006324700F83ACA8
:1048A00001004224FF0043302B186600F6FF60141D
:1048B0000000000000A0023C700F42240400428C63
:1048C000007A427C290040107C85828F0200439050
:1048D00040000324020043A003004490FCFF032493
:1048E00024188300030043A07C85828FFF00A3323D
:1048F00004004490040043A0050043901800A78FD3
:10490000050047A0003CE37E06004490060043A05B
:10491000021E170007004490070043A09885838F6C
:104920000000639040006330FF00633008006014B3
:104930000000000000004390C8FF0324000043A0D3
:1049400001004390010040A03253400BFFFF31268D
:104950000000439088FF0324000043A0010043901F
:10496000010040A03253400BFFFF3126020043906C
:1049700040000324020043A003004490FCFF0324F2
:1049800024188300030043A07C85828F88858427B8
:1049900000E0837CFF00843004004590040044A0C4
:1049A000003A647C05004590050044A0003C647C0E
:1049B00006004590060044A0021E03000700449034
:1049C000070043A00000439084FF0324000043A09D
:1049D00001004390010040A000A0023C700F42245F
:1049E0000400438C021E03000800428C00120200E7
:1049F000251043000900401000A0033C700F632401
:104A00000400648C022604000800628C001202007C
:104A10002510440009F840000000000000A0023CFE
:104A2000700F42240400438CC439037C040043AC5F
:104A3000C085828FA4004014FFFF3126774B400FC2
:104A4000000000003353400BFF003132608580A32B
:104A50007885828F1E0040147C85828F02004390EF
:104A600040000324020043A003004490FCFF032401
:104A700024188300030043A07C85828F88858427C7
:104A800000E0837CFF00843004004590040044A0D3
:104A9000003A647C05004590050044A0003C647C1D
:104AA00006004590060044A0021E03000700449043
:104AB000070043A0000043908CFF0324000043A0A4
:104AC00001004390010040A03253400BFFFF31260C
:104AD000788580AF3253400BFFFF3126B08582933B
:104AE000FB00423078005254FFFF312600A0023C08
:104AF000100F438C000070908001107E100F4390C7
:104B000008006338100F43A05C85828F0D0052149B
:104B1000000000008A858393FF00633088BF023C59
:104B2000605243AC6052428C0500401004000224E5
:104B3000100002245C8582AFD152400B00000000BF
:104B40005C8582AF60858393FF006330010002249F
:104B50003000621400A0023C00A0023C100F428C06
:104B6000FF00A33204004490040043A005004390DA
:104B70001800A38F050043A0003CE37E060044908C
:104B8000060043A0021E170007004490070043A040
:104B90005049400F0000000094858393FF0063306C
:104BA000020002240900621400A0023C100F428C93
:104BB0000000439084FF0324000043A001004390C1
:104BC000010040A03253400BFFFF31260A000016BF
:104BD000100F428C00A0023C100F428C000043904A
:104BE000C8FF0324000043A001004390010040A03F
:104BF0003253400BFFFF31260000439088FF03240F
:104C0000000043A001004390010040A03253400B3C
:104C1000FFFF3126700F4224040042908000423092
:104C2000FF0042301600401000A0023C700F4224EA
:104C30000400438C021E03000800428C0012020094
:104C4000251043000900401000A0033C700F6324AE
:104C50000400648C022604000800628C001202002A
:104C60002510440009F840000000000000A0023CAC
:104C7000700F42240400438CC439037C040043AC0D
:104C8000608580A33253400BFFFF3126B0858293AD
:104C900008004230FF0042300500401000000000D4
:104CA000618582937F00423080004234618582A317
:104CB0006185869372000424B08585276A21400FA0
:104CC000FF00C630FFFF3126FF003132F2F9201617
:104CD00088BF023C88BF023C4010438C8410037C98
:104CE000401043AC9400A28F130040009000A38FAB
:104CF000A000A28F0F0042301C0040141100600081
:104D00008C00BF8F8800BE8F8400B98F8000B88F61
:104D10007C00B78F7800B68F7400B58F7000B48FA9
:104D20006C00B38F6800B28F6400B18F6000B08FE9
:104D30005C00AF8F5800AE8F5400AD8F5000AC8F29
:104D40004C00AB8F4800AA8F4400A98F4000A88F69
:104D50003C00A78F3800A68F3400A58F3000A48FA9
:104D60002C00A38F2800A28F2400A18F0060604137
:104D7000C0000000A400BA8F9C00BB8F00709A4056
:104D8000A000BA8FA800BD2702609A4000E8DD416C
:104D900000609B4018000042EC8182932C0040147C
:104DA00000A0023C0A000224DC8282AF00A0023C88
:104DB000410842800A00432C0E00601400A0033C0E
:104DC000280863240800658C1400638C23280500E0
:104DD000FFFF42242014027C0A00442CFCFF8010B8
:104DE0002118650000A0043C28088424140083AC2A
:104DF000190082A000A0023CFC06458C00A0033CE8
:104E0000280863241400648C2120A400140064ACDE
:104E100019006290010042242014027C070040180F
:104E2000190062A01B008200F40140001220000063
:104E300000A0033C0800E003300864AC00A0023C82
:104E400028084224080045AC0800E003190040A0EF
:104E500028084224140040AC0800E003190040A0D8
:104E6000E0FFBD271C00BFAFAA828293010003248C
:104E70004600431055838393090040502483829356
:104E8000020003246100431000A0033C030003243C
:104E90001A0243141C00BF8FE054400B00000000B6
:104EA0002000422C0500401428000224AC1F400FB3
:104EB00000000000BF55400B1C00BF8FE08182AF97
:104EC00006000224588382AF02000424795D400F5B
:104ED0000900052400A0023C99084290CD8382A3DA
:104EE00000A0033CBC056324211843001084849374
:104EF00000A0023CDC0542242110820000006490E6
:104F0000BC5C400F000045902D62400F0000000087
:104F10000C8480AF80BF023C100840AC2483829395
:104F200000A0033C4C166324211843000000649049
:104F300080BF033C203064AC00A0033C6C166324AB
:104F4000211043000000439080BF023C200843AC86
:104F5000E261400F000000009761400F2120000037
:104F60000002022488BF033C341062AC88BF033CBB
:104F7000641062AC88BF033C681062ACAA82829362
:104F800001004224BE55400BAA8282A301000224E4
:104F9000DA0162141C00BF8FE4828293248384931D
:104FA00080180200002902002328A30000A0033C6F
:104FB000740763242118A300010064A03083858F47
:104FC000040065AC9883858F080065AC01008424DB
:104FD000248384A301004224FF004230E48282A3A0
:104FE000020003240500422C05004014558383A3CE
:104FF000E48280A3020002240154400BAA8282A30F
:10500000AA8280A3BE55400B308380AF7407622410
:105010007407658C0400448C0800438C3C0045AC4C
:10502000400044AC440043AC0C00458C1000448C60
:105030001400438C480045AC4C0044AC500043ACD9
:105040001800458C1C00448C2000438C540045AC57
:10505000580044AC5C0043AC2400458C2800448CD0
:105060002C00438C600045AC640044AC680043AC49
:105070003000458C3400448C3800438C6C0045ACC7
:10508000700044AC740043AC0500082400A0093C47
:10509000211840004554400B7C0046240000458CFC
:1050A0000C00448C2B20A400140080500C004224DF
:1050B0000800478C0C00458C1000448C780067ACCD
:1050C0007C0065AC800064ACFCFF478C0000458C24
:1050D0000400448C080047AC0C0045AC100044AC04
:1050E0007800678C7C00658C8000648CFCFF47AC8A
:1050F000000045AC040044AC0C004224E8FF4654D8
:105100000000458CFFFF0825FF0008310300005117
:1051100000A0023C2754400BB40722257407422408
:105120003D004390108383A3FEFF6324248383A365
:105130004400428C7100432C070060143484849333
:1051400034848393050060140100032401000224C9
:105150005C54400B348482A3010003240500835473
:1051600000A0023C3000422C01004054348480A353
:1051700000A0023CE407428C4900401000A0023C21
:1051800034848393010002244500621400A0023C91
:1051900000A0033C740763241C00628C1000658C23
:1051A0002B1845001400601400A0033C00A0033C31
:1051B0009C07668C2B18C2000F00601000A0033CF7
:1051C0001500432C0C00601400A0033C00A0033C1D
:1051D00081076790108287A3A00F03241000A3AF5C
:1051E0002120A0003942400F2128400000A0033CAC
:1051F000A954400BFC0662AC7807648C2B18A40001
:105200001100601400A0033C2B1845000E00601034
:1052100000A0033C1500A32C0B00601400A0033C6D
:1052200000A0033C75076790108287A3A00F03249A
:105230001000A3AF3942400F2130400000A0033CD2
:10524000A954400BFC0662AC9C07658C2B18A2008D
:105250001500605400A0023C00A0033CA807668C27
:105260002B18C5001000605000A0023C1500A32CB4
:105270000D00605400A0023C00A0033C8D07679025
:10528000108287A3A00F03241000A3AF3942400F60
:105290002120400000A0033CA954400BFC0662AC56
:1052A000FC0640AC00A0023CFC06438CB88283AFF5
:1052B000248382930D00042407004410F2FF42244B
:1052C000FF0042300500422C0400401000A0023CC8
:1052D00000FE6324FC0643AC00A0023CFC06428CAA
:1052E000D48182AF24838393D88383A3FFFF033CBD
:1052F0009F15632421184300A08C04342B186400EC
:10530000050060107FC14324EC8180A34C8380A3FF
:10531000D954400B5A8480A3F055632C05006010CB
:10532000FFFF033C01000224EC8182A3D954400B0F
:105330004C8380A38F6B632421104300204E422CAA
:1053400005004010FFFF022402000224EC8182A32A
:10535000D954400B5A8480A3EC8182A34C8380A350
:105360005A8480A300A0023CFC06428CF88282AFE3
:10537000AA82829301004224BE55400BAA8282A3D6
:105380006653400F00000000EC81829372004014CD
:105390000100032400A0023CFC06438C91FB023474
:1053A0002B1062000600401400A0023C00A0023C4A
:1053B0003008438C00A0023CFC0643AC00A0023C39
:1053C000FC06428CFFFF033C9F1563242118430019
:1053D0003011632C1D006010248482AF49848393B4
:1053E00001000224150062545C8380A35C838293D5
:1053F00001004224FF0042305C8382A30300422C60
:10540000060040147883838F030002245C8382A308
:10541000EC8180A3498480A37883838F03000224D6
:105420001B006200F401400012180000401003004D
:1054300000A0043C3A55400BFC0682ACEC8180A3F2
:1054400000A0023C3A55400BFC0640AC90FB0334F4
:105450002B184300250060545083828F00A0033C2A
:10546000B807638C7000632C0D006014FC83839379
:10547000401B0200231062008EE0033C90FB63346B
:1054800021104300502D03241B004300F401600051
:105490001218000000A0043C3755400BFC0683ACFA
:1054A00004006014401B020000A0023C3755400B72
:1054B000FC0640AC231062008EE0033C90FB63349A
:1054C00021104300502D03241B004300F401600011
:1054D0001218000000A0043CFC0683AC010002246A
:1054E000498482A35C8380A35083828F0D00405047
:1054F00048EE02342484838F01FA04342B206400A4
:105500000900805448EE023491FB04342B186400E7
:105510000400605048EE023400A0033CFC0662AC7C
:1055200048EE02342484838F2B1062000100405423
:10553000508380AF00A0023CFC06428CFF1F422C2F
:105540006500401438838293FF1F032400A0023CAF
:10555000B555400BFC0643AC2D0043540200032418
:1055600000A0023CFC06448C7FC182248813422C9C
:10557000040040100852822C00A0023CB555400B9C
:10558000FC0640AC1B00401400A0023C5A848293ED
:1055900001004224FF0042300600432C0D0060143D
:1055A0005A8482A3BFF5033C08526324FF1F0524DD
:1055B000023085702120C300F82A03241B008300D9
:1055C000F40160001220000000A0053C7755400B5C
:1055D000FC06A4ACFFFF0324EC8183A32014027C0F
:1055E0000400410400A0023C050002245A8482A366
:1055F00000A0023CFC06428CFF1F422C35004014E8
:10560000FF1F032400A0023CB555400BFC0643AC31
:105610002F00431400A0023CFC06448CFFFF023C18
:105620008F6B422421108200A00F422C04004010F6
:1056300011A4023400A0023CB555400BFC0640AC5E
:105640002B1082001B00401400A0023C4C8382936C
:1056500001004224FF0042300900432C0D00601479
:105660004C8382A37EEB033C10A46334FF1F05240C
:10567000023085702120C300C83203241B00830040
:10568000F40160001220000000A0053CA755400B6B
:10569000FC06A4ACFFFF0324EC8183A32014027C4E
:1056A0000400410400A0023C080002244C8382A3B1
:1056B00000A0023CFC06428CFF1F422C0500401457
:1056C000FF1F032400A0023CB555400BFC0643AC71
:1056D000FC0640AC3883829304004054788380AF4A
:1056E00000A0023CFC06428C788382AFAA8280A391
:1056F000010002245C8282A31C00BF8F0800E0032B
:105700002000BD27000000A00800000001000000EC
:10571000E901000000840000700000A00400000007
:1057200000000000000600A0F003000000000000E0
:10573000BC1400A01001000001000000443322113D
:105740003412341288776655785678560000000077
:105750000000000000000000000000000000000049
:105760000000000000000000000000000000000039
:105770000000000000000000000000000000000029
:105780000000000000000000000000000000000019
:105790000000000000000000000000000000000009
:1057A00000000000000000000000000000000000F9
:1057B00000000000000000000000000000000000E9
:1057C00000000000000000000000000000000000D9
:1057D00000000000000000000000000000000000C9
:1057E00000000000000000000000000000000000B9
:1057F00000000000000000000000000000000000A9
:105800000000000000000000000000000000000098
:105810000000000000000000000000000000000088
:105820000000000000000000000000000000000078
:105830000000000000000000000000003300010232
:10584000030405060708090A0B0C0D0E740000A0DE
:105850005001000000000000080000A0300000001F
:1058600001000000300809080908090909090000B9
:10587000120301275701010056010200050008002C
:10588000080004001D05100016012000570140000B
:1058900056018000F00900A08C020000000000000A
:1058A000000E00A07B010000000000009C1600A07C
:1058B0002800000001000000F0010000E8010000E5
:1058C000D8010000B801000078010000F0010000DC
:1058D000E8010000D8010000B801000078010000D4
:1058E000BC0500A03400000000000000380000A04B
:1058F000200000000100000002010003050706046B
:1059000002010003050706040201000305FFFFFF73
:10591000020100FFFFFFFFFF7C0F00A04005000019
:105920000100000020090000D4090000770A0000EF
:10593000220B0000E00B0000840C0000660D00004C
:10594000230E0000FA0E0000990F00006610000000
:105950002511000012120000C5120000A91300005A
:105960006614000037150000E3150000EA16000079
:10597000871700007818000015190000181A000099
:10598000A31A0000711B0000301C0000001D000065
:10599000C01D0000A01E00006F1F0000202000009E
:1059A00000210000BB2100006922000057230000F5
:1059B0002D240000EA240000962500006626000041
:1059C0002227000010280000C028000087290000BE
:1059D000422A0000292B0000F12B0000BB2C000004
:1059E000802D0000592E0000182F0000F02F00001D
:1059F0009C3000007131000047320000E8320000A6
:105A0000B733000087340000343500002036000032
:105A1000E4360000B13700007A3800003039000069
:105A2000F9390000A43A0000703B0000413C00003E
:105A3000003D0000B13D0000913E0000773F0000B6
:105A40003740000016410000BD41000088420000C0
:105A50004143000031440000F9440000B445000017
:105A60008046000044470000FF470000DD4800007A
:105A70009C490000574A0000314B0000034C0000D5
:105A8000B14C0000724D0000224E0000164F000085
:105A9000D14F0000CC500000495100002D520000B1
:105AA00011530000B7530000785400003C5500002B
:105AB000FA550000BB5600008A57000066580000E7
:105AC00015590000F1590000B05A0000985B000021
:105AD000325C0000115D0000DD5D0000A85E00008A
:105AE000825F00003E60000013610000DF61000083
:105AF00095620000606300002B640000D564000024
:105B0000996500005C66000033670000FC670000D8
:105B1000AE68000085690000326A00000A6B000070
:105B2000D16B0000A96C0000676D0000516E000091
:105B30001A6F0000D16F00009270000069710000C0
:105B400018720000DD720000BE7300006574000072
:105B500015750000EE750000A97600009977000029
:105B60004778000011790000CE790000B07A00007B
:105B7000757B0000577C00002A7D0000CA7D000074
:105B8000A47E00009C7F0000308000000F81000098
:105B9000CC8100009F8200004C8300001384000031
:105BA000E18400009C8500005786000011870000FA
:105BB000DC8700009088000040890000248A0000F3
:105BC000EE8A00008E8B0000408C0000E08C00000C
:105BD0005B090000FA090000D40A00007A0B0000FB
:105BE0002D0C0000130D0000AC0D0000770E00001E
:105BF0002A0F00000A100000C510000093110000D9
:105C00003F12000004130000BE13000099140000AE
:105C100044150000C5150000A81600007717000005
:105C200038180000DD180000BF190000A41A000099
:105C30005A1B00004B1C0000F31C0000DD1D00007F
:105C40007E1E00005A1F0000FF1F0000EC20000015
:105C5000902100005D2200001723000007240000AF
:105C6000AF2400008C2500004C2600002F270000E8
:105C7000DC270000C12800008D2900005D2A0000FB
:105C80002F2B0000E82B0000B32C0000662D000035
:105C9000382E0000F32E0000DA2F00008C300000B8
:105CA000373100001B320000C9320000AF33000062
:105CB000563400002D350000CC350000D0360000F1
:105CC000773700005838000009390000023A000018
:105CD000BC3A0000BA3B00009C3C0000673D00005D
:105CE000423E0000233F0000CE3F0000C1400000C4
:105CF0006141000056420000DA420000AC4300005F
:105D0000644400003A450000D2450000A24600006D
:105D1000574700002C480000F9480000DD4900000A
:105D2000974A0000964B0000464C00001D4D0000B5
:105D3000F54D0000CD4E0000AC4F00006C5000004F
:105D400034510000FB510000D55200007753000091
:105D50004254000000550000B65500006E56000089
:105D600023570000DB570000995800003C59000001
:105D7000085A0000A95A0000445B0000E3F06F3F9E
:105D800037E6693F19F0493FF33E853FFD027D3F0D
:105D900084398F3F8531553FC54E9C3F508F9B3F87
:105DA0000000803FE76C4E3FF637973FDCEC973FB3
:105DB000C1DB8F3F92BE4F3F54598A3FB833A43F57
:105DC0001909A53F533D773F33154F3F4BF98D3FA1
:105DD00053CB853F08933D3F722E893F01AFB73FBC
:105DE0009DBE8C3FE194663FE32E6E3F53CB853FD3
:105DF0001909A53F7772443FE194663FADD19A3FC0
:105E0000E72E783F1886413F1909A53F5B28A03F40
:105E1000AF4F573F4CC4653FA6A0833FADD19A3FDB
:105E2000A35F753FCE06583FDC58863F4F238C3F1B
:105E3000DCEC973F3734383F57898B3FC1AEC23FC8
:105E400041C3893F16B2303F52C0A13F5555A93FCB
:105E5000A41DAB3F84C6293F5173923F94BDAF3F11
:105E60007C60A33FCC1500A0D00000000100000022
:105E7000BC010000C0010000C4010000C801000016
:105E8000CC010000D0010000D4010000D8010000C6
:105E9000DC010000E0010000E4010000E801000076
:105EA000EC010000F0010000F4010000F801000026
:105EB000FC010000000200000402000008020000D3
:105EC0000C02000010020000140200001802000082
:105ED0001C02000020020000240200002802000032
:105EE0002C020000300200003402000038020000E2
:105EF0004242414140403F3F3E3E3D3D3C3C3B3BBA
:105F00003A3A393938383737363635353434333329
:105F10008584838281807F7E7D7C7B7A79787776A9
:105F20007574737271706F6E6D6C6B6A6968676699
:105F300050463232322D2D2D2D2D2D231E19140FAA
:105F4000580000A01800000001000000403E3D3B4A
:105F50003A393736807D7B7775736E6C05080A0E8B
:105F600010131719000000002222222222222222CE
:105F700022222222FF00843080BF023C505144ACD8
:105F800088BF023C4010428C4007427C0C00401409
:105F90003075022488BF053C0020043CFFFF4224EA
:105FA0004010A38C241864000600601488BF033CD2
:105FB000FBFF4054FFFF4224F157400B000000005C
:105FC00088BF033C4010648C44EF047C401064ACF8
:105FD00080BF033C1051638C008063300900601067
:105FE000000000000700401080BF043C1051838C6B
:105FF0000080633003006010FFFF4224FBFF401469
:10600000000000000800E0030000000080BF023C28
:106010000051438C010004240400837C005143ACF4
:1060200088BF023C4010428C4007427C1100401463
:106030003075022488BF053C0020043CFFFF422449
:106040004010A38C241864000500601400000000B8
:10605000FBFF4054FFFF42241A58400B80BF023C14
:106060000400401480BF023C0051428C0800E00351
:106070000300022488BF023C4010438C44EF037CA1
:10608000401043AC80BF033C0051628C01004230A1
:10609000FDFF4014000000000800E00300000000C5
:1060A00080BF023C0051438C010004240400837C27
:1060B000005143AC88BF023C4010428C4007427CF8
:1060C000090040141027022488BF053C0020043C2E
:1060D0004010A38C2418640003006014FFFF4224C6
:1060E000FBFF40140000000088BF023C4010438CBE
:1060F00044EF037C401043AC80BF023C0051428C13
:1061000001004230080040101027022480BF043CE8
:106110000051838C0100633003006010FFFF4224B4
:10612000FBFF4014000000000800E0030000000036
:1061300080BF023C0051438C010004248410837C06
:10614000005143AC88BF023C4010428C4007427C67
:10615000090040143075022488BF053C0020043C2F
:106160004010A38C2418640003006014FFFF422435
:10617000FBFF40140000000088BF023C4010438C2D
:1061800044EF037C401043AC80BF023C0051428C82
:1061900004004230080040103075022480BF043CE7
:1061A0000051838C0400633003006010FFFF422421
:1061B000FBFF4014000000000800E00300000000A6
:1061C00080BF023C0051438C010004248410837C76
:1061D000005143AC88BF023C4010428C4007427CD7
:1061E00009004014E803022488BF053C0020043C59
:1061F0004010A38C2418640003006014FFFF4224A5
:10620000FBFF40140000000088BF023C4010438C9C
:1062100044EF037C401043AC80BF023C0051428CF1
:106220000400423008004010E803022480BF043C10
:106230000051838C0400633003006010FFFF422490
:10624000FBFF4014000000000800E0030000000015
:1062500080BF023C0051438C010004244408837C2D
:10626000005143AC88BF023C4010428C4007427C46
:10627000090040143075022488BF053C0020043C0E
:106280004010A38C2418640003006014FFFF422414
:10629000FBFF40140000000088BF023C4010438C0C
:1062A00044EF037C401043AC80BF023C0051428C61
:1062B00002004230080040103075022480BF043CC8
:1062C0000051838C0200633003006010FFFF422402
:1062D000FBFF4014000000000800E0030000000085
:1062E000E8FFBD271400BFAF88BF023C2062428C8C
:1062F00000404230080040143075022488BF043C3E
:106300002062838C0040633003006014FFFF42244E
:10631000FBFF4014000000000358400F0000000085
:10632000DD57400F680004249458400F000000001F
:10633000DD57400F680004247058400F0000000033
:10634000211000001400BF8F0800E0031800BD27D3
:10635000E8FFBD271400BFAF010004246463400FB1
:106360000100052488BF023C4010428C4007427C5B
:10637000090040143075022488BF053C0020043C0D
:106380004010A38C2418640003006014FFFF422413
:10639000FBFF40140000000088BF023C4010438C0B
:1063A00044EF037C401043AC80BF023C1051428C50
:1063B00002004230080040143075022480BF043CC3
:1063C0001051838C0200633003006014FFFF4224ED
:1063D000FBFF40140000000080BF023C6051428C73
:1063E000FF00423080BF033C20000424085164AC0D
:1063F00010000424085164AC88BF033C4010638C37
:106400004007637C090060143075032488BF063C94
:106410000020053C4010C48C24208500030080141B
:10642000FFFF6324FBFF60140000000088BF033CF3
:106430004010648C44EF047C401064AC80BF033C8B
:106440000051638C100063300A0060101400BF8F8D
:106450003075032480BF053C0051A48C10008430AB
:10646000040080101400BF8FFFFF6324FAFF601444
:10647000000000000800E0031800BD27E8FFBD276A
:106480001400BFAF010004246463400F0100052421
:1064900088BF023C4010428C4007427C09004014F7
:1064A0003075022488BF053C0020043C4010A38CBA
:1064B0002418640003006014FFFF4224FBFF401413
:1064C0000000000088BF023C4010438C44EF037C76
:1064D000401043AC80BF023C1051428C020042305D
:1064E000080040143075022480BF043C1051838C96
:1064F0000200633003006014FFFF4224FBFF4014DE
:106500000000000080BF023C6051428CFF0042301E
:106510002000042480BF033C045164AC1000042418
:1065200080BF033C085164AC88BF033C4010638CBF
:106530004007637C090060143075032488BF063C63
:106540000020053C4010C48C2420850003008014EA
:10655000FFFF6324FBFF60140000000088BF033CC2
:106560004010648C44EF047C401064AC80BF033C5A
:106570000051638C100063300A0060101400BF8F5C
:106580003075032480BF053C0051A48C100084307A
:10659000040080101400BF8FFFFF6324FAFF601413
:1065A000000000000800E0031800BD27708280A3EF
:1065B00000A0023C200F40A0200F4224010040A078
:1065C00010838393020043A024838393030043A09A
:1065D000EC818393040043A0B882838F003C647CE9
:1065E000050044A0003A647C060044A0FF0063302C
:1065F000070043A000A0033CA008638C003A647C21
:10660000080044A0FF006330090043A000A0033C41
:106610009809638C003A647C0A0044A0FF00633050
:106620000B0043A0B28283930C0043A05C8283934F
:106630000D0043A0408283930E0043A09C8283936D
:106640000F0043A0100002240800E003FE8382A391
:10665000708280A300A0023C200F40A0200F4224A3
:10666000010040A04882838F00A0043C8C16842443
:106670002120640000008490020044A0FF006330E9
:10668000030043A028828393040043A0050040A098
:10669000060040A0070040A0080040A0090040A05C
:1066A0000A0040A00B0040A00C0040A00D0040A03C
:1066B0000E0040A00F0040A0100002240800E003DC
:1066C000FE8382A300A0023C200F40A0200F4224A2
:1066D000010040A000A0033CB807638C003A647C32
:1066E000020044A0FF006330030043A000A0033C6D
:1066F0009C08638C003A647C040044A0FF00633073
:10670000050043A000A0033C9409638C003A647C1C
:10671000060044A0FF006330070043A04484839731
:1067200002220300080044A0FF006330090043A0D8
:106730009E838397022203000A0044A0FF00633077
:106740000B0043A00C0002240800E003FE8382A398
:1067500010000224708282A300A0023C200F422479
:10676000100040A0EF818393110043A0CE83839358
:10677000120043A0D0828393130043A0D883839355
:10678000140043A065838393150043A0688283931C
:10679000160043A048848393170043A0180040A02C
:1067A00094828393190043A0308283931A0043A0FC
:1067B000188483931B0043A0648283931C0043A02E
:1067C000398383931D0043A0418283931E0043A01D
:1067D000C48283931F0043A0200002240800E0032A
:1067E000FE8382A310000224708282A3EF81839330
:1067F00000A0023C200F4224100043A0CE838393CC
:10680000110043A0D0828393120043A0D8838393C6
:10681000130043A065838393140043A0688283938D
:10682000150043A048848393160043A0170040A09E
:10683000180040A0190040A0948283931A0043A03E
:106840001B0040A01C0040A0308283931D0043A089
:10685000188483931E0043A0648283931F0043A087
:10686000200002240800E003FE8382A3200002240B
:10687000708282A300A0033C440863240400648C5B
:10688000003A857C00A0023C200F4224200045A055
:10689000FF008430210044A01000648C003A857C05
:1068A000220045A0FF008430230044A01C00648C1B
:1068B000003A857C240045A0FF008430250044A0D8
:1068C0002800648C003A857C260045A0FF008430B7
:1068D000270044A03400648C003A857C280045A041
:1068E000FF008430290044A04000648C003A857C7D
:1068F0002A0045A0FF0084302B0044A04C00648C8B
:10690000003A857C2C0045A0FF0084302D0044A077
:106910005800638C003A647C2E0044A0FF00633072
:106920002F0043A000A0033C3C0963240400648CB6
:10693000003A857C300045A0FF008430310044A03F
:106940001000648C003A857C320045A0FF00843042
:10695000330044A01C00648C003A857C340045A0C0
:10696000FF008430350044A02800648C003A857C08
:10697000360045A0FF008430370044A03400648C0A
:10698000003A857C380045A0FF008430390044A0DF
:106990004000648C003A857C3A0045A0FF008430BA
:1069A0003B0044A04C00648C003A857C3C0045A030
:1069B000FF0084303D0044A05800638C003A647CA2
:1069C0003E0044A0FF0063303F0043A0400002248B
:1069D0000800E003FE8382A310000224708282A3D9
:1069E00000A0033C740763240400648C003A857C97
:1069F00000A0023C200F4224100045A0FF0084307C
:106A0000110044A01000648C003A857C120045A05F
:106A1000FF008430130044A01C00648C003A857C85
:106A2000140045A0FF008430150044A02800648CA9
:106A3000003A857C160045A0FF008430170044A072
:106A40003400648C003A857C180045A0FF00843037
:106A5000190044A04000648C003A857C1A0045A0CF
:106A6000FF0084301B0044A08800638C003A647CE3
:106A70001C0044A0FF0063301D0043A01E0040A086
:106A80001F0040A0200002240800E003FE8382A330
:106A90001201100100000040BD280609000001029B
:106AA0000001000009025B00030100A023090400AB
:106AB00000010301020009210001000122B10007C9
:106AC0000581030800040904010001030102000913
:106AD000210001000122F1000705820340000309A3
:106AE0000402000203000000092100010001222429
:106AF00000070583030A0003070503030A000A00D1
:106B000004030904120355004700540041004200E9
:106B10004C004500540000002203360020006900AC
:106B20006E00630068002000500065006E00540095
:106B3000610062006C006500740000000E0330000C
:106B40003000300030003000300000001C035500E1
:106B500047003900300031005F004200500055000E
:106B6000300036003000330028033200300031009E
:106B700038002D00300038002D00320033005F0057
:106B8000520065006C0065006100730065002E0016
:106B90001603540065007300740020004D006F0060
:106BA00064006500300000001603540065007300A7
:106BB000740020004D006F0064006500310000008B
:106BC0001603540065007300740020004D006F0030
:106BD0006400650032000000160354006500730075
:106BE000740020004D006F00640065003300000059
:106BF0001603540065007300740020004D006F0000
:106C00006400650034000000160354006500730042
:106C1000740020004D006F00640065003500000026
:106C20002003200020002000200020002000200061
:106C30002000200020002000200020002000200054
:106C40000C03E78077500600FF1FD813040300678A
:106C50003803550047004500450020004C006F00F8
:106C6000670069006300200054006500630068004D
:106C70006E006F006C006F00670079002000430019
:106C80006F00720070002E0006030000000000007C
:106C9000070300100005000006030400FF040000C5
:106CA0001003202020202020202020202020202011
:106CB00008030000000000000C0348004B00200007
:106CC0004F006E000E0348004B0020004F0066008E
:106CD00066000000060301020201000012033200F8
:106CE0003000310038003000310030003400000046
:106CF00005010902A10185090901A1000509190180
:106D0000290315002501950375018102950581016F
:106D100005010930093126FF7F95027510810205B2
:106D20000D093026FF07950175108102C0C00501CD
:106D30000902A1010901A10085010509190129051F
:106D40009505750115002501810295038101050155
:106D5000093009319502751016008026FF7F8106E3
:106D600009381581257F950175088106050C0A38BB
:106D700002950175088106C0C005010906A10185BB
:106D800006050719E029E715002501750195088119
:106D9000020507190029FF26FF00750895068100E6
:106DA000C0000000050D0902A10185070920A1000E
:106DB0000942094409451500250175019503810221
:106DC00095028103093295018102950281037510B4
:106DD00095013500A4050109306513550D4660196C
:106DE00027E78000008102093146D70F277750003E
:106DF000008102B40930450026FF1F8142093D157C
:106E000081257F750895018102093E1581257F81C5
:106E100002C0C0050D0902A10185080920A10009D1
:106E20004209440945150025017501950381029524
:106E30000281030932950181029502810375109543
:106E4000013500A4050109306513550D466019266A
:106E5000E7808102093146D70F2677508102B409B5
:106E600030450026FF1F8142093D1581257F7508A9
:106E700095018102093E1581257F8102C0C006036C
:106E8000FF0900A101850B150026FF000900750808
:106E9000953F8102C0000000060AFF0901A101859B
:106EA00002090275089509150026FF0081020903F1
:106EB00075089507150026FF009102C0A46A019D80
:106EC000006B019D046B019D186B019D3C6B019D46
:106ED0004C6B019D686B019D206C019D406C019D78
:106EE0004C6C019D506C019D886C019D906C019DC6
:106EF000986C019DA06C019DB06C019DB86C019DCA
:106F0000C46C019DD46C019DDC6C019D906B019D56
:106F1000A86B019DC06B019DD86B019DF06B019D1D
:106F2000086C019DD8FFBD272400BFAF2000B4AF7F
:106F30001C00B3AF1800B2AF1400B1AF1000B0AF77
:106F400021A0A0002188C000FF0090300358400F0E
:106F5000FF00F33040901000DD57400F2120400229
:106F6000740002240300021600000000DD57400FE9
:106F700002221400DD57400F212080029458400F58
:106F800000000000DD57400F010044260200622E81
:106F90000C004014FFFF72260A00401A21800000F6
:106FA0001F59400F0000000021183002000062A0AD
:106FB00001001026FF0010322A101202F8FF4014C0
:106FC00000000000D458400F218833024C58400F75
:106FD000FFFF22A200A0023C00A0033CF80864903E
:106FE0008C0644A08C064224F808632401006490B7
:106FF000010044A002006390020043A02400BF8F60
:107000002000B48F1C00B38F1800B28F1400B18F12
:107010001000B08F0800E0032800BD27D8FFBD276F
:107020002400BFAF2000B3AF1C00B2AF1800B1AF57
:107030001400B0AF2188A0002180C000FF00933071
:107040000358400FFF00F230DD57400F402013007F
:10705000DD57400F212020020A0040122188000243
:1070600001001026FFFF5226FF005232218012023B
:10707000DD57400F0000249201003126FCFF30163E
:10708000000000004C58400F000000002400BF8F9B
:107090002000B38F1C00B28F1800B18F1400B08F86
:1070A0000800E0032800BD27D0FFBD272C00BFAF9C
:1070B0002800B4AF2400B3AF2000B2AF1C00B1AFC2
:1070C0001800B0AF00BE0234148082AF003A022430
:1070D000808082AF2190000000A0103C00A0133CF3
:1070E000FA087326019D113C7CBC312600A0143C9B
:1070F0001480868F003AC57CF80805A2FF00C630D0
:10710000F8080226010046A0420002241000A2AFA7
:1071100034000424DC5E400F213860028080888FB8
:10712000400002252A10020115004010F80803262D
:107130002110110102006390000042901C006214B3
:10714000FB088426010003252118230221100000DA
:107150005A5C400B40000724000065900100842425
:107160001500C5140100632401004224FF004230D1
:10717000F9FF475400008690625C400B21104800E4
:107180002110000021104800808082AF1480828F7F
:1071900040004224148082AF0100522608000224DD
:1071A000D4FF42161480868F6F5C400B01000224CE
:1071B0006F5C400B21100000211000002C00BF8FDD
:1071C0002800B48F2400B38F2000B28F1C00B18F31
:1071D0001800B08F0800E0033000BD27D0FFBD27A6
:1071E0002C00BFAF2800B6AF2400B5AF2000B4AF6D
:1071F0001C00B3AF1800B2AF1400B1AF1000B0AFB5
:107200002188000000A0133CF8087226019D153C5F
:107210007CBCB52600A0163C42005026F000142489
:107220001480828F003A437CF80863A2010042A2D6
:107230008080858F4000A2242A10A20009004010FF
:107240002118A502FA08C22600006490000044A09C
:1072500001004224FCFF5014010063249A5C400B9F
:10726000400002242110000021284500808085AFC5
:107270003400042421284002855E400F4200062489
:10728000F328400F070004241480828F400042241A
:1072900001003126E2FF3416148082AF2A5C400FD1
:1072A000000000000700401088BF023C3061438CA2
:1072B00001000424C418837C306143ACB25C400BF1
:1072C00001000224211000002C00BF8F2800B68F7F
:1072D0002400B58F2000B48F1C00B38F1800B28F2C
:1072E0001400B18F1000B08F0800E0033000BD27FC
:1072F00088BF023C2061438C688383AF88BF023C17
:107300002063428C823104008473C37C42310400C8
:10731000446BC37C023104000463C37CC2300400AC
:10732000C45AC37C823004008452C37C42300400BF
:10733000444AC37C0442837C688383AF42190500BE
:107340004429627C021905000421627CC2180500F0
:10735000C418627C821805008410627C4218050003
:107360004408627C0400A27C2C8382AFC682829394
:10737000090040140100032488BF023C6883838F06
:10738000306143AC88BF023C2C83838F306343ACB5
:107390000800E00300000000090043140200032479
:1073A00088BF023C6883838F306143AC3F00032475
:1073B00088BF023C386343AC0800E00300000000D3
:1073C000F3FF431488BF023C2C83838F306343ACAC
:1073D000007F032488BF023C386143AC0800E0030F
:1073E0000000000000A0023CBC0540A000A0093C39
:1073F0009C1629250C002D9101000B242130000042
:10740000BC054E240300082458808C2748808A2716
:1074100008000724195D400B05000F240600C81062
:10742000212042010000258D000084902120A4002D
:10743000125D400B000064A02120820100008490B6
:107440002120A401000064A001004224F3FF47149E
:10745000010063240100C62408006B250400CF103E
:10746000040029252118CB01075D400B21100000E5
:107470000800E0030000000000A0023CDC0540A082
:1074800000A0093CB016292508002D9101000B240D
:1074900021300000DC054E240200082460808C2787
:1074A00050808A27080007243E5D400B04000F240B
:1074B0000600C810212042010000258D00008490A4
:1074C0002120A400375D400B000064A02120820130
:1074D000000084902120A401000064A00100422447
:1074E000F3FF4714010063240100C62408006B2544
:1074F0000400CF10040029252118CB012C5D400B7E
:10750000211000000800E003000000003F000324F9
:1075100088BF023C386343ACCD83839300A0023C18
:10752000BC054224211062000000429088BF033C49
:107530002061638C822102008473837C42210200DB
:10754000446B837C022102000463837CC22002001E
:10755000C45A837C822002008452837C4220020031
:10756000444A837C0442437C688383AF88BF023CE7
:10757000306143AC0800E00300000000007F0324FA
:1075800088BF023C386143AC1084839300A0023C66
:10759000DC054224211062000000429088BF033CB9
:1075A0002063638C422102004429837C0221020073
:1075B0000421837CC2200200C418837C8220020044
:1075C0008410837C422002004408837C0400437CB6
:1075D0002C8383AF88BF023C306343AC0800E003D8
:1075E00000000000C68280A3FD8384A3E48182930F
:1075F0000700422C24004050368480A3E48183930A
:1076000080180300019D023C1C7642242110430097
:107610000000428C08004000000000003876019D08
:107620004076019D4C76019D5876019D6476019DC2
:107630007076019D7C76019D0800E003368480A36E
:10764000010002240800E003368482A30200022421
:107650000800E003368482A3030002240800E0034C
:10766000368482A3040002240800E003368482A347
:10767000050002240800E003368482A306000224E9
:107680000800E003368482A30800E0030000000045
:10769000888583931F00633001000224B3006214C5
:1076A000000000008C858293FF0042300B004010E8
:1076B000000000008C858393FF00633001000224EA
:1076C00006006210000000008C858393FF00633089
:1076D00002000224A5006214000000008985839343
:1076E000FF006330060002246C00621400000000FA
:1076F0008B858293FF004230220003243200431026
:107700002300032461004310210003246300431479
:1077100000000000A0858393FF0063300100022475
:107720005E006214000000008C858293FF004230EE
:107730000900401400A0023C019D033CB66A63248A
:10774000000F43AC000F422409000324080043A4A7
:10775000C0FF0324040043A08C858393FF006330A3
:10776000010002240900621400A0023C019D033CB8
:10777000CF6A6324000F43AC000F422409000324A6
:10778000080043A4C0FF0324040043A08C85839316
:10779000FF006330020002244000621400A0023C9B
:1077A000019D033CE86A6324000F43AC000F4224B0
:1077B00009000324080043A4C0FF0324040043A0DD
:1077C000275E400B00000000A0858393FF0063301C
:1077D0000100022431006214000000008C858293B5
:1077E000FF0042300B00401400A0023C019D033C0E
:1077F000F06C6324000F43AC000F4224B10003245B
:10780000080043A4C0FF0324040043A0275E400BEC
:10781000000000008C858393FF0063300100022488
:107820000B00621400A0023C019D033CA46D632484
:10783000000F43AC000F4224F1000324080043A4CE
:10784000C0FF0324040043A0275E400B000000009B
:107850008C858393FF006330020002240F006214C2
:1078600000A0023C019D033C986E6324000F43ACD2
:10787000000F422424000324080043A4C0FF032473
:10788000040043A0275E400B0000000080FF03249B
:1078900000A0023C000F4224040043A0888583938B
:1078A00060006330200002243000621400000000F9
:1078B00089858293FF004230030003241D0043109A
:1078C0000400432C060060100A0003240200032475
:1078D0000F00431400A0023C3E5E400BC985832785
:1078E0000D0043100B0003240900431480FF032400
:1078F000575E400B00A0023C000F43AC000F422437
:1079000001000324080043A4C1FF0324040043A092
:107910000800E0030000000080FF032400A0023CF8
:10792000000F4224040043A08B8582930800E003EB
:10793000C98582A300A0023CC8858327000F43AC01
:10794000000F422401000324080043A481FF032404
:10795000040043A00800E00300000000000F4224E0
:10796000040043A08A858293C88582A30800E003AF
:1079700000000000D8FFBD272400BFAF2000B3AF38
:107980001C00B2AF1800B1AF1400B0AF2188A00046
:107990002198C000FF0090300358400FFF00F230E4
:1079A000DD57400F4020100074000224030002162F
:1079B00000000000DD57400F02221100DD57400F8C
:1079C000212020020A004012218860020100732653
:1079D000FFFF5226FF00523221807202DD57400F16
:1079E0000000249201003126FCFF30160000000048
:1079F0004C58400F000000002400BF8F2000B38FC0
:107A00001C00B28F1800B18F1400B08F0800E00383
:107A10002800BD27E0FFBD271C00BFAF1800B2AF94
:107A20001400B1AF1000B0AF2180A000FF00913072
:107A30002858400FFF00D230DD57400F4020110082
:107A4000DD57400F00000492DD57400F0100049203
:107A50000300422E0A004014218800020100102673
:107A6000FDFF5226FF00523221801202DD57400FE7
:107A70000200249201003126FCFF301600000000B5
:107A80007058400F000000001C00BF8F1800B28F1C
:107A90001400B18F1000B08F0800E0032000BD2754
:107AA000D8FFBD272400BFAF2000B4AF1C00B3AF88
:107AB0001800B2AF1400B1AF1000B0AF21A0A00009
:107AC0002188C000FF0090300358400FFF00F330C2
:107AD00040901000DD57400F212040027400022426
:107AE0000300021600000000DD57400F02221400C0
:107AF000DD57400F212080029458400F0000000005
:107B0000DD57400F010044260200622E0C00401495
:107B1000FFFF72260A00401A218000001F59400F03
:107B20000000000021183002000062A001001026B1
:107B3000FF0010322A101202F8FF4014000000006B
:107B4000D458400F218833024C58400FFFFF22A227
:107B50002400BF8F2000B48F1C00B38F1800B28F99
:107B60001400B18F1000B08F0800E0032800BD277B
:107B7000D8FFBD272400BFAF2000B4AF1C00B3AFB7
:107B80001800B2AF1400B1AF1000B0AF2190E00008
:107B9000FF009030FF00B130FF00D4302858400F74
:107BA0003800B39340801000DD57400F21200002C1
:107BB000DD57400F01000424DD57400F2120200233
:107BC000DD57400F212080027058400F0000000058
:107BD0002858400F00000000DD57400F0100042628
:107BE0000200622E0C004014FFFF71260A00201ACA
:107BF000218000001F59400F000000002118500292
:107C0000000062A001001026FF0010322A101102AD
:107C1000F8FF401400000000D458400F2190530298
:107C20007058400FFFFF42A22400BF8F2000B48F86
:107C30001C00B38F1800B28F1400B18F1000B08FEA
:107C40000800E0032800BD270080013C2628A10091
:107C5000C24D0400FF002931C25D0500FF006B31F9
:107C60000080073C00420400254007010052050047
:107C700025504701FFFF2D25FE00A12D610020109A
:107C800000000000FFFF6D25FE00A12D77002010F1
:107C90000000000023602B010D00800500000000A3
:107CA00020008129030020140000000015000010AE
:107CB00002000A2425300A0006508A0104688A015D
:107CC0001000A611000000000E00001002004A354E
:107CD00025480B0023600C0020008129030020149C
:107CE00000000000070000100200082425300800F2
:107CF00006408801046888010200A6110000000007
:107D00000200083524608700266885011000A00560
:107D10000000000021400A012B680A011700A01191
:107D20000000000001000D310200A0110000000061
:107D3000020008354240080001002925FF00012407
:107D40000E002115000000000C00001000000824A7
:107D50002B680A010400A01123400A0123400800F7
:107D60000300001026608701500000110000000091
:107D700020300671234826010440C8000E00201957
:107D8000000000008000082580000D2D21482D01F5
:107D9000026A08000100AD3123400D014040080097
:107DA00042420800C06D090025400D0125100C015C
:107DB0000800E00300000000010006242330C90091
:107DC0002000C12C39002010000000000080013C80
:107DD0002540010120000D242368A6010448A801C4
:107DE000020020110640C8000100083500000924E7
:107DF00080000D25E3FFA10500000000E1FF001059
:107E0000010009240E002015000000002140080197
:107E1000050000110000000020600C7123482C01B7
:107E200098FF001004408801FF0001240F00611139
:107E3000000000000080013C1800A11400000000B8
:107E4000216808011B00A01500000000FF000124AC
:107E50001400611500000000266885001500A005CB
:107E6000000000000D000010000000000800601578
:107E70000000000021504A010A00401100000000EB
:107E800020604C7123586C0182FF001004508A015D
:107E900021684A010700A01500000000C4FF00107F
:107EA00025100500C2FF001025100400C0FF0010BF
:107EB00000000224BEFF0010C0FF023C00000000D2
:107EC000E0FFBD271C00BFAF1800B2AF1400B1AF78
:107ED0001000B0AF15008010218880009D63400F16
:107EE00040811100219040004010110023800202C7
:107EF0009F63400F212000009D63400F00000000A1
:107F00002B105000FCFF4014000000009F63400F46
:107F1000212050021C00BF8F1800B28F1400B18FB7
:107F20001000B08F0800E0032000BD27CB5F400B9E
:107F300000000000E0FFBD271C00BFAF1800B2AF7B
:107F40001400B1AF1000B0AFA363400F21808000D8
:107F50002190400088BF023C0030518C0003317EEC
:107F60000A002056004010360010032488BF023C4F
:107F7000083043AC88BF033C0030628C00084230BC
:107F8000FDFF4014000000000040103681BF023C9D
:107F900000F450ACB05F400F0700042481BF023CE6
:107FA00099AA033C5566632410F443AC6655033C20
:107FB000AA99633410F443AC0080033481BF023CBF
:107FC00008F443AC81BF033C00F4628C0080423073
:107FD000FDFF401481BF023C0040032404F443AC85
:107FE0000E0020120010032488BF023C0030428C97
:107FF0000003427C0B00401488BF023C083043ACB5
:1080000088BF033C0030628C00084230FDFF401402
:10801000000000000960400B0000000088BF023C27
:10802000043043AC8D63400F2120400281BF023CED
:1080300000F4428C003042301C00BF8F1800B28F19
:108040001400B18F1000B08F0800E0032000BD279E
:10805000E8FFBD271400BFAF00E0847C81BF023C75
:1080600020F444ACCD5F400F044004241400BF8FC3
:108070000800E0031800BD27E8FFBD271400BFAFCC
:1080800000E0847C81BF023C20F444AC81BF023C10
:1080900030F445ACCD5F400F014004241400BF8F85
:1080A0000800E0031800BD27E8FFBD271400BFAF9C
:1080B00000E0847C81BF023C20F444AC00E0A57C5D
:1080C00081BF023C40F445ACCD5F400F0340042427
:1080D0001400BF8F0800E0031800BD27E8FFBD278C
:1080E0001400BFAFCD5F400F004004241400BF8FC9
:1080F0000800E0031800BD2700800B3CC2450400C7
:10810000FF000831C2550500FF004A31003A040063
:108110002538EB00004A050025482B012670850014
:1081200024586E01FFFF0E25FE00C12D3F002010D8
:1081300000000000FFFF4E25FE00C12D530020105F
:10814000000000002B08E9000300201400000000DC
:10815000423807000100082582630900F40180010C
:108160001B00EC001220000010300000FF3F2D31FA
:108170001900A40112280000803306002B70C500EE
:108180000400C0112330C500FFFF84242130C90042
:108190002B70C900F40180011B00CC0012380000D4
:1081A000103000001900A7011228000080330600DB
:1081B0002B70C5000400C0112330C500FFFFE72469
:1081C0002130C9002B70C900807304002138EE00F3
:1081D0000200C010003907000100E7347E000E24C1
:1081E0002370CA0121400E01FFFF0E25FE00C12DA4
:1081F00034002010000000008000E7248000EE2CF6
:1082000021400E01027207000100CE312338EE003A
:1082100040380700423A0700C07508002538EE00D4
:108220002510EB000800E003000000000800001526
:10823000000000002138E7000500E0100000000009
:108240002060EC7023400C01BAFF00100438870155
:108250000400481500000000217029012F00C01102
:1082600000000000FF000124080041110000000090
:1082700012000011000000002170E7002700C01567
:10828000000000002200001000000000080040155F
:1082900000000000214829011D00201100000000FD
:1082A00020602C7123504C01A6FF00100448890166
:1082B000217029011900C01500000000D9FF00102D
:1082C00025100B001200001D0000000001000C240E
:1082D000236088012000812DF8FF2010000000009D
:1082E00020000E242370CC010440C70102000011BD
:1082F000063887010200E734000008248000EE24DD
:10830000BDFFC10500000000BBFF001001000824F4
:10831000807F013CC3FF001025106101C1FF0010E8
:10832000C0FF023C00000000C23D0400FF00E73037
:10833000C24D0500FF00293100800A3C00320400D4
:108340002530CA000042050025400A01266085004C
:1083500024504C01FFFFEC24FE00812D2100201051
:1083600000000000FFFF2C25FE00812D36002010AC
:10837000000000001900C80012580000020060113F
:10838000103000000100C6340300C00400000000EB
:1083900040300600FFFFE72482FF2C252138EC0047
:1083A000FFFFEC24FE00812D3A00201000000000A9
:1083B0008000C6248000CC2C2138EC00026206002C
:1083C00001008C312330CC004030060042320600E0
:1083D000C06507002530CC002510CA000800E00366
:1083E000000000000D00E014000000002130C60075
:1083F0000500C010000000002058CB702338EB00AF
:10840000D8FF001004306601FF0001241F00211175
:108410000000000015000010000000002160C600F0
:108420001A00801500000000040020150000000064
:10843000216008011500801100000000FF000124E8
:108440000F002115000000000A00201500000000A8
:1084500021400801050000110000000020580B71A8
:1084600023482B01C3FF001004406801DBFF00100C
:1084700025100A002160080104008015000000009A
:10848000807F013CD5FF001025104101D3FF001073
:10849000C0FF023CFAFFE01C0000000001000B24BA
:1084A000235867012000612DF0FF2010000000001C
:1084B00020000C2423608B01043886010200E010A8
:1084C000063066010200C634000007248000CC2478
:1084D000B7FF810500000000B5FF00100100072470
:1084E0000000000000A0023CF406478C00A0023C03
:1084F0007C0F4B8C2B10EB000400405000A0053C7F
:1085000000A0023C6561400BF4064BAC7C0FA52437
:1085100021200000AB000A240000A68C2B18C70005
:1085200019006050010084240400A98C2B18270135
:108530001500605401008424C01004004041040070
:1085400021404800801008002110020121104B003A
:108550002338E600C01807004039070021186700DB
:108560008020030021186400233026011B006600D0
:10857000F401C000123000002110460000A0043CAD
:108580006461400BF40682ACE3FF8A140400A52466
:1085900000A0023CF406428C0800E003D48282AFC3
:1085A00000A0023CF806478C00A0023C28124B8C2D
:1085B0002B10EB000400405000A0053C00A0023C42
:1085C0009461400BF8064BAC2812A5242120000032
:1085D0006B000A240000A68C2B18C70019006050FD
:1085E000010084240400A98C2B1827011500605475
:1085F00001008424C01004004041040021404800D0
:10860000801008002110020121104B002338E600E1
:10861000C0180700403907002118670080200300B8
:1086200021186400233026011B006600F401C000FD
:10863000123000002110460000A0043C9361400B62
:10864000F80682ACE3FF8A140400A52400A0023CD3
:10865000F806428C0800E0031C8482AF500002241C
:108660000800E003BC8282A3AA8282930200401425
:1086700050000224BC8282A30800E0030000000036
:10868000368482930200401428000224BC8282A314
:108690000800E003000000003684839303000224F6
:1086A0000200621428000224BC8282A30800E003B6
:1086B0000000000000A0023C9C08438C00A0023C8B
:1086C0009409428C2B204300170080102B1062006D
:1086D000368482930A00401436848393EE82829318
:1086E0002900432C0600601436848393E7FF42245C
:1086F000FF004230EE8282A3BC8282A33684839341
:10870000030002241E006214ED8182937800432C42
:108710001B00601019004224FF004230ED8182A34B
:108720000800E003BC8282A31500401036848293C7
:108730000A00401436848393EE8282937800432C9F
:10874000060060103684839319004224FF004230F3
:10875000EE8282A3BC8282A3368483930300022428
:1087600007006214ED8182932900432C04006014F9
:10877000E7FF4224FF004230ED8182A3BC8282A346
:108780000800E0030000000000A0023CB407428C97
:108790003601432C07006014CAFE42240F00032454
:1087A0001B004300F401600012180000678283A3DD
:1087B000428380A30800E003000000000800E003FB
:1087C000428380A30800E003428380A38000032447
:1087D00088BF023C386143AC0800E00300000000A1
:1087E0008000032488BF023C346143AC0800E003EE
:1087F00000000000FD83829309004014010003245F
:108800000080033488BF023C386143AC80000324FD
:1088100088BF023C346343AC1B62400B80BF023C08
:1088200009004314020003248000032488BF023C93
:10883000386343AC0080033488BF023C346143ACEE
:108840001B62400B80BF023C0800431480BF023C07
:108850000080033488BF023C386143AC80000324AD
:1088600088BF023C346343AC80BF023C100C40AC78
:108870000800033C88BF023C341043AC428382931F
:1088800080180200802102002320830058028424E3
:1088900080BF033C100C628C2B104400FDFF401481
:1088A00088BF023C00010324346343AC0800E003AA
:1088B000000000000001032488BF023C386343AC81
:1088C0000080033488BF023C346143AC8000032441
:1088D00088BF023C346343AC0800E00300000000A2
:1088E000E8FFBD271400BFAFA363400F00000000E6
:1088F00088BF033C0030648C0003847C1E0080141D
:1089000099AA043C0010052488BF043C083085ACBB
:108910000030658C0008A530FDFFA01499AA043C26
:1089200081BF033C5566842430F260AC30F264AC05
:108930006655043CAA99843430F264AC10000524D6
:1089400081BF043C08F085AC3333043C33338424CA
:1089500030F264AC0010042488BF033C043064ACE3
:108960008D63400F21204000200000421400BF8F83
:108970000800E0031800BD2781BF053C556684242C
:1089800030F2A0AC30F2A4AC6655043CAA99843411
:1089900030F2A4AC1000062481BF043C08F086AC81
:1089A0003333043C3333842430F2A4AC0030648C81
:1089B0000003847CEAFF80140010052488BF043C77
:1089C000083085AC0030658C0008A530FDFFA01490
:1089D000000000008D63400F212040002000004275
:1089E0001400BF8F0800E0031800BD27A8FFBD27B3
:1089F0000400A1AF0800A2AF0C00A3AF1000A4AF09
:108A00001400A5AF1800A6AF1C00A7AF2000A8AFA8
:108A10002400A9AF2800AAAF2C00ABAF3000ACAF48
:108A20003400ADAF3800AEAF3C00AFAF4000B8AFE0
:108A30004400B9AF4800BFAF124000004C00A8AFDF
:108A4000104000005000A8AF029D1A3C048D5A2728
:108A500000000000006804400060054009F8400381
:108A6000000000005000A88F110000014C00A88FEA
:108A7000130000010400A18F0800A28F0C00A38F37
:108A80001000A48F1400A58F1800A68F1C00A78FBC
:108A90002000A88F2400A98F2800AA8F2C00AB8F5C
:108AA0003000AC8F3400AD8F3800AE8F3C00AF8FFC
:108AB0004000B88F4400B98F4800BF8F5800BD27D1
:108AC000C000000018000042002A04000080013CA1
:108AD0002528A100C23D0400FF00E7309E000624C7
:108AE0002330C7000D00C018000000002000C1287E
:108AF0000300201400000000050000100000022404
:108B0000020081040628C500232805002510050061
:108B10000800E0030000000000000000807F013C2E
:108B2000010021342B088100030020140000000004
:108B3000F7FF00100080023CFF7F023CF4FF0010B2
:108B4000FFFF423400000000002A04000080013CC6
:108B50002528A100C23D0400FF00E7309E00062446
:108B60002330C7000D00C004000000002000C12811
:108B70000300201400000000050000100000022483
:108B8000020081040628C5002328050025100500E1
:108B90000800E0030000000000000000807F013CAE
:108BA000010021342B088100030020140000000084
:108BB000F7FF00100080023CF5FF0010FFFF0224C9
:108BC000000000000080013C120080102430810071
:108BD0000200810400000000232004009E00052400
:108BE000203887702328A7000420E4008000842414
:108BF0008000882C2128A8000342040001000831CD
:108C0000232088004020040042220400C0450500C3
:108C100025208800251086000800E00300000000E1
:108C2000000000000000043CE8FFBD270000842491
:108C3000030080101400BFAF09F88000000000009E
:108C4000000084300000A530902E400F000000008E
:108C50000000023C0000422403004010000000001D
:108C600009F8400000000000F9FF001000000000BB
:108C7000E8FFBD271400BFAF06008004211080006C
:108C8000F162400F000000001400BF8F0800E003F5
:108C90001800BD270100423042200400F162400F5D
:108CA0002520820021204000145F400F2128400031
:108CB0001400BF8F0800E0031800BD270000023C2D
:108CC000E8FFBD2700004224060040101400BFAF9B
:108CD0000000023C0000422403004010029D023CC0
:108CE0003F000070029D023C4C8D42240300401066
:108CF0000000000009F84000000000003F63400B46
:108D0000000000000000023CE8FFBD2700004224F4
:108D1000060040101400BFAF0000023C00004224D7
:108D200003004010029D023C3F000070029D023C87
:108D30004C8D4224030040100000000009F8400060
:108D4000000000005163400B000000000060604123
:108D5000C000000099AA033C81BF023C5566632411
:108D600030F240AC30F243AC6655033CAA99633410
:108D700030F243AC81BF023C0100032418F643AC3F
:108D800081BF023C10F6428C5563400B000000008E
:108D9000029D023C948E4224802004002120820007
:108DA0000000828C0000438CC418A37C000043ACFC
:108DB0001000428C03000324400042300A180200D5
:108DC0000800E003211060000000023C0000422483
:108DD000050040100000023C000042240300401047
:108DE000029D023C3F000070029D023C4C8D4224DB
:108DF000FDFF40100000000009F8400000000000E6
:108E0000E8FFBD271400BFAF006803408000023CAC
:108E100025106200006882400010032488BF023CD5
:108E2000A163400F081043AC1400BF8F0800E0039B
:108E30001800BD27010084300300801400000000EA
:108E40000800E003006060410800E003206060412A
:108E500000601A40BFFF1B3CFFFF7B3724D05B0341
:108E600000609A40180000420000B4420000003F39
:108E70000000A0440800E003004802400800E003AE
:108E8000004884400800E003206062410800E003DD
:108E900000606241005080BF005180BF0800E003C5
:108EA000000000000800E003000000001E000000B9
:108EB000FFFFFFFFFFFFFFFFFFFFFFFFFFFFFFFFC2
:108EC000FFFFFFFFFFFFFFFFFFFFFFFFFFFFFFFFB2
:108ED000FFFFFFFFFFFFFFFFFFFFFFFFFFFFFFFFA2
:108EE000FFFFFFFFFFFFFFFFFFFFFFFFFFFFFFFF92
:108EF000FFFFFFFFFFFFFFFFFFFFFFFFFFFFFFFF82
:108F0000FFFFFFFFFFFFFFFFFFFFFFFFFFFFFFFF71
:108F1000FFFFFFFFFFFFFFFFFFFFFFFFFFFFFFFF61
:108F2000FFFFFFFFFFFFFFFFFFFFFFFFFFFFFFFF51
:108F3000FFFFFFFFFFFFFFFFFFFFFFFFFFFFFFFF41
:108F4000FFFFFFFFFFFFFFFFFFFFFFFFFFFFFFFF31
:108F5000FFFFFFFFFFFFFFFFFFFFFFFFFFFFFFFF21
:108F6000FFFFFFFFFFFFFFFFFFFFFFFFFFFFFFFF11
:108F7000FFFFFFFFFFFFFFFFFFFFFFFFFFFFFFFF01
:108F8000FFFFFFFFFFFFFFFFFFFFFFFFFFFFFFFFF1
:108F9000FFFFFFFFFFFFFFFFFFFFFFFFFFFFFFFFE1
:108FA000FFFFFFFFFFFFFFFFFFFFFFFFFFFFFFFFD1
:108FB000FFFFFFFFFFFFFFFFFFFFFFFFFFFFFFFFC1
:108FC000FFFFFFFFFFFFFFFFFFFFFFFFFFFFFFFFB1
:108FD000FFFFFFFFFFFFFFFFFFFFFFFFFFFFFFFFA1
:108FE000FFFFFFFFFFFFFFFFFFFFFFFFFFFFFFFF91
:108FF000FFFFFFFFFFFFFFFFFFFFFFFFFFFFFFFF81
:10900000FFFFFFFFFFFFFFFFFFFFFFFFFFFFFFFF70
:10901000FFFFFFFFFFFFFFFFFFFFFFFFFFFFFFFF60
:10902000FFFFFFFFFFFFFFFFFFFFFFFFFFFFFFFF50
:10903000FFFFFFFFFFFFFFFFFFFFFFFFFFFFFFFF40
:10904000FFFFFFFFFFFFFFFFFFFFFFFFFFFFFFFF30
:10905000FFFFFFFFFFFFFFFFFFFFFFFFFFFFFFFF20
:10906000FFFFFFFFFFFFFFFFFFFFFFFFFFFFFFFF10
:10907000FFFFFFFFFFFFFFFFFFFFFFFFFFFFFFFF00
:10908000FFFFFFFFFFFFFFFFFFFFFFFFFFFFFFFFF0
:10909000FFFFFFFFFFFFFFFFFFFFFFFFFFFFFFFFE0
:1090A000FFFFFFFFFFFFFFFFFFFFFFFFFFFFFFFFD0
:1090B000FFFFFFFFFFFFFFFFFFFFFFFFFFFFFFFFC0
:1090C000FFFFFFFFFFFFFFFFFFFFFFFFFFFFFFFFB0
:1090D000FFFFFFFFFFFFFFFFFFFFFFFFFFFFFFFFA0
:1090E000FFFFFFFFFFFFFFFFFFFFFFFFFFFFFFFF90
:1090F000FFFFFFFFFFFFFFFFFFFFFFFFFFFFFFFF80
:10910000FFFFFFFFFFFFFFFFFFFFFFFFFFFFFFFF6F
:10911000FFFFFFFFFFFFFFFFFFFFFFFFFFFFFFFF5F
:10912000FFFFFFFFFFFFFFFFFFFFFFFFFFFFFFFF4F
:10913000FFFFFFFFFFFFFFFFFFFFFFFFFFFFFFFF3F
:10914000FFFFFFFFFFFFFFFFFFFFFFFFFFFFFFFF2F
:10915000FFFFFFFFFFFFFFFFFFFFFFFFFFFFFFFF1F
:10916000FFFFFFFFFFFFFFFFFFFFFFFFFFFFFFFF0F
:10917000FFFFFFFFFFFFFFFFFFFFFFFFFFFFFFFFFF
:10918000FFFFFFFFFFFFFFFFFFFFFFFFFFFFFFFFEF
:10919000FFFFFFFFFFFFFFFFFFFFFFFFFFFFFFFFDF
:1091A000FFFFFFFFFFFFFFFFFFFFFFFFFFFFFFFFCF
:1091B000FFFFFFFFFFFFFFFFFFFFFFFFFFFFFFFFBF
:1091C000FFFFFFFFFFFFFFFFFFFFFFFFFFFFFFFFAF
:1091D000FFFFFFFFFFFFFFFFFFFFFFFFFFFFFFFF9F
:1091E000FFFFFFFFFFFFFFFFFFFFFFFFFFFFFFFF8F
:1091F000FFFFFFFFFFFFFFFFFFFFFFFFFFFFFFFF7F
:10920000FFFFFFFFFFFFFFFFFFFFFFFFFFFFFFFF6E
:10921000FFFFFFFFFFFFFFFFFFFFFFFFFFFFFFFF5E
:10922000FFFFFFFFFFFFFFFFFFFFFFFFFFFFFFFF4E
:10923000FFFFFFFFFFFFFFFFFFFFFFFFFFFFFFFF3E
:10924000FFFFFFFFFFFFFFFFFFFFFFFFFFFFFFFF2E
:10925000FFFFFFFFFFFFFFFFFFFFFFFFFFFFFFFF1E
:10926000FFFFFFFFFFFFFFFFFFFFFFFFFFFFFFFF0E
:10927000FFFFFFFFFFFFFFFFFFFFFFFFFFFFFFFFFE
:10928000FFFFFFFFFFFFFFFFFFFFFFFFFFFFFFFFEE
:10929000FFFFFFFFFFFFFFFFFFFFFFFFFFFFFFFFDE
:1092A000FFFFFFFFFFFFFFFFFFFFFFFFFFFFFFFFCE
:1092B000FFFFFFFFFFFFFFFFFFFFFFFFFFFFFFFFBE
:1092C000FFFFFFFFFFFFFFFFFFFFFFFFFFFFFFFFAE
:1092D000FFFFFFFFFFFFFFFFFFFFFFFFFFFFFFFF9E
:1092E000FFFFFFFFFFFFFFFFFFFFFFFFFFFFFFFF8E
:1092F000FFFFFFFFFFFFFFFFFFFFFFFFFFFFFFFF7E
:10930000FFFFFFFFFFFFFFFFFFFFFFFFFFFFFFFF6D
:10931000FFFFFFFFFFFFFFFFFFFFFFFFFFFFFFFF5D
:10932000FFFFFFFFFFFFFFFFFFFFFFFFFFFFFFFF4D
:10933000FFFFFFFFFFFFFFFFFFFFFFFFFFFFFFFF3D
:10934000FFFFFFFFFFFFFFFFFFFFFFFFFFFFFFFF2D
:10935000FFFFFFFFFFFFFFFFFFFFFFFFFFFFFFFF1D
:10936000FFFFFFFFFFFFFFFFFFFFFFFFFFFFFFFF0D
:10937000FFFFFFFFFFFFFFFFFFFFFFFFFFFFFFFFFD
:10938000FFFFFFFFFFFFFFFFFFFFFFFFFFFFFFFFED
:10939000FFFFFFFFFFFFFFFFFFFFFFFFFFFFFFFFDD
:1093A000FFFFFFFFFFFFFFFFFFFFFFFFFFFFFFFFCD
:1093B000FFFFFFFFFFFFFFFFFFFFFFFFFFFFFFFFBD
:1093C000FFFFFFFFFFFFFFFFFFFFFFFFFFFFFFFFAD
:1093D000FFFFFFFFFFFFFFFFFFFFFFFFFFFFFFFF9D
:1093E000FFFFFFFFFFFFFFFFFFFFFFFFFFFFFFFF8D
:1093F000FFFFFFFFFFFFFFFFFFFFFFFFFFFFFFFF7D
:10940000FFFFFFFFFFFFFFFFFFFFFFFFFFFFFFFF6C
:10941000FFFFFFFFFFFFFFFFFFFFFFFFFFFFFFFF5C
:10942000FFFFFFFFFFFFFFFFFFFFFFFFFFFFFFFF4C
:10943000FFFFFFFFFFFFFFFFFFFFFFFFFFFFFFFF3C
:10944000FFFFFFFFFFFFFFFFFFFFFFFFFFFFFFFF2C
:10945000FFFFFFFFFFFFFFFFFFFFFFFFFFFFFFFF1C
:10946000FFFFFFFFFFFFFFFFFFFFFFFFFFFFFFFF0C
:10947000FFFFFFFFFFFFFFFFFFFFFFFFFFFFFFFFFC
:10948000FFFFFFFFFFFFFFFFFFFFFFFFFFFFFFFFEC
:10949000FFFFFFFFFFFFFFFFFFFFFFFFFFFFFFFFDC
:1094A000FFFFFFFFFFFFFFFFFFFFFFFFFFFFFFFFCC
:1094B000FFFFFFFFFFFFFFFFFFFFFFFFFFFFFFFFBC
:1094C000FFFFFFFFFFFFFFFFFFFFFFFFFFFFFFFFAC
:1094D000FFFFFFFFFFFFFFFFFFFFFFFFFFFFFFFF9C
:1094E000FFFFFFFFFFFFFFFFFFFFFFFFFFFFFFFF8C
:1094F000FFFFFFFFFFFFFFFFFFFFFFFFFFFFFFFF7C
:10950000FFFFFFFFFFFFFFFFFFFFFFFFFFFFFFFF6B
:10951000FFFFFFFFFFFFFFFFFFFFFFFFFFFFFFFF5B
:10952000FFFFFFFFFFFFFFFFFFFFFFFFFFFFFFFF4B
:10953000FFFFFFFFFFFFFFFFFFFFFFFFFFFFFFFF3B
:10954000FFFFFFFFFFFFFFFFFFFFFFFFFFFFFFFF2B
:10955000FFFFFFFFFFFFFFFFFFFFFFFFFFFFFFFF1B
:10956000FFFFFFFFFFFFFFFFFFFFFFFFFFFFFFFF0B
:10957000FFFFFFFFFFFFFFFFFFFFFFFFFFFFFFFFFB
:10958000FFFFFFFFFFFFFFFFFFFFFFFFFFFFFFFFEB
:10959000FFFFFFFFFFFFFFFFFFFFFFFFFFFFFFFFDB
:1095A000FFFFFFFFFFFFFFFFFFFFFFFFFFFFFFFFCB
:1095B000FFFFFFFFFFFFFFFFFFFFFFFFFFFFFFFFBB
:1095C000FFFFFFFFFFFFFFFFFFFFFFFFFFFFFFFFAB
:1095D000FFFFFFFFFFFFFFFFFFFFFFFFFFFFFFFF9B
:1095E000FFFFFFFFFFFFFFFFFFFFFFFFFFFFFFFF8B
:1095F000FFFFFFFFFFFFFFFFFFFFFFFFFFFFFFFF7B
:10960000FFFFFFFFFFFFFFFFFFFFFFFFFFFFFFFF6A
:10961000FFFFFFFFFFFFFFFFFFFFFFFFFFFFFFFF5A
:10962000FFFFFFFFFFFFFFFFFFFFFFFFFFFFFFFF4A
:10963000FFFFFFFFFFFFFFFFFFFFFFFFFFFFFFFF3A
:10964000FFFFFFFFFFFFFFFFFFFFFFFFFFFFFFFF2A
:10965000FFFFFFFFFFFFFFFFFFFFFFFFFFFFFFFF1A
:10966000FFFFFFFFFFFFFFFFFFFFFFFFFFFFFFFF0A
:10967000FFFFFFFFFFFFFFFFFFFFFFFFFFFFFFFFFA
:10968000FFFFFFFFFFFFFFFFFFFFFFFFFFFFFFFFEA
:10969000FFFFFFFFFFFFFFFFFFFFFFFFFFFFFFFFDA
:1096A000FFFFFFFFFFFFFFFFFFFFFFFFFFFFFFFFCA
:1096B000FFFFFFFFFFFFFFFFFFFFFFFFFFFFFFFFBA
:1096C000FFFFFFFFFFFFFFFFFFFFFFFFFFFFFFFFAA
:1096D000FFFFFFFFFFFFFFFFFFFFFFFFFFFFFFFF9A
:1096E000FFFFFFFFFFFFFFFFFFFFFFFFFFFFFFFF8A
:1096F000FFFFFFFFFFFFFFFFFFFFFFFFFFFFFFFF7A
:10970000FFFFFFFFFFFFFFFFFFFFFFFFFFFFFFFF69
:10971000FFFFFFFFFFFFFFFFFFFFFFFFFFFFFFFF59
:10972000FFFFFFFFFFFFFFFFFFFFFFFFFFFFFFFF49
:10973000FFFFFFFFFFFFFFFFFFFFFFFFFFFFFFFF39
:10974000FFFFFFFFFFFFFFFFFFFFFFFFFFFFFFFF29
:10975000FFFFFFFFFFFFFFFFFFFFFFFFFFFFFFFF19
:10976000FFFFFFFFFFFFFFFFFFFFFFFFFFFFFFFF09
:10977000FFFFFFFFFFFFFFFFFFFFFFFFFFFFFFFFF9
:10978000FFFFFFFFFFFFFFFFFFFFFFFFFFFFFFFFE9
:10979000FFFFFFFFFFFFFFFFFFFFFFFFFFFFFFFFD9
:1097A000FFFFFFFFFFFFFFFFFFFFFFFFFFFFFFFFC9
:1097B000FFFFFFFFFFFFFFFFFFFFFFFFFFFFFFFFB9
:1097C000FFFFFFFFFFFFFFFFFFFFFFFFFFFFFFFFA9
:1097D000FFFFFFFFFFFFFFFFFFFFFFFFFFFFFFFF99
:1097E000FFFFFFFFFFFFFFFFFFFFFFFFFFFFFFFF89
:1097F000FFFFFFFFFFFFFFFFFFFFFFFFFFFFFFFF79
:10980000FFFFFFFFFFFFFFFFFFFFFFFFFFFFFFFF68
:10981000FFFFFFFFFFFFFFFFFFFFFFFFFFFFFFFF58
:10982000FFFFFFFFFFFFFFFFFFFFFFFFFFFFFFFF48
:10983000FFFFFFFFFFFFFFFFFFFFFFFFFFFFFFFF38
:10984000FFFFFFFFFFFFFFFFFFFFFFFFFFFFFFFF28
:10985000FFFFFFFFFFFFFFFFFFFFFFFFFFFFFFFF18
:10986000FFFFFFFFFFFFFFFFFFFFFFFFFFFFFFFF08
:10987000FFFFFFFFFFFFFFFFFFFFFFFFFFFFFFFFF8
:10988000FFFFFFFFFFFFFFFFFFFFFFFFFFFFFFFFE8
:10989000FFFFFFFFFFFFFFFFFFFFFFFFFFFFFFFFD8
:1098A000FFFFFFFFFFFFFFFFFFFFFFFFFFFFFFFFC8
:1098B000FFFFFFFFFFFFFFFFFFFFFFFFFFFFFFFFB8
:1098C000FFFFFFFFFFFFFFFFFFFFFFFFFFFFFFFFA8
:1098D000FFFFFFFFFFFFFFFFFFFFFFFFFFFFFFFF98
:1098E000FFFFFFFFFFFFFFFFFFFFFFFFFFFFFFFF88
:1098F000FFFFFFFFFFFFFFFFFFFFFFFFFFFFFFFF78
:10990000FFFFFFFFFFFFFFFFFFFFFFFFFFFFFFFF67
:10991000FFFFFFFFFFFFFFFFFFFFFFFFFFFFFFFF57
:10992000FFFFFFFFFFFFFFFFFFFFFFFFFFFFFFFF47
:10993000FFFFFFFFFFFFFFFFFFFFFFFFFFFFFFFF37
:10994000FFFFFFFFFFFFFFFFFFFFFFFFFFFFFFFF27
:10995000FFFFFFFFFFFFFFFFFFFFFFFFFFFFFFFF17
:10996000FFFFFFFFFFFFFFFFFFFFFFFFFFFFFFFF07
:10997000FFFFFFFFFFFFFFFFFFFFFFFFFFFFFFFFF7
:10998000FFFFFFFFFFFFFFFFFFFFFFFFFFFFFFFFE7
:10999000FFFFFFFFFFFFFFFFFFFFFFFFFFFFFFFFD7
:1099A000FFFFFFFFFFFFFFFFFFFFFFFFFFFFFFFFC7
:1099B000FFFFFFFFFFFFFFFFFFFFFFFFFFFFFFFFB7
:1099C000FFFFFFFFFFFFFFFFFFFFFFFFFFFFFFFFA7
:1099D000FFFFFFFFFFFFFFFFFFFFFFFFFFFFFFFF97
:1099E000FFFFFFFFFFFFFFFFFFFFFFFFFFFFFFFF87
:1099F000FFFFFFFFFFFFFFFFFFFFFFFFFFFFFFFF77
:109A0000FFFFFFFFFFFFFFFFFFFFFFFFFFFFFFFF66
:109A1000FFFFFFFFFFFFFFFFFFFFFFFFFFFFFFFF56
:109A2000FFFFFFFFFFFFFFFFFFFFFFFFFFFFFFFF46
:109A3000FFFFFFFFFFFFFFFFFFFFFFFFFFFFFFFF36
:109A4000FFFFFFFFFFFFFFFFFFFFFFFFFFFFFFFF26
:109A5000FFFFFFFFFFFFFFFFFFFFFFFFFFFFFFFF16
:109A6000FFFFFFFFFFFFFFFFFFFFFFFFFFFFFFFF06
:109A7000FFFFFFFFFFFFFFFFFFFFFFFFFFFFFFFFF6
:109A8000FFFFFFFFFFFFFFFFFFFFFFFFFFFFFFFFE6
:109A9000FFFFFFFFFFFFFFFFFFFFFFFFFFFFFFFFD6
:109AA000FFFFFFFFFFFFFFFFFFFFFFFFFFFFFFFFC6
:109AB000FFFFFFFFFFFFFFFFFFFFFFFFFFFFFFFFB6
:109AC000FFFFFFFFFFFFFFFFFFFFFFFFFFFFFFFFA6
:109AD000FFFFFFFFFFFFFFFFFFFFFFFFFFFFFFFF96
:109AE000FFFFFFFFFFFFFFFFFFFFFFFFFFFFFFFF86
:109AF000FFFFFFFFFFFFFFFFFFFFFFFFFFFFFFFF76
:109B0000FFFFFFFFFFFFFFFFFFFFFFFFFFFFFFFF65
:109B1000FFFFFFFFFFFFFFFFFFFFFFFFFFFFFFFF55
:109B2000FFFFFFFFFFFFFFFFFFFFFFFFFFFFFFFF45
:109B3000FFFFFFFFFFFFFFFFFFFFFFFFFFFFFFFF35
:109B4000FFFFFFFFFFFFFFFFFFFFFFFFFFFFFFFF25
:109B5000FFFFFFFFFFFFFFFFFFFFFFFFFFFFFFFF15
:109B6000FFFFFFFFFFFFFFFFFFFFFFFFFFFFFFFF05
:109B7000FFFFFFFFFFFFFFFFFFFFFFFFFFFFFFFFF5
:109B8000FFFFFFFFFFFFFFFFFFFFFFFFFFFFFFFFE5
:109B9000FFFFFFFFFFFFFFFFFFFFFFFFFFFFFFFFD5
:109BA000FFFFFFFFFFFFFFFFFFFFFFFFFFFFFFFFC5
:109BB000FFFFFFFFFFFFFFFFFFFFFFFFFFFFFFFFB5
:109BC000FFFFFFFFFFFFFFFFFFFFFFFFFFFFFFFFA5
:109BD000FFFFFFFFFFFFFFFFFFFFFFFFFFFFFFFF95
:109BE000FFFFFFFFFFFFFFFFFFFFFFFFFFFFFFFF85
:109BF000FFFFFFFFFFFFFFFFFFFFFFFFFFFFFFFF75
:109C0000FFFFFFFFFFFFFFFFFFFFFFFFFFFFFFFF64
:109C1000FFFFFFFFFFFFFFFFFFFFFFFFFFFFFFFF54
:109C2000FFFFFFFFFFFFFFFFFFFFFFFFFFFFFFFF44
:109C3000FFFFFFFFFFFFFFFFFFFFFFFFFFFFFFFF34
:109C4000FFFFFFFFFFFFFFFFFFFFFFFFFFFFFFFF24
:109C5000FFFFFFFFFFFFFFFFFFFFFFFFFFFFFFFF14
:109C6000FFFFFFFFFFFFFFFFFFFFFFFFFFFFFFFF04
:109C7000FFFFFFFFFFFFFFFFFFFFFFFFFFFFFFFFF4
:109C8000FFFFFFFFFFFFFFFFFFFFFFFFFFFFFFFFE4
:109C9000FFFFFFFFFFFFFFFFFFFFFFFFFFFFFFFFD4
:109CA000FFFFFFFFFFFFFFFFFFFFFFFFFFFFFFFFC4
:109CB000FFFFFFFFFFFFFFFFFFFFFFFFFFFFFFFFB4
:109CC000FFFFFFFFFFFFFFFFFFFFFFFFFFFFFFFFA4
:109CD000FFFFFFFFFFFFFFFFFFFFFFFFFFFFFFFF94
:109CE000FFFFFFFFFFFFFFFFFFFFFFFFFFFFFFFF84
:109CF000FFFFFFFFFFFFFFFFFFFFFFFFFFFFFFFF74
:109D0000FFFFFFFFFFFFFFFFFFFFFFFFFFFFFFFF63
:109D1000FFFFFFFFFFFFFFFFFFFFFFFFFFFFFFFF53
:109D2000FFFFFFFFFFFFFFFFFFFFFFFFFFFFFFFF43
:109D3000FFFFFFFFFFFFFFFFFFFFFFFFFFFFFFFF33
:109D4000FFFFFFFFFFFFFFFFFFFFFFFFFFFFFFFF23
:109D5000FFFFFFFFFFFFFFFFFFFFFFFFFFFFFFFF13
:109D6000FFFFFFFFFFFFFFFFFFFFFFFFFFFFFFFF03
:109D7000FFFFFFFFFFFFFFFFFFFFFFFFFFFFFFFFF3
:109D8000FFFFFFFFFFFFFFFFFFFFFFFFFFFFFFFFE3
:109D9000FFFFFFFFFFFFFFFFFFFFFFFFFFFFFFFFD3
:109DA000FFFFFFFFFFFFFFFFFFFFFFFFFFFFFFFFC3
:109DB000FFFFFFFFFFFFFFFFFFFFFFFFFFFFFFFFB3
:109DC000FFFFFFFFFFFFFFFFFFFFFFFFFFFFFFFFA3
:109DD000FFFFFFFFFFFFFFFFFFFFFFFFFFFFFFFF93
:109DE000FFFFFFFFFFFFFFFFFFFFFFFFFFFFFFFF83
:109DF000FFFFFFFFFFFFFFFFFFFFFFFFFFFFFFFF73
:109E0000FFFFFFFFFFFFFFFFFFFFFFFFFFFFFFFF62
:109E1000FFFFFFFFFFFFFFFFFFFFFFFFFFFFFFFF52
:109E2000FFFFFFFFFFFFFFFFFFFFFFFFFFFFFFFF42
:109E3000FFFFFFFFFFFFFFFFFFFFFFFFFFFFFFFF32
:109E4000FFFFFFFFFFFFFFFFFFFFFFFFFFFFFFFF22
:109E5000FFFFFFFFFFFFFFFFFFFFFFFFFFFFFFFF12
:109E6000FFFFFFFFFFFFFFFFFFFFFFFFFFFFFFFF02
:109E7000FFFFFFFFFFFFFFFFFFFFFFFFFFFFFFFFF2
:109E8000FFFFFFFFFFFFFFFFFFFFFFFFFFFFFFFFE2
:109E9000FFFFFFFFFFFFFFFFFFFFFFFFFFFFFFFFD2
:109EA000FFFFFFFFFFFFFFFFFFFFFFFFFFFFFFFFC2
:109EB000FFFFFFFFFFFFFFFFFFFFFFFFFFFFFFFFB2
:109EC000FFFFFFFFFFFFFFFFFFFFFFFFFFFFFFFFA2
:109ED000FFFFFFFFFFFFFFFFFFFFFFFFFFFFFFFF92
:109EE000FFFFFFFFFFFFFFFFFFFFFFFFFFFFFFFF82
:109EF000FFFFFFFFFFFFFFFFFFFFFFFFFFFFFFFF72
:109F0000FFFFFFFFFFFFFFFFFFFFFFFFFFFFFFFF61
:109F1000FFFFFFFFFFFFFFFFFFFFFFFFFFFFFFFF51
:109F2000FFFFFFFFFFFFFFFFFFFFFFFFFFFFFFFF41
:109F3000FFFFFFFFFFFFFFFFFFFFFFFFFFFFFFFF31
:109F4000FFFFFFFFFFFFFFFFFFFFFFFFFFFFFFFF21
:109F5000FFFFFFFFFFFFFFFFFFFFFFFFFFFFFFFF11
:109F6000FFFFFFFFFFFFFFFFFFFFFFFFFFFFFFFF01
:109F7000FFFFFFFFFFFFFFFFFFFFFFFFFFFFFFFFF1
:109F8000FFFFFFFFFFFFFFFFFFFFFFFFFFFFFFFFE1
:109F9000FFFFFFFFFFFFFFFFFFFFFFFFFFFFFFFFD1
:109FA000FFFFFFFFFFFFFFFFFFFFFFFFFFFFFFFFC1
:109FB000FFFFFFFFFFFFFFFFFFFFFFFFFFFFFFFFB1
:109FC000FFFFFFFFFFFFFFFFFFFFFFFFFFFFFFFFA1
:109FD000FFFFFFFFFFFFFFFFFFFFFFFFFFFFFFFF91
:109FE000FFFFFFFFFFFFFFFFFFFFFFFFFFFFFFFF81
:109FF000FFFFFFFFFFFFFFFFFFFFFFFFFFFFFFFF71
:10A00000FFFFFFFFFFFFFFFFFFFFFFFFFFFFFFFF60
:10A01000FFFFFFFFFFFFFFFFFFFFFFFFFFFFFFFF50
:10A02000FFFFFFFFFFFFFFFFFFFFFFFFFFFFFFFF40
:10A03000FFFFFFFFFFFFFFFFFFFFFFFFFFFFFFFF30
:10A04000FFFFFFFFFFFFFFFFFFFFFFFFFFFFFFFF20
:10A05000FFFFFFFFFFFFFFFFFFFFFFFFFFFFFFFF10
:10A06000FFFFFFFFFFFFFFFFFFFFFFFFFFFFFFFF00
:10A07000FFFFFFFFFFFFFFFFFFFFFFFFFFFFFFFFF0
:10A08000FFFFFFFFFFFFFFFFFFFFFFFFFFFFFFFFE0
:10A09000FFFFFFFFFFFFFFFFFFFFFFFFFFFFFFFFD0
:10A0A000FFFFFFFFFFFFFFFFFFFFFFFFFFFFFFFFC0
:10A0B000FFFFFFFFFFFFFFFFFFFFFFFFFFFFFFFFB0
:10A0C000FFFFFFFFFFFFFFFFFFFFFFFFFFFFFFFFA0
:10A0D000FFFFFFFFFFFFFFFFFFFFFFFFFFFFFFFF90
:10A0E000FFFFFFFFFFFFFFFFFFFFFFFFFFFFFFFF80
:10A0F000FFFFFFFFFFFFFFFFFFFFFFFFFFFFFFFF70
:10A10000FFFFFFFFFFFFFFFFFFFFFFFFFFFFFFFF5F
:10A11000FFFFFFFFFFFFFFFFFFFFFFFFFFFFFFFF4F
:10A12000FFFFFFFFFFFFFFFFFFFFFFFFFFFFFFFF3F
:10A13000FFFFFFFFFFFFFFFFFFFFFFFFFFFFFFFF2F
:10A14000FFFFFFFFFFFFFFFFFFFFFFFFFFFFFFFF1F
:10A15000FFFFFFFFFFFFFFFFFFFFFFFFFFFFFFFF0F
:10A16000FFFFFFFFFFFFFFFFFFFFFFFFFFFFFFFFFF
:10A17000FFFFFFFFFFFFFFFFFFFFFFFFFFFFFFFFEF
:10A18000FFFFFFFFFFFFFFFFFFFFFFFFFFFFFFFFDF
:10A19000FFFFFFFFFFFFFFFFFFFFFFFFFFFFFFFFCF
:10A1A000FFFFFFFFFFFFFFFFFFFFFFFFFFFFFFFFBF
:10A1B000FFFFFFFFFFFFFFFFFFFFFFFFFFFFFFFFAF
:10A1C000FFFFFFFFFFFFFFFFFFFFFFFFFFFFFFFF9F
:10A1D000FFFFFFFFFFFFFFFFFFFFFFFFFFFFFFFF8F
:10A1E000FFFFFFFFFFFFFFFFFFFFFFFFFFFFFFFF7F
:10A1F000FFFFFFFFFFFFFFFFFFFFFFFFFFFFFFFF6F
:10A20000FFFFFFFFFFFFFFFFFFFFFFFFFFFFFFFF5E
:10A21000FFFFFFFFFFFFFFFFFFFFFFFFFFFFFFFF4E
:10A22000FFFFFFFFFFFFFFFFFFFFFFFFFFFFFFFF3E
:10A23000FFFFFFFFFFFFFFFFFFFFFFFFFFFFFFFF2E
:10A24000FFFFFFFFFFFFFFFFFFFFFFFFFFFFFFFF1E
:10A25000FFFFFFFFFFFFFFFFFFFFFFFFFFFFFFFF0E
:10A26000FFFFFFFFFFFFFFFFFFFFFFFFFFFFFFFFFE
:10A27000FFFFFFFFFFFFFFFFFFFFFFFFFFFFFFFFEE
:10A28000FFFFFFFFFFFFFFFFFFFFFFFFFFFFFFFFDE
:10A29000FFFFFFFFFFFFFFFFFFFFFFFFFFFFFFFFCE
:10A2A000FFFFFFFFFFFFFFFFFFFFFFFFFFFFFFFFBE
:10A2B000FFFFFFFFFFFFFFFFFFFFFFFFFFFFFFFFAE
:10A2C000FFFFFFFFFFFFFFFFFFFFFFFFFFFFFFFF9E
:10A2D000FFFFFFFFFFFFFFFFFFFFFFFFFFFFFFFF8E
:10A2E000FFFFFFFFFFFFFFFFFFFFFFFFFFFFFFFF7E
:10A2F000FFFFFFFFFFFFFFFFFFFFFFFFFFFFFFFF6E
:10A30000FFFFFFFFFFFFFFFFFFFFFFFFFFFFFFFF5D
:10A31000FFFFFFFFFFFFFFFFFFFFFFFFFFFFFFFF4D
:10A32000FFFFFFFFFFFFFFFFFFFFFFFFFFFFFFFF3D
:10A33000FFFFFFFFFFFFFFFFFFFFFFFFFFFFFFFF2D
:10A34000FFFFFFFFFFFFFFFFFFFFFFFFFFFFFFFF1D
:10A35000FFFFFFFFFFFFFFFFFFFFFFFFFFFFFFFF0D
:10A36000FFFFFFFFFFFFFFFFFFFFFFFFFFFFFFFFFD
:10A37000FFFFFFFFFFFFFFFFFFFFFFFFFFFFFFFFED
:10A38000FFFFFFFFFFFFFFFFFFFFFFFFFFFFFFFFDD
:10A39000FFFFFFFFFFFFFFFFFFFFFFFFFFFFFFFFCD
:10A3A000FFFFFFFFFFFFFFFFFFFFFFFFFFFFFFFFBD
:10A3B000FFFFFFFFFFFFFFFFFFFFFFFFFFFFFFFFAD
:10A3C000FFFFFFFFFFFFFFFFFFFFFFFFFFFFFFFF9D
:10A3D000FFFFFFFFFFFFFFFFFFFFFFFFFFFFFFFF8D
:10A3E000FFFFFFFFFFFFFFFFFFFFFFFFFFFFFFFF7D
:10A3F000FFFFFFFFFFFFFFFFFFFFFFFFFFFFFFFF6D
:10A40000FFFFFFFFFFFFFFFFFFFFFFFFFFFFFFFF5C
:10A41000FFFFFFFFFFFFFFFFFFFFFFFFFFFFFFFF4C
:10A42000FFFFFFFFFFFFFFFFFFFFFFFFFFFFFFFF3C
:10A43000FFFFFFFFFFFFFFFFFFFFFFFFFFFFFFFF2C
:10A44000FFFFFFFFFFFFFFFFFFFFFFFFFFFFFFFF1C
:10A45000FFFFFFFFFFFFFFFFFFFFFFFFFFFFFFFF0C
:10A46000FFFFFFFFFFFFFFFFFFFFFFFFFFFFFFFFFC
:10A47000FFFFFFFFFFFFFFFFFFFFFFFFFFFFFFFFEC
:10A48000FFFFFFFFFFFFFFFFFFFFFFFFFFFFFFFFDC
:10A49000FFFFFFFFFFFFFFFFFFFFFFFFFFFFFFFFCC
:10A4A000FFFFFFFFFFFFFFFFFFFFFFFFFFFFFFFFBC
:10A4B000FFFFFFFFFFFFFFFFFFFFFFFFFFFFFFFFAC
:10A4C000FFFFFFFFFFFFFFFFFFFFFFFFFFFFFFFF9C
:10A4D000FFFFFFFFFFFFFFFFFFFFFFFFFFFFFFFF8C
:10A4E000FFFFFFFFFFFFFFFFFFFFFFFFFFFFFFFF7C
:10A4F000FFFFFFFFFFFFFFFFFFFFFFFFFFFFFFFF6C
:10A50000FFFFFFFFFFFFFFFFFFFFFFFFFFFFFFFF5B
:10A51000FFFFFFFFFFFFFFFFFFFFFFFFFFFFFFFF4B
:10A52000FFFFFFFFFFFFFFFFFFFFFFFFFFFFFFFF3B
:10A53000FFFFFFFFFFFFFFFFFFFFFFFFFFFFFFFF2B
:10A54000FFFFFFFFFFFFFFFFFFFFFFFFFFFFFFFF1B
:10A55000FFFFFFFFFFFFFFFFFFFFFFFFFFFFFFFF0B
:10A56000FFFFFFFFFFFFFFFFFFFFFFFFFFFFFFFFFB
:10A57000FFFFFFFFFFFFFFFFFFFFFFFFFFFFFFFFEB
:10A58000FFFFFFFFFFFFFFFFFFFFFFFFFFFFFFFFDB
:10A59000FFFFFFFFFFFFFFFFFFFFFFFFFFFFFFFFCB
:10A5A000FFFFFFFFFFFFFFFFFFFFFFFFFFFFFFFFBB
:10A5B000FFFFFFFFFFFFFFFFFFFFFFFFFFFFFFFFAB
:10A5C000FFFFFFFFFFFFFFFFFFFFFFFFFFFFFFFF9B
:10A5D000FFFFFFFFFFFFFFFFFFFFFFFFFFFFFFFF8B
:10A5E000FFFFFFFFFFFFFFFFFFFFFFFFFFFFFFFF7B
:10A5F000FFFFFFFFFFFFFFFFFFFFFFFFFFFFFFFF6B
:10A60000FFFFFFFFFFFFFFFFFFFFFFFFFFFFFFFF5A
:10A61000FFFFFFFFFFFFFFFFFFFFFFFFFFFFFFFF4A
:10A62000FFFFFFFFFFFFFFFFFFFFFFFFFFFFFFFF3A
:10A63000FFFFFFFFFFFFFFFFFFFFFFFFFFFFFFFF2A
:10A64000FFFFFFFFFFFFFFFFFFFFFFFFFFFFFFFF1A
:10A65000FFFFFFFFFFFFFFFFFFFFFFFFFFFFFFFF0A
:10A66000FFFFFFFFFFFFFFFFFFFFFFFFFFFFFFFFFA
:10A67000FFFFFFFFFFFFFFFFFFFFFFFFFFFFFFFFEA
:10A68000FFFFFFFFFFFFFFFFFFFFFFFFFFFFFFFFDA
:10A69000FFFFFFFFFFFFFFFFFFFFFFFFFFFFFFFFCA
:10A6A000FFFFFFFFFFFFFFFFFFFFFFFFFFFFFFFFBA
:10A6B000FFFFFFFFFFFFFFFFFFFFFFFFFFFFFFFFAA
:10A6C000FFFFFFFFFFFFFFFFFFFFFFFFFFFFFFFF9A
:10A6D000FFFFFFFFFFFFFFFFFFFFFFFFFFFFFFFF8A
:10A6E000FFFFFFFFFFFFFFFFFFFFFFFFFFFFFFFF7A
:10A6F000FFFFFFFFFFFFFFFFFFFFFFFFFFFFFFFF6A
:10A70000FFFFFFFFFFFFFFFFFFFFFFFFFFFFFFFF59
:10A71000FFFFFFFFFFFFFFFFFFFFFFFFFFFFFFFF49
:10A72000FFFFFFFFFFFFFFFFFFFFFFFFFFFFFFFF39
:10A73000FFFFFFFFFFFFFFFFFFFFFFFFFFFFFFFF29
:10A74000FFFFFFFFFFFFFFFFFFFFFFFFFFFFFFFF19
:10A75000FFFFFFFFFFFFFFFFFFFFFFFFFFFFFFFF09
:10A76000FFFFFFFFFFFFFFFFFFFFFFFFFFFFFFFFF9
:10A77000FFFFFFFFFFFFFFFFFFFFFFFFFFFFFFFFE9
:10A78000FFFFFFFFFFFFFFFFFFFFFFFFFFFFFFFFD9
:10A79000FFFFFFFFFFFFFFFFFFFFFFFFFFFFFFFFC9
:10A7A000FFFFFFFFFFFFFFFFFFFFFFFFFFFFFFFFB9
:10A7B000FFFFFFFFFFFFFFFFFFFFFFFFFFFFFFFFA9
:10A7C000FFFFFFFFFFFFFFFFFFFFFFFFFFFFFFFF99
:10A7D000FFFFFFFFFFFFFFFFFFFFFFFFFFFFFFFF89
:10A7E000FFFFFFFFFFFFFFFFFFFFFFFFFFFFFFFF79
:10A7F000FFFFFFFFFFFFFFFFFFFFFFFFFFFFFFFF69
:10A80000FFFFFFFFFFFFFFFFFFFFFFFFFFFFFFFF58
:10A81000FFFFFFFFFFFFFFFFFFFFFFFFFFFFFFFF48
:10A82000FFFFFFFFFFFFFFFFFFFFFFFFFFFFFFFF38
:10A83000FFFFFFFFFFFFFFFFFFFFFFFFFFFFFFFF28
:10A84000FFFFFFFFFFFFFFFFFFFFFFFFFFFFFFFF18
:10A85000FFFFFFFFFFFFFFFFFFFFFFFFFFFFFFFF08
:10A86000FFFFFFFFFFFFFFFFFFFFFFFFFFFFFFFFF8
:10A87000FFFFFFFFFFFFFFFFFFFFFFFFFFFFFFFFE8
:10A88000FFFFFFFFFFFFFFFFFFFFFFFFFFFFFFFFD8
:10A89000FFFFFFFFFFFFFFFFFFFFFFFFFFFFFFFFC8
:10A8A000FFFFFFFFFFFFFFFFFFFFFFFFFFFFFFFFB8
:10A8B000FFFFFFFFFFFFFFFFFFFFFFFFFFFFFFFFA8
:10A8C000FFFFFFFFFFFFFFFFFFFFFFFFFFFFFFFF98
:10A8D000FFFFFFFFFFFFFFFFFFFFFFFFFFFFFFFF88
:10A8E000FFFFFFFFFFFFFFFFFFFFFFFFFFFFFFFF78
:10A8F000FFFFFFFFFFFFFFFFFFFFFFFFFFFFFFFF68
:10A90000FFFFFFFFFFFFFFFFFFFFFFFFFFFFFFFF57
:10A91000FFFFFFFFFFFFFFFFFFFFFFFFFFFFFFFF47
:10A92000FFFFFFFFFFFFFFFFFFFFFFFFFFFFFFFF37
:10A93000FFFFFFFFFFFFFFFFFFFFFFFFFFFFFFFF27
:10A94000FFFFFFFFFFFFFFFFFFFFFFFFFFFFFFFF17
:10A95000FFFFFFFFFFFFFFFFFFFFFFFFFFFFFFFF07
:10A96000FFFFFFFFFFFFFFFFFFFFFFFFFFFFFFFFF7
:10A97000FFFFFFFFFFFFFFFFFFFFFFFFFFFFFFFFE7
:10A98000FFFFFFFFFFFFFFFFFFFFFFFFFFFFFFFFD7
:10A99000FFFFFFFFFFFFFFFFFFFFFFFFFFFFFFFFC7
:10A9A000FFFFFFFFFFFFFFFFFFFFFFFFFFFFFFFFB7
:10A9B000FFFFFFFFFFFFFFFFFFFFFFFFFFFFFFFFA7
:10A9C000FFFFFFFFFFFFFFFFFFFFFFFFFFFFFFFF97
:10A9D000FFFFFFFFFFFFFFFFFFFFFFFFFFFFFFFF87
:10A9E000FFFFFFFFFFFFFFFFFFFFFFFFFFFFFFFF77
:10A9F000FFFFFFFFFFFFFFFFFFFFFFFFFFFFFFFF67
:10AA0000FFFFFFFFFFFFFFFFFFFFFFFFFFFFFFFF56
:10AA1000FFFFFFFFFFFFFFFFFFFFFFFFFFFFFFFF46
:10AA2000FFFFFFFFFFFFFFFFFFFFFFFFFFFFFFFF36
:10AA3000FFFFFFFFFFFFFFFFFFFFFFFFFFFFFFFF26
:10AA4000FFFFFFFFFFFFFFFFFFFFFFFFFFFFFFFF16
:10AA5000FFFFFFFFFFFFFFFFFFFFFFFFFFFFFFFF06
:10AA6000FFFFFFFFFFFFFFFFFFFFFFFFFFFFFFFFF6
:10AA7000FFFFFFFFFFFFFFFFFFFFFFFFFFFFFFFFE6
:10AA8000FFFFFFFFFFFFFFFFFFFFFFFFFFFFFFFFD6
:10AA9000FFFFFFFFFFFFFFFFFFFFFFFFFFFFFFFFC6
:10AAA000FFFFFFFFFFFFFFFFFFFFFFFFFFFFFFFFB6
:10AAB000FFFFFFFFFFFFFFFFFFFFFFFFFFFFFFFFA6
:10AAC000FFFFFFFFFFFFFFFFFFFFFFFFFFFFFFFF96
:10AAD000FFFFFFFFFFFFFFFFFFFFFFFFFFFFFFFF86
:10AAE000FFFFFFFFFFFFFFFFFFFFFFFFFFFFFFFF76
:10AAF000FFFFFFFFFFFFFFFFFFFFFFFFFFFFFFFF66
:10AB0000FFFFFFFFFFFFFFFFFFFFFFFFFFFFFFFF55
:10AB1000FFFFFFFFFFFFFFFFFFFFFFFFFFFFFFFF45
:10AB2000FFFFFFFFFFFFFFFFFFFFFFFFFFFFFFFF35
:10AB3000FFFFFFFFFFFFFFFFFFFFFFFFFFFFFFFF25
:10AB4000FFFFFFFFFFFFFFFFFFFFFFFFFFFFFFFF15
:10AB5000FFFFFFFFFFFFFFFFFFFFFFFFFFFFFFFF05
:10AB6000FFFFFFFFFFFFFFFFFFFFFFFFFFFFFFFFF5
:10AB7000FFFFFFFFFFFFFFFFFFFFFFFFFFFFFFFFE5
:10AB8000FFFFFFFFFFFFFFFFFFFFFFFFFFFFFFFFD5
:10AB9000FFFFFFFFFFFFFFFFFFFFFFFFFFFFFFFFC5
:10ABA000FFFFFFFFFFFFFFFFFFFFFFFFFFFFFFFFB5
:10ABB000FFFFFFFFFFFFFFFFFFFFFFFFFFFFFFFFA5
:10ABC000FFFFFFFFFFFFFFFFFFFFFFFFFFFFFFFF95
:10ABD000FFFFFFFFFFFFFFFFFFFFFFFFFFFFFFFF85
:10ABE000FFFFFFFFFFFFFFFFFFFFFFFFFFFFFFFF75
:10ABF000FFFFFFFFFFFFFFFFFFFFFFFFFFFFFFFF65
:10AC0000FFFFFFFFFFFFFFFFFFFFFFFFFFFFFFFF54
:10AC1000FFFFFFFFFFFFFFFFFFFFFFFFFFFFFFFF44
:10AC2000FFFFFFFFFFFFFFFFFFFFFFFFFFFFFFFF34
:10AC3000FFFFFFFFFFFFFFFFFFFFFFFFFFFFFFFF24
:10AC4000FFFFFFFFFFFFFFFFFFFFFFFFFFFFFFFF14
:10AC5000FFFFFFFFFFFFFFFFFFFFFFFFFFFFFFFF04
:10AC6000FFFFFFFFFFFFFFFFFFFFFFFFFFFFFFFFF4
:10AC7000FFFFFFFFFFFFFFFFFFFFFFFFFFFFFFFFE4
:10AC8000FFFFFFFFFFFFFFFFFFFFFFFFFFFFFFFFD4
:10AC9000FFFFFFFFFFFFFFFFFFFFFFFFFFFFFFFFC4
:10ACA000FFFFFFFFFFFFFFFFFFFFFFFFFFFFFFFFB4
:10ACB000FFFFFFFFFFFFFFFFFFFFFFFFFFFFFFFFA4
:10ACC000FFFFFFFFFFFFFFFFFFFFFFFFFFFFFFFF94
:10ACD000FFFFFFFFFFFFFFFFFFFFFFFFFFFFFFFF84
:10ACE000FFFFFFFFFFFFFFFFFFFFFFFFFFFFFFFF74
:10ACF000FFFFFFFFFFFFFFFFFFFFFFFFFFFFFFFF64
:10AD0000FFFFFFFFFFFFFFFFFFFFFFFFFFFFFFFF53
:10AD1000FFFFFFFFFFFFFFFFFFFFFFFFFFFFFFFF43
:10AD2000FFFFFFFFFFFFFFFFFFFFFFFFFFFFFFFF33
:10AD3000FFFFFFFFFFFFFFFFFFFFFFFFFFFFFFFF23
:10AD4000FFFFFFFFFFFFFFFFFFFFFFFFFFFFFFFF13
:10AD5000FFFFFFFFFFFFFFFFFFFFFFFFFFFFFFFF03
:10AD6000FFFFFFFFFFFFFFFFFFFFFFFFFFFFFFFFF3
:10AD7000FFFFFFFFFFFFFFFFFFFFFFFFFFFFFFFFE3
:10AD8000FFFFFFFFFFFFFFFFFFFFFFFFFFFFFFFFD3
:10AD9000FFFFFFFFFFFFFFFFFFFFFFFFFFFFFFFFC3
:10ADA000FFFFFFFFFFFFFFFFFFFFFFFFFFFFFFFFB3
:10ADB000FFFFFFFFFFFFFFFFFFFFFFFFFFFFFFFFA3
:10ADC000FFFFFFFFFFFFFFFFFFFFFFFFFFFFFFFF93
:10ADD000FFFFFFFFFFFFFFFFFFFFFFFFFFFFFFFF83
:10ADE000FFFFFFFFFFFFFFFFFFFFFFFFFFFFFFFF73
:10ADF000FFFFFFFFFFFFFFFFFFFFFFFFFFFFFFFF63
:10AE0000FFFFFFFFFFFFFFFFFFFFFFFFFFFFFFFF52
:10AE1000FFFFFFFFFFFFFFFFFFFFFFFFFFFFFFFF42
:10AE2000FFFFFFFFFFFFFFFFFFFFFFFFFFFFFFFF32
:10AE3000FFFFFFFFFFFFFFFFFFFFFFFFFFFFFFFF22
:10AE4000FFFFFFFFFFFFFFFFFFFFFFFFFFFFFFFF12
:10AE5000FFFFFFFFFFFFFFFFFFFFFFFFFFFFFFFF02
:10AE6000FFFFFFFFFFFFFFFFFFFFFFFFFFFFFFFFF2
:10AE7000FFFFFFFFFFFFFFFFFFFFFFFFFFFFFFFFE2
:10AE8000FFFFFFFFFFFFFFFFFFFFFFFFFFFFFFFFD2
:10AE9000FFFFFFFFFFFFFFFFFFFFFFFFFFFFFFFFC2
:10AEA000FFFFFFFFFFFFFFFFFFFFFFFFFFFFFFFFB2
:10AEB000FFFFFFFFFFFFFFFFFFFFFFFFFFFFFFFFA2
:10AEC000FFFFFFFFFFFFFFFFFFFFFFFFFFFFFFFF92
:10AED000FFFFFFFFFFFFFFFFFFFFFFFFFFFFFFFF82
:10AEE000FFFFFFFFFFFFFFFFFFFFFFFFFFFFFFFF72
:10AEF000FFFFFFFFFFFFFFFFFFFFFFFFFFFFFFFF62
:10AF0000FFFFFFFFFFFFFFFFFFFFFFFFFFFFFFFF51
:10AF1000FFFFFFFFFFFFFFFFFFFFFFFFFFFFFFFF41
:10AF2000FFFFFFFFFFFFFFFFFFFFFFFFFFFFFFFF31
:10AF3000FFFFFFFFFFFFFFFFFFFFFFFFFFFFFFFF21
:10AF4000FFFFFFFFFFFFFFFFFFFFFFFFFFFFFFFF11
:10AF5000FFFFFFFFFFFFFFFFFFFFFFFFFFFFFFFF01
:10AF6000FFFFFFFFFFFFFFFFFFFFFFFFFFFFFFFFF1
:10AF7000FFFFFFFFFFFFFFFFFFFFFFFFFFFFFFFFE1
:10AF8000FFFFFFFFFFFFFFFFFFFFFFFFFFFFFFFFD1
:10AF9000FFFFFFFFFFFFFFFFFFFFFFFFFFFFFFFFC1
:10AFA000FFFFFFFFFFFFFFFFFFFFFFFFFFFFFFFFB1
:10AFB000FFFFFFFFFFFFFFFFFFFFFFFFFFFFFFFFA1
:10AFC000FFFFFFFFFFFFFFFFFFFFFFFFFFFFFFFF91
:10AFD000FFFFFFFFFFFFFFFFFFFFFFFFFFFFFFFF81
:10AFE000FFFFFFFFFFFFFFFFFFFFFFFFFFFFFFFF71
:10AFF000FFFFFFFFFFFFFFFFFFFFFFFFFFFFFFFF61
:10B00000FFFFFFFFFFFFFFFFFFFFFFFFFFFFFFFF50
:10B01000FFFFFFFFFFFFFFFFFFFFFFFFFFFFFFFF40
:10B02000FFFFFFFFFFFFFFFFFFFFFFFFFFFFFFFF30
:10B03000FFFFFFFFFFFFFFFFFFFFFFFFFFFFFFFF20
:10B04000FFFFFFFFFFFFFFFFFFFFFFFFFFFFFFFF10
:10B05000FFFFFFFFFFFFFFFFFFFFFFFFFFFFFFFF00
:10B06000FFFFFFFFFFFFFFFFFFFFFFFFFFFFFFFFF0
:10B07000FFFFFFFFFFFFFFFFFFFFFFFFFFFFFFFFE0
:10B08000FFFFFFFFFFFFFFFFFFFFFFFFFFFFFFFFD0
:10B09000FFFFFFFFFFFFFFFFFFFFFFFFFFFFFFFFC0
:10B0A000FFFFFFFFFFFFFFFFFFFFFFFFFFFFFFFFB0
:10B0B000FFFFFFFFFFFFFFFFFFFFFFFFFFFFFFFFA0
:10B0C000FFFFFFFFFFFFFFFFFFFFFFFFFFFFFFFF90
:10B0D000FFFFFFFFFFFFFFFFFFFFFFFFFFFFFFFF80
:10B0E000FFFFFFFFFFFFFFFFFFFFFFFFFFFFFFFF70
:10B0F000FFFFFFFFFFFFFFFFFFFFFFFFFFFFFFFF60
:10B10000FFFFFFFFFFFFFFFFFFFFFFFFFFFFFFFF4F
:10B11000FFFFFFFFFFFFFFFFFFFFFFFFFFFFFFFF3F
:10B12000FFFFFFFFFFFFFFFFFFFFFFFFFFFFFFFF2F
:10B13000FFFFFFFFFFFFFFFFFFFFFFFFFFFFFFFF1F
:10B14000FFFFFFFFFFFFFFFFFFFFFFFFFFFFFFFF0F
:10B15000FFFFFFFFFFFFFFFFFFFFFFFFFFFFFFFFFF
:10B16000FFFFFFFFFFFFFFFFFFFFFFFFFFFFFFFFEF
:10B17000FFFFFFFFFFFFFFFFFFFFFFFFFFFFFFFFDF
:10B18000FFFFFFFFFFFFFFFFFFFFFFFFFFFFFFFFCF
:10B19000FFFFFFFFFFFFFFFFFFFFFFFFFFFFFFFFBF
:10B1A000FFFFFFFFFFFFFFFFFFFFFFFFFFFFFFFFAF
:10B1B000FFFFFFFFFFFFFFFFFFFFFFFFFFFFFFFF9F
:10B1C000FFFFFFFFFFFFFFFFFFFFFFFFFFFFFFFF8F
:10B1D000FFFFFFFFFFFFFFFFFFFFFFFFFFFFFFFF7F
:10B1E000FFFFFFFFFFFFFFFFFFFFFFFFFFFFFFFF6F
:10B1F000FFFFFFFFFFFFFFFFFFFFFFFFFFFFFFFF5F
:10B20000FFFFFFFFFFFFFFFFFFFFFFFFFFFFFFFF4E
:10B21000FFFFFFFFFFFFFFFFFFFFFFFFFFFFFFFF3E
:10B22000FFFFFFFFFFFFFFFFFFFFFFFFFFFFFFFF2E
:10B23000FFFFFFFFFFFFFFFFFFFFFFFFFFFFFFFF1E
:10B24000FFFFFFFFFFFFFFFFFFFFFFFFFFFFFFFF0E
:10B25000FFFFFFFFFFFFFFFFFFFFFFFFFFFFFFFFFE
:10B26000FFFFFFFFFFFFFFFFFFFFFFFFFFFFFFFFEE
:10B27000FFFFFFFFFFFFFFFFFFFFFFFFFFFFFFFFDE
:10B28000FFFFFFFFFFFFFFFFFFFFFFFFFFFFFFFFCE
:10B29000FFFFFFFFFFFFFFFFFFFFFFFFFFFFFFFFBE
:10B2A000FFFFFFFFFFFFFFFFFFFFFFFFFFFFFFFFAE
:10B2B000FFFFFFFFFFFFFFFFFFFFFFFFFFFFFFFF9E
:10B2C000FFFFFFFFFFFFFFFFFFFFFFFFFFFFFFFF8E
:10B2D000FFFFFFFFFFFFFFFFFFFFFFFFFFFFFFFF7E
:10B2E000FFFFFFFFFFFFFFFFFFFFFFFFFFFFFFFF6E
:10B2F000FFFFFFFFFFFFFFFFFFFFFFFFFFFFFFFF5E
:10B30000FFFFFFFFFFFFFFFFFFFFFFFFFFFFFFFF4D
:10B31000FFFFFFFFFFFFFFFFFFFFFFFFFFFFFFFF3D
:10B32000FFFFFFFFFFFFFFFFFFFFFFFFFFFFFFFF2D
:10B33000FFFFFFFFFFFFFFFFFFFFFFFFFFFFFFFF1D
:10B34000FFFFFFFFFFFFFFFFFFFFFFFFFFFFFFFF0D
:10B35000FFFFFFFFFFFFFFFFFFFFFFFFFFFFFFFFFD
:10B36000FFFFFFFFFFFFFFFFFFFFFFFFFFFFFFFFED
:10B37000FFFFFFFFFFFFFFFFFFFFFFFFFFFFFFFFDD
:10B38000FFFFFFFFFFFFFFFFFFFFFFFFFFFFFFFFCD
:10B39000FFFFFFFFFFFFFFFFFFFFFFFFFFFFFFFFBD
:10B3A000FFFFFFFFFFFFFFFFFFFFFFFFFFFFFFFFAD
:10B3B000FFFFFFFFFFFFFFFFFFFFFFFFFFFFFFFF9D
:10B3C000FFFFFFFFFFFFFFFFFFFFFFFFFFFFFFFF8D
:10B3D000FFFFFFFFFFFFFFFFFFFFFFFFFFFFFFFF7D
:10B3E000FFFFFFFFFFFFFFFFFFFFFFFFFFFFFFFF6D
:10B3F000FFFFFFFFFFFFFFFFFFFFFFFFFFFFFFFF5D
:10B40000FFFFFFFFFFFFFFFFFFFFFFFFFFFFFFFF4C
:10B41000FFFFFFFFFFFFFFFFFFFFFFFFFFFFFFFF3C
:10B42000FFFFFFFFFFFFFFFFFFFFFFFFFFFFFFFF2C
:10B43000FFFFFFFFFFFFFFFFFFFFFFFFFFFFFFFF1C
:10B44000FFFFFFFFFFFFFFFFFFFFFFFFFFFFFFFF0C
:10B45000FFFFFFFFFFFFFFFFFFFFFFFFFFFFFFFFFC
:10B46000FFFFFFFFFFFFFFFFFFFFFFFFFFFFFFFFEC
:10B47000FFFFFFFFFFFFFFFFFFFFFFFFFFFFFFFFDC
:10B48000FFFFFFFFFFFFFFFFFFFFFFFFFFFFFFFFCC
:10B49000FFFFFFFFFFFFFFFFFFFFFFFFFFFFFFFFBC
:10B4A000FFFFFFFFFFFFFFFFFFFFFFFFFFFFFFFFAC
:10B4B000FFFFFFFFFFFFFFFFFFFFFFFFFFFFFFFF9C
:10B4C000FFFFFFFFFFFFFFFFFFFFFFFFFFFFFFFF8C
:10B4D000FFFFFFFFFFFFFFFFFFFFFFFFFFFFFFFF7C
:10B4E000FFFFFFFFFFFFFFFFFFFFFFFFFFFFFFFF6C
:10B4F000FFFFFFFFFFFFFFFFFFFFFFFFFFFFFFFF5C
:10B50000FFFFFFFFFFFFFFFFFFFFFFFFFFFFFFFF4B
:10B51000FFFFFFFFFFFFFFFFFFFFFFFFFFFFFFFF3B
:10B52000FFFFFFFFFFFFFFFFFFFFFFFFFFFFFFFF2B
:10B53000FFFFFFFFFFFFFFFFFFFFFFFFFFFFFFFF1B
:10B54000FFFFFFFFFFFFFFFFFFFFFFFFFFFFFFFF0B
:10B55000FFFFFFFFFFFFFFFFFFFFFFFFFFFFFFFFFB
:10B56000FFFFFFFFFFFFFFFFFFFFFFFFFFFFFFFFEB
:10B57000FFFFFFFFFFFFFFFFFFFFFFFFFFFFFFFFDB
:10B58000FFFFFFFFFFFFFFFFFFFFFFFFFFFFFFFFCB
:10B59000FFFFFFFFFFFFFFFFFFFFFFFFFFFFFFFFBB
:10B5A000FFFFFFFFFFFFFFFFFFFFFFFFFFFFFFFFAB
:10B5B000FFFFFFFFFFFFFFFFFFFFFFFFFFFFFFFF9B
:10B5C000FFFFFFFFFFFFFFFFFFFFFFFFFFFFFFFF8B
:10B5D000FFFFFFFFFFFFFFFFFFFFFFFFFFFFFFFF7B
:10B5E000FFFFFFFFFFFFFFFFFFFFFFFFFFFFFFFF6B
:10B5F000FFFFFFFFFFFFFFFFFFFFFFFFFFFFFFFF5B
:10B60000FFFFFFFFFFFFFFFFFFFFFFFFFFFFFFFF4A
:10B61000FFFFFFFFFFFFFFFFFFFFFFFFFFFFFFFF3A
:10B62000FFFFFFFFFFFFFFFFFFFFFFFFFFFFFFFF2A
:10B63000FFFFFFFFFFFFFFFFFFFFFFFFFFFFFFFF1A
:10B64000FFFFFFFFFFFFFFFFFFFFFFFFFFFFFFFF0A
:10B65000FFFFFFFFFFFFFFFFFFFFFFFFFFFFFFFFFA
:10B66000FFFFFFFFFFFFFFFFFFFFFFFFFFFFFFFFEA
:10B67000FFFFFFFFFFFFFFFFFFFFFFFFFFFFFFFFDA
:10B68000FFFFFFFFFFFFFFFFFFFFFFFFFFFFFFFFCA
:10B69000FFFFFFFFFFFFFFFFFFFFFFFFFFFFFFFFBA
:10B6A000FFFFFFFFFFFFFFFFFFFFFFFFFFFFFFFFAA
:10B6B000FFFFFFFFFFFFFFFFFFFFFFFFFFFFFFFF9A
:10B6C000FFFFFFFFFFFFFFFFFFFFFFFFFFFFFFFF8A
:10B6D000FFFFFFFFFFFFFFFFFFFFFFFFFFFFFFFF7A
:10B6E000FFFFFFFFFFFFFFFFFFFFFFFFFFFFFFFF6A
:10B6F000FFFFFFFFFFFFFFFFFFFFFFFFFFFFFFFF5A
:10B70000FFFFFFFFFFFFFFFFFFFFFFFFFFFFFFFF49
:10B71000FFFFFFFFFFFFFFFFFFFFFFFFFFFFFFFF39
:10B72000FFFFFFFFFFFFFFFFFFFFFFFFFFFFFFFF29
:10B73000FFFFFFFFFFFFFFFFFFFFFFFFFFFFFFFF19
:10B74000FFFFFFFFFFFFFFFFFFFFFFFFFFFFFFFF09
:10B75000FFFFFFFFFFFFFFFFFFFFFFFFFFFFFFFFF9
:10B76000FFFFFFFFFFFFFFFFFFFFFFFFFFFFFFFFE9
:10B77000FFFFFFFFFFFFFFFFFFFFFFFFFFFFFFFFD9
:10B78000FFFFFFFFFFFFFFFFFFFFFFFFFFFFFFFFC9
:10B79000FFFFFFFFFFFFFFFFFFFFFFFFFFFFFFFFB9
:10B7A000FFFFFFFFFFFFFFFFFFFFFFFFFFFFFFFFA9
:10B7B000FFFFFFFFFFFFFFFFFFFFFFFFFFFFFFFF99
:10B7C000FFFFFFFFFFFFFFFFFFFFFFFFFFFFFFFF89
:10B7D000FFFFFFFFFFFFFFFFFFFFFFFFFFFFFFFF79
:10B7E000FFFFFFFFFFFFFFFFFFFFFFFFFFFFFFFF69
:10B7F000FFFFFFFFFFFFFFFFFFFFFFFFFFFFFFFF59
:10B80000FFFFFFFFFFFFFFFFFFFFFFFFFFFFFFFF48
:10B81000FFFFFFFFFFFFFFFFFFFFFFFFFFFFFFFF38
:10B82000FFFFFFFFFFFFFFFFFFFFFFFFFFFFFFFF28
:10B83000FFFFFFFFFFFFFFFFFFFFFFFFFFFFFFFF18
:10B84000FFFFFFFFFFFFFFFFFFFFFFFFFFFFFFFF08
:10B85000FFFFFFFFFFFFFFFFFFFFFFFFFFFFFFFFF8
:10B86000FFFFFFFFFFFFFFFFFFFFFFFFFFFFFFFFE8
:10B87000FFFFFFFFFFFFFFFFFFFFFFFFFFFFFFFFD8
:10B88000FFFFFFFFFFFFFFFFFFFFFFFFFFFFFFFFC8
:10B89000FFFFFFFFFFFFFFFFFFFFFFFFFFFFFFFFB8
:10B8A000FFFFFFFFFFFFFFFFFFFFFFFFFFFFFFFFA8
:10B8B000FFFFFFFFFFFFFFFFFFFFFFFFFFFFFFFF98
:10B8C000FFFFFFFFFFFFFFFFFFFFFFFFFFFFFFFF88
:10B8D000FFFFFFFFFFFFFFFFFFFFFFFFFFFFFFFF78
:10B8E000FFFFFFFFFFFFFFFFFFFFFFFFFFFFFFFF68
:10B8F000FFFFFFFFFFFFFFFFFFFFFFFFFFFFFFFF58
:10B90000FFFFFFFFFFFFFFFFFFFFFFFFFFFFFFFF47
:10B91000FFFFFFFFFFFFFFFFFFFFFFFFFFFFFFFF37
:10B92000FFFFFFFFFFFFFFFFFFFFFFFFFFFFFFFF27
:10B93000FFFFFFFFFFFFFFFFFFFFFFFFFFFFFFFF17
:10B94000FFFFFFFFFFFFFFFFFFFFFFFFFFFFFFFF07
:10B95000FFFFFFFFFFFFFFFFFFFFFFFFFFFFFFFFF7
:10B96000FFFFFFFFFFFFFFFFFFFFFFFFFFFFFFFFE7
:10B97000FFFFFFFFFFFFFFFFFFFFFFFFFFFFFFFFD7
:10B98000FFFFFFFFFFFFFFFFFFFFFFFFFFFFFFFFC7
:10B99000FFFFFFFFFFFFFFFFFFFFFFFFFFFFFFFFB7
:10B9A000FFFFFFFFFFFFFFFFFFFFFFFFFFFFFFFFA7
:10B9B000FFFFFFFFFFFFFFFFFFFFFFFFFFFFFFFF97
:10B9C000FFFFFFFFFFFFFFFFFFFFFFFFFFFFFFFF87
:10B9D000FFFFFFFFFFFFFFFFFFFFFFFFFFFFFFFF77
:10B9E000FFFFFFFFFFFFFFFFFFFFFFFFFFFFFFFF67
:10B9F000FFFFFFFFFFFFFFFFFFFFFFFFFFFFFFFF57
:10BA0000FFFFFFFFFFFFFFFFFFFFFFFFFFFFFFFF46
:10BA1000FFFFFFFFFFFFFFFFFFFFFFFFFFFFFFFF36
:10BA2000FFFFFFFFFFFFFFFFFFFFFFFFFFFFFFFF26
:10BA3000FFFFFFFFFFFFFFFFFFFFFFFFFFFFFFFF16
:10BA4000FFFFFFFFFFFFFFFFFFFFFFFFFFFFFFFF06
:10BA5000FFFFFFFFFFFFFFFFFFFFFFFFFFFFFFFFF6
:10BA6000FFFFFFFFFFFFFFFFFFFFFFFFFFFFFFFFE6
:10BA7000FFFFFFFFFFFFFFFFFFFFFFFFFFFFFFFFD6
:10BA8000FFFFFFFFFFFFFFFFFFFFFFFFFFFFFFFFC6
:10BA9000FFFFFFFFFFFFFFFFFFFFFFFFFFFFFFFFB6
:10BAA000FFFFFFFFFFFFFFFFFFFFFFFFFFFFFFFFA6
:10BAB000FFFFFFFFFFFFFFFFFFFFFFFFFFFFFFFF96
:10BAC000FFFFFFFFFFFFFFFFFFFFFFFFFFFFFFFF86
:10BAD000FFFFFFFFFFFFFFFFFFFFFFFFFFFFFFFF76
:10BAE000FFFFFFFFFFFFFFFFFFFFFFFFFFFFFFFF66
:10BAF000FFFFFFFFFFFFFFFFFFFFFFFFFFFFFFFF56
:10BB0000FFFFFFFFFFFFFFFFFFFFFFFFFFFFFFFF45
:10BB1000FFFFFFFFFFFFFFFFFFFFFFFFFFFFFFFF35
:10BB2000FFFFFFFFFFFFFFFFFFFFFFFFFFFFFFFF25
:10BB3000FFFFFFFFFFFFFFFFFFFFFFFFFFFFFFFF15
:10BB4000FFFFFFFFFFFFFFFFFFFFFFFFFFFFFFFF05
:10BB5000FFFFFFFFFFFFFFFFFFFFFFFFFFFFFFFFF5
:10BB6000FFFFFFFFFFFFFFFFFFFFFFFFFFFFFFFFE5
:10BB7000FFFFFFFFFFFFFFFFFFFFFFFFFFFFFFFFD5
:10BB8000FFFFFFFFFFFFFFFFFFFFFFFFFFFFFFFFC5
:10BB9000FFFFFFFFFFFFFFFFFFFFFFFFFFFFFFFFB5
:10BBA000FFFFFFFFFFFFFFFFFFFFFFFFFFFFFFFFA5
:10BBB000FFFFFFFFFFFFFFFFFFFFFFFFFFFFFFFF95
:10BBC000FFFFFFFFFFFFFFFFFFFFFFFFFFFFFFFF85
:10BBD000FFFFFFFFFFFFFFFFFFFFFFFFFFFFFFFF75
:10BBE000FFFFFFFFFFFFFFFFFFFFFFFFFFFFFFFF65
:10BBF000FFFFFFFFFFFFFFFFFFFFFFFFFFFFFFFF55
:10BC0000FFFFFFFFFFFFFFFFFFFFFFFFFFFFFFFF44
:10BC1000FFFFFFFFFFFFFFFFFFFFFFFFFFFFFFFF34
:10BC2000FFFFFFFFFFFFFFFFFFFFFFFFFFFFFFFF24
:10BC3000FFFFFFFFFFFFFFFFFFFFFFFFFFFFFFFF14
:10BC4000FFFFFFFFFFFFFFFFFFFFFFFFFFFFFFFF04
:10BC5000FFFFFFFFFFFFFFFFFFFFFFFFFFFFFFFFF4
:10BC6000FFFFFFFFFFFFFFFFFFFFFFFFFFFFFFFFE4
:10BC7000FFFFFFFFFFFFFFFFFFFFFFFFFFFFFFFFD4
:10BC8000FFFFFFFFFFFFFFFFFFFFFFFFFFFFFFFFC4
:10BC9000FFFFFFFFFFFFFFFFFFFFFFFFFFFFFFFFB4
:10BCA000FFFFFFFFFFFFFFFFFFFFFFFFFFFFFFFFA4
:10BCB000FFFFFFFFFFFFFFFFFFFFFFFFFFFFFFFF94
:10BCC000FFFFFFFFFFFFFFFFFFFFFFFFFFFFFFFF84
:10BCD000FFFFFFFFFFFFFFFFFFFFFFFFFFFFFFFF74
:10BCE000FFFFFFFFFFFFFFFFFFFFFFFFFFFFFFFF64
:10BCF000FFFFFFFFFFFFFFFFFFFFFFFFFFFFFFFF54
:10BD0000FFFFFFFFFFFFFFFFFFFFFFFFFFFFFFFF43
:10BD1000FFFFFFFFFFFFFFFFFFFFFFFFFFFFFFFF33
:10BD2000FFFFFFFFFFFFFFFFFFFFFFFFFFFFFFFF23
:10BD3000FFFFFFFFFFFFFFFFFFFFFFFFFFFFFFFF13
:10BD4000FFFFFFFFFFFFFFFFFFFFFFFFFFFFFFFF03
:10BD5000FFFFFFFFFFFFFFFFFFFFFFFFFFFFFFFFF3
:10BD6000FFFFFFFFFFFFFFFFFFFFFFFFFFFFFFFFE3
:10BD7000FFFFFFFFFFFFFFFFFFFFFFFFFFFFFFFFD3
:10BD8000FFFFFFFFFFFFFFFFFFFFFFFFFFFFFFFFC3
:10BD9000FFFFFFFFFFFFFFFFFFFFFFFFFFFFFFFFB3
:10BDA000FFFFFFFFFFFFFFFFFFFFFFFFFFFFFFFFA3
:10BDB000FFFFFFFFFFFFFFFFFFFFFFFFFFFFFFFF93
:10BDC000FFFFFFFFFFFFFFFFFFFFFFFFFFFFFFFF83
:10BDD000FFFFFFFFFFFFFFFFFFFFFFFFFFFFFFFF73
:10BDE000FFFFFFFFFFFFFFFFFFFFFFFFFFFFFFFF63
:10BDF000FFFFFFFFFFFFFFFFFFFFFFFFFFFFFFFF53
:10BE0000FFFFFFFFFFFFFFFFFFFFFFFFFFFFFFFF42
:10BE1000FFFFFFFFFFFFFFFFFFFFFFFFFFFFFFFF32
:10BE2000FFFFFFFFFFFFFFFFFFFFFFFFFFFFFFFF22
:10BE3000FFFFFFFFFFFFFFFFFFFFFFFFFFFFFFFF12
:10BE4000FFFFFFFFFFFFFFFFFFFFFFFFFFFFFFFF02
:10BE5000FFFFFFFFFFFFFFFFFFFFFFFFFFFFFFFFF2
:10BE6000FFFFFFFFFFFFFFFFFFFFFFFFFFFFFFFFE2
:10BE7000FFFFFFFFFFFFFFFFFFFFFFFFFFFFFFFFD2
:10BE8000FFFFFFFFFFFFFFFFFFFFFFFFFFFFFFFFC2
:10BE9000FFFFFFFFFFFFFFFFFFFFFFFFFFFFFFFFB2
:10BEA000FFFFFFFFFFFFFFFFFFFFFFFFFFFFFFFFA2
:10BEB000FFFFFFFFFFFFFFFFFFFFFFFFFFFFFFFF92
:10BEC000FFFFFFFFFFFFFFFFFFFFFFFFFFFFFFFF82
:10BED000FFFFFFFFFFFFFFFFFFFFFFFFFFFFFFFF72
:10BEE000FFFFFFFFFFFFFFFFFFFFFFFFFFFFFFFF62
:10BEF000FFFFFFFFFFFFFFFFFFFFFFFFFFFFFFFF52
:10BF0000FFFFFFFFFFFFFFFFFFFFFFFFFFFFFFFF41
:10BF1000FFFFFFFFFFFFFFFFFFFFFFFFFFFFFFFF31
:10BF2000FFFFFFFFFFFFFFFFFFFFFFFFFFFFFFFF21
:10BF3000FFFFFFFFFFFFFFFFFFFFFFFFFFFFFFFF11
:10BF4000FFFFFFFFFFFFFFFFFFFFFFFFFFFFFFFF01
:10BF5000FFFFFFFFFFFFFFFFFFFFFFFFFFFFFFFFF1
:10BF6000FFFFFFFFFFFFFFFFFFFFFFFFFFFFFFFFE1
:10BF7000FFFFFFFFFFFFFFFFFFFFFFFFFFFFFFFFD1
:10BF8000FFFFFFFFFFFFFFFFFFFFFFFFFFFFFFFFC1
:10BF9000FFFFFFFFFFFFFFFFFFFFFFFFFFFFFFFFB1
:10BFA000FFFFFFFFFFFFFFFFFFFFFFFFFFFFFFFFA1
:10BFB000FFFFFFFFFFFFFFFFFFFFFFFFFFFFFFFF91
:10BFC000FFFFFFFFFFFFFFFFFFFFFFFFFFFFFFFF81
:10BFD000FFFFFFFFFFFFFFFFFFFFFFFFFFFFFFFF71
:10BFE000FFFFFFFFFFFFFFFFFFFFFFFFFFFFFFFF61
:10BFF000FFFFFFFFFFFFFFFFFFFFFFFFFFFFFFFF51
:10C00000FFFFFFFFFFFFFFFFFFFFFFFFFFFFFFFF40
:10C01000FFFFFFFFFFFFFFFFFFFFFFFFFFFFFFFF30
:10C02000FFFFFFFFFFFFFFFFFFFFFFFFFFFFFFFF20
:10C03000FFFFFFFFFFFFFFFFFFFFFFFFFFFFFFFF10
:10C04000FFFFFFFFFFFFFFFFFFFFFFFFFFFFFFFF00
:10C05000FFFFFFFFFFFFFFFFFFFFFFFFFFFFFFFFF0
:10C06000FFFFFFFFFFFFFFFFFFFFFFFFFFFFFFFFE0
:10C07000FFFFFFFFFFFFFFFFFFFFFFFFFFFFFFFFD0
:10C08000FFFFFFFFFFFFFFFFFFFFFFFFFFFFFFFFC0
:10C09000FFFFFFFFFFFFFFFFFFFFFFFFFFFFFFFFB0
:10C0A000FFFFFFFFFFFFFFFFFFFFFFFFFFFFFFFFA0
:10C0B000FFFFFFFFFFFFFFFFFFFFFFFFFFFFFFFF90
:10C0C000FFFFFFFFFFFFFFFFFFFFFFFFFFFFFFFF80
:10C0D000FFFFFFFFFFFFFFFFFFFFFFFFFFFFFFFF70
:10C0E000FFFFFFFFFFFFFFFFFFFFFFFFFFFFFFFF60
:10C0F000FFFFFFFFFFFFFFFFFFFFFFFFFFFFFFFF50
:10C10000FFFFFFFFFFFFFFFFFFFFFFFFFFFFFFFF3F
:10C11000FFFFFFFFFFFFFFFFFFFFFFFFFFFFFFFF2F
:10C12000FFFFFFFFFFFFFFFFFFFFFFFFFFFFFFFF1F
:10C13000FFFFFFFFFFFFFFFFFFFFFFFFFFFFFFFF0F
:10C14000FFFFFFFFFFFFFFFFFFFFFFFFFFFFFFFFFF
:10C15000FFFFFFFFFFFFFFFFFFFFFFFFFFFFFFFFEF
:10C16000FFFFFFFFFFFFFFFFFFFFFFFFFFFFFFFFDF
:10C17000FFFFFFFFFFFFFFFFFFFFFFFFFFFFFFFFCF
:10C18000FFFFFFFFFFFFFFFFFFFFFFFFFFFFFFFFBF
:10C19000FFFFFFFFFFFFFFFFFFFFFFFFFFFFFFFFAF
:10C1A000FFFFFFFFFFFFFFFFFFFFFFFFFFFFFFFF9F
:10C1B000FFFFFFFFFFFFFFFFFFFFFFFFFFFFFFFF8F
:10C1C000FFFFFFFFFFFFFFFFFFFFFFFFFFFFFFFF7F
:10C1D000FFFFFFFFFFFFFFFFFFFFFFFFFFFFFFFF6F
:10C1E000FFFFFFFFFFFFFFFFFFFFFFFFFFFFFFFF5F
:10C1F000FFFFFFFFFFFFFFFFFFFFFFFFFFFFFFFF4F
:10C20000FFFFFFFFFFFFFFFFFFFFFFFFFFFFFFFF3E
:10C21000FFFFFFFFFFFFFFFFFFFFFFFFFFFFFFFF2E
:10C22000FFFFFFFFFFFFFFFFFFFFFFFFFFFFFFFF1E
:10C23000FFFFFFFFFFFFFFFFFFFFFFFFFFFFFFFF0E
:10C24000FFFFFFFFFFFFFFFFFFFFFFFFFFFFFFFFFE
:10C25000FFFFFFFFFFFFFFFFFFFFFFFFFFFFFFFFEE
:10C26000FFFFFFFFFFFFFFFFFFFFFFFFFFFFFFFFDE
:10C27000FFFFFFFFFFFFFFFFFFFFFFFFFFFFFFFFCE
:10C28000FFFFFFFFFFFFFFFFFFFFFFFFFFFFFFFFBE
:10C29000FFFFFFFFFFFFFFFFFFFFFFFFFFFFFFFFAE
:10C2A000FFFFFFFFFFFFFFFFFFFFFFFFFFFFFFFF9E
:10C2B000FFFFFFFFFFFFFFFFFFFFFFFFFFFFFFFF8E
:10C2C000FFFFFFFFFFFFFFFFFFFFFFFFFFFFFFFF7E
:10C2D000FFFFFFFFFFFFFFFFFFFFFFFFFFFFFFFF6E
:10C2E000FFFFFFFFFFFFFFFFFFFFFFFFFFFFFFFF5E
:10C2F000FFFFFFFFFFFFFFFFFFFFFFFFFFFFFFFF4E
:10C30000FFFFFFFFFFFFFFFFFFFFFFFFFFFFFFFF3D
:10C31000FFFFFFFFFFFFFFFFFFFFFFFFFFFFFFFF2D
:10C32000FFFFFFFFFFFFFFFFFFFFFFFFFFFFFFFF1D
:10C33000FFFFFFFFFFFFFFFFFFFFFFFFFFFFFFFF0D
:10C34000FFFFFFFFFFFFFFFFFFFFFFFFFFFFFFFFFD
:10C35000FFFFFFFFFFFFFFFFFFFFFFFFFFFFFFFFED
:10C36000FFFFFFFFFFFFFFFFFFFFFFFFFFFFFFFFDD
:10C37000FFFFFFFFFFFFFFFFFFFFFFFFFFFFFFFFCD
:10C38000FFFFFFFFFFFFFFFFFFFFFFFFFFFFFFFFBD
:10C39000FFFFFFFFFFFFFFFFFFFFFFFFFFFFFFFFAD
:10C3A000FFFFFFFFFFFFFFFFFFFFFFFFFFFFFFFF9D
:10C3B000FFFFFFFFFFFFFFFFFFFFFFFFFFFFFFFF8D
:10C3C000FFFFFFFFFFFFFFFFFFFFFFFFFFFFFFFF7D
:10C3D000FFFFFFFFFFFFFFFFFFFFFFFFFFFFFFFF6D
:10C3E000FFFFFFFFFFFFFFFFFFFFFFFFFFFFFFFF5D
:10C3F000FFFFFFFFFFFFFFFFFFFFFFFFFFFFFFFF4D
:10C40000FFFFFFFFFFFFFFFFFFFFFFFFFFFFFFFF3C
:10C41000FFFFFFFFFFFFFFFFFFFFFFFFFFFFFFFF2C
:10C42000FFFFFFFFFFFFFFFFFFFFFFFFFFFFFFFF1C
:10C43000FFFFFFFFFFFFFFFFFFFFFFFFFFFFFFFF0C
:10C44000FFFFFFFFFFFFFFFFFFFFFFFFFFFFFFFFFC
:10C45000FFFFFFFFFFFFFFFFFFFFFFFFFFFFFFFFEC
:10C46000FFFFFFFFFFFFFFFFFFFFFFFFFFFFFFFFDC
:10C47000FFFFFFFFFFFFFFFFFFFFFFFFFFFFFFFFCC
:10C48000FFFFFFFFFFFFFFFFFFFFFFFFFFFFFFFFBC
:10C49000FFFFFFFFFFFFFFFFFFFFFFFFFFFFFFFFAC
:10C4A000FFFFFFFFFFFFFFFFFFFFFFFFFFFFFFFF9C
:10C4B000FFFFFFFFFFFFFFFFFFFFFFFFFFFFFFFF8C
:10C4C000FFFFFFFFFFFFFFFFFFFFFFFFFFFFFFFF7C
:10C4D000FFFFFFFFFFFFFFFFFFFFFFFFFFFFFFFF6C
:10C4E000FFFFFFFFFFFFFFFFFFFFFFFFFFFFFFFF5C
:10C4F000FFFFFFFFFFFFFFFFFFFFFFFFFFFFFFFF4C
:10C50000FFFFFFFFFFFFFFFFFFFFFFFFFFFFFFFF3B
:10C51000FFFFFFFFFFFFFFFFFFFFFFFFFFFFFFFF2B
:10C52000FFFFFFFFFFFFFFFFFFFFFFFFFFFFFFFF1B
:10C53000FFFFFFFFFFFFFFFFFFFFFFFFFFFFFFFF0B
:10C54000FFFFFFFFFFFFFFFFFFFFFFFFFFFFFFFFFB
:10C55000FFFFFFFFFFFFFFFFFFFFFFFFFFFFFFFFEB
:10C56000FFFFFFFFFFFFFFFFFFFFFFFFFFFFFFFFDB
:10C57000FFFFFFFFFFFFFFFFFFFFFFFFFFFFFFFFCB
:10C58000FFFFFFFFFFFFFFFFFFFFFFFFFFFFFFFFBB
:10C59000FFFFFFFFFFFFFFFFFFFFFFFFFFFFFFFFAB
:10C5A000FFFFFFFFFFFFFFFFFFFFFFFFFFFFFFFF9B
:10C5B000FFFFFFFFFFFFFFFFFFFFFFFFFFFFFFFF8B
:10C5C000FFFFFFFFFFFFFFFFFFFFFFFFFFFFFFFF7B
:10C5D000FFFFFFFFFFFFFFFFFFFFFFFFFFFFFFFF6B
:10C5E000FFFFFFFFFFFFFFFFFFFFFFFFFFFFFFFF5B
:10C5F000FFFFFFFFFFFFFFFFFFFFFFFFFFFFFFFF4B
:10C60000FFFFFFFFFFFFFFFFFFFFFFFFFFFFFFFF3A
:10C61000FFFFFFFFFFFFFFFFFFFFFFFFFFFFFFFF2A
:10C62000FFFFFFFFFFFFFFFFFFFFFFFFFFFFFFFF1A
:10C63000FFFFFFFFFFFFFFFFFFFFFFFFFFFFFFFF0A
:10C64000FFFFFFFFFFFFFFFFFFFFFFFFFFFFFFFFFA
:10C65000FFFFFFFFFFFFFFFFFFFFFFFFFFFFFFFFEA
:10C66000FFFFFFFFFFFFFFFFFFFFFFFFFFFFFFFFDA
:10C67000FFFFFFFFFFFFFFFFFFFFFFFFFFFFFFFFCA
:10C68000FFFFFFFFFFFFFFFFFFFFFFFFFFFFFFFFBA
:10C69000FFFFFFFFFFFFFFFFFFFFFFFFFFFFFFFFAA
:10C6A000FFFFFFFFFFFFFFFFFFFFFFFFFFFFFFFF9A
:10C6B000FFFFFFFFFFFFFFFFFFFFFFFFFFFFFFFF8A
:10C6C000FFFFFFFFFFFFFFFFFFFFFFFFFFFFFFFF7A
:10C6D000FFFFFFFFFFFFFFFFFFFFFFFFFFFFFFFF6A
:10C6E000FFFFFFFFFFFFFFFFFFFFFFFFFFFFFFFF5A
:10C6F000FFFFFFFFFFFFFFFFFFFFFFFFFFFFFFFF4A
:10C70000FFFFFFFFFFFFFFFFFFFFFFFFFFFFFFFF39
:10C71000FFFFFFFFFFFFFFFFFFFFFFFFFFFFFFFF29
:10C72000FFFFFFFFFFFFFFFFFFFFFFFFFFFFFFFF19
:10C73000FFFFFFFFFFFFFFFFFFFFFFFFFFFFFFFF09
:10C74000FFFFFFFFFFFFFFFFFFFFFFFFFFFFFFFFF9
:10C75000FFFFFFFFFFFFFFFFFFFFFFFFFFFFFFFFE9
:10C76000FFFFFFFFFFFFFFFFFFFFFFFFFFFFFFFFD9
:10C77000FFFFFFFFFFFFFFFFFFFFFFFFFFFFFFFFC9
:10C78000FFFFFFFFFFFFFFFFFFFFFFFFFFFFFFFFB9
:10C79000FFFFFFFFFFFFFFFFFFFFFFFFFFFFFFFFA9
:10C7A000FFFFFFFFFFFFFFFFFFFFFFFFFFFFFFFF99
:10C7B000FFFFFFFFFFFFFFFFFFFFFFFFFFFFFFFF89
:10C7C000FFFFFFFFFFFFFFFFFFFFFFFFFFFFFFFF79
:10C7D000FFFFFFFFFFFFFFFFFFFFFFFFFFFFFFFF69
:10C7E000FFFFFFFFFFFFFFFFFFFFFFFFFFFFFFFF59
:10C7F000FFFFFFFFFFFFFFFFFFFFFFFFFFFFFFFF49
:10C80000FFFFFFFFFFFFFFFFFFFFFFFFFFFFFFFF38
:10C81000FFFFFFFFFFFFFFFFFFFFFFFFFFFFFFFF28
:10C82000FFFFFFFFFFFFFFFFFFFFFFFFFFFFFFFF18
:10C83000FFFFFFFFFFFFFFFFFFFFFFFFFFFFFFFF08
:10C84000FFFFFFFFFFFFFFFFFFFFFFFFFFFFFFFFF8
:10C85000FFFFFFFFFFFFFFFFFFFFFFFFFFFFFFFFE8
:10C86000FFFFFFFFFFFFFFFFFFFFFFFFFFFFFFFFD8
:10C87000FFFFFFFFFFFFFFFFFFFFFFFFFFFFFFFFC8
:10C88000FFFFFFFFFFFFFFFFFFFFFFFFFFFFFFFFB8
:10C89000FFFFFFFFFFFFFFFFFFFFFFFFFFFFFFFFA8
:10C8A000FFFFFFFFFFFFFFFFFFFFFFFFFFFFFFFF98
:10C8B000FFFFFFFFFFFFFFFFFFFFFFFFFFFFFFFF88
:10C8C000FFFFFFFFFFFFFFFFFFFFFFFFFFFFFFFF78
:10C8D000FFFFFFFFFFFFFFFFFFFFFFFFFFFFFFFF68
:10C8E000FFFFFFFFFFFFFFFFFFFFFFFFFFFFFFFF58
:10C8F000FFFFFFFFFFFFFFFFFFFFFFFFFFFFFFFF48
:10C90000FFFFFFFFFFFFFFFFFFFFFFFFFFFFFFFF37
:10C91000FFFFFFFFFFFFFFFFFFFFFFFFFFFFFFFF27
:10C92000FFFFFFFFFFFFFFFFFFFFFFFFFFFFFFFF17
:10C93000FFFFFFFFFFFFFFFFFFFFFFFFFFFFFFFF07
:10C94000FFFFFFFFFFFFFFFFFFFFFFFFFFFFFFFFF7
:10C95000FFFFFFFFFFFFFFFFFFFFFFFFFFFFFFFFE7
:10C96000FFFFFFFFFFFFFFFFFFFFFFFFFFFFFFFFD7
:10C97000FFFFFFFFFFFFFFFFFFFFFFFFFFFFFFFFC7
:10C98000FFFFFFFFFFFFFFFFFFFFFFFFFFFFFFFFB7
:10C99000FFFFFFFFFFFFFFFFFFFFFFFFFFFFFFFFA7
:10C9A000FFFFFFFFFFFFFFFFFFFFFFFFFFFFFFFF97
:10C9B000FFFFFFFFFFFFFFFFFFFFFFFFFFFFFFFF87
:10C9C000FFFFFFFFFFFFFFFFFFFFFFFFFFFFFFFF77
:10C9D000FFFFFFFFFFFFFFFFFFFFFFFFFFFFFFFF67
:10C9E000FFFFFFFFFFFFFFFFFFFFFFFFFFFFFFFF57
:10C9F000FFFFFFFFFFFFFFFFFFFFFFFFFFFFFFFF47
:10CA0000FFFFFFFFFFFFFFFFFFFFFFFFFFFFFFFF36
:10CA1000FFFFFFFFFFFFFFFFFFFFFFFFFFFFFFFF26
:10CA2000FFFFFFFFFFFFFFFFFFFFFFFFFFFFFFFF16
:10CA3000FFFFFFFFFFFFFFFFFFFFFFFFFFFFFFFF06
:10CA4000FFFFFFFFFFFFFFFFFFFFFFFFFFFFFFFFF6
:10CA5000FFFFFFFFFFFFFFFFFFFFFFFFFFFFFFFFE6
:10CA6000FFFFFFFFFFFFFFFFFFFFFFFFFFFFFFFFD6
:10CA7000FFFFFFFFFFFFFFFFFFFFFFFFFFFFFFFFC6
:10CA8000FFFFFFFFFFFFFFFFFFFFFFFFFFFFFFFFB6
:10CA9000FFFFFFFFFFFFFFFFFFFFFFFFFFFFFFFFA6
:10CAA000FFFFFFFFFFFFFFFFFFFFFFFFFFFFFFFF96
:10CAB000FFFFFFFFFFFFFFFFFFFFFFFFFFFFFFFF86
:10CAC000FFFFFFFFFFFFFFFFFFFFFFFFFFFFFFFF76
:10CAD000FFFFFFFFFFFFFFFFFFFFFFFFFFFFFFFF66
:10CAE000FFFFFFFFFFFFFFFFFFFFFFFFFFFFFFFF56
:10CAF000FFFFFFFFFFFFFFFFFFFFFFFFFFFFFFFF46
:10CB0000FFFFFFFFFFFFFFFFFFFFFFFFFFFFFFFF35
:10CB1000FFFFFFFFFFFFFFFFFFFFFFFFFFFFFFFF25
:10CB2000FFFFFFFFFFFFFFFFFFFFFFFFFFFFFFFF15
:10CB3000FFFFFFFFFFFFFFFFFFFFFFFFFFFFFFFF05
:10CB4000FFFFFFFFFFFFFFFFFFFFFFFFFFFFFFFFF5
:10CB5000FFFFFFFFFFFFFFFFFFFFFFFFFFFFFFFFE5
:10CB6000FFFFFFFFFFFFFFFFFFFFFFFFFFFFFFFFD5
:10CB7000FFFFFFFFFFFFFFFFFFFFFFFFFFFFFFFFC5
:10CB8000FFFFFFFFFFFFFFFFFFFFFFFFFFFFFFFFB5
:10CB9000FFFFFFFFFFFFFFFFFFFFFFFFFFFFFFFFA5
:10CBA000FFFFFFFFFFFFFFFFFFFFFFFFFFFFFFFF95
:10CBB000FFFFFFFFFFFFFFFFFFFFFFFFFFFFFFFF85
:10CBC000FFFFFFFFFFFFFFFFFFFFFFFFFFFFFFFF75
:10CBD000FFFFFFFFFFFFFFFFFFFFFFFFFFFFFFFF65
:10CBE000FFFFFFFFFFFFFFFFFFFFFFFFFFFFFFFF55
:10CBF000FFFFFFFFFFFFFFFFFFFFFFFFFFFFFFFF45
:10CC0000FFFFFFFFFFFFFFFFFFFFFFFFFFFFFFFF34
:10CC1000FFFFFFFFFFFFFFFFFFFFFFFFFFFFFFFF24
:10CC2000FFFFFFFFFFFFFFFFFFFFFFFFFFFFFFFF14
:10CC3000FFFFFFFFFFFFFFFFFFFFFFFFFFFFFFFF04
:10CC4000FFFFFFFFFFFFFFFFFFFFFFFFFFFFFFFFF4
:10CC5000FFFFFFFFFFFFFFFFFFFFFFFFFFFFFFFFE4
:10CC6000FFFFFFFFFFFFFFFFFFFFFFFFFFFFFFFFD4
:10CC7000FFFFFFFFFFFFFFFFFFFFFFFFFFFFFFFFC4
:10CC8000FFFFFFFFFFFFFFFFFFFFFFFFFFFFFFFFB4
:10CC9000FFFFFFFFFFFFFFFFFFFFFFFFFFFFFFFFA4
:10CCA000FFFFFFFFFFFFFFFFFFFFFFFFFFFFFFFF94
:10CCB000FFFFFFFFFFFFFFFFFFFFFFFFFFFFFFFF84
:10CCC000FFFFFFFFFFFFFFFFFFFFFFFFFFFFFFFF74
:10CCD000FFFFFFFFFFFFFFFFFFFFFFFFFFFFFFFF64
:10CCE000FFFFFFFFFFFFFFFFFFFFFFFFFFFFFFFF54
:10CCF000FFFFFFFFFFFFFFFFFFFFFFFFFFFFFFFF44
:10CD0000FFFFFFFFFFFFFFFFFFFFFFFFFFFFFFFF33
:10CD1000FFFFFFFFFFFFFFFFFFFFFFFFFFFFFFFF23
:10CD2000FFFFFFFFFFFFFFFFFFFFFFFFFFFFFFFF13
:10CD3000FFFFFFFFFFFFFFFFFFFFFFFFFFFFFFFF03
:10CD4000FFFFFFFFFFFFFFFFFFFFFFFFFFFFFFFFF3
:10CD5000FFFFFFFFFFFFFFFFFFFFFFFFFFFFFFFFE3
:10CD6000FFFFFFFFFFFFFFFFFFFFFFFFFFFFFFFFD3
:10CD7000FFFFFFFFFFFFFFFFFFFFFFFFFFFFFFFFC3
:10CD8000FFFFFFFFFFFFFFFFFFFFFFFFFFFFFFFFB3
:10CD9000FFFFFFFFFFFFFFFFFFFFFFFFFFFFFFFFA3
:10CDA000FFFFFFFFFFFFFFFFFFFFFFFFFFFFFFFF93
:10CDB000FFFFFFFFFFFFFFFFFFFFFFFFFFFFFFFF83
:10CDC000FFFFFFFFFFFFFFFFFFFFFFFFFFFFFFFF73
:10CDD000FFFFFFFFFFFFFFFFFFFFFFFFFFFFFFFF63
:10CDE000FFFFFFFFFFFFFFFFFFFFFFFFFFFFFFFF53
:10CDF000FFFFFFFFFFFFFFFFFFFFFFFFFFFFFFFF43
:10CE0000FFFFFFFFFFFFFFFFFFFFFFFFFFFFFFFF32
:10CE1000FFFFFFFFFFFFFFFFFFFFFFFFFFFFFFFF22
:10CE2000FFFFFFFFFFFFFFFFFFFFFFFFFFFFFFFF12
:10CE3000FFFFFFFFFFFFFFFFFFFFFFFFFFFFFFFF02
:10CE4000FFFFFFFFFFFFFFFFFFFFFFFFFFFFFFFFF2
:10CE5000FFFFFFFFFFFFFFFFFFFFFFFFFFFFFFFFE2
:10CE6000FFFFFFFFFFFFFFFFFFFFFFFFFFFFFFFFD2
:10CE7000FFFFFFFFFFFFFFFFFFFFFFFFFFFFFFFFC2
:10CE8000FFFFFFFFFFFFFFFFFFFFFFFFFFFFFFFFB2
:10CE9000FFFFFFFFFFFFFFFFFFFFFFFFFFFFFFFFA2
:10CEA000FFFFFFFFFFFFFFFFFFFFFFFFFFFFFFFF92
:10CEB000FFFFFFFFFFFFFFFFFFFFFFFFFFFFFFFF82
:10CEC000FFFFFFFFFFFFFFFFFFFFFFFFFFFFFFFF72
:10CED000FFFFFFFFFFFFFFFFFFFFFFFFFFFFFFFF62
:10CEE000FFFFFFFFFFFFFFFFFFFFFFFFFFFFFFFF52
:10CEF000FFFFFFFFFFFFFFFFFFFFFFFFFFFFFFFF42
:10CF0000FFFFFFFFFFFFFFFFFFFFFFFFFFFFFFFF31
:10CF1000FFFFFFFFFFFFFFFFFFFFFFFFFFFFFFFF21
:10CF2000FFFFFFFFFFFFFFFFFFFFFFFFFFFFFFFF11
:10CF3000FFFFFFFFFFFFFFFFFFFFFFFFFFFFFFFF01
:10CF4000FFFFFFFFFFFFFFFFFFFFFFFFFFFFFFFFF1
:10CF5000FFFFFFFFFFFFFFFFFFFFFFFFFFFFFFFFE1
:10CF6000FFFFFFFFFFFFFFFFFFFFFFFFFFFFFFFFD1
:10CF7000FFFFFFFFFFFFFFFFFFFFFFFFFFFFFFFFC1
:10CF8000FFFFFFFFFFFFFFFFFFFFFFFFFFFFFFFFB1
:10CF9000FFFFFFFFFFFFFFFFFFFFFFFFFFFFFFFFA1
:10CFA000FFFFFFFFFFFFFFFFFFFFFFFFFFFFFFFF91
:10CFB000FFFFFFFFFFFFFFFFFFFFFFFFFFFFFFFF81
:10CFC000FFFFFFFFFFFFFFFFFFFFFFFFFFFFFFFF71
:10CFD000FFFFFFFFFFFFFFFFFFFFFFFFFFFFFFFF61
:10CFE000FFFFFFFFFFFFFFFFFFFFFFFFFFFFFFFF51
:10CFF000FFFFFFFFFFFFFFFFFFFFFFFFFFFFFFFF41
:10D00000FFFFFFFFFFFFFFFFFFFFFFFFFFFFFFFF30
:10D01000FFFFFFFFFFFFFFFFFFFFFFFFFFFFFFFF20
:10D02000FFFFFFFFFFFFFFFFFFFFFFFFFFFFFFFF10
:10D03000FFFFFFFFFFFFFFFFFFFFFFFFFFFFFFFF00
:10D04000FFFFFFFFFFFFFFFFFFFFFFFFFFFFFFFFF0
:10D05000FFFFFFFFFFFFFFFFFFFFFFFFFFFFFFFFE0
:10D06000FFFFFFFFFFFFFFFFFFFFFFFFFFFFFFFFD0
:10D07000FFFFFFFFFFFFFFFFFFFFFFFFFFFFFFFFC0
:10D08000FFFFFFFFFFFFFFFFFFFFFFFFFFFFFFFFB0
:10D09000FFFFFFFFFFFFFFFFFFFFFFFFFFFFFFFFA0
:10D0A000FFFFFFFFFFFFFFFFFFFFFFFFFFFFFFFF90
:10D0B000FFFFFFFFFFFFFFFFFFFFFFFFFFFFFFFF80
:10D0C000FFFFFFFFFFFFFFFFFFFFFFFFFFFFFFFF70
:10D0D000FFFFFFFFFFFFFFFFFFFFFFFFFFFFFFFF60
:10D0E000FFFFFFFFFFFFFFFFFFFFFFFFFFFFFFFF50
:10D0F000FFFFFFFFFFFFFFFFFFFFFFFFFFFFFFFF40
:10D10000FFFFFFFFFFFFFFFFFFFFFFFFFFFFFFFF2F
:10D11000FFFFFFFFFFFFFFFFFFFFFFFFFFFFFFFF1F
:10D12000FFFFFFFFFFFFFFFFFFFFFFFFFFFFFFFF0F
:10D13000FFFFFFFFFFFFFFFFFFFFFFFFFFFFFFFFFF
:10D14000FFFFFFFFFFFFFFFFFFFFFFFFFFFFFFFFEF
:10D15000FFFFFFFFFFFFFFFFFFFFFFFFFFFFFFFFDF
:10D16000FFFFFFFFFFFFFFFFFFFFFFFFFFFFFFFFCF
:10D17000FFFFFFFFFFFFFFFFFFFFFFFFFFFFFFFFBF
:10D18000FFFFFFFFFFFFFFFFFFFFFFFFFFFFFFFFAF
:10D19000FFFFFFFFFFFFFFFFFFFFFFFFFFFFFFFF9F
:10D1A000FFFFFFFFFFFFFFFFFFFFFFFFFFFFFFFF8F
:10D1B000FFFFFFFFFFFFFFFFFFFFFFFFFFFFFFFF7F
:10D1C000FFFFFFFFFFFFFFFFFFFFFFFFFFFFFFFF6F
:10D1D000FFFFFFFFFFFFFFFFFFFFFFFFFFFFFFFF5F
:10D1E000FFFFFFFFFFFFFFFFFFFFFFFFFFFFFFFF4F
:10D1F000FFFFFFFFFFFFFFFFFFFFFFFFFFFFFFFF3F
:10D20000FFFFFFFFFFFFFFFFFFFFFFFFFFFFFFFF2E
:10D21000FFFFFFFFFFFFFFFFFFFFFFFFFFFFFFFF1E
:10D22000FFFFFFFFFFFFFFFFFFFFFFFFFFFFFFFF0E
:10D23000FFFFFFFFFFFFFFFFFFFFFFFFFFFFFFFFFE
:10D24000FFFFFFFFFFFFFFFFFFFFFFFFFFFFFFFFEE
:10D25000FFFFFFFFFFFFFFFFFFFFFFFFFFFFFFFFDE
:10D26000FFFFFFFFFFFFFFFFFFFFFFFFFFFFFFFFCE
:10D27000FFFFFFFFFFFFFFFFFFFFFFFFFFFFFFFFBE
:10D28000FFFFFFFFFFFFFFFFFFFFFFFFFFFFFFFFAE
:10D29000FFFFFFFFFFFFFFFFFFFFFFFFFFFFFFFF9E
:10D2A000FFFFFFFFFFFFFFFFFFFFFFFFFFFFFFFF8E
:10D2B000FFFFFFFFFFFFFFFFFFFFFFFFFFFFFFFF7E
:10D2C000FFFFFFFFFFFFFFFFFFFFFFFFFFFFFFFF6E
:10D2D000FFFFFFFFFFFFFFFFFFFFFFFFFFFFFFFF5E
:10D2E000FFFFFFFFFFFFFFFFFFFFFFFFFFFFFFFF4E
:10D2F000FFFFFFFFFFFFFFFFFFFFFFFFFFFFFFFF3E
:10D30000FFFFFFFFFFFFFFFFFFFFFFFFFFFFFFFF2D
:10D31000FFFFFFFFFFFFFFFFFFFFFFFFFFFFFFFF1D
:10D32000FFFFFFFFFFFFFFFFFFFFFFFFFFFFFFFF0D
:10D33000FFFFFFFFFFFFFFFFFFFFFFFFFFFFFFFFFD
:10D34000FFFFFFFFFFFFFFFFFFFFFFFFFFFFFFFFED
:10D35000FFFFFFFFFFFFFFFFFFFFFFFFFFFFFFFFDD
:10D36000FFFFFFFFFFFFFFFFFFFFFFFFFFFFFFFFCD
:10D37000FFFFFFFFFFFFFFFFFFFFFFFFFFFFFFFFBD
:10D38000FFFFFFFFFFFFFFFFFFFFFFFFFFFFFFFFAD
:10D39000FFFFFFFFFFFFFFFFFFFFFFFFFFFFFFFF9D
:10D3A000FFFFFFFFFFFFFFFFFFFFFFFFFFFFFFFF8D
:10D3B000FFFFFFFFFFFFFFFFFFFFFFFFFFFFFFFF7D
:10D3C000FFFFFFFFFFFFFFFFFFFFFFFFFFFFFFFF6D
:10D3D000FFFFFFFFFFFFFFFFFFFFFFFFFFFFFFFF5D
:10D3E000FFFFFFFFFFFFFFFFFFFFFFFFFFFFFFFF4D
:10D3F000FFFFFFFFFFFFFFFFFFFFFFFFFFFFFFFF3D
:10D40000FFFFFFFFFFFFFFFFFFFFFFFFFFFFFFFF2C
:10D41000FFFFFFFFFFFFFFFFFFFFFFFFFFFFFFFF1C
:10D42000FFFFFFFFFFFFFFFFFFFFFFFFFFFFFFFF0C
:10D43000FFFFFFFFFFFFFFFFFFFFFFFFFFFFFFFFFC
:10D44000FFFFFFFFFFFFFFFFFFFFFFFFFFFFFFFFEC
:10D45000FFFFFFFFFFFFFFFFFFFFFFFFFFFFFFFFDC
:10D46000FFFFFFFFFFFFFFFFFFFFFFFFFFFFFFFFCC
:10D47000FFFFFFFFFFFFFFFFFFFFFFFFFFFFFFFFBC
:10D48000FFFFFFFFFFFFFFFFFFFFFFFFFFFFFFFFAC
:10D49000FFFFFFFFFFFFFFFFFFFFFFFFFFFFFFFF9C
:10D4A000FFFFFFFFFFFFFFFFFFFFFFFFFFFFFFFF8C
:10D4B000FFFFFFFFFFFFFFFFFFFFFFFFFFFFFFFF7C
:10D4C000FFFFFFFFFFFFFFFFFFFFFFFFFFFFFFFF6C
:10D4D000FFFFFFFFFFFFFFFFFFFFFFFFFFFFFFFF5C
:10D4E000FFFFFFFFFFFFFFFFFFFFFFFFFFFFFFFF4C
:10D4F000FFFFFFFFFFFFFFFFFFFFFFFFFFFFFFFF3C
:10D50000FFFFFFFFFFFFFFFFFFFFFFFFFFFFFFFF2B
:10D51000FFFFFFFFFFFFFFFFFFFFFFFFFFFFFFFF1B
:10D52000FFFFFFFFFFFFFFFFFFFFFFFFFFFFFFFF0B
:10D53000FFFFFFFFFFFFFFFFFFFFFFFFFFFFFFFFFB
:10D54000FFFFFFFFFFFFFFFFFFFFFFFFFFFFFFFFEB
:10D55000FFFFFFFFFFFFFFFFFFFFFFFFFFFFFFFFDB
:10D56000FFFFFFFFFFFFFFFFFFFFFFFFFFFFFFFFCB
:10D57000FFFFFFFFFFFFFFFFFFFFFFFFFFFFFFFFBB
:10D58000FFFFFFFFFFFFFFFFFFFFFFFFFFFFFFFFAB
:10D59000FFFFFFFFFFFFFFFFFFFFFFFFFFFFFFFF9B
:10D5A000FFFFFFFFFFFFFFFFFFFFFFFFFFFFFFFF8B
:10D5B000FFFFFFFFFFFFFFFFFFFFFFFFFFFFFFFF7B
:10D5C000FFFFFFFFFFFFFFFFFFFFFFFFFFFFFFFF6B
:10D5D000FFFFFFFFFFFFFFFFFFFFFFFFFFFFFFFF5B
:10D5E000FFFFFFFFFFFFFFFFFFFFFFFFFFFFFFFF4B
:10D5F000FFFFFFFFFFFFFFFFFFFFFFFFFFFFFFFF3B
:10D60000FFFFFFFFFFFFFFFFFFFFFFFFFFFFFFFF2A
:10D61000FFFFFFFFFFFFFFFFFFFFFFFFFFFFFFFF1A
:10D62000FFFFFFFFFFFFFFFFFFFFFFFFFFFFFFFF0A
:10D63000FFFFFFFFFFFFFFFFFFFFFFFFFFFFFFFFFA
:10D64000FFFFFFFFFFFFFFFFFFFFFFFFFFFFFFFFEA
:10D65000FFFFFFFFFFFFFFFFFFFFFFFFFFFFFFFFDA
:10D66000FFFFFFFFFFFFFFFFFFFFFFFFFFFFFFFFCA
:10D67000FFFFFFFFFFFFFFFFFFFFFFFFFFFFFFFFBA
:10D68000FFFFFFFFFFFFFFFFFFFFFFFFFFFFFFFFAA
:10D69000FFFFFFFFFFFFFFFFFFFFFFFFFFFFFFFF9A
:10D6A000FFFFFFFFFFFFFFFFFFFFFFFFFFFFFFFF8A
:10D6B000FFFFFFFFFFFFFFFFFFFFFFFFFFFFFFFF7A
:10D6C000FFFFFFFFFFFFFFFFFFFFFFFFFFFFFFFF6A
:10D6D000FFFFFFFFFFFFFFFFFFFFFFFFFFFFFFFF5A
:10D6E000FFFFFFFFFFFFFFFFFFFFFFFFFFFFFFFF4A
:10D6F000FFFFFFFFFFFFFFFFFFFFFFFFFFFFFFFF3A
:10D70000FFFFFFFFFFFFFFFFFFFFFFFFFFFFFFFF29
:10D71000FFFFFFFFFFFFFFFFFFFFFFFFFFFFFFFF19
:10D72000FFFFFFFFFFFFFFFFFFFFFFFFFFFFFFFF09
:10D73000FFFFFFFFFFFFFFFFFFFFFFFFFFFFFFFFF9
:10D74000FFFFFFFFFFFFFFFFFFFFFFFFFFFFFFFFE9
:10D75000FFFFFFFFFFFFFFFFFFFFFFFFFFFFFFFFD9
:10D76000FFFFFFFFFFFFFFFFFFFFFFFFFFFFFFFFC9
:10D77000FFFFFFFFFFFFFFFFFFFFFFFFFFFFFFFFB9
:10D78000FFFFFFFFFFFFFFFFFFFFFFFFFFFFFFFFA9
:10D79000FFFFFFFFFFFFFFFFFFFFFFFFFFFFFFFF99
:10D7A000FFFFFFFFFFFFFFFFFFFFFFFFFFFFFFFF89
:10D7B000FFFFFFFFFFFFFFFFFFFFFFFFFFFFFFFF79
:10D7C000FFFFFFFFFFFFFFFFFFFFFFFFFFFFFFFF69
:10D7D000FFFFFFFFFFFFFFFFFFFFFFFFFFFFFFFF59
:10D7E000FFFFFFFFFFFFFFFFFFFFFFFFFFFFFFFF49
:10D7F000FFFFFFFFFFFFFFFFFFFFFFFFFFFFFFFF39
:10D80000FFFFFFFFFFFFFFFFFFFFFFFFFFFFFFFF28
:10D81000FFFFFFFFFFFFFFFFFFFFFFFFFFFFFFFF18
:10D82000FFFFFFFFFFFFFFFFFFFFFFFFFFFFFFFF08
:10D83000FFFFFFFFFFFFFFFFFFFFFFFFFFFFFFFFF8
:10D84000FFFFFFFFFFFFFFFFFFFFFFFFFFFFFFFFE8
:10D85000FFFFFFFFFFFFFFFFFFFFFFFFFFFFFFFFD8
:10D86000FFFFFFFFFFFFFFFFFFFFFFFFFFFFFFFFC8
:10D87000FFFFFFFFFFFFFFFFFFFFFFFFFFFFFFFFB8
:10D88000FFFFFFFFFFFFFFFFFFFFFFFFFFFFFFFFA8
:10D89000FFFFFFFFFFFFFFFFFFFFFFFFFFFFFFFF98
:10D8A000FFFFFFFFFFFFFFFFFFFFFFFFFFFFFFFF88
:10D8B000FFFFFFFFFFFFFFFFFFFFFFFFFFFFFFFF78
:10D8C000FFFFFFFFFFFFFFFFFFFFFFFFFFFFFFFF68
:10D8D000FFFFFFFFFFFFFFFFFFFFFFFFFFFFFFFF58
:10D8E000FFFFFFFFFFFFFFFFFFFFFFFFFFFFFFFF48
:10D8F000FFFFFFFFFFFFFFFFFFFFFFFFFFFFFFFF38
:10D90000FFFFFFFFFFFFFFFFFFFFFFFFFFFFFFFF27
:10D91000FFFFFFFFFFFFFFFFFFFFFFFFFFFFFFFF17
:10D92000FFFFFFFFFFFFFFFFFFFFFFFFFFFFFFFF07
:10D93000FFFFFFFFFFFFFFFFFFFFFFFFFFFFFFFFF7
:10D94000FFFFFFFFFFFFFFFFFFFFFFFFFFFFFFFFE7
:10D95000FFFFFFFFFFFFFFFFFFFFFFFFFFFFFFFFD7
:10D96000FFFFFFFFFFFFFFFFFFFFFFFFFFFFFFFFC7
:10D97000FFFFFFFFFFFFFFFFFFFFFFFFFFFFFFFFB7
:10D98000FFFFFFFFFFFFFFFFFFFFFFFFFFFFFFFFA7
:10D99000FFFFFFFFFFFFFFFFFFFFFFFFFFFFFFFF97
:10D9A000FFFFFFFFFFFFFFFFFFFFFFFFFFFFFFFF87
:10D9B000FFFFFFFFFFFFFFFFFFFFFFFFFFFFFFFF77
:10D9C000FFFFFFFFFFFFFFFFFFFFFFFFFFFFFFFF67
:10D9D000FFFFFFFFFFFFFFFFFFFFFFFFFFFFFFFF57
:10D9E000FFFFFFFFFFFFFFFFFFFFFFFFFFFFFFFF47
:10D9F000FFFFFFFFFFFFFFFFFFFFFFFFFFFFFFFF37
:10DA0000FFFFFFFFFFFFFFFFFFFFFFFFFFFFFFFF26
:10DA1000FFFFFFFFFFFFFFFFFFFFFFFFFFFFFFFF16
:10DA2000FFFFFFFFFFFFFFFFFFFFFFFFFFFFFFFF06
:10DA3000FFFFFFFFFFFFFFFFFFFFFFFFFFFFFFFFF6
:10DA4000FFFFFFFFFFFFFFFFFFFFFFFFFFFFFFFFE6
:10DA5000FFFFFFFFFFFFFFFFFFFFFFFFFFFFFFFFD6
:10DA6000FFFFFFFFFFFFFFFFFFFFFFFFFFFFFFFFC6
:10DA7000FFFFFFFFFFFFFFFFFFFFFFFFFFFFFFFFB6
:10DA8000FFFFFFFFFFFFFFFFFFFFFFFFFFFFFFFFA6
:10DA9000FFFFFFFFFFFFFFFFFFFFFFFFFFFFFFFF96
:10DAA000FFFFFFFFFFFFFFFFFFFFFFFFFFFFFFFF86
:10DAB000FFFFFFFFFFFFFFFFFFFFFFFFFFFFFFFF76
:10DAC000FFFFFFFFFFFFFFFFFFFFFFFFFFFFFFFF66
:10DAD000FFFFFFFFFFFFFFFFFFFFFFFFFFFFFFFF56
:10DAE000FFFFFFFFFFFFFFFFFFFFFFFFFFFFFFFF46
:10DAF000FFFFFFFFFFFFFFFFFFFFFFFFFFFFFFFF36
:10DB0000FFFFFFFFFFFFFFFFFFFFFFFFFFFFFFFF25
:10DB1000FFFFFFFFFFFFFFFFFFFFFFFFFFFFFFFF15
:10DB2000FFFFFFFFFFFFFFFFFFFFFFFFFFFFFFFF05
:10DB3000FFFFFFFFFFFFFFFFFFFFFFFFFFFFFFFFF5
:10DB4000FFFFFFFFFFFFFFFFFFFFFFFFFFFFFFFFE5
:10DB5000FFFFFFFFFFFFFFFFFFFFFFFFFFFFFFFFD5
:10DB6000FFFFFFFFFFFFFFFFFFFFFFFFFFFFFFFFC5
:10DB7000FFFFFFFFFFFFFFFFFFFFFFFFFFFFFFFFB5
:10DB8000FFFFFFFFFFFFFFFFFFFFFFFFFFFFFFFFA5
:10DB9000FFFFFFFFFFFFFFFFFFFFFFFFFFFFFFFF95
:10DBA000FFFFFFFFFFFFFFFFFFFFFFFFFFFFFFFF85
:10DBB000FFFFFFFFFFFFFFFFFFFFFFFFFFFFFFFF75
:10DBC000FFFFFFFFFFFFFFFFFFFFFFFFFFFFFFFF65
:10DBD000FFFFFFFFFFFFFFFFFFFFFFFFFFFFFFFF55
:10DBE000FFFFFFFFFFFFFFFFFFFFFFFFFFFFFFFF45
:10DBF000FFFFFFFFFFFFFFFFFFFFFFFFFFFFFFFF35
:10DC0000FFFFFFFFFFFFFFFFFFFFFFFFFFFFFFFF24
:10DC1000FFFFFFFFFFFFFFFFFFFFFFFFFFFFFFFF14
:10DC2000FFFFFFFFFFFFFFFFFFFFFFFFFFFFFFFF04
:10DC3000FFFFFFFFFFFFFFFFFFFFFFFFFFFFFFFFF4
:10DC4000FFFFFFFFFFFFFFFFFFFFFFFFFFFFFFFFE4
:10DC5000FFFFFFFFFFFFFFFFFFFFFFFFFFFFFFFFD4
:10DC6000FFFFFFFFFFFFFFFFFFFFFFFFFFFFFFFFC4
:10DC7000FFFFFFFFFFFFFFFFFFFFFFFFFFFFFFFFB4
:10DC8000FFFFFFFFFFFFFFFFFFFFFFFFFFFFFFFFA4
:10DC9000FFFFFFFFFFFFFFFFFFFFFFFFFFFFFFFF94
:10DCA000FFFFFFFFFFFFFFFFFFFFFFFFFFFFFFFF84
:10DCB000FFFFFFFFFFFFFFFFFFFFFFFFFFFFFFFF74
:10DCC000FFFFFFFFFFFFFFFFFFFFFFFFFFFFFFFF64
:10DCD000FFFFFFFFFFFFFFFFFFFFFFFFFFFFFFFF54
:10DCE000FFFFFFFFFFFFFFFFFFFFFFFFFFFFFFFF44
:10DCF000FFFFFFFFFFFFFFFFFFFFFFFFFFFFFFFF34
:10DD0000FFFFFFFFFFFFFFFFFFFFFFFFFFFFFFFF23
:10DD1000FFFFFFFFFFFFFFFFFFFFFFFFFFFFFFFF13
:10DD2000FFFFFFFFFFFFFFFFFFFFFFFFFFFFFFFF03
:10DD3000FFFFFFFFFFFFFFFFFFFFFFFFFFFFFFFFF3
:10DD4000FFFFFFFFFFFFFFFFFFFFFFFFFFFFFFFFE3
:10DD5000FFFFFFFFFFFFFFFFFFFFFFFFFFFFFFFFD3
:10DD6000FFFFFFFFFFFFFFFFFFFFFFFFFFFFFFFFC3
:10DD7000FFFFFFFFFFFFFFFFFFFFFFFFFFFFFFFFB3
:10DD8000FFFFFFFFFFFFFFFFFFFFFFFFFFFFFFFFA3
:10DD9000FFFFFFFFFFFFFFFFFFFFFFFFFFFFFFFF93
:10DDA000FFFFFFFFFFFFFFFFFFFFFFFFFFFFFFFF83
:10DDB000FFFFFFFFFFFFFFFFFFFFFFFFFFFFFFFF73
:10DDC000FFFFFFFFFFFFFFFFFFFFFFFFFFFFFFFF63
:10DDD000FFFFFFFFFFFFFFFFFFFFFFFFFFFFFFFF53
:10DDE000FFFFFFFFFFFFFFFFFFFFFFFFFFFFFFFF43
:10DDF000FFFFFFFFFFFFFFFFFFFFFFFFFFFFFFFF33
:10DE0000FFFFFFFFFFFFFFFFFFFFFFFFFFFFFFFF22
:10DE1000FFFFFFFFFFFFFFFFFFFFFFFFFFFFFFFF12
:10DE2000FFFFFFFFFFFFFFFFFFFFFFFFFFFFFFFF02
:10DE3000FFFFFFFFFFFFFFFFFFFFFFFFFFFFFFFFF2
:10DE4000FFFFFFFFFFFFFFFFFFFFFFFFFFFFFFFFE2
:10DE5000FFFFFFFFFFFFFFFFFFFFFFFFFFFFFFFFD2
:10DE6000FFFFFFFFFFFFFFFFFFFFFFFFFFFFFFFFC2
:10DE7000FFFFFFFFFFFFFFFFFFFFFFFFFFFFFFFFB2
:10DE8000FFFFFFFFFFFFFFFFFFFFFFFFFFFFFFFFA2
:10DE9000FFFFFFFFFFFFFFFFFFFFFFFFFFFFFFFF92
:10DEA000FFFFFFFFFFFFFFFFFFFFFFFFFFFFFFFF82
:10DEB000FFFFFFFFFFFFFFFFFFFFFFFFFFFFFFFF72
:10DEC000FFFFFFFFFFFFFFFFFFFFFFFFFFFFFFFF62
:10DED000FFFFFFFFFFFFFFFFFFFFFFFFFFFFFFFF52
:10DEE000FFFFFFFFFFFFFFFFFFFFFFFFFFFFFFFF42
:10DEF000FFFFFFFFFFFFFFFFFFFFFFFFFFFFFFFF32
:10DF0000FFFFFFFFFFFFFFFFFFFFFFFFFFFFFFFF21
:10DF1000FFFFFFFFFFFFFFFFFFFFFFFFFFFFFFFF11
:10DF2000FFFFFFFFFFFFFFFFFFFFFFFFFFFFFFFF01
:10DF3000FFFFFFFFFFFFFFFFFFFFFFFFFFFFFFFFF1
:10DF4000FFFFFFFFFFFFFFFFFFFFFFFFFFFFFFFFE1
:10DF5000FFFFFFFFFFFFFFFFFFFFFFFFFFFFFFFFD1
:10DF6000FFFFFFFFFFFFFFFFFFFFFFFFFFFFFFFFC1
:10DF7000FFFFFFFFFFFFFFFFFFFFFFFFFFFFFFFFB1
:10DF8000FFFFFFFFFFFFFFFFFFFFFFFFFFFFFFFFA1
:10DF9000FFFFFFFFFFFFFFFFFFFFFFFFFFFFFFFF91
:10DFA000FFFFFFFFFFFFFFFFFFFFFFFFFFFFFFFF81
:10DFB000FFFFFFFFFFFFFFFFFFFFFFFFFFFFFFFF71
:10DFC000FFFFFFFFFFFFFFFFFFFFFFFFFFFFFFFF61
:10DFD000FFFFFFFFFFFFFFFFFFFFFFFFFFFFFFFF51
:10DFE000FFFFFFFFFFFFFFFFFFFFFFFFFFFFFFFF41
:10DFF000FFFFFFFFFFFFFFFFFFFFFFFFFFFFFFFF31
:10E00000FFFF0000FFFFFFFFFFFFFFFFFFFFFFFF1E
:10E01000FFFFFFFFFFFFFFFFFFFFFFFFFFFFFFFF10
:10E02000FFFFFFFFFFFFFFFFFFFFFFFFFFFFFFFF00
:10E03000FFFFFFFFFFFFFFFFFFFFFFFFFFFFFFFFF0
:10E04000FFFFFFFFFFFFFFFFFFFFFFFFFFFFFFFFE0
:10E05000FFFFFFFFFFFFFFFFFFFFFFFFFFFFFFFFD0
:10E06000FFFFFFFFFFFFFFFFFFFFFFFFFFFFFFFFC0
:10E07000FFFFFFFFFFFFFFFFFFFFFFFFFFFFFFFFB0
:10E08000FFFFFFFFFFFFFFFFFFFFFFFFFFFFFFFFA0
:10E09000FFFFFFFFFFFFFFFFFFFFFFFFFFFFFFFF90
:10E0A000FFFFFFFFFFFFFFFFFFFFFFFFFFFFFFFF80
:10E0B000FFFFFFFFFFFFFFFFFFFFFFFFFFFFFFFF70
:10E0C000FFFFFFFFFFFFFFFFFFFFFFFFFFFFFFFF60
:10E0D000FFFFFFFFFFFFFFFFFFFFFFFFFFFFFFFF50
:10E0E000FFFFFFFFFFFFFFFFFFFFFFFFFFFFFFFF40
:10E0F000FFFFFFFFFFFFFFFFFFFFFFFFFFFFFFFF30
:10E10000FFFFFFFFFFFFFFFFFFFFFFFFFFFFFFFF1F
:10E11000FFFFFFFFFFFFFFFFFFFFFFFFFFFFFFFF0F
:10E12000FFFFFFFFFFFFFFFFFFFFFFFFFFFFFFFFFF
:10E13000FFFFFFFFFFFFFFFFFFFFFFFFFFFFFFFFEF
:10E14000FFFFFFFFFFFFFFFFFFFFFFFFFFFFFFFFDF
:10E15000FFFFFFFFFFFFFFFFFFFFFFFFFFFFFFFFCF
:10E16000FFFFFFFFFFFFFFFFFFFFFFFFFFFFFFFFBF
:10E17000FFFFFFFFFFFFFFFFFFFFFFFFFFFFFFFFAF
:10E18000FFFFFFFFFFFFFFFFFFFFFFFFFFFFFFFF9F
:10E19000FFFFFFFFFFFFFFFFFFFFFFFFFFFFFFFF8F
:10E1A000FFFFFFFFFFFFFFFFFFFFFFFFFFFFFFFF7F
:10E1B000FFFFFFFFFFFFFFFFFFFFFFFFFFFFFFFF6F
:10E1C000FFFFFFFFFFFFFFFFFFFFFFFFFFFFFFFF5F
:10E1D000FFFFFFFFFFFFFFFFFFFFFFFFFFFFFFFF4F
:10E1E000FFFFFFFFFFFFFFFFFFFFFFFFFFFFFFFF3F
:10E1F000FFFFFFFFFFFFFFFFFFFFFFFFFFFFFFFF2F
:10E20000FFFFFFFFFFFFFFFFFFFFFFFFFFFFFFFF1E
:10E21000FFFFFFFFFFFFFFFFFFFFFFFFFFFFFFFF0E
:10E22000FFFFFFFFFFFFFFFFFFFFFFFFFFFFFFFFFE
:10E23000FFFFFFFFFFFFFFFFFFFFFFFFFFFFFFFFEE
:10E24000FFFFFFFFFFFFFFFFFFFFFFFFFFFFFFFFDE
:10E25000FFFFFFFFFFFFFFFFFFFFFFFFFFFFFFFFCE
:10E26000FFFFFFFFFFFFFFFFFFFFFFFFFFFFFFFFBE
:10E27000FFFFFFFFFFFFFFFFFFFFFFFFFFFFFFFFAE
:10E28000FFFFFFFFFFFFFFFFFFFFFFFFFFFFFFFF9E
:10E29000FFFFFFFFFFFFFFFFFFFFFFFFFFFFFFFF8E
:10E2A000FFFFFFFFFFFFFFFFFFFFFFFFFFFFFFFF7E
:10E2B000FFFFFFFFFFFFFFFFFFFFFFFFFFFFFFFF6E
:10E2C000FFFFFFFFFFFFFFFFFFFFFFFFFFFFFFFF5E
:10E2D000FFFFFFFFFFFFFFFFFFFFFFFFFFFFFFFF4E
:10E2E000FFFFFFFFFFFFFFFFFFFFFFFFFFFFFFFF3E
:10E2F000FFFFFFFFFFFFFFFFFFFFFFFFFFFFFFFF2E
:10E30000FFFFFFFFFFFFFFFFFFFFFFFFFFFFFFFF1D
:10E31000FFFFFFFFFFFFFFFFFFFFFFFFFFFFFFFF0D
:10E32000FFFFFFFFFFFFFFFFFFFFFFFFFFFFFFFFFD
:10E33000FFFFFFFFFFFFFFFFFFFFFFFFFFFFFFFFED
:10E34000FFFFFFFFFFFFFFFFFFFFFFFFFFFFFFFFDD
:10E35000FFFFFFFFFFFFFFFFFFFFFFFFFFFFFFFFCD
:10E36000FFFFFFFFFFFFFFFFFFFFFFFFFFFFFFFFBD
:10E37000FFFFFFFFFFFFFFFFFFFFFFFFFFFFFFFFAD
:10E38000FFFFFFFFFFFFFFFFFFFFFFFFFFFFFFFF9D
:10E39000FFFFFFFFFFFFFFFFFFFFFFFFFFFFFFFF8D
:10E3A000FFFFFFFFFFFFFFFFFFFFFFFFFFFFFFFF7D
:10E3B000FFFFFFFFFFFFFFFFFFFFFFFFFFFFFFFF6D
:10E3C000FFFFFFFFFFFFFFFFFFFFFFFFFFFFFFFF5D
:10E3D000FFFFFFFFFFFFFFFFFFFFFFFFFFFFFFFF4D
:10E3E000FFFFFFFFFFFFFFFFFFFFFFFFFFFFFFFF3D
:10E3F000FFFFFFFFFFFFFFFFFFFFFFFFFFFFFFFF2D
:10E40000FFFFFFFFFFFFFFFFFFFFFFFFFFFFFFFF1C
:10E41000FFFFFFFFFFFFFFFFFFFFFFFFFFFFFFFF0C
:10E42000FFFFFFFFFFFFFFFFFFFFFFFFFFFFFFFFFC
:10E43000FFFFFFFFFFFFFFFFFFFFFFFFFFFFFFFFEC
:10E44000FFFFFFFFFFFFFFFFFFFFFFFFFFFFFFFFDC
:10E45000FFFFFFFFFFFFFFFFFFFFFFFFFFFFFFFFCC
:10E46000FFFFFFFFFFFFFFFFFFFFFFFFFFFFFFFFBC
:10E47000FFFFFFFFFFFFFFFFFFFFFFFFFFFFFFFFAC
:10E48000FFFFFFFFFFFFFFFFFFFFFFFFFFFFFFFF9C
:10E49000FFFFFFFFFFFFFFFFFFFFFFFFFFFFFFFF8C
:10E4A000FFFFFFFFFFFFFFFFFFFFFFFFFFFFFFFF7C
:10E4B000FFFFFFFFFFFFFFFFFFFFFFFFFFFFFFFF6C
:10E4C000FFFFFFFFFFFFFFFFFFFFFFFFFFFFFFFF5C
:10E4D000FFFFFFFFFFFFFFFFFFFFFFFFFFFFFFFF4C
:10E4E000FFFFFFFFFFFFFFFFFFFFFFFFFFFFFFFF3C
:10E4F000FFFFFFFFFFFFFFFFFFFFFFFFFFFFFFFF2C
:10E50000FFFFFFFFFFFFFFFFFFFFFFFFFFFFFFFF1B
:10E51000FFFFFFFFFFFFFFFFFFFFFFFFFFFFFFFF0B
:10E52000FFFFFFFFFFFFFFFFFFFFFFFFFFFFFFFFFB
:10E53000FFFFFFFFFFFFFFFFFFFFFFFFFFFFFFFFEB
:10E54000FFFFFFFFFFFFFFFFFFFFFFFFFFFFFFFFDB
:10E55000FFFFFFFFFFFFFFFFFFFFFFFFFFFFFFFFCB
:10E56000FFFFFFFFFFFFFFFFFFFFFFFFFFFFFFFFBB
:10E57000FFFFFFFFFFFFFFFFFFFFFFFFFFFFFFFFAB
:10E58000FFFFFFFFFFFFFFFFFFFFFFFFFFFFFFFF9B
:10E59000FFFFFFFFFFFFFFFFFFFFFFFFFFFFFFFF8B
:10E5A000FFFFFFFFFFFFFFFFFFFFFFFFFFFFFFFF7B
:10E5B000FFFFFFFFFFFFFFFFFFFFFFFFFFFFFFFF6B
:10E5C000FFFFFFFFFFFFFFFFFFFFFFFFFFFFFFFF5B
:10E5D000FFFFFFFFFFFFFFFFFFFFFFFFFFFFFFFF4B
:10E5E000FFFFFFFFFFFFFFFFFFFFFFFFFFFFFFFF3B
:10E5F000FFFFFFFFFFFFFFFFFFFFFFFFFFFFFFFF2B
:10E60000FFFFFFFFFFFFFFFFFFFFFFFFFFFFFFFF1A
:10E61000FFFFFFFFFFFFFFFFFFFFFFFFFFFFFFFF0A
:10E62000FFFFFFFFFFFFFFFFFFFFFFFFFFFFFFFFFA
:10E63000FFFFFFFFFFFFFFFFFFFFFFFFFFFFFFFFEA
:10E64000FFFFFFFFFFFFFFFFFFFFFFFFFFFFFFFFDA
:10E65000FFFFFFFFFFFFFFFFFFFFFFFFFFFFFFFFCA
:10E66000FFFFFFFFFFFFFFFFFFFFFFFFFFFFFFFFBA
:10E67000FFFFFFFFFFFFFFFFFFFFFFFFFFFFFFFFAA
:10E68000FFFFFFFFFFFFFFFFFFFFFFFFFFFFFFFF9A
:10E69000FFFFFFFFFFFFFFFFFFFFFFFFFFFFFFFF8A
:10E6A000FFFFFFFFFFFFFFFFFFFFFFFFFFFFFFFF7A
:10E6B000FFFFFFFFFFFFFFFFFFFFFFFFFFFFFFFF6A
:10E6C000FFFFFFFFFFFFFFFFFFFFFFFFFFFFFFFF5A
:10E6D000FFFFFFFFFFFFFFFFFFFFFFFFFFFFFFFF4A
:10E6E000FFFFFFFFFFFFFFFFFFFFFFFFFFFFFFFF3A
:10E6F000FFFFFFFFFFFFFFFFFFFFFFFFFFFFFFFF2A
:10E70000FFFFFFFFFFFFFFFFFFFFFFFFFFFFFFFF19
:10E71000FFFFFFFFFFFFFFFFFFFFFFFFFFFFFFFF09
:10E72000FFFFFFFFFFFFFFFFFFFFFFFFFFFFFFFFF9
:10E73000FFFFFFFFFFFFFFFFFFFFFFFFFFFFFFFFE9
:10E74000FFFFFFFFFFFFFFFFFFFFFFFFFFFFFFFFD9
:10E75000FFFFFFFFFFFFFFFFFFFFFFFFFFFFFFFFC9
:10E76000FFFFFFFFFFFFFFFFFFFFFFFFFFFFFFFFB9
:10E77000FFFFFFFFFFFFFFFFFFFFFFFFFFFFFFFFA9
:10E78000FFFFFFFFFFFFFFFFFFFFFFFFFFFFFFFF99
:10E79000FFFFFFFFFFFFFFFFFFFFFFFFFFFFFFFF89
:10E7A000FFFFFFFFFFFFFFFFFFFFFFFFFFFFFFFF79
:10E7B000FFFFFFFFFFFFFFFFFFFFFFFFFFFFFFFF69
:10E7C000FFFFFFFFFFFFFFFFFFFFFFFFFFFFFFFF59
:10E7D000FFFFFFFFFFFFFFFFFFFFFFFFFFFFFFFF49
:10E7E000FFFFFFFFFFFFFFFFFFFFFFFFFFFFFFFF39
:10E7F000FFFFFFFFFFFFFFFFFFFFFFFFFFFFFFFF29
:10E80000FFFFFFFFFFFFFFFFFFFFFFFFFFFFFFFF18
:10E81000FFFFFFFFFFFFFFFFFFFFFFFFFFFFFFFF08
:10E82000FFFFFFFFFFFFFFFFFFFFFFFFFFFFFFFFF8
:10E83000FFFFFFFFFFFFFFFFFFFFFFFFFFFFFFFFE8
:10E84000FFFFFFFFFFFFFFFFFFFFFFFFFFFFFFFFD8
:10E85000FFFFFFFFFFFFFFFFFFFFFFFFFFFFFFFFC8
:10E86000FFFFFFFFFFFFFFFFFFFFFFFFFFFFFFFFB8
:10E87000FFFFFFFFFFFFFFFFFFFFFFFFFFFFFFFFA8
:10E88000FFFFFFFFFFFFFFFFFFFFFFFFFFFFFFFF98
:10E89000FFFFFFFFFFFFFFFFFFFFFFFFFFFFFFFF88
:10E8A000FFFFFFFFFFFFFFFFFFFFFFFFFFFFFFFF78
:10E8B000FFFFFFFFFFFFFFFFFFFFFFFFFFFFFFFF68
:10E8C000FFFFFFFFFFFFFFFFFFFFFFFFFFFFFFFF58
:10E8D000FFFFFFFFFFFFFFFFFFFFFFFFFFFFFFFF48
:10E8E000FFFFFFFFFFFFFFFFFFFFFFFFFFFFFFFF38
:10E8F000FFFFFFFFFFFFFFFFFFFFFFFFFFFFFFFF28
:10E90000FFFFFFFFFFFFFFFFFFFFFFFFFFFFFFFF17
:10E91000FFFFFFFFFFFFFFFFFFFFFFFFFFFFFFFF07
:10E92000FFFFFFFFFFFFFFFFFFFFFFFFFFFFFFFFF7
:10E93000FFFFFFFFFFFFFFFFFFFFFFFFFFFFFFFFE7
:10E94000FFFFFFFFFFFFFFFFFFFFFFFFFFFFFFFFD7
:10E95000FFFFFFFFFFFFFFFFFFFFFFFFFFFFFFFFC7
:10E96000FFFFFFFFFFFFFFFFFFFFFFFFFFFFFFFFB7
:10E97000FFFFFFFFFFFFFFFFFFFFFFFFFFFFFFFFA7
:10E98000FFFFFFFFFFFFFFFFFFFFFFFFFFFFFFFF97
:10E99000FFFFFFFFFFFFFFFFFFFFFFFFFFFFFFFF87
:10E9A000FFFFFFFFFFFFFFFFFFFFFFFFFFFFFFFF77
:10E9B000FFFFFFFFFFFFFFFFFFFFFFFFFFFFFFFF67
:10E9C000FFFFFFFFFFFFFFFFFFFFFFFFFFFFFFFF57
:10E9D000FFFFFFFFFFFFFFFFFFFFFFFFFFFFFFFF47
:10E9E000FFFFFFFFFFFFFFFFFFFFFFFFFFFFFFFF37
:10E9F000FFFFFFFFFFFFFFFFFFFFFFFFFFFFFFFF27
:10EA0000FFFFFFFFFFFFFFFFFFFFFFFFFFFFFFFF16
:10EA1000FFFFFFFFFFFFFFFFFFFFFFFFFFFFFFFF06
:10EA2000FFFFFFFFFFFFFFFFFFFFFFFFFFFFFFFFF6
:10EA3000FFFFFFFFFFFFFFFFFFFFFFFFFFFFFFFFE6
:10EA4000FFFFFFFFFFFFFFFFFFFFFFFFFFFFFFFFD6
:10EA5000FFFFFFFFFFFFFFFFFFFFFFFFFFFFFFFFC6
:10EA6000FFFFFFFFFFFFFFFFFFFFFFFFFFFFFFFFB6
:10EA7000FFFFFFFFFFFFFFFFFFFFFFFFFFFFFFFFA6
:10EA8000FFFFFFFFFFFFFFFFFFFFFFFFFFFFFFFF96
:10EA9000FFFFFFFFFFFFFFFFFFFFFFFFFFFFFFFF86
:10EAA000FFFFFFFFFFFFFFFFFFFFFFFFFFFFFFFF76
:10EAB000FFFFFFFFFFFFFFFFFFFFFFFFFFFFFFFF66
:10EAC000FFFFFFFFFFFFFFFFFFFFFFFFFFFFFFFF56
:10EAD000FFFFFFFFFFFFFFFFFFFFFFFFFFFFFFFF46
:10EAE000FFFFFFFFFFFFFFFFFFFFFFFFFFFFFFFF36
:10EAF000FFFFFFFFFFFFFFFFFFFFFFFFFFFFFFFF26
:10EB0000FFFFFFFFFFFFFFFFFFFFFFFFFFFFFFFF15
:10EB1000FFFFFFFFFFFFFFFFFFFFFFFFFFFFFFFF05
:10EB2000FFFFFFFFFFFFFFFFFFFFFFFFFFFFFFFFF5
:10EB3000FFFFFFFFFFFFFFFFFFFFFFFFFFFFFFFFE5
:10EB4000FFFFFFFFFFFFFFFFFFFFFFFFFFFFFFFFD5
:10EB5000FFFFFFFFFFFFFFFFFFFFFFFFFFFFFFFFC5
:10EB6000FFFFFFFFFFFFFFFFFFFFFFFFFFFFFFFFB5
:10EB7000FFFFFFFFFFFFFFFFFFFFFFFFFFFFFFFFA5
:10EB8000FFFFFFFFFFFFFFFFFFFFFFFFFFFFFFFF95
:10EB9000FFFFFFFFFFFFFFFFFFFFFFFFFFFFFFFF85
:10EBA000FFFFFFFFFFFFFFFFFFFFFFFFFFFFFFFF75
:10EBB000FFFFFFFFFFFFFFFFFFFFFFFFFFFFFFFF65
:10EBC000FFFFFFFFFFFFFFFFFFFFFFFFFFFFFFFF55
:10EBD000FFFFFFFFFFFFFFFFFFFFFFFFFFFFFFFF45
:10EBE000FFFFFFFFFFFFFFFFFFFFFFFFFFFFFFFF35
:10EBF000FFFFFFFFFFFFFFFFFFFFFFFFFFFFFFFF25
:10EC0000FFFFFFFFFFFFFFFFFFFFFFFFFFFFFFFF14
:10EC1000FFFFFFFFFFFFFFFFFFFFFFFFFFFFFFFF04
:10EC2000FFFFFFFFFFFFFFFFFFFFFFFFFFFFFFFFF4
:10EC3000FFFFFFFFFFFFFFFFFFFFFFFFFFFFFFFFE4
:10EC4000FFFFFFFFFFFFFFFFFFFFFFFFFFFFFFFFD4
:10EC5000FFFFFFFFFFFFFFFFFFFFFFFFFFFFFFFFC4
:10EC6000FFFFFFFFFFFFFFFFFFFFFFFFFFFFFFFFB4
:10EC7000FFFFFFFFFFFFFFFFFFFFFFFFFFFFFFFFA4
:10EC8000FFFFFFFFFFFFFFFFFFFFFFFFFFFFFFFF94
:10EC9000FFFFFFFFFFFFFFFFFFFFFFFFFFFFFFFF84
:10ECA000FFFFFFFFFFFFFFFFFFFFFFFFFFFFFFFF74
:10ECB000FFFFFFFFFFFFFFFFFFFFFFFFFFFFFFFF64
:10ECC000FFFFFFFFFFFFFFFFFFFFFFFFFFFFFFFF54
:10ECD000FFFFFFFFFFFFFFFFFFFFFFFFFFFFFFFF44
:10ECE000FFFFFFFFFFFFFFFFFFFFFFFFFFFFFFFF34
:10ECF000FFFFFFFFFFFFFFFFFFFFFFFFFFFFFFFF24
:10ED0000FFFFFFFFFFFFFFFFFFFFFFFFFFFFFFFF13
:10ED1000FFFFFFFFFFFFFFFFFFFFFFFFFFFFFFFF03
:10ED2000FFFFFFFFFFFFFFFFFFFFFFFFFFFFFFFFF3
:10ED3000FFFFFFFFFFFFFFFFFFFFFFFFFFFFFFFFE3
:10ED4000FFFFFFFFFFFFFFFFFFFFFFFFFFFFFFFFD3
:10ED5000FFFFFFFFFFFFFFFFFFFFFFFFFFFFFFFFC3
:10ED6000FFFFFFFFFFFFFFFFFFFFFFFFFFFFFFFFB3
:10ED7000FFFFFFFFFFFFFFFFFFFFFFFFFFFFFFFFA3
:10ED8000FFFFFFFFFFFFFFFFFFFFFFFFFFFFFFFF93
:10ED9000FFFFFFFFFFFFFFFFFFFFFFFFFFFFFFFF83
:10EDA000FFFFFFFFFFFFFFFFFFFFFFFFFFFFFFFF73
:10EDB000FFFFFFFFFFFFFFFFFFFFFFFFFFFFFFFF63
:10EDC000FFFFFFFFFFFFFFFFFFFFFFFFFFFFFFFF53
:10EDD000FFFFFFFFFFFFFFFFFFFFFFFFFFFFFFFF43
:10EDE000FFFFFFFFFFFFFFFFFFFFFFFFFFFFFFFF33
:10EDF000FFFFFFFFFFFFFFFFFFFFFFFFFFFFFFFF23
:10EE0000FFFFFFFFFFFFFFFFFFFFFFFFFFFFFFFF12
:10EE1000FFFFFFFFFFFFFFFFFFFFFFFFFFFFFFFF02
:10EE2000FFFFFFFFFFFFFFFFFFFFFFFFFFFFFFFFF2
:10EE3000FFFFFFFFFFFFFFFFFFFFFFFFFFFFFFFFE2
:10EE4000FFFFFFFFFFFFFFFFFFFFFFFFFFFFFFFFD2
:10EE5000FFFFFFFFFFFFFFFFFFFFFFFFFFFFFFFFC2
:10EE6000FFFFFFFFFFFFFFFFFFFFFFFFFFFFFFFFB2
:10EE7000FFFFFFFFFFFFFFFFFFFFFFFFFFFFFFFFA2
:10EE8000FFFFFFFFFFFFFFFFFFFFFFFFFFFFFFFF92
:10EE9000FFFFFFFFFFFFFFFFFFFFFFFFFFFFFFFF82
:10EEA000FFFFFFFFFFFFFFFFFFFFFFFFFFFFFFFF72
:10EEB000FFFFFFFFFFFFFFFFFFFFFFFFFFFFFFFF62
:10EEC000FFFFFFFFFFFFFFFFFFFFFFFFFFFFFFFF52
:10EED000FFFFFFFFFFFFFFFFFFFFFFFFFFFFFFFF42
:10EEE000FFFFFFFFFFFFFFFFFFFFFFFFFFFFFFFF32
:10EEF000FFFFFFFFFFFFFFFFFFFFFFFFFFFFFFFF22
:10EF0000FFFFFFFFFFFFFFFFFFFFFFFFFFFFFFFF11
:10EF1000FFFFFFFFFFFFFFFFFFFFFFFFFFFFFFFF01
:10EF2000FFFFFFFFFFFFFFFFFFFFFFFFFFFFFFFFF1
:10EF3000FFFFFFFFFFFFFFFFFFFFFFFFFFFFFFFFE1
:10EF4000FFFFFFFFFFFFFFFFFFFFFFFFFFFFFFFFD1
:10EF5000FFFFFFFFFFFFFFFFFFFFFFFFFFFFFFFFC1
:10EF6000FFFFFFFFFFFFFFFFFFFFFFFFFFFFFFFFB1
:10EF7000FFFFFFFFFFFFFFFFFFFFFFFFFFFFFFFFA1
:10EF8000FFFFFFFFFFFFFFFFFFFFFFFFFFFFFFFF91
:10EF9000FFFFFFFFFFFFFFFFFFFFFFFFFFFFFFFF81
:10EFA000FFFFFFFFFFFFFFFFFFFFFFFFFFFFFFFF71
:10EFB000FFFFFFFFFFFFFFFFFFFFFFFFFFFFFFFF61
:10EFC000FFFFFFFFFFFFFFFFFFFFFFFFFFFFFFFF51
:10EFD000FFFFFFFFFFFFFFFFFFFFFFFFFFFFFFFF41
:10EFE000FFFFFFFFFFFFFFFFFFFFFFFFFFFFFFFF31
:10EFF000FFFFFFFFFFFFFFFFFFFFFFFFFFFFFFFF21
:00000001FF
