:020000041D00DD
:10600000FFFFFFFFFFFFFFFFFFFFFFFFFFFFFFFFA0
:10601000FFFFFFFFFFFFFFFFFFFFFFFFFFFFFFFF90
:10602000FFFFFFFFFFFFFFFFFFFFFFFFFFFFFFFF80
:10603000FFFFFFFFFFFFFFFFFFFFFFFFFFFFFFFF70
:10604000FFFFFFFFFFFFFFFFFFFFFFFFFFFFFFFF60
:10605000FFFFFFFFFFFFFFFFFFFFFFFFFFFFFFFF50
:10606000FFFFFFFFFFFFFFFFFFFFFFFFFFFFFFFF40
:10607000FFFFFFFFFFFFFFFFFFFFFFFFFFFFFFFF30
:10608000FFFFFFFFFFFFFFFFFFFFFFFFFFFFFFFF20
:10609000FFFFFFFFFFFFFFFFFFFFFFFFFFFFFFFF10
:1060A000FFFFFFFFFFFFFFFFFFFFFFFFFFFFFFFF00
:1060B000FFFFFFFFFFFFFFFFFFFFFFFFFFFFFFFFF0
:1060C000FFFFFFFFFFFFFFFFFFFFFFFFFFFFFFFFE0
:1060D000FFFFFFFFFFFFFFFFFFFFFFFFFFFFFFFFD0
:1060E000FFFFFFFFFFFFFFFFFFFFFFFFFFFFFFFFC0
:1060F000FFFFFFFFFFFFFFFFFFFFFFFFFFFFFFFFB0
:10610000FFFFFFFFFFFFFFFFFFFFFFFFFFFFFFFF9F
:10611000FFFFFFFFFFFFFFFFFFFFFFFFFFFFFFFF8F
:10612000FFFFFFFFFFFFFFFFFFFFFFFFFFFFFFFF7F
:10613000FFFFFFFFFFFFFFFFFFFFFFFFFFFFFFFF6F
:10614000FFFFFFFFFFFFFFFFFFFFFFFFFFFFFFFF5F
:10615000FFFFFFFFFFFFFFFFFFFFFFFFFFFFFFFF4F
:10616000FFFFFFFFFFFFFFFFFFFFFFFFFFFFFFFF3F
:10617000FFFFFFFFFFFFFFFFFFFFFFFFFFFFFFFF2F
:10618000029D1A3CBCD05A270800400300000000C2
:10619000FFFFFFFFFFFFFFFFFFFFFFFFFFFFFFFF0F
:1061A000FFFFFFFFFFFFFFFFFFFFFFFFFFFFFFFFFF
:1061B000FFFFFFFFFFFFFFFFFFFFFFFFFFFFFFFFEF
:1061C000FFFFFFFFFFFFFFFFFFFFFFFFFFFFFFFFDF
:1061D000FFFFFFFFFFFFFFFFFFFFFFFFFFFFFFFFCF
:1061E000FFFFFFFFFFFFFFFFFFFFFFFFFFFFFFFFBF
:1061F000FFFFFFFFFFFFFFFFFFFFFFFFFFFFFFFFAF
:10620000D375400B00000000FFFFFFFFFFFFFFFF03
:10621000FFFFFFFFFFFFFFFFFFFFFFFFFFFFFFFF8E
:10622000D375400B00000000FFFFFFFFFFFFFFFFE3
:10623000FFFFFFFFFFFFFFFFFFFFFFFFFFFFFFFF6E
:10624000D375400B00000000FFFFFFFFFFFFFFFFC3
:10625000FFFFFFFFFFFFFFFFFFFFFFFFFFFFFFFF4E
:10626000D375400B00000000FFFFFFFFFFFFFFFFA3
:10627000FFFFFFFFFFFFFFFFFFFFFFFFFFFFFFFF2E
:10628000D375400B00000000FFFFFFFFFFFFFFFF83
:10629000FFFFFFFFFFFFFFFFFFFFFFFFFFFFFFFF0E
:1062A000D375400B00000000FFFFFFFFFFFFFFFF63
:1062B000FFFFFFFFFFFFFFFFFFFFFFFFFFFFFFFFEE
:1062C000D375400B00000000FFFFFFFFFFFFFFFF43
:1062D000FFFFFFFFFFFFFFFFFFFFFFFFFFFFFFFFCE
:1062E000D375400B00000000FFFFFFFFFFFFFFFF23
:1062F000FFFFFFFFFFFFFFFFFFFFFFFFFFFFFFFFAE
:10630000411E400B00000000FFFFFFFFFFFFFFFFEB
:10631000FFFFFFFFFFFFFFFFFFFFFFFFFFFFFFFF8D
:10632000D375400B00000000FFFFFFFFFFFFFFFFE2
:10633000FFFFFFFFFFFFFFFFFFFFFFFFFFFFFFFF6D
:10634000D375400B00000000FFFFFFFFFFFFFFFFC2
:10635000FFFFFFFFFFFFFFFFFFFFFFFFFFFFFFFF4D
:10636000D375400B00000000FFFFFFFFFFFFFFFFA2
:10637000FFFFFFFFFFFFFFFFFFFFFFFFFFFFFFFF2D
:10638000E61E400B00000000FFFFFFFFFFFFFFFFC6
:10639000FFFFFFFFFFFFFFFFFFFFFFFFFFFFFFFF0D
:1063A000D375400B00000000FFFFFFFFFFFFFFFF62
:1063B000FFFFFFFFFFFFFFFFFFFFFFFFFFFFFFFFED
:1063C000D375400B00000000FFFFFFFFFFFFFFFF42
:1063D000FFFFFFFFFFFFFFFFFFFFFFFFFFFFFFFFCD
:1063E000D375400B00000000FFFFFFFFFFFFFFFF22
:1063F000FFFFFFFFFFFFFFFFFFFFFFFFFFFFFFFFAD
:10640000C51E400B00000000FFFFFFFFFFFFFFFF66
:10641000FFFFFFFFFFFFFFFFFFFFFFFFFFFFFFFF8C
:10642000D375400B00000000FFFFFFFFFFFFFFFFE1
:10643000FFFFFFFFFFFFFFFFFFFFFFFFFFFFFFFF6C
:10644000D375400B00000000FFFFFFFFFFFFFFFFC1
:10645000FFFFFFFFFFFFFFFFFFFFFFFFFFFFFFFF4C
:10646000D375400B00000000FFFFFFFFFFFFFFFFA1
:10647000FFFFFFFFFFFFFFFFFFFFFFFFFFFFFFFF2C
:10648000A11E400B00000000FFFFFFFFFFFFFFFF0A
:10649000FFFFFFFFFFFFFFFFFFFFFFFFFFFFFFFF0C
:1064A000D375400B00000000FFFFFFFFFFFFFFFF61
:1064B000FFFFFFFFFFFFFFFFFFFFFFFFFFFFFFFFEC
:1064C000D375400B00000000FFFFFFFFFFFFFFFF41
:1064D000FFFFFFFFFFFFFFFFFFFFFFFFFFFFFFFFCC
:1064E000D375400B00000000FFFFFFFFFFFFFFFF21
:1064F000FFFFFFFFFFFFFFFFFFFFFFFFFFFFFFFFAC
:10650000D375400B00000000FFFFFFFFFFFFFFFF00
:10651000FFFFFFFFFFFFFFFFFFFFFFFFFFFFFFFF8B
:10652000D375400B00000000FFFFFFFFFFFFFFFFE0
:10653000FFFFFFFFFFFFFFFFFFFFFFFFFFFFFFFF6B
:10654000D375400B00000000FFFFFFFFFFFFFFFFC0
:10655000FFFFFFFFFFFFFFFFFFFFFFFFFFFFFFFF4B
:10656000D375400B00000000FFFFFFFFFFFFFFFFA0
:10657000FFFFFFFFFFFFFFFFFFFFFFFFFFFFFFFF2B
:10658000D375400B00000000FFFFFFFFFFFFFFFF80
:10659000FFFFFFFFFFFFFFFFFFFFFFFFFFFFFFFF0B
:1065A000E75B400B00000000FFFFFFFFFFFFFFFF66
:1065B000FFFFFFFFFFFFFFFFFFFFFFFFFFFFFFFFEB
:1065C000D375400B00000000FFFFFFFFFFFFFFFF40
:1065D000FFFFFFFFFFFFFFFFFFFFFFFFFFFFFFFFCB
:1065E000071F400B00000000FFFFFFFFFFFFFFFF42
:1065F000FFFFFFFFFFFFFFFFFFFFFFFFFFFFFFFFAB
:10660000D375400B00000000FFFFFFFFFFFFFFFFFF
:10661000FFFFFFFFFFFFFFFFFFFFFFFFFFFFFFFF8A
:10662000D375400B00000000FFFFFFFFFFFFFFFFDF
:10663000FFFFFFFFFFFFFFFFFFFFFFFFFFFFFFFF6A
:10664000D375400B00000000FFFFFFFFFFFFFFFFBF
:10665000FFFFFFFFFFFFFFFFFFFFFFFFFFFFFFFF4A
:10666000D375400B00000000FFFFFFFFFFFFFFFF9F
:10667000FFFFFFFFFFFFFFFFFFFFFFFFFFFFFFFF2A
:10668000D375400B00000000FFFFFFFFFFFFFFFF7F
:10669000FFFFFFFFFFFFFFFFFFFFFFFFFFFFFFFF0A
:1066A000D375400B00000000FFFFFFFFFFFFFFFF5F
:1066B000FFFFFFFFFFFFFFFFFFFFFFFFFFFFFFFFEA
:1066C000D375400B00000000FFFFFFFFFFFFFFFF3F
:1066D000FFFFFFFFFFFFFFFFFFFFFFFFFFFFFFFFCA
:1066E000D375400B00000000FFFFFFFFFFFFFFFF1F
:1066F000FFFFFFFFFFFFFFFFFFFFFFFFFFFFFFFFAA
:10670000D375400B00000000FFFFFFFFFFFFFFFFFE
:10671000FFFFFFFFFFFFFFFFFFFFFFFFFFFFFFFF89
:10672000D375400B00000000FFFFFFFFFFFFFFFFDE
:10673000FFFFFFFFFFFFFFFFFFFFFFFFFFFFFFFF69
:10674000D375400B00000000FFFFFFFFFFFFFFFFBE
:10675000FFFFFFFFFFFFFFFFFFFFFFFFFFFFFFFF49
:10676000D375400B00000000FFFFFFFFFFFFFFFF9E
:10677000FFFFFFFFFFFFFFFFFFFFFFFFFFFFFFFF29
:10678000D375400B00000000FFFFFFFFFFFFFFFF7E
:10679000FFFFFFFFFFFFFFFFFFFFFFFFFFFFFFFF09
:1067A000D375400B00000000FFFFFFFFFFFFFFFF5E
:1067B000FFFFFFFFFFFFFFFFFFFFFFFFFFFFFFFFE9
:1067C000D375400B00000000FFFFFFFFFFFFFFFF3E
:1067D000FFFFFFFFFFFFFFFFFFFFFFFFFFFFFFFFC9
:1067E000D375400B00000000FFFFFFFFFFFFFFFF1E
:1067F000FFFFFFFFFFFFFFFFFFFFFFFFFFFFFFFFA9
:10680000D375400B00000000FFFFFFFFFFFFFFFFFD
:10681000FFFFFFFFFFFFFFFFFFFFFFFFFFFFFFFF88
:10682000D375400B00000000FFFFFFFFFFFFFFFFDD
:10683000FFFFFFFFFFFFFFFFFFFFFFFFFFFFFFFF68
:10684000FFFFFFFFFFFFFFFFFFFFFFFFFFFFFFFF58
:10685000FFFFFFFFFFFFFFFFFFFFFFFFFFFFFFFF48
:10686000FFFFFFFFFFFFFFFFFFFFFFFFFFFFFFFF38
:10687000FFFFFFFFFFFFFFFFFFFFFFFFFFFFFFFF28
:10688000FFFFFFFFFFFFFFFFFFFFFFFFFFFFFFFF18
:10689000FFFFFFFFFFFFFFFFFFFFFFFFFFFFFFFF08
:1068A000FFFFFFFFFFFFFFFFFFFFFFFFFFFFFFFFF8
:1068B000FFFFFFFFFFFFFFFFFFFFFFFFFFFFFFFFE8
:1068C000FFFFFFFFFFFFFFFFFFFFFFFFFFFFFFFFD8
:1068D000FFFFFFFFFFFFFFFFFFFFFFFFFFFFFFFFC8
:1068E000FFFFFFFFFFFFFFFFFFFFFFFFFFFFFFFFB8
:1068F000FFFFFFFFFFFFFFFFFFFFFFFFFFFFFFFFA8
:10690000FFFFFFFFFFFFFFFFFFFFFFFFFFFFFFFF97
:10691000FFFFFFFFFFFFFFFFFFFFFFFFFFFFFFFF87
:10692000FFFFFFFFFFFFFFFFFFFFFFFFFFFFFFFF77
:10693000FFFFFFFFFFFFFFFFFFFFFFFFFFFFFFFF67
:10694000FFFFFFFFFFFFFFFFFFFFFFFFFFFFFFFF57
:10695000FFFFFFFFFFFFFFFFFFFFFFFFFFFFFFFF47
:10696000FFFFFFFFFFFFFFFFFFFFFFFFFFFFFFFF37
:10697000FFFFFFFFFFFFFFFFFFFFFFFFFFFFFFFF27
:10698000FFFFFFFFFFFFFFFFFFFFFFFFFFFFFFFF17
:10699000FFFFFFFFFFFFFFFFFFFFFFFFFFFFFFFF07
:1069A000FFFFFFFFFFFFFFFFFFFFFFFFFFFFFFFFF7
:1069B000FFFFFFFFFFFFFFFFFFFFFFFFFFFFFFFFE7
:1069C000FFFFFFFFFFFFFFFFFFFFFFFFFFFFFFFFD7
:1069D000FFFFFFFFFFFFFFFFFFFFFFFFFFFFFFFFC7
:1069E000FFFFFFFFFFFFFFFFFFFFFFFFFFFFFFFFB7
:1069F000FFFFFFFFFFFFFFFFFFFFFFFFFFFFFFFFA7
:106A0000FFFFFFFFFFFFFFFFFFFFFFFFFFFFFFFF96
:106A1000FFFFFFFFFFFFFFFFFFFFFFFFFFFFFFFF86
:106A2000FFFFFFFFFFFFFFFFFFFFFFFFFFFFFFFF76
:106A3000FFFFFFFFFFFFFFFFFFFFFFFFFFFFFFFF66
:106A4000FFFFFFFFFFFFFFFFFFFFFFFFFFFFFFFF56
:106A5000FFFFFFFFFFFFFFFFFFFFFFFFFFFFFFFF46
:106A6000FFFFFFFFFFFFFFFFFFFFFFFFFFFFFFFF36
:106A7000FFFFFFFFFFFFFFFFFFFFFFFFFFFFFFFF26
:106A8000FFFFFFFFFFFFFFFFFFFFFFFFFFFFFFFF16
:106A9000FFFFFFFFFFFFFFFFFFFFFFFFFFFFFFFF06
:106AA000FFFFFFFFFFFFFFFFFFFFFFFFFFFFFFFFF6
:106AB000FFFFFFFFFFFFFFFFFFFFFFFFFFFFFFFFE6
:106AC000FFFFFFFFFFFFFFFFFFFFFFFFFFFFFFFFD6
:106AD000FFFFFFFFFFFFFFFFFFFFFFFFFFFFFFFFC6
:106AE000FFFFFFFFFFFFFFFFFFFFFFFFFFFFFFFFB6
:106AF000FFFFFFFFFFFFFFFFFFFFFFFFFFFFFFFFA6
:106B0000FFFFFFFFFFFFFFFFFFFFFFFFFFFFFFFF95
:106B1000FFFFFFFFFFFFFFFFFFFFFFFFFFFFFFFF85
:106B2000FFFFFFFFFFFFFFFFFFFFFFFFFFFFFFFF75
:106B3000FFFFFFFFFFFFFFFFFFFFFFFFFFFFFFFF65
:106B4000FFFFFFFFFFFFFFFFFFFFFFFFFFFFFFFF55
:106B5000FFFFFFFFFFFFFFFFFFFFFFFFFFFFFFFF45
:106B6000FFFFFFFFFFFFFFFFFFFFFFFFFFFFFFFF35
:106B7000FFFFFFFFFFFFFFFFFFFFFFFFFFFFFFFF25
:106B8000FFFFFFFFFFFFFFFFFFFFFFFFFFFFFFFF15
:106B9000FFFFFFFFFFFFFFFFFFFFFFFFFFFFFFFF05
:106BA000FFFFFFFFFFFFFFFFFFFFFFFFFFFFFFFFF5
:106BB000FFFFFFFFFFFFFFFFFFFFFFFFFFFFFFFFE5
:106BC000FFFFFFFFFFFFFFFFFFFFFFFFFFFFFFFFD5
:106BD000FFFFFFFFFFFFFFFFFFFFFFFFFFFFFFFFC5
:106BE000FFFFFFFFFFFFFFFFFFFFFFFFFFFFFFFFB5
:106BF000FFFFFFFFFFFFFFFFFFFFFFFFFFFFFFFFA5
:106C0000FFFFFFFFFFFFFFFFFFFFFFFFFFFFFFFF94
:106C1000FFFFFFFFFFFFFFFFFFFFFFFFFFFFFFFF84
:106C2000FFFFFFFFFFFFFFFFFFFFFFFFFFFFFFFF74
:106C3000FFFFFFFFFFFFFFFFFFFFFFFFFFFFFFFF64
:106C4000FFFFFFFFFFFFFFFFFFFFFFFFFFFFFFFF54
:106C5000FFFFFFFFFFFFFFFFFFFFFFFFFFFFFFFF44
:106C6000FFFFFFFFFFFFFFFFFFFFFFFFFFFFFFFF34
:106C7000FFFFFFFFFFFFFFFFFFFFFFFFFFFFFFFF24
:106C8000FFFFFFFFFFFFFFFFFFFFFFFFFFFFFFFF14
:106C9000FFFFFFFFFFFFFFFFFFFFFFFFFFFFFFFF04
:106CA000FFFFFFFFFFFFFFFFFFFFFFFFFFFFFFFFF4
:106CB000FFFFFFFFFFFFFFFFFFFFFFFFFFFFFFFFE4
:106CC000FFFFFFFFFFFFFFFFFFFFFFFFFFFFFFFFD4
:106CD000FFFFFFFFFFFFFFFFFFFFFFFFFFFFFFFFC4
:106CE000FFFFFFFFFFFFFFFFFFFFFFFFFFFFFFFFB4
:106CF000FFFFFFFFFFFFFFFFFFFFFFFFFFFFFFFFA4
:106D0000FFFFFFFFFFFFFFFFFFFFFFFFFFFFFFFF93
:106D1000FFFFFFFFFFFFFFFFFFFFFFFFFFFFFFFF83
:106D2000FFFFFFFFFFFFFFFFFFFFFFFFFFFFFFFF73
:106D3000FFFFFFFFFFFFFFFFFFFFFFFFFFFFFFFF63
:106D4000FFFFFFFFFFFFFFFFFFFFFFFFFFFFFFFF53
:106D5000FFFFFFFFFFFFFFFFFFFFFFFFFFFFFFFF43
:106D6000FFFFFFFFFFFFFFFFFFFFFFFFFFFFFFFF33
:106D7000FFFFFFFFFFFFFFFFFFFFFFFFFFFFFFFF23
:106D8000FFFFFFFFFFFFFFFFFFFFFFFFFFFFFFFF13
:106D9000FFFFFFFFFFFFFFFFFFFFFFFFFFFFFFFF03
:106DA000FFFFFFFFFFFFFFFFFFFFFFFFFFFFFFFFF3
:106DB000FFFFFFFFFFFFFFFFFFFFFFFFFFFFFFFFE3
:106DC000FFFFFFFFFFFFFFFFFFFFFFFFFFFFFFFFD3
:106DD000FFFFFFFFFFFFFFFFFFFFFFFFFFFFFFFFC3
:106DE000FFFFFFFFFFFFFFFFFFFFFFFFFFFFFFFFB3
:106DF000FFFFFFFFFFFFFFFFFFFFFFFFFFFFFFFFA3
:106E0000FFFFFFFFFFFFFFFFFFFFFFFFFFFFFFFF92
:106E1000FFFFFFFFFFFFFFFFFFFFFFFFFFFFFFFF82
:106E2000FFFFFFFFFFFFFFFFFFFFFFFFFFFFFFFF72
:106E3000FFFFFFFFFFFFFFFFFFFFFFFFFFFFFFFF62
:106E4000FFFFFFFFFFFFFFFFFFFFFFFFFFFFFFFF52
:106E5000FFFFFFFFFFFFFFFFFFFFFFFFFFFFFFFF42
:106E6000FFFFFFFFFFFFFFFFFFFFFFFFFFFFFFFF32
:106E7000FFFFFFFFFFFFFFFFFFFFFFFFFFFFFFFF22
:106E8000FFFFFFFFFFFFFFFFFFFFFFFFFFFFFFFF12
:106E9000FFFFFFFFFFFFFFFFFFFFFFFFFFFFFFFF02
:106EA000FFFFFFFFFFFFFFFFFFFFFFFFFFFFFFFFF2
:106EB000FFFFFFFFFFFFFFFFFFFFFFFFFFFFFFFFE2
:106EC000FFFFFFFFFFFFFFFFFFFFFFFFFFFFFFFFD2
:106ED000FFFFFFFFFFFFFFFFFFFFFFFFFFFFFFFFC2
:106EE000FFFFFFFFFFFFFFFFFFFFFFFFFFFFFFFFB2
:106EF000FFFFFFFFFFFFFFFFFFFFFFFFFFFFFFFFA2
:106F0000FFFFFFFFFFFFFFFFFFFFFFFFFFFFFFFF91
:106F1000FFFFFFFFFFFFFFFFFFFFFFFFFFFFFFFF81
:106F2000FFFFFFFFFFFFFFFFFFFFFFFFFFFFFFFF71
:106F3000FFFFFFFFFFFFFFFFFFFFFFFFFFFFFFFF61
:106F4000FFFFFFFFFFFFFFFFFFFFFFFFFFFFFFFF51
:106F5000FFFFFFFFFFFFFFFFFFFFFFFFFFFFFFFF41
:106F6000FFFFFFFFFFFFFFFFFFFFFFFFFFFFFFFF31
:106F7000FFFFFFFFFFFFFFFFFFFFFFFFFFFFFFFF21
:106F8000FFFFFFFFFFFFFFFFFFFFFFFFFFFFFFFF11
:106F9000FFFFFFFFFFFFFFFFFFFFFFFFFFFFFFFF01
:106FA000FFFFFFFFFFFFFFFFFFFFFFFFFFFFFFFFF1
:106FB000FFFFFFFFFFFFFFFFFFFFFFFFFFFFFFFFE1
:106FC000FFFFFFFFFFFFFFFFFFFFFFFFFFFFFFFFD1
:106FD000FFFFFFFFFFFFFFFFFFFFFFFFFFFFFFFFC1
:106FE000FFFFFFFFFFFFFFFFFFFFFFFFFFFFFFFFB1
:106FF000FFFFFFFFFFFFFFFFFFFFFFFFFFFFFFFFA1
:10700000021C400F0000000000601A40C0045A7FBC
:107010000500401300000000029D1A3CD4D75A27F7
:10702000080040030000000000A01D3CF83FBD2701
:1070300000A01C3CF07F9C27029D083C20D808251E
:1070400009F800010000000000A0083C200108250C
:1070500000A0093CF40F29250600001000000000E4
:10706000000000AD040000AD080000AD0C0000AD54
:10707000100008252B080901F9FF2014000000006A
:10708000029D083C08B308250000098D1800201156
:107090000400082500000A8D0400082500000B8D5F
:1070A000090060110400082500000C91FFFF4A252B
:1070B0000100082500002CA1FBFF40150100292537
:1070C0000500001000000000000020A1FFFF4A257D
:1070D000FDFF40150100292503000825FCFF0A24B7
:1070E000244048010000098DE7FF20150000000042
:1070F0000000093C000029251000201100000000BC
:107100000000093C0040292588BF0A3C10204A2580
:10711000000049AD0000093C0040292588BF0A3C19
:1071200020204A25000049AD0000093C00402925E7
:1071300088BF0A3C30204A25000049AD0048804005
:10714000FFFF0A2400588A40009D093C0060292561
:10715000017889400000093C0100292500000A242B
:1071600044492A7D01608A408000093C00688940CA
:10717000008008408005097D404C090000600840FF
:107180005800013C2440010125402801006088404E
:10719000029D083C28D8082509F8000100000000DD
:1071A00000600840BFFF013CFFFF21342440010183
:1071B00000608840000084300000A530029D083C3B
:1071C000A4D508250800000100000000FFFFFFFF14
:1071D000FFFFFFFFFFFFFFFFFFFFFFFFFFFFFFFFBF
:1071E000FFFFFFFFFFFFFFFFFFFFFFFFFFFFFFFFAF
:1071F000FFFFFFFFFFFFFFFFFFFFFFFFFFFFFFFF9F
:10720000FFFFFFFFFFFFFFFFFFFFFFFFFFFFFFFF8E
:10721000FFFFFFFFFFFFFFFFFFFFFFFFFFFFFFFF7E
:10722000FFFFFFFFFFFFFFFFFFFFFFFFFFFFFFFF6E
:10723000FFFFFFFFFFFFFFFFFFFFFFFFFFFFFFFF5E
:10724000FFFFFFFFFFFFFFFFFFFFFFFFFFFFFFFF4E
:10725000FFFFFFFFFFFFFFFFFFFFFFFFFFFFFFFF3E
:10726000FFFFFFFFFFFFFFFFFFFFFFFFFFFFFFFF2E
:10727000FFFFFFFFFFFFFFFFFFFFFFFFFFFFFFFF1E
:10728000FFFFFFFFFFFFFFFFFFFFFFFFFFFFFFFF0E
:10729000FFFFFFFFFFFFFFFFFFFFFFFFFFFFFFFFFE
:1072A000FFFFFFFFFFFFFFFFFFFFFFFFFFFFFFFFEE
:1072B000FFFFFFFFFFFFFFFFFFFFFFFFFFFFFFFFDE
:1072C000FFFFFFFFFFFFFFFFFFFFFFFFFFFFFFFFCE
:1072D000FFFFFFFFFFFFFFFFFFFFFFFFFFFFFFFFBE
:1072E000FFFFFFFFFFFFFFFFFFFFFFFFFFFFFFFFAE
:1072F000FFFFFFFFFFFFFFFFFFFFFFFFFFFFFFFF9E
:10730000FFFFFFFFFFFFFFFFFFFFFFFFFFFFFFFF8D
:10731000FFFFFFFFFFFFFFFFFFFFFFFFFFFFFFFF7D
:10732000FFFFFFFFFFFFFFFFFFFFFFFFFFFFFFFF6D
:10733000FFFFFFFFFFFFFFFFFFFFFFFFFFFFFFFF5D
:10734000FFFFFFFFFFFFFFFFFFFFFFFFFFFFFFFF4D
:10735000FFFFFFFFFFFFFFFFFFFFFFFFFFFFFFFF3D
:10736000FFFFFFFFFFFFFFFFFFFFFFFFFFFFFFFF2D
:10737000FFFFFFFFFFFFFFFFFFFFFFFFFFFFFFFF1D
:10738000029D1A3C3CD65A2708004003000000002A
:10739000FFFFFFFFFFFFFFFFFFFFFFFFFFFFFFFFFD
:1073A000FFFFFFFFFFFFFFFFFFFFFFFFFFFFFFFFED
:1073B000FFFFFFFFFFFFFFFFFFFFFFFFFFFFFFFFDD
:1073C000FFFFFFFFFFFFFFFFFFFFFFFFFFFFFFFFCD
:1073D000FFFFFFFFFFFFFFFFFFFFFFFFFFFFFFFFBD
:1073E000FFFFFFFFFFFFFFFFFFFFFFFFFFFFFFFFAD
:1073F000FFFFFFFFFFFFFFFFFFFFFFFFFFFFFFFF9D
:10740000FFFFFFFFFFFFFFFFFFFFFFFFFFFFFFFF8C
:10741000FFFFFFFFFFFFFFFFFFFFFFFFFFFFFFFF7C
:10742000FFFFFFFFFFFFFFFFFFFFFFFFFFFFFFFF6C
:10743000FFFFFFFFFFFFFFFFFFFFFFFFFFFFFFFF5C
:10744000FFFFFFFFFFFFFFFFFFFFFFFFFFFFFFFF4C
:10745000FFFFFFFFFFFFFFFFFFFFFFFFFFFFFFFF3C
:10746000FFFFFFFFFFFFFFFFFFFFFFFFFFFFFFFF2C
:10747000FFFFFFFFFFFFFFFFFFFFFFFFFFFFFFFF1C
:10748000FFFFFFFFFFFFFFFFFFFFFFFFFFFFFFFF0C
:10749000E8FFBD271400BFAF88BF023C8050428C7C
:1074A000020042300E0040101400BF8F88BF023C23
:1074B0004010438C8410037C401043AC88BF033CD5
:1074C0007010648C010002248410447C701064AC41
:1074D000C48382AF7E63400F000000001400BF8FA2
:1074E0000800E0031800BD270800E00300000000CA
:1074F0000800E003000000000800E00300000000B6
:10750000E8FFBD271400BFAFB96E400F00000000B8
:107510001400BF8F0800E0031800BD270800E00337
:1075200000000000E8FFBD271400BFAF01000424E5
:10753000F159400F1D0005240100042421280000FA
:1075400000A0063C3809C6240C5A400F400007240E
:107550003C8182AF02000424F159400F1D00052434
:107560000200042421280000248386270C5A400F9F
:1075700008000724448182AF03000424F159400F1E
:107580001D000524030004242128000000A0063C5F
:107590007809C6240C5A400F0A0007244C8182AF98
:1075A0001400BF8F0800E0031800BD272C84838FD0
:1075B0000100022425006214000000000484838F6F
:1075C0002200621488BF023C7010438C8410037C3C
:1075D000701043AC88BF023C8050438C4408037C4D
:1075E000805043AC048480AF100E0224FFFF42247D
:1075F000FFFF4230FEFF4014FFFF422488BF023CE1
:107600005052438C010004248410837C505243ACBC
:1076100008070224FFFF4224FFFF4230FEFF401410
:10762000FFFF4224808180A788BF023C5052438CD8
:107630008410037C505243AC88BF023C7010438CD2
:10764000010004248410837C701043AC0800E00324
:1076500000000000E8FFBD27030002240A0082109A
:107660001400BFAF750002240B0082100100022439
:107670000D0082141400BF8F491D400F0000000050
:10768000A91D400B01000224401D400F0000000016
:10769000A91D400B01000224241D400F0000000022
:1076A000010002241400BF8F0800E0031800BD276A
:1076B000E8FFBD271400BFAFA56A400F000000001F
:1076C000726F400F00000000029D023C04E0428CFB
:1076D000FFFF0324050043147F0042300200022410
:1076E000348382A3BD1D400B1C8582A31C8582A30D
:1076F000348382A3029D023C14E0428CFFFF0324EA
:10770000040043149C8282AF01000224C61D400B7A
:107710002C8382A32C8382A3009D023C005F438CB8
:10772000B88383AF045F438C0C8483AF085F438CC2
:10773000D88383AF0C5F4324A08283AF0C5F428C5D
:10774000E48382AF1400BF8F0800E0031800BD2758
:1077500080BF023C000840AC80BF023C100840AC37
:107760007700032480BF023C200843AC008004342F
:1077700080BF023C080844AC1C00072488BF023CC0
:10778000B41047AC1400032488BF023CB81043ACCB
:1077900088BF053C000202243410A2AC88BF033C21
:1077A000641062AC88BF023C681040AC0800063C24
:1077B0003410A6AC88BF093CD41027AD88BF083C64
:1077C0000C000724D81007AD03000A24D4102AADFA
:1077D000D81000AD641066AC681046AC80BF063CA3
:1077E000000CC0AC80BF063C100CC0AC60EA083492
:1077F00080BF063C200CC8AC80BF063C080CC4AC63
:1078000080BF063C000AC0AC80BF063C100AC0AC7A
:107810006A18082480BF063C200AC8AC80BF063C1A
:10782000080AC4AC0010043C3410A4AC88BF063C69
:10783000001C053CE410C5AC88BF053CE810A0ACBA
:107840000003083CE410C8ACE810A0AC641064ACC1
:10785000681040AC81BF053C1700063C4090A6ACC8
:1078600000A0093481BF083C009009AD81BF083CED
:10787000109000AD0107092481BF083C209009AD9C
:107880004000082488BF093C186428AD88BF093C23
:10789000086428AD81BF083C509000AD4090A6AC74
:1078A000641064AC681040AC010002247D8282A3A5
:1078B0000680033480BF023C003043AC80BF023CF2
:1078C000103040AC80BF023C203040AC81BF023C55
:1078D00058FB438C0418E37C58FB43AC0E80033404
:1078E00080BF023C003643AC80BF023C103640AC47
:1078F000F915032480BF023C203643AC0800E003A6
:107900000000000000E85D4100701B4002601A406A
:1079100090FFBD276C00BBAF00601B406400BAAF96
:107920006800BBAF44781B7C00147B3700609B4031
:107930001800A3AF1400A2AF6400A38F0F00633040
:1079400011006014000000005400BFAF5000B9AF38
:107950004C00B8AF4800AFAF4400AEAF4000ADAF91
:107960003C00ACAF3800ABAF3400AAAF3000A9AFD9
:107970002C00A8AF2800A7AF2400A6AF2000A5AF19
:107980001C00A4AF1000A1AF121000005C00A2AF59
:10799000101800005800A3AF0486828F0485838FDF
:1079A000FFFF63242B1843000E0060104886849369
:1079B00080BF033C203064AC7D86849380BF033C51
:1079C000200864AC01004224048682AFB48380AFF7
:1079D0000002032488BF023C341043AC7D1E400BE0
:1079E0000000000001000224BD66400FB48382AF96
:1079F000048680AF5C00A28F130040005800A38F64
:107A00006400A28F0F004230130040141100600088
:107A10005400BF8F5000B98F4C00B88F4800AF8F13
:107A20004400AE8F4000AD8F3C00AC8F3800AB8F70
:107A30003400AA8F3000A98F2C00A88F2800A78FB0
:107A40002400A68F2000A58F1C00A48F1800A38FF0
:107A50001400A28F1000A18F00606041C0000000E0
:107A60006C00BA8F6800BB8F00709A406400BA8FB8
:107A70007000BD2702609A4000E8DD4100609B4035
:107A80001800004200E85D4100701B4002601A408F
:107A9000E8FFBD271400BBAF00601B400C00BAAF6D
:107AA0001000BBAF44781B7C00107B3700609B400C
:107AB0000400A3AF0000A2AF0001033C88BF023C5A
:107AC000341043AC7883828F01004224788382AFE4
:107AD0000C00A28F0F004230030040140000000091
:107AE0000400A38F0000A28F00606041C00000006E
:107AF0001400BA8F1000BB8F00709A400C00BA8F30
:107B00001800BD2702609A4000E8DD4100609B40FC
:107B10001800004200E85D4100701B4002601A40FE
:107B2000E8FFBD271400BBAF00601B400C00BAAFDC
:107B30001000BBAF44781B7C000C7B3700609B407F
:107B40000400A3AF0000A2AF0800033C88BF023CC2
:107B5000341043AC0C00A28F0F00423003004014DD
:107B6000000000000400A38F0000A28F00606041AD
:107B7000C00000001400BA8F1000BB8F00709A4044
:107B80000C00BA8F1800BD2702609A4000E8DD4162
:107B900000609B401800004200E85D4100701B40FF
:107BA00002601A40E8FFBD271400BBAF00601B4015
:107BB0000C00BAAF1000BBAF44781B7C00187B37B9
:107BC00000609B400400A3AF0000A2AF004003246C
:107BD00088BF023C341043AC0C00A28F0F0042302F
:107BE00003004014000000000400A38F0000A28FD7
:107BF00000606041C00000001400BA8F1000BB8F0D
:107C000000709A400C00BA8F1800BD2702609A409D
:107C100000E8DD4100609B401800004200E85D4143
:107C200000701B4002601A4088FFBD277400BBAF84
:107C300000601B406C00BAAF7000BBAF44781B7C87
:107C4000000C7B3700609B401C00A3AF1800A2AF64
:107C50006C00A38F0F00633012006014000000005E
:107C60005C00BFAF5800B9AF5400B8AF5000B0AF20
:107C70004C00AFAF4800AEAF4400ADAF4000ACAF7A
:107C80003C00ABAF3800AAAF3400A9AF3000A8AFBA
:107C90002C00A7AF2800A6AF2400A5AF2000A4AFFA
:107CA0001400A1AF121000006400A2AF1018000071
:107CB0006000A3AF88BF023C4010428C800042307D
:107CC0006B0240106C81838F80BF023C3060458C1A
:107CD00000A0023C640A442421206400000085A026
:107CE000010063246C8183AF640A42901400042471
:107CF0003E0244144900042400A0023C650A44905A
:107D0000060002242A0282140800022400A0023C79
:107D1000660A42900C000424200044140D00042440
:107D200000A0043C670A84901C0080140D00042409
:107D300000A0043C680A8490180080140D000424FC
:107D400000A0043C690A8490480080140E000424BA
:107D500000A0043C6A0A8490440080540E0004246D
:107D6000080002243F02621488BF023C00A0103CBD
:107D7000640A04266674400F070005247A8182A3F2
:107D8000640A102607000392350262546C8180AFAA
:107D90000C0002246B21400BA48382AF33004454B7
:107DA0000E000424080002242E02621488BF023C44
:107DB00000A0103C640A04266674400F07000524E6
:107DC0007A8182A3640A1026070003922402625477
:107DD0006C8180AF0D000224A48382AF03000224D3
:107DE0003A8182A300A0023C2118000203006490A3
:107DF000200844A02008422404006490010044A00C
:107E000005006490020044A006006390030043A0B4
:107E1000D883838F040043A0D883838F021A030082
:107E2000050043A0D883838F021C0300060043A0F3
:107E3000D883838F021E0300070043A0E483838F4F
:107E4000080043A0E483838F021A0300090043A0C3
:107E5000E483838F021C03000A0043A0E483838F22
:107E6000021E03006B21400B0B0043A0330044545F
:107E70000F00042408000224FA01621488BF023CA7
:107E800000A0103C640A04266674400F0700052415
:107E90007A8182A3640A102607000392F0016254DB
:107EA0006C8180AF0E000224A48382AF0300022401
:107EB0003A8182A30C84838F00A0023C200843A057
:107EC0000C84838F20084224021A0300010043A07F
:107ED0000C84838F021C0300020043A00C84838F58
:107EE000021E0300030043A0211800020300649057
:107EF000040044A004006490050044A005006490C0
:107F0000060044A006006390070043A0E483838F2B
:107F1000080043A0E483838F021A0300090043A0F2
:107F2000E483838F021C03000A0043A0E483838F51
:107F3000021E03006B21400B0B0043A0330044548E
:107F40000100042408000224C601621488BF023C18
:107F500000A0103C640A04266674400F0700052444
:107F60007A8182A3640A102607000392BC0162543E
:107F70006C8180AF0F000224A48382AF030002242F
:107F80003A8182A30C84838F00A0023C200843A086
:107F90000C84838F20084224021A0300010043A0AE
:107FA0000C84838F021C0300020043A00C84838F87
:107FB000021E0300030043A0D883838F040043A064
:107FC000D883838F021A0300050043A0D883838FD0
:107FD000021C0300060043A0D883838F021E030007
:107FE000070043A02118000203006490080044A089
:107FF00004006490090044A0050064900A0044A0B5
:10800000060063906B21400B0B0043A0200044143A
:108010000200042400A0043C670A84901C00801421
:108020000200042400A0043C680A84901800801414
:108030000200042400A0043C690A849035008014E6
:108040000300042400A0043C6A0A84903100805498
:1080500003000424080002248201621488BF023C49
:1080600000A0103C640A04266674400F0700052433
:108070007A8182A3640A1026070003927801625471
:108080006C8180AF010002246B21400BA48382AF7E
:10809000200044140300042400A0043C670A8490D8
:1080A0001C0080140300042400A0043C680A84908F
:1080B000180080140300042400A0043C690A849082
:1080C000350080140400042400A0043C6A0A849053
:1080D0003100805404000424080002246101621469
:1080E00088BF023C00A0103C640A04266674400F5E
:1080F000070005247A8182A3640A102607000392F0
:10810000570162546C8180AF020002246B21400B46
:10811000A48382AF200044140400042400A0043C83
:10812000670A84901C0080140400042400A0043C0E
:10813000680A8490180080140400042400A0043C01
:10814000690A8490350080140500042400A0043CD2
:108150006A0A849031008054050004240800022437
:108160004001621488BF023C00A0103C640A04264F
:108170006674400F070005247A8182A3640A1026E2
:1081800007000392360162546C8180AF0300022421
:108190006B21400BA48382AF20004414050004240B
:1081A00000A0043C670A84901C008014050004248D
:1081B00000A0043C680A8490180080140500042480
:1081C00000A0043C690A8490350080140600042451
:1081D00000A0043C6A0A8490310080540600042404
:1081E000080002241F01621488BF023C00A0103C5A
:1081F000640A04266674400F070005247A8182A36E
:10820000640A102607000392150162546C8180AF46
:10821000040002246B21400BA48382AF200044148D
:108220000600042400A0043C670A84901C0080140B
:108230000600042400A0043C680A849018008014FE
:108240000600042400A0043C690A849035008014D0
:108250000700042400A0043C6A0A84903100805482
:108260000700042408000224FE00621488BF023CB8
:1082700000A0103C640A04266674400F0700052421
:108280007A8182A3640A102607000392F4006254E4
:108290006C8180AF050002246B21400BA48382AF68
:1082A000200044140700042400A0043C670A8490C2
:1082B0001C0080140700042400A0043C680A849079
:1082C000180080140700042400A0043C690A84906C
:1082D000350080140800042400A0043C6A0A84903D
:1082E000310080540800042408000224DD006214D8
:1082F00088BF023C00A0103C640A04266674400F4C
:10830000070005247A8182A3640A102607000392DD
:10831000D30062546C8180AF060002246B21400BB5
:10832000A48382AF200044140800042400A0043C6D
:10833000670A84901C0080140800042400A0043CF8
:10834000680A8490180080140800042400A0043CEB
:10835000690A8490350080140900042400A0043CBC
:108360006A0A849031008054090004240800022421
:10837000BC00621488BF023C00A0103C640A0426C2
:108380006674400F070005247A8182A3640A1026D0
:1083900007000392B20062546C8180AF0700022490
:1083A0006B21400BA48382AF2000441409000424F5
:1083B00000A0043C670A84901C0080140900042477
:1083C00000A0043C680A849018008014090004246A
:1083D00000A0043C690A8490350080140A0004243B
:1083E00000A0043C6A0A8490310080540A000424EE
:1083F000080002249B00621488BF023C00A0103CCD
:10840000640A04266674400F070005247A8182A35B
:10841000640A102607000392910062546C8180AFB9
:10842000080002246C21400BA48382AF2000441476
:108430000A00042400A0043C670A84901C008014F5
:108440000A00042400A0043C680A849018008014E8
:108450000A00042400A0043C690A849034008014BB
:108460000B00042400A0043C6A0A8490300080546D
:108470000B000424080002247A00621488BF023C26
:1084800000A0103C640A04266674400F070005240F
:108490007A8182A3640A1026070003927000625456
:1084A0006C8180AF090002246B21400BA48382AF52
:1084B0001F0044140B00042400A0043C670A8490AD
:1084C0001B0080140B00042400A0043C680A849064
:1084D000170080540B00042400A0023C690A42905B
:1084E000330040140800022400A0023C6A0A4290B3
:1084F0002F004014080002245A00621488BF023C76
:1085000000A0103C640A04266674400F070005248E
:108510007A8182A3640A10260700039250006254F5
:108520006C8180AF0A0002246B21400BA48382AFD0
:108530001F0044140800022400A0023C670A429075
:108540001B0040140800022400A0023C680A42906C
:10855000170040140800022400A0023C690A42905F
:10856000130040140800022400A0023C6A0A429052
:108570000F004014080002243A00621488BF023C35
:1085800000A0103C640A04266674400F070005240E
:108590007A8182A3640A1026070003923000625495
:1085A0006C8180AF0B000224A48382AF08000224F8
:1085B0006C81838F2B00621488BF023C6C8180AF7A
:1085C00000A0023C640A40A0640A4224010040A0CA
:1085D000020040A0030040A0040040A0050040A00D
:1085E000060040A09821400B070040A0180044144A
:1085F00000A0023C080002241A00621488BF023C5A
:1086000000A0023C6B0A43900A000224140062148A
:108610006C8180AF80BF023C1060438C0463037C9C
:10862000106043AC00A0023C640A40A0640A4224EB
:10863000010040A0020040A0030040A0040040A0B0
:10864000050040A0060040A09821400B070040A074
:10865000640A40A0640A4224010040A06C8180AFFB
:1086600088BF023C4010438CC439037C401043ACAB
:108670006400A28F130040006000A38F6C00A28FE3
:108680000F00423014004014110060005C00BF8FE6
:108690005800B98F5400B88F5000B08F4C00AF8F86
:1086A0004800AE8F4400AD8F4000AC8F3C00AB8FD4
:1086B0003800AA8F3400A98F3000A88F2C00A78F14
:1086C0002800A68F2400A58F2000A48F1C00A38F54
:1086D0001800A28F1400A18F00606041C00000004C
:1086E0007400BA8F7000BB8F00709A406C00BA8F14
:1086F0007800BD2702609A4000E8DD4100609B40A1
:10870000180000427883828F0A00422C0600401431
:10871000FAFF0234788380AF1483828F01004224F1
:10872000148382AFFAFF02341483838F2B1062000C
:1087300001004050148380AF51C302348083838F83
:108740002B10620001004050808380AF0800E003DE
:1087500000000000E8FFBD271400BFAF1000B0AF5D
:108760000484838F010002249D0162100883849396
:1087700010008214F882828F1000032488BF023C0C
:10878000346143AC0300032430750224FFFF42240C
:10879000FFFF4014FFFF4224FFFF6324FBFF601430
:1087A00030750224388382AF03000224408382AFF5
:1087B000F882828F0600405001000224000042909F
:1087C00080004230FF004230850140140100022445
:1087D0000300821044838393820162141400BF8FCC
:1087E0001000032488BF023C346143AC2083828F95
:1087F000770140140C83828F348383930100022419
:108800000700625444838293BC83838F0400621404
:108810004483829304000224348382A3448382939A
:10882000010003242F004314348383930C8380AF0F
:108830006C8380AF88BF033C2065658C0100A53048
:1088400027280500212000000400A47C0C8384AFAD
:108850002065638C4000637C271803004408647C17
:108860000C8384AF88BF033C2064658C0100A53075
:10887000272805008410A47C0C8384AF2064658CB9
:108880004000A57C27280500C418A47C0C8384AF75
:108890002064658C8000A57C272805000421A47C29
:1088A0000C8384AF2064658CC000A57C272805005C
:1088B0004429A47C0C8384AF2064658C0001A57CD2
:1088C000272805008431A47C0C8384AF2064638C4A
:1088D0004001637C27180300C439647C0C8384AF97
:1088E000348383930700632C3701601034838493AF
:1088F00080200400019D033C0C896324211864003E
:108900000000638C0800600000000000C88D009D1E
:108910002889009DA48A009DC88D009D008D009D22
:10892000208C009D908C009D01000324270043149F
:108930000883839300A0063C06000224200DC2A0F9
:108940008D838293200DC6240100C2A000A0023CAA
:10895000200943900200C3A0200942240100439053
:108960000300C3A0020043900400C3A0030043908F
:108970000500C3A0040043900600C3A00500429078
:108980000700C2A0080002247C8382A30100042403
:10899000010005240C5A400F08000724F88282AF1A
:1089A00000000000448380A36481828F0400432C74
:1089B0000400601401004224020002247222400BD1
:1089C000648182AF648182AF0883839301000224B3
:1089D000FD00621400A0023C06000324200D43A009
:1089E000200D4224030040A0040040A0050040A048
:1089F000060040A0758383930100022409006214DD
:108A00001883839300A0023C200D4224010003241C
:108A1000010043A056000324020043A09622400B0D
:108A2000758380A3010002240800621400A0023CA8
:108A3000200D422401000324010043A05700032419
:108A4000020043A09622400B188380A3200D4224ED
:108A5000010040A0020040A000A0103C200D102604
:108A6000070000A2080002247C8382A301000424E2
:108A700001000524213000020C5A400F0800072491
:108A8000F88282AF00000000088380A302000292F7
:108A9000FF004230CC004010010002247223400B42
:108AA000088382A3010003242700431408838393CF
:108AB00000A0063C06000224200DC2A08D838293F4
:108AC000200DC6240100C2A000A0023C2009439052
:108AD0000200C3A020094224010043900300C3A068
:108AE000020043900400C3A0030043900500C3A00C
:108AF000040043900600C3A0050042900700C2A0F6
:108B0000080002247C8382A30100042401000524C0
:108B10000C5A400F08000724F88282AF00000000C2
:108B2000448380A36481828F0400432C040060147A
:108B30000100422402000224D122400B648182AF52
:108B4000648182AF08838393010002249E00621433
:108B500000A0023C06000324200D43A0200D422467
:108B6000030040A0040040A0050040A0060040A073
:108B70007583839301000224090062141883839390
:108B800000A0023C200D422401000324010043A068
:108B900056000324020043A0F522400B758380A3F6
:108BA000010002240800621400A0023C200D4224AF
:108BB00001000324010043A057000324020043A046
:108BC000F522400B188380A3200D4224010040A011
:108BD000020040A000A0103C200D1026070000A2BB
:108BE000080002247C8382A30100042401000524E0
:108BF000213000020C5A400F08000724F88282AF8F
:108C000000000000088380A302000292FF004230AF
:108C10006D004010010002247223400B088382A3E0
:108C200000A0063C02000224200DC2A0200DC62494
:108C3000F0FF02240100C2A00C8382930200C2A0B4
:108C40000300C0A00400C0A00500C0A00600C0A092
:108C50006C8382930700C2A00800C0A00900C0A0D6
:108C60000A00C0A00B00C0A00C0002247C8382A3D9
:108C700003000424010005240C5A400F0C000724B3
:108C8000F88282AF088380A37223400B448380A3C1
:108C900000A0063C02000224200DC2A0200DC62424
:108CA000F0FF02240100C2A00C8382930200C2A044
:108CB0000300C0A00400C0A00500C0A00600C0A022
:108CC0006C8382930700C2A00800C0A00900C0A066
:108CD0000A00C0A00B00C0A00C0002247C8382A369
:108CE00003000424010005240C5A400F0C00072443
:108CF000F88282AF088380A37223400B448380A351
:108D000008838393010002240D0062546C8380AFBA
:108D10007583839304006214188383936C8382AFFA
:108D20005023400B758380A3010002240400625489
:108D30006C8380AF020002246C8382AF188380A30F
:108D400000A0103C02000224200D02A2200D1026DB
:108D5000F0FF0224010002A20C838293020002A20F
:108D6000030000A2040000A2050000A2060000A269
:108D70006C838293070002A2080000A2090000A2EF
:108D80000A0000A20B0000A20C0002247C8382A334
:108D90000300042401000524213000020C5A400F76
:108DA0000C000724F88282AF088380A30700029298
:108DB000FF00423004004050448380A3010002249D
:108DC000088382A3448380A3000000000C83828F69
:108DD000030040141000032488BF023C386143ACF8
:108DE0001400BF8F1000B08F0800E0031800BD27EB
:108DF0002E838293060040501483828F0100032447
:108E000097004314000000008E23400B6883828F7C
:108E1000688382AFF08280AF9C8380AF508380AF45
:108E2000AC8380AF188380A3758380A301000224E4
:108E30000800E0032E8382A31483838F2310620033
:108E40000300422C18004050F082838F88BF023C00
:108E50002066428C00014230050040109C83828FC6
:108E6000F082828F010042249E23400BF08282AF69
:108E7000010042249C8382AF88BF023C2066428C62
:108E80000002423005004010AC83828F5083828FF5
:108E9000010042240800E003508382AF0100422415
:108EA0000800E003AC8382AF9C83828F2B204300B9
:108EB000040080102B10620001000224B323400B39
:108EC000EC8282A301004054EC8280A35083838F04
:108ED000AC83828F2B204300040080102B10620093
:108EE00001000224BD23400BB08382A30100405443
:108EF000B08380A3EC828293B08383932400435495
:108F0000548380AF5483838F01006324548383AFE1
:108F10000200632C06006054A88380A30200022490
:108F2000548382AF010002240E24400BA88382A345
:108F30003683849301000324090083142D838393D3
:108F4000648383930500621002000224368382A3A7
:108F500001000224758382A3088382A32D83839357
:108F60000100022435006214EC828293EC82839328
:108F70007483829330006210020002242D8382A346
:108F800001000224188382A30E24400B088382A3CD
:108F9000A8838593010004241500A41436838493C8
:108FA000108384930800821000838493648383A3D6
:108FB0002E8380A301000224368382A32D8380A305
:108FC000FA23400B048380AF1B008350A88380A347
:108FD000748382A32E8380A3368380A3010002249E
:108FE0002D8382A35C8380AF0E24400BA88380A3D3
:108FF00002000324070083142D838393108383933B
:10900000030062100483828F01004224048382AF34
:109010002D8383930200022408006214EC82829361
:10902000B083839300838293030062105C83828FFA
:10903000010042245C8382AFEC828293108382A37E
:10904000B0838293008382A3F08280AF9C8380AF41
:10905000508380AFAC8380AF1483828F688382AFEC
:109060000800E00300000000F8FFBD270400B1AFD6
:109070000000B0AF8C8382930A00422CF60440506B
:109080000400B18F8C83839380180300019D023C00
:10909000A4904224211043000000428C08004000AC
:1090A00000000000CC90009D2891009D0095009D3F
:1090B000EC96009DD898009DC49A009DB09C009DA0
:1090C0009C9E009D88A0009D74A2009D1483828FA9
:1090D000608382AF00A0023CC40940ACC4094224B2
:1090E000040040AC140040AC180040AC280040AC78
:1090F0002C0040AC3C0040AC400040AC500040ACC8
:10910000540040AC640040AC680040AC780040AC17
:109110007C0040AC8C0040AC900040AC01000224CC
:109120001529400B8C8382A31483838F6083828FE5
:109130002B20620003008014FAFF04345324400BF8
:109140002310620021186400231062000300422CE7
:109150007100401000A0023C88BF023C2064428C99
:10916000200042300600401000A0023CC409422406
:109170008C00438C010063246424400B8C0043ACBE
:10918000C40942249000438C01006324900043AC46
:1091900088BF023C2064428C100042300600401020
:1091A00000A0023CC40942247800438C01006324DF
:1091B0007224400B780043ACC40942247C00438CE9
:1091C000010063247C0043AC88BF023C2064428CD5
:1091D000080042300600401000A0023CC4094224AE
:1091E0006400438C010063248024400B640043AC82
:1091F000C40942246800438C01006324680043AC26
:1092000088BF023C2064428C0400423006004010BB
:1092100000A0023CC40942245000438C0100632496
:109220008E24400B500043ACC40942245400438CAC
:1092300001006324540043AC88BF023C2064428C8C
:10924000020042300600401000A0023CC409422443
:109250003C00438C010063249C24400B3C0043AC45
:10926000C40942244000438C01006324400043AC05
:1092700088BF023C2064428C01004230060040104E
:1092800000A0023CC40942242800438C010063244E
:10929000AA24400B280043ACC40942242C00438C70
:1092A000010063242C0043AC88BF023C2065428C43
:1092B000020042300600401000A0023CC4094224D3
:1092C0001400438C01006324B824400B140043AC09
:1092D000C40942241800438C01006324180043ACE5
:1092E00088BF023C2065428C0100423005004010DE
:1092F00000A0023CC409438C010063241529400BE3
:10930000C40943ACC40942240400438C0100632413
:109310001529400B040043ACC40942248C00438C43
:109320009000428C2B204300050080102B1062001F
:109330000100032400A0023CD424400B580A43A09F
:109340000400401000A0023C00A0023C580A40A0CB
:1093500000A0023CC40942247800438C7C00428C6B
:109360002B204300050080102B1062000100032415
:1093700000A0023CE324400B440A43A00400401038
:1093800000A0023C00A0023C440A40A000A0023C15
:10939000C40942246400438C6800428C2B204300A3
:1093A000050080102B1062000100032400A0023C85
:1093B000F224400B300A43A00400401000A0023CFD
:1093C00000A0023C300A40A000A0023CC409422494
:1093D0005000438C5400428C2B2043000500801029
:1093E0002B1062000100032400A0023C0125400B69
:1093F0001C0A43A00400401000A0023C00A0023C54
:109400001C0A40A000A0023CC40942243C00438C3A
:109410004000428C2B204300050080102B1062007E
:109420000100032400A0023C1025400B080A43A0C1
:109430000400401000A0023C00A0023C080A40A02A
:1094400000A0023CC40942242800438C2C00428C1A
:109450002B204300050080102B1062000100032424
:1094600000A0023C1F25400BF40943A0040040105B
:1094700000A0023C00A0023CF40940A000A0023C75
:10948000C40942241400438C1800428C2B20430052
:10949000050080102B1062000100032400A0023C94
:1094A0002E25400BE00943A00400401000A0023C20
:1094B00000A0023CE00940A000A0023CC409438C8B
:1094C000C40942240400428C2B2043000500801074
:1094D0002B1062000100032400A0023C3C25400B3D
:1094E000CC0943A00200401000A0023CCC0940A0DF
:1094F0008C838293010042241529400B8C8382A324
:1095000000A0023CC4094224080043900900429094
:109510006E00431001000224448382A30100022450
:109520003F0062141080879300A0023CC4094224CB
:10953000100040A011808493272004008D83839322
:10954000241883008D8383A3128084932720040032
:109550003583839324188300358383A311004390BC
:109560000800622C5900401014808693188087935D
:109570001C80889320808A9324808C9328808F93EA
:109580002C80919300A0023CC409422425004990FC
:1095900039004B904D004D9061004E9075005890F1
:1095A000890059909D0050900100622400A0043C65
:1095B00020098424212082000800052400008290D4
:1095C0000F004610FFFF82A00E0047502158600098
:1095D0000C004850216860000A004A502170600069
:1095E00008004C5021C0600006004F5021C86000A8
:1095F00004005150218060008225400B010084242A
:10960000214860000100842401006324FF006330CE
:10961000EBFF655400008290AB25400B00A0023C9C
:1096200000A0023CD40947A0118082938D838393CC
:10963000251062008D8382A31280829335838393E9
:1096400025106200358382A3211000000800062443
:1096500000A0053C2009A5242118450000006390C6
:109660000D006054010042240800432C0A006050A1
:109670000100422400A0033C200963242120430070
:10968000000087A000A0033CD50962A0010042248D
:10969000B325400B3C8382A3FF004230EFFFC2148E
:1096A00021184500B325400B3C8382A3C409422402
:1096B000250049A039004BA04D004DA061004EA0EF
:1096C000750058A0890059A09D0050A000A0023C40
:1096D000C409422408004390090043A08C8382936C
:1096E000010042241529400B8C8382A300A0023C78
:1096F000C40942241C0043901D0042906E00431098
:1097000001000224448382A3010002243F0062146A
:109710001480879300A0023CC4094224240040A086
:1097200015808493272004008D838393241883005D
:109730008D8383A31680849327200400358383932D
:1097400024188300358383A3250043900800622CEE
:109750005900401010808693188087931C8088934E
:1097600020808A9324808C9328808F932C809193DF
:1097700000A0023CC409422439004B904D004D909A
:1097800061004E9075005890890059909D0050904E
:10979000110049900100622400A0043C20098424A7
:1097A0002120820008000524000082900F0046104E
:1097B000FFFF82A00E004750215860000C00485067
:1097C000216860000A004A502170600008004C5077
:1097D00021C0600006004F5021C8600004005150B5
:1097E00021806000FD25400B010084242148600099
:1097F0000100842401006324FF006330EBFF655403
:10980000000082902626400B00A0023C00A0023CF3
:10981000E80947A0158082938D8383932510620009
:109820008D8382A3168082933583839325106200F3
:10983000358382A3211000000800062400A0053C07
:109840002009A52421184500000063900D006054F4
:10985000010042240800432C0A0060500100422409
:1098600000A0033C2009632421204300000087A0BE
:1098700000A0033CE90962A0010042242E26400B0F
:109880003C8382A3FF004230EFFFC2142118450041
:109890002E26400B3C8382A3C409422439004BA0EE
:1098A0004D004DA061004EA0750058A0890059A040
:1098B0009D0050A0110049A000A0023CC409422410
:1098C0001C0043901D0043A08C838293010042241E
:1098D0001529400B8C8382A300A0023CC4094224BA
:1098E00030004390310042906E004310010002248A
:1098F000448382A3010002243F00621418808793EE
:1099000000A0023CC4094224380040A0198084937E
:10991000272004008D838393241883008D8383A3E1
:109920001A808493272004003583839324188300AE
:10993000358383A3390043900800622C59004010FE
:1099400010808693148087931C80889320808A934C
:1099500024808C9328808F932C80919300A0023CCC
:10996000C409422425004B904D004D9061004E905B
:1099700075005890890059909D00509011004990B1
:109980000100622400A0043C2009842421208200DC
:1099900008000524000082900F004610FFFF82A0FF
:1099A0000E004750215860000C00485021686000AC
:1099B0000A004A502170600008004C5021C060002D
:1099C00006004F5021C86000040051502180600003
:1099D0007826400B01008424214860000100842483
:1099E00001006324FF006330EBFF655400008290A8
:1099F000A126400B00A0023C00A0023CFC0947A0AD
:109A0000198082938D838393251062008D8382A3B6
:109A10001A8082933583839325106200358382A355
:109A2000211000000800062400A0053C2009A52400
:109A300021184500000063900D006054010042248D
:109A40000800432C0A0060500100422400A0033C9F
:109A50002009632421204300000087A000A0033CCC
:109A6000FD0962A001004224A926400B3C8382A389
:109A7000FF004230EFFFC21421184500A926400B19
:109A80003C8382A3C409422425004BA04D004DA075
:109A900061004EA0750058A0890059A09D0050A0FB
:109AA000110049A000A0023CC409422430004390A8
:109AB000310043A08C838293010042241529400B7E
:109AC0008C8382A300A0023CC4094224440043903A
:109AD000450042906E00431001000224448382A39B
:109AE000010002243F0062141C80879300A0023C06
:109AF000C40942244C0040A01D8084932720040008
:109B00008D838393241883008D8383A31E80849385
:109B1000272004003583839324188300358383A38F
:109B20004D0043900800622C59004010108086932D
:109B3000148087931880889320808A9324808C9344
:109B400028808F932C80919300A0023CC40942246A
:109B500025004B9039004D9061004E907500589053
:109B6000890059909D005090110049900100622495
:109B700000A0043C20098424212082000800052440
:109B8000000082900F004610FFFF82A00E00475099
:109B9000215860000C004850216860000A004A50BB
:109BA0002170600008004C5021C0600006004F503A
:109BB00021C860000400515021806000F326400B52
:109BC00001008424214860000100842401006324F2
:109BD000FF006330EBFF6554000082901C27400BB0
:109BE00000A0023C00A0023C100A47A01D80829306
:109BF0008D838393251062008D8382A31E808293C0
:109C00003583839325106200358382A321100000E1
:109C10000800062400A0053C2009A52421184500C1
:109C2000000063900D006054010042240800432CA2
:109C30000A0060500100422400A0033C2009632474
:109C400021204300000087A000A0033C110A62A06D
:109C5000010042242427400B3C8382A3FF004230B2
:109C6000EFFFC214211845002427400B3C8382A338
:109C7000C409422425004BA039004DA061004EA02C
:109C8000750058A0890059A09D0050A0110049A05E
:109C900000A0023CC409422444004390450043A074
:109CA0008C838293010042241529400B8C8382A36C
:109CB00000A0023CC409422458004390590042903D
:109CC0006E00431001000224448382A30100022499
:109CD0003F0062142080879300A0023CC409422404
:109CE000600040A021808493272004008D8383930B
:109CF000241883008D8383A322808493272004006B
:109D00003583839324188300358383A361004390B4
:109D10000800622C590040101080869314808793AD
:109D2000188088931C808A9324808C9328808F933A
:109D30002C80919300A0023CC409422425004B9042
:109D400039004D904D004E90750058908900599003
:109D50009D005090110049900100622400A0043C35
:109D6000200984242120820008000524000082901C
:109D70000F004610FFFF82A00E00475021586000E0
:109D80000C004850216860000A004A5021706000B1
:109D900008004C5021C0600006004F5021C86000F0
:109DA00004005150218060006E27400B0100842484
:109DB000214860000100842401006324FF00633017
:109DC000EBFF6554000082909727400B00A0023CF7
:109DD00000A0023C240A47A0218082938D838393B4
:109DE000251062008D8382A3228082933583839322
:109DF00025106200358382A321100000080006248C
:109E000000A0053C2009A52421184500000063900E
:109E10000D006054010042240800432C0A006050E9
:109E20000100422400A0033C2009632421204300B8
:109E3000000087A000A0033C250A62A00100422484
:109E40009F27400B3C8382A3FF004230EFFFC214E8
:109E5000211845009F27400B3C8382A3C40942245C
:109E600025004BA039004DA04D004EA0750058A014
:109E7000890059A09D0050A0110049A000A0023CFB
:109E8000C409422458004390590043A08C83829314
:109E9000010042241529400B8C8382A300A0023CC0
:109EA000C40942246C0043906D0042906E00431040
:109EB00001000224448382A3010002243F006214B3
:109EC0002480879300A0023CC4094224740040A06F
:109ED00025808493272004008D8383932418830096
:109EE0008D8383A326808493272004003583839366
:109EF00024188300358383A3750043900800622CE7
:109F0000590040101080869314808793188088939E
:109F10001C808A9320808C9328808F932C8091932F
:109F200000A0023CC409422425004B9039004D900A
:109F30004D004E9061005890890059909D005090BE
:109F4000110049900100622400A0043C20098424EF
:109F50002120820008000524000082900F00461096
:109F6000FFFF82A00E004750215860000C004850AF
:109F7000216860000A004A502170600008004C50BF
:109F800021C0600006004F5021C8600004005150FD
:109F900021806000E927400B0100842421486000F3
:109FA0000100842401006324FF006330EBFF65544B
:109FB000000082901228400B00A0023C00A0023C4E
:109FC000380A47A0258082938D83839325106200F1
:109FD0008D8382A32680829335838393251062002C
:109FE000358382A3211000000800062400A0053C50
:109FF0002009A52421184500000063900D0060543D
:10A00000010042240800432C0A0060500100422451
:10A0100000A0033C2009632421204300000087A006
:10A0200000A0033C390A62A0010042241A28400B18
:10A030003C8382A3FF004230EFFF46142118450005
:10A040001A28400B3C8382A3C409422425004BA05C
:10A0500039004DA04D004EA0610058A0890059A0C4
:10A060009D0050A0110049A000A0023CC409422458
:10A070006C0043906D0043A08C83829301004224C6
:10A080001529400B8C8382A300A0023CC409422402
:10A0900080004390810042906E0043100100022432
:10A0A000448382A3010002243F0062142880879326
:10A0B00000A0023CC4094224880040A02980849367
:10A0C000272004008D838393241883008D8383A32A
:10A0D0002A808493272004003583839324188300E7
:10A0E000358383A3890043900800622C59004010F7
:10A0F0001080869314808793188088931C808A939D
:10A1000020808C9324808F932C80919300A0023C1C
:10A11000C409422425004B9039004D904D004E90CB
:10A1200061005890750059909D0050901100499021
:10A130000100622400A0043C200984242120820024
:10A1400008000524000082900F004610FFFF82A047
:10A150000E004750215860000C00485021686000F4
:10A160000A004A502170600008004C5021C0600075
:10A1700006004F5021C8600004005150218060004B
:10A180006428400B010084242148600001008424DD
:10A1900001006324FF006330EBFF655400008290F0
:10A1A0008D28400B00A0023C00A0023C4C0A47A0B6
:10A1B000298082938D838393251062008D8382A3EF
:10A1C0002A8082933583839325106200358382A38E
:10A1D000211000000800062400A0053C2009A52449
:10A1E00021184500000063900D00605401004224D6
:10A1F0000800432C0A0060500100422400A0033CE8
:10A200002009632421204300000087A000A0033C14
:10A210004D0A62A0010042249528400B3C8382A392
:10A22000FF004230EFFF4614211845009528400BEF
:10A230003C8382A3C409422425004BA039004DA0D1
:10A240004D004EA0610058A0750059A09D0050A07F
:10A25000110049A000A0023CC409422480004390A0
:10A26000810043A08C838293010042241529400B76
:10A270008C8382A300A0023CC40942249400439032
:10A28000950042906E00431001000224448382A393
:10A29000010002243F0062142C80879300A0023C3E
:10A2A000C40942249C0040A02D80849327200400F0
:10A2B0008D838393241883008D8383A32E808493BE
:10A2C000272004003583839324188300358383A3D8
:10A2D0009D0043900800622C590040101080869326
:10A2E00014808793188088931C808A9320808C9395
:10A2F00024808F932880919300A0023CC4094224BB
:10A3000025004B9039004D904D004E9061005890C3
:10A310007500599089005090110049900100622405
:10A3200000A0043C20098424212082000800052488
:10A33000000082900F004610FFFF82A00E004750E1
:10A34000215860000C004850216860000A004A5003
:10A350002170600008004C5021C0600006004F5082
:10A3600021C860000400515021806000DF28400BAC
:10A37000010084242148600001008424010063243A
:10A38000FF006330EBFF6554000082900829400B0A
:10A3900000A0023C00A0023C600A47A02D808293EE
:10A3A0008D838393251062008D8382A32E808293F8
:10A3B0003583839325106200358382A3211000002A
:10A3C0000800062400A0053C2009A524211845000A
:10A3D000000063900D006054010042240800432CEB
:10A3E0000A0060500100422400A0033C20096324BD
:10A3F00021204300000087A000A0033C610A62A066
:10A40000010042241029400B3C8382A3FF0042300C
:10A41000EFFF4614211845001029400B3C8382A30E
:10A42000C409422425004BA039004DA04D004EA088
:10A43000610058A0750059A0890050A0110049A0E2
:10A4400000A0023CC409422494004390950043A01C
:10A450008C8380A30400B18F0000B08F0800E0035C
:10A460000800BD27A482828F9800401000000000E1
:10A4700001000324120043140200032400A0033C43
:10A480008C0E63245C00649482200400FF008530FD
:10A4900000A0023C200D4224060045A00222040038
:10A4A000070044A055006390080043A000A0033CAF
:10A4B000950F6390090043A00800E003000000002E
:10A4C000120043140300032400A0033C400F632444
:10A4D0005C00649482200400FF00853000A0023CF0
:10A4E000200D4224060045A002220400070044A0DB
:10A4F00000A0043CE10E8490080044A05500639045
:10A50000090043A00800E00300000000110043140C
:10A510000400032400A0023C200E4394FF0064309A
:10A5200000A0023C200D4224060044A0021A0300B1
:10A53000070043A000A0033CE10E6390080043A085
:10A5400000A0033C950F6390090043A00800E003BE
:10A550000000000010004314050003245086838F80
:10A56000FF00643000A0023C200D4224060044A0FD
:10A57000003A637C070043A000A0033CE10E639017
:10A58000080043A000A0033C950F6390090043A07E
:10A590000800E0030000000010004314060003243C
:10A5A0008885838FFF00643000A0023C200D422488
:10A5B000060044A0003A637C070043A000A0033CCF
:10A5C000E10E6390080043A000A0033C950F639048
:10A5D000090043A00800E003000000000E0043143F
:10A5E000070003243085839300A0023C200D422401
:10A5F000060043A0070040A000A0033CE10E6390CA
:10A60000080043A000A0033C950F6390090043A0FD
:10A610000800E003000000001000431408000324B9
:10A62000C085838FFF00643000A0023C200D4224CF
:10A63000060044A0003A637C070043A000A0033C4E
:10A64000E10E6390080043A000A0033C950F6390C7
:10A65000090043A00800E003000000000E004314BE
:10A66000090003241885838FFF00643000A0023C9A
:10A67000200D4224060044A0003A637C070043A05A
:10A680004D858393080043A07D858393090043A0F3
:10A690000800E003000000000C004314000000006C
:10A6A0005485838FFF00643000A0023C200D4224BB
:10A6B000060044A0003A637C070043A04D858393C5
:10A6C000080043A07D858393090043A00800E003B0
:10A6D00000000000E8FFBD271400BFAF1000B0AFBE
:10A6E0001C83828F3900401000A0023C00A0103C67
:10A6F00009000224200D02A210000224E08582A39A
:10A7000000A0063C0C08C6240100C2A05C81828F18
:10A710000200C2A0021202000300C2A06081828F68
:10A720000400C2A0021202000500C2A00600C0A0E0
:10A730000700C0A0080002247C8382A30100042437
:10A74000010005240C5A400F08000724F88282AF4C
:10A750000000000002000224200D02A2C0FF02241B
:10A76000E08582A3200D06260100C2A05481828FBD
:10A77000FF0043300200C3A0003A427C0300C2A0A5
:10A780005881828FFF0043300400C3A0003A427C0E
:10A790000500C2A00600C0A00700C0A00800C0A01D
:10A7A0000900C0A00A0002247C8382A303000424C1
:10A7B000010005240C5A400F0A000724F88282AFDA
:10A7C000000000003D2A400BB88480A3880D428C15
:10A7D00005004014B88482934086829340100200A2
:10A7E000042A400BE08582A3060040144086829331
:10A7F00040100200E08582A300A0023C042A400B26
:10A80000880D40AC4010020001004224E08582A384
:10A8100000A0063C090002240C08C2A00C08C624B3
:10A82000E08582930100C2A05885828F0200C2A0F9
:10A83000021202000300C2A03886828F0400C2A068
:10A84000021202000500C2A000A0103C7C0D1026E0
:10A850000C00028E0600C2A0021202000700C2A075
:10A86000080002247C8382A3010004240100052443
:10A870000C5A400F08000724F88282AF00A0063C63
:10A8800002000224200DC2A0E0858293A0FF422492
:10A89000FF004230200DC6240100C2A02385829310
:10A8A0000200C2A0248582930300C2A02585829362
:10A8B0000400C2A0268582930500C2A00C00028E6F
:10A8C000FF0043300600C3A0003A427C0700C2A04C
:10A8D0000800C0A00900C0A00A0002247C8382A353
:10A8E00003000424010005240C5A400F0A00072429
:10A8F000F88282AF1400BF8F1000B08F0800E00311
:10A900001800BD27D0FFBD272C00BFAF2800B5AF72
:10A910002400B4AF2000B3AF1C00B2AF1800B1AF39
:10A920001400B0AF1C83828F3900401000A0023C9D
:10A9300000A0063C070002240C08C2A0C0FF10249F
:10A94000E08590A30C08C6240100D0A05481828F1A
:10A950000200C2A0021202000300C2A05881828F2E
:10A960000400C2A0021202000500C2A00600C0A09E
:10A970000700C0A00800C0A00900C0A00A00112460
:10A980007C8391A302000424010005240C5A400F8B
:10A990000A000724F88282AF0000000000A0063CF5
:10A9A00002000224200DC2A0E08590A3200DC62441
:10A9B0000100D0A05481828FFF0043300200C3A069
:10A9C000003A427C0300C2A05881828FFF004330CE
:10A9D0000400C3A0003A427C0500C2A00600C0A04B
:10A9E0000700C0A00800C0A00900C0A07C8391A3FC
:10A9F00003000424010005240C5A400F0A00072418
:10AA0000F88282AF00000000D32A400BB88480A3F4
:10AA1000880D428C06004014B8848293408682934D
:10AA200040100200A0FF4224972A400BE08582A339
:10AA3000070040144086829340100200A0FF422489
:10AA4000E08582A300A0023C972A400B880D40AC11
:10AA500040100200A1FF4224E08582A300A0063C32
:10AA6000070002240C08C2A00C08C624E0858293CB
:10AA70000100C2A023859027000002920200C2A01C
:10AA800024859127000022920300C2A025859227E9
:10AA9000000042920400C2A0268593270000629223
:10AAA0000500C2A000A0143C7C0D94260C00828EF0
:10AAB0000600C2A0021202000700C2A00800C0A047
:10AAC0000900C0A00A0015247C8395A30200042479
:10AAD000010005240C5A400F0A000724F88282AFB7
:10AAE00000A0063C02000224200DC2A0E085829353
:10AAF000200DC6240100C2A0000002920200C2A0E4
:10AB0000000022920300C2A0000042920400C2A0F2
:10AB1000000062920500C2A00C00828EFF0043304C
:10AB20000600C3A0003A427C0700C2A00800C0A0F3
:10AB30000900C0A07C8395A3030004240100052420
:10AB40000C5A400F0A000724F88282AF2C00BF8FF6
:10AB50002800B58F2400B48F2000B38F1C00B28F63
:10AB60001800B18F1400B08F0800E0033000BD273B
:10AB7000E8FFBD271400BFAFF882828F0600405067
:10AB8000408082930000429080004230FF004230BB
:10AB90001A004014408082930200032409004310ED
:10ABA000030003240B004310000000000C0040547D
:10ABB000020004240C6E400F00000000F82A400B35
:10ABC00002000424BE6D400F00000000F82A400B74
:10ABD00002000424E66D400F00000000020004247F
:10ABE0000100052400A0063C200DC6240C5A400F8D
:10ABF0007C838793F88282AF400000001400BF8FEF
:10AC00000800E0031800BD279483829309004014D4
:10AC1000FF0084301000032488BF023C386143AC3D
:10AC20008083828F988382AF010002240800E003B2
:10AC3000948382A3010003240F0043140200032421
:10AC40008083828F9883858F2328450064000324A6
:10AC5000231864002B18A3000F00601400000000EC
:10AC60000D008050988382AF02000324948383A355
:10AC70000800E003988382AF07004314000000003F
:10AC80009883828F8083838F231062002B2044005F
:10AC900001008050948380A30800E00300000000BE
:10ACA000F482838FB80B0224FFFF4224FFFF40147D
:10ACB000FFFF4224B80B6224F48282AFB80B022457
:10ACC0000800E003388382AFE8FFBD271400BFAF60
:10ACD000388380AF282B400F000000003883828F1C
:10ACE00001004224388382AF0A00422CF9FF40144D
:10ACF0001400BF8F0800E0031800BD27E8FFBD2740
:10AD00001400BFAF1000B0AF218080000900801098
:10AD1000388380AF322B400F000000003883828FD1
:10AD200001004224388382AF2B105000F9FF4014F9
:10AD3000000000001400BF8F1000B08F0800E00377
:10AD40001800BD27F482838F60090224FFFF42248C
:10AD5000FFFF4014FFFF422460096224F48282AFA7
:10AD6000600902240800E003388382AFF482838FF5
:10AD70002C010224FFFF4224FFFF4014FFFF422466
:10AD80002C016224F48282AF2C0102240800E0032B
:10AD9000388382AFD8FFBD272400BFAF2000B3AFF8
:10ADA0001C00B2AF1800B1AF1400B0AF218080001A
:10ADB0002188A0002190C000A08284AF2871400F9C
:10ADC0000000938C24887102212000023271400F10
:10ADD000252832022400BF8F2000B38F1C00B28FC1
:10ADE0001800B18F1400B08F0800E0032800BD27C1
:10ADF000E8FFBD271400BFAF1000B0AF00A0023CB9
:10AE00007809429002000324C80243541400BF8F03
:10AE100000A0033C7909639050006324FF00643074
:10AE20003000842CC10280501400BF8FFF006330BB
:10AE300080180300019D043C4CAE8424211883003B
:10AE40000000638C08006000000000000CAF009D53
:10AE500028B9009D9CAF009D28B9009D28B9009D90
:10AE600028B9009D28B9009D28B9009D28B9009DEA
:10AE700028B9009D28B9009D28B9009D28B9009DDA
:10AE800028B9009D28B9009D28B9009D28B9009DCA
:10AE900028B9009D28B9009D28B9009D28B9009DBA
:10AEA00028B9009D28B9009D28B9009D28B9009DAA
:10AEB00028B9009D28B9009D28B9009D28B9009D9A
:10AEC00028B9009D28B9009D28B9009DFCB0009DBF
:10AED00070B2009D28B9009D28B9009D28B9009D39
:10AEE00028B9009D28B9009D28B9009D28B9009D6A
:10AEF00028B9009D24B7009D28B9009D28B9009D60
:10AF000028B9009D28B9009D98B1009D00A0023C81
:10AF10007A0943907F0062301C8582A3348382A328
:10AF200000A0023C02000424200D44A0200D422475
:10AF3000B1FF0424010044A0020043A0030040A08C
:10AF4000040040A0050040A0060040A0070040A06B
:10AF50005081828F060040100300042400004290BC
:10AF600080004230FF0042300800401400A0023C44
:10AF70000100052400A0063C200DC6240C5A400FF9
:10AF80000A000724508182AF00A0023C780940A04B
:10AF9000010002244A2E400B7F8182A300A0023CC4
:10AFA0007A094290200042305F02401000A0023C2B
:10AFB0007B0942900100032428004314020003246B
:10AFC000F88383A300A0023C200D43A0200D42245F
:10AFD000B2FF0324010043A001000324020043A0A8
:10AFE000030043A0040040A0050040A0060040A0CC
:10AFF000070040A05081828F060040100300042407
:10B000000000429080004230FF00423008004014AF
:10B0100000A0023C0100052400A0063C200DC6242F
:10B020000C5A400F0C000724508182AF00A0023C54
:10B03000780940A0010002242C8382A3019D103CCA
:10B040002871400F14E0043614E004363271400FCA
:10B050002C8385934B2E400B1400BF8F320240147B
:10B0600001000324F88383A300A0023C020004240F
:10B07000200D44A0200D4224B2FF0424010044A06E
:10B08000020040A0030043A0040040A0050040A02F
:10B09000060040A0070040A05081828F060040506B
:10B0A000030004240000429080004230FF00423040
:10B0B00007004014030004240100052400A0063CFE
:10B0C000200DC6240C5A400F0C000724508182AF7B
:10B0D00000A0023C780940A02C8380A3019D103C75
:10B0E0002871400F14E0043614E004363271400F2A
:10B0F0002C8385934B2E400B1400BF8F00A0023C85
:10B100007A094390040062300702401000A0023C1C
:10B110007B0942900402401400A0023C0200042477
:10B12000200D44A0200D4224E0FF0424010044A08F
:10B13000020043A0030040A000A0033C7C096390F0
:10B14000040043A030000324050043A0060040A0F3
:10B15000070040A05081828F0600401003000424A5
:10B160000000429080004230FF004230080040144E
:10B1700000A0023C0100052400A0063C200DC624CE
:10B180000C5A400F0A000724508182AF00A0023CF5
:10B190004A2E400B780940A000A0023C78094224C6
:10B1A00003004390001A03000500459006004490F8
:10B1B00007004690040042902118620029090224E9
:10B1C0000C00625421200000002A05002120A40068
:10B1D000BD28022407008214212000000900022457
:10B1E0000500C21400A0023C02000224248482AFA5
:10B1F0000100042400A0023C7809439000A0023C16
:10B20000200D43A0200D4224EFFF0324010043A0A2
:10B21000020044A0030040A0040040A0050040A09C
:10B22000060040A0070040A05081828F0600401019
:10B23000030004240000429080004230FF004230AE
:10B240000800401400A0023C0100052400A0063CB8
:10B25000200DC6240C5A400F0A000724508182AFEB
:10B2600000A0023C780940A04A2E400B348180AFF8
:10B2700000A0033C7A09639001000424F1006450AB
:10B28000010002240600605000A0033C800002245C
:10B29000A60162141400BF8FC32D400B3981839324
:10B2A0007C096390020004243C0064100300642CB9
:10B2B0000600801003000424010004249B01641490
:10B2C0001400BF8FB92C400B00A0033C6700641032
:10B2D00004000424950164141400BF8F542D400B06
:10B2E00000A0033C7B096490019D033C00E46334AF
:10B2F00021188300308183AFA08283AF0000639068
:10B30000908383A300A0053C200DA2A0200DA224C1
:10B31000E1FF0524010045A0020044A0010004242F
:10B32000030044A0040043A091838393050043A03D
:10B3300092838393060043A093838393070043A0E3
:10B34000080040A0090040A05081828F06004010F4
:10B35000030004240000429080004230FF0042308D
:10B360000800401400A0023C0100052400A0063C97
:10B37000200DC6240C5A400F0A000724508182AFCA
:10B3800000A0023C780940A0908380A3918380A311
:10B39000928380A34A2E400B938380A300A0033C9A
:10B3A0007B096390019D043C00E4843421286400FF
:10B3B000308185AFA08285AF0000A590908385A3E2
:10B3C0000100842421206400308184AFA08284AFF6
:10B3D00000008490918384A300A0063C200DC2A0AD
:10B3E000200DC224E1FF0624010046A0020043A074
:10B3F00002000324030043A0040045A0050044A06C
:10B4000092838393060043A093838393070043A012
:10B41000080040A0090040A05081828F0600401023
:10B42000030004240000429080004230FF004230BC
:10B430000800401400A0023C0100052400A0063CC6
:10B44000200DC6240C5A400F0A000724508182AFF9
:10B4500000A0023C780940A0908380A3918380A340
:10B46000928380A34A2E400B938380A300A0033CC9
:10B470007B096390019D043C00E48434212864002E
:10B48000308185AFA08285AF0000A690908386A30F
:10B490000100852421286500308185AFA08285AF19
:10B4A0000000A590918385A30200842421206400DC
:10B4B000308184AFA08284AF00008490928384A303
:10B4C00000A0073C200DE2A0200DE224E1FF0724AC
:10B4D000010047A0020043A003000324030043A08F
:10B4E000040046A0050045A0060044A09383839372
:10B4F000070043A0080040A0090040A05081828FAF
:10B5000006004010030004240000429080004230F6
:10B51000FF0042300800401400A0023C0100052456
:10B5200000A0063C200DC6240C5A400F0A00072438
:10B53000508182AF00A0023C780940A0908380A394
:10B54000918380A3928380A34A2E400B938380A390
:10B550007B096390019D043C00E48434212864004D
:10B56000308185AFA08285AF0000A790908387A32C
:10B570000100852421286500308185AFA08285AF38
:10B580000000A690918386A30200852421286500EF
:10B59000308185AFA08285AF0000A590928385A3FE
:10B5A0000300842421206400308184AFA08284AF12
:10B5B00000008490938384A300A0083C200D02A186
:10B5C000200D0225E1FF0824010048A0020043A04D
:10B5D00004000324030043A0040047A0050046A084
:10B5E000060045A0070044A0080040A0090040A0B4
:10B5F0005081828F06004010030004240000429016
:10B6000080004230FF0042300800401400A0023C9D
:10B610000100052400A0063C200DC6240C5A400F52
:10B620000A000724508182AF00A0023C780940A0A4
:10B63000908380A3918380A3928380A34A2E400BA2
:10B64000938380A3398182A300A0023C7B094590AB
:10B650001900A01000A0023C38818693FFFFA224AD
:10B660001400C2100100C724FF00E7302B10E500D2
:10B67000AD0040102110E00000A0043C200884240C
:10B680002118440001004224FF004230FCFF451411
:10B69000000060A0FEFFA2242138E2002330E60073
:10B6A000388186A3FF00C630FFFFA2249F00C2148A
:10B6B0001400BF8F00A0023C7C0947909A00E01064
:10B6C00000A0023C7D09422400A0033C2008632422
:10B6D00021186500FFFFE424FF00843000A0063C31
:10B6E0007E09C6242130C40000004490000064A0FC
:10B6F00001004224FCFF4614010063242128A70016
:10B70000FFFFA5244A2E400B388185A301000224A7
:10B71000860062141400BF8F020002244A2E400BE0
:10B72000398182A300A0033C7A09639001000424BC
:10B7300046006450010002240600601000A0083C8E
:10B7400080000224790062141400BF8F452E400B44
:10B750003A8183937809082503000391009D043CF6
:10B76000005F852421286500308185AFA08285AFE8
:10B770000000A790908387A3015F8524212865009E
:10B78000308185AFA08285AF0000A690918386A30B
:10B79000025F852421286500308185AFA08285AFB6
:10B7A0000000A590928385A3035F84242120640078
:10B7B000308184AFA08284AF00008490938384A3FF
:10B7C00000A0093C200D22A1200D2225EAFF09241A
:10B7D000010049A0020043A004000391030043A01C
:10B7E000040047A0050046A0060045A0070044A0AD
:10B7F000080040A0090040A05081828F0600401040
:10B80000030004240000429080004230FF004230D8
:10B810000800401400A0023C0100052400A0063CE2
:10B82000200DC6240C5A400F0A000724508182AF15
:10B8300000A0023C780940A0908380A3918380A35C
:10B84000928380A34A2E400B938380A33A8182A3E4
:10B8500000A0023C7B0945901900A01000A0023C0A
:10B8600038818693FFFFA2241400C2100100C72470
:10B87000FF00E7302B10E5002B0040102110E00006
:10B8800000A0043C20088424211844000100422424
:10B89000FF004230FCFF4514000060A0FEFFA22420
:10B8A000233046002138E600388187A3FF00E730C7
:10B8B000FFFFA2241D00E2141400BF8F00A0023C71
:10B8C0007C0947901800E01000A0023C7D0942244A
:10B8D00000A0033C2008632421186500FFFFE42436
:10B8E000FF00843000A0063C7E09C6242130C4003D
:10B8F00000004490000064A001004224FCFF4614B4
:10B90000010063242128E500FFFFA5244A2E400BF7
:10B91000388185A301000224040062141400BF8F43
:10B92000020002243A8182A31400BF8F1000B08F5E
:10B930000800E0031800BD27D8FFBD272400BFAFD3
:10B940002000B4AF1C00B3AF1800B2AF1400B1AF09
:10B950001000B0AF0484838F01000224D70262106C
:10B960004C81828F060040100000000000004290D1
:10B9700080004230FF0042300B0040143A81839334
:10B980007C2B400F0000000003000424212800004D
:10B9900000A0063C7809C6240C5A400F0A00072470
:10B9A0004C8182AF3A8183930200022433006214F7
:10B9B0003981839338818293FF0003240D00431063
:10B9C000010042240001432C0A00601000A0053C45
:10B9D0002008A5242118A200000060A0FF00443028
:10B9E000010042240001432CFBFF60142118A20037
:10B9F000388184A3009D113C2871400F005F2426EC
:10BA000000A0103C23081026005F313600A0123C35
:10BA100058105226FF62133C00A17336009D143C5F
:10BA20000060942600000592002A0500FFFF0292A4
:10BA30002528A200002A0500FEFF02922528A20068
:10BA4000002A0500FDFF02922528A20021105102C4
:10BA500021105300000045AC3271400F212020021C
:10BA600004003126EFFF3416040010263A8180A32B
:10BA7000388180A33981839302000224320062144A
:10BA80007F81829338818293FF0003240D0043104D
:10BA9000010042240001432C0A00601000A0053C74
:10BAA0002008A5242118A200000060A0FF00443057
:10BAB000010042240001432CFBFF60142118A20066
:10BAC000388184A3019D113C2871400F00E4243685
:10BAD00000A0103C2308102600E4313600A0123CE0
:10BAE00058105226FE62133C001C7326019D143C24
:10BAF00000E5943600000592002A0500FFFF02923F
:10BB00002528A200002A0500FEFF02922528A20097
:10BB1000002A0500FDFF02922528A20021105102F3
:10BB200021105300000045AC3271400F212020024B
:10BB300004003126EFFF341604001026398180A35B
:10BB4000388180A37F8182930A00401000A0023CCC
:10BB50007A0946902014067C060043047F8180A366
:10BB6000019D043C04E08434652B400F00FF052454
:10BB70007F8180A32484838F020002241300621437
:10BB8000F882828F3481828F01004224348182AF17
:10BB90007017422C0D004014F882828F88BF023C3F
:10BBA0008050438C0400037C805043AC019D043CD6
:10BBB00000E084343271400F12120524C0BF023CF1
:10BBC00009F8400000000000F882828F0600401053
:10BBD000B88484930000439080006330FF0063309A
:10BBE000C80060140000000003000324C300831495
:10BBF0007882838F0400632CC0006010A886838F36
:10BC0000BE0060141000032488BF023C386143ACBE
:10BC10001C8582930700422CA3004050208680A7F9
:10BC20001C85839380180300019D023C40BC422484
:10BC3000211043000000428C08004000000000007A
:10BC4000A4BE009D5CBC009DE4BC009DA4BE009D04
:10BC5000E4BD009D84BE009D98BE009D00A0103CE8
:10BC600009000224200D02A2E08580A3200D1026E9
:10BC7000010000A25481828FFF004330020003A222
:10BC8000003A427C030002A25881828FFF004330B9
:10BC9000040003A2003A427C050002A2060000A2B2
:10BCA000070000A2080002247C8382A30100042470
:10BCB00001000524213000020C5A400F080007241F
:10BCC000F88282AF00000000B88480A301000292D5
:10BCD000FF0042307300401003000224A92F400BE4
:10BCE000B88482A300A0033C07000224200D62A0B8
:10BCF000C0FF0224E08582A3200D6324010062A01E
:10BD00002C83839301000224140062145481838FD6
:10BD1000F8838393FF006330020002240F00621453
:10BD20005481838F5881838FFF00643000A0023CD0
:10BD3000200D4224020044A0003A637C030043A08B
:10BD40005481838FFF006430040044A0003A637C78
:10BD5000050043A0632F400B00A0103CFF0064309F
:10BD600000A0023C200D4224020044A0003A637C63
:10BD7000030043A05881838FFF006430040044A077
:10BD8000003A637C050043A000A0103C200D102663
:10BD9000060000A2070000A2080000A2090000A2FD
:10BDA0000A0002247C8382A30200042401000524EB
:10BDB000213000020C5A400F0A000724F88282AF9B
:10BDC00000000000B88480A301000392FF006330EC
:10BDD000C00002243300621003000224A92F400B8C
:10BDE000B88482A300A0103C02000224200D02A20D
:10BDF000C0FF0224E08582A3200D1026010002A2CC
:10BE00005481828FFF004330020003A2003A427C3B
:10BE1000030002A25881828FFF004330040003A276
:10BE2000003A427C050002A2060000A2070000A220
:10BE3000080000A2090000A20A0000A20B0000A254
:10BE40000C0002247C8382A3030004240100052447
:10BE5000213000020C5A400F0C000724F88282AFF8
:10BE600000000000B88480A301000392FF0063304B
:10BE7000C00002240B00621003000224A92F400B13
:10BE8000B88482A301000224B529400F1C8382AF2D
:10BE9000AA2F400B208680A701000224412A400FD0
:10BEA0001C8382AF208680A7CE8580A70C8680AFBA
:10BEB000088580AF588580AF388680AF00A0033CEE
:10BEC0007C0D63240C0060AC00A0043C600E822456
:10BED000080040AC040060AC600E80AC080060ACB0
:10BEE000040040AC0C0040AC100040AC140040AC6E
:10BEF000180040A02F31400B190040A00600405010
:10BF0000398582930000429080004230FF00423029
:10BF10006A014014398582930200422C6701401463
:10BF200040868293FF000324640143100100032430
:10BF3000A886848F620183142400BF8F00A0033C75
:10BF4000880D638C09006014100003240500405024
:10BF500001000224040003240400431410000324FD
:10BF600001000224DE2F400BC18482A388BF023C63
:10BF7000346143ACC18480A33985839303000224D8
:10BF8000420062142C8383933C86828F19004010F8
:10BF9000F085828F1C8583930400022406006214BE
:10BFA000FFFF02248884828F258582A3031202006A
:10BFB000F12F400B268582A3258582A37F000224D2
:10BFC000268582A32C838393010002241B00621424
:10BFD000AC85828FF8838393FF00633002000224D4
:10BFE00016006214AC85828F258580A30E30400B2D
:10BFF000268580A311004010AC85828F258580A303
:10C00000268580A32C838393010002240B006214F5
:10C01000AC85828FF8838393FF0063300200022493
:10C0200006006214AC85828FFFFF0224258582A35F
:10C030007F000224268582A3AC85828F0E004010EB
:10C040005085828F1C8583930400022406006214AD
:10C05000FFFF02248084828F238582A303120200C3
:10C060002230400B248582A3238582A37F000224F3
:10C070002230400B248582A3040040102C8383933C
:10C08000238580A3248580A32C838393010002242D
:10C090000F0062141C858293F8838393FF00633042
:10C0A000020002240A0062141C8582935881828F48
:10C0B000FF7F032423106200588182AF1485828F92
:10C0C000258582A302120200268582A31C85829305
:10C0D0000700422CD30040101C8583938018030076
:10C0E000019D023CF8C04224211043000000428C14
:10C0F000080040000000000024C4009D14C1009D01
:10C10000CCC1009D24C4009D20C3009D0CC4009D93
:10C110001CC4009D00A0023C880D428C0500401408
:10C12000B884829340868293401002005730400BBF
:10C13000E08582A3060040144086829340100200EE
:10C14000E08582A300A0023C5730400B880D40AC34
:10C150004010020001004224E08582A300A0063CBA
:10C1600009000224200DC2A0E0858293200DC62480
:10C170000100C2A0238582930200C2A0248582937D
:10C180000300C2A0258582930400C2A02685829365
:10C190000500C2A000A0023C880D428CFF00433085
:10C1A0000600C3A0003A427C0700C2A00800022497
:10C1B0007C8382A301000424010005240C5A400F53
:10C1C000080007240931400BF88282AF00A0023C2E
:10C1D000880D428C0700401401000224408682939F
:10C1E00040100200A0FF4224E08582A38A30400B69
:10C1F0009C8680A39C8682A3B88482930700401407
:10C200004086829340100200A0FF4224E08582A372
:10C2100000A0023C8A30400B880D40AC4010020068
:10C22000A1FF4224E08582A3E0858393A900022434
:10C230000400621400A0023CA4FF0224E08582A353
:10C2400000A0023C07000324200D43A0E085839357
:10C25000200D4224010043A02C838393010002247B
:10C260001200621423858393F8838393FF00633065
:10C27000020002240D006214238583932585839395
:10C2800000A0023C200D4224020043A02685839397
:10C29000030043A023858393040043A02485839354
:10C2A000050043A0B530400B00A0023C00A0023CBA
:10C2B000200D4224020043A024858393030043A061
:10C2C00025858393040043A026858393050043A01E
:10C2D00000A0023C880D428CFF00433000A0063CC9
:10C2E000200DC6240600C3A0003A427C0700C2A06D
:10C2F0004D8582930800C2A07D8582930900C2A06B
:10C300000A0002247C8382A3020004240100052485
:10C310000C5A400F0A0007240931400BF88282AF03
:10C3200000A0023C880D428C07004014010002244A
:10C330004086829340100200A0FF4224E08582A341
:10C34000DF30400B9C8680A39C8682A3B8848293B6
:10C35000070040144086829340100200A0FF422450
:10C36000E08582A300A0023CDF30400B880D40AC8A
:10C3700040100200A1FF4224E08582A300A0103CEF
:10C3800002000224200D02A2E0858293200D1026D7
:10C39000010002A223858293020002A224858293D7
:10C3A000030002A225858293040002A226858293BF
:10C3B000050002A200A0023C880D428CFF00433021
:10C3C000060003A2003A427C070002A24D85829338
:10C3D000080002A27D858293090002A20A0000A241
:10C3E0001929400F0B0000A20C0002247C8382A3B9
:10C3F0000300042401000524213000020C5A400FE0
:10C400000C0007240931400BF88282AFB529400F98
:10C410001C8380AF0931400B00000000412A400F0F
:10C420001C8380AF40000000098682931D8582A393
:10C4300024858393001A03002385829321106200D0
:10C44000548182AF26858393001A03002585829349
:10C4500021106200588182AF4D858293148682A399
:10C460007D858293F58582A32886828F0000437C98
:10C470008C8583A34000427C9A8582A31C8583938C
:10C48000050002240C006214030002245885828FE8
:10C49000001A020021106200021202005C8182AFC9
:10C4A0003886828F001A02002110620002120200F8
:10C4B000608182AF03000224B88482A32400BF8F6E
:10C4C0002000B48F1C00B38F1800B28F1400B18FFE
:10C4D0001000B08F0800E0032800BD27C1848393BB
:10C4E0000100022425006254588380A3588382935C
:10C4F00009004014010003241000032488BF023CFB
:10C50000346143AC1483828F488382AF01000224DC
:10C510000800E003588382A30E00431402000324A2
:10C520001483828F4883838F23184300F401632C84
:10C5300012006014000000001000042488BF033CB7
:10C54000386164AC02000324588383A30800E0032D
:10C55000488382AF09004314000000004883828FA3
:10C560001483838F23106200F401422C03004014D3
:10C57000000000000800E003588380A30800E003E7
:10C5800000000000E8FFBD271400BFAF7C8282934B
:10C59000060040507D82829301000324440043142E
:10C5A0001400BF8F8231400B7882828F400040544C
:10C5B0001400BF8FD41D400F0000000020FF023484
:10C5C00088BF033C146162AC88BF033C046162AC69
:10C5D000FF00022488BF033C146362AC88BF033CA5
:10C5E000046362ACCB75400F00000000948280A30E
:10C5F000010002247C8282A3C48380AF488480AF80
:10C60000AC31400B1400BF8F0400422C05004010D9
:10C6100000000000DF63400F000000009F31400B6E
:10C62000B483828FC483828F0B0040143985829338
:10C630000500401400000000D634400F0000000048
:10C640009F31400BB483828FC354400F0000000021
:10C650009F31400BB483828F01000424C48384AFD4
:10C6600088BF023C8050438C4408837C805043AC9C
:10C670007E63400F00000000B483828F0C004010E6
:10C680001400BF8F3731400F000000007C23400FA3
:10C69000000000001A24400F00000000D521400FC8
:10C6A000000000004E2E400F000000001400BF8F5D
:10C6B0000800E0031800BD27E0FFBD271C00BFAF46
:10C6C0001800B1AF0676400F1400B0AF400004244C
:10C6D00088BF033C042064AC81BF033C00F0638C42
:10C6E000EE75400F21204000F88280AFFFFF02343A
:10C6F00088BF033C186162AC88BF043C046182AC13
:10C7000088BF033C186262AC88BF033C046262AC21
:10C7100088BF033C186362AC88BF033C046362AC0F
:10C7200088BF033C186462AC88BF033C046462ACFD
:10C7300088BF033C186562AC88BF033C046562ACEB
:10C7400088BF033C186662AC88BF033C046662ACD9
:10C750000300032488BF023C506143AC88BF023C05
:10C76000506240AC0007052488BF023C506345ACD2
:10C770003F00052488BF023C506445AC88BF023CA2
:10C78000506543AC0003052488BF023C506645ACAD
:10C790001000102488BF023C146150AC046190ACBE
:10C7A0000001023C88BF043C341082AC88BF053CC9
:10C7B0001C000424E410A4AC88BF043CE81090AC36
:10C7C000E410A3ACE81080AC88BF033C641062ACFA
:10C7D00088BF033C681062AC80BF023C000E40ACD6
:10C7E00080BF023C100E40AC7017032480BF023C97
:10C7F000200E43AC0080033480BF023C080E43ACE3
:10C80000C48380AF6B73400F000000005C73400F67
:10C81000000000008773400F000000002673400FE7
:10C82000000000000020032488BF023C346243ACB7
:10C8300088BF113C346530AE20000224346522AE3E
:10C840002080033481BF023C009843AC5140032454
:10C8500081BF023C20A043AC6D59400F0000000096
:10C86000AC1D400F000000000B5B400F00000000FB
:10C8700008000224346522AE88BF023C346150AC0B
:10C88000F401032430750224FFFF4224FFFF40140B
:10C89000FFFF4224FFFF6324FBFF60143075022476
:10C8A000388382AFF4010224408382AF1000032456
:10C8B00088BF023C386143ACD083828F2000422C79
:10C8C00003004014000000006131400F0000000030
:10C8D000C121400F000000002E32400B000000007C
:10C8E0000800E00300000000E0FFBD271C00BFAF10
:10C8F0008C8282930100032450004310A18583930E
:10C900000900405094828293020003248500431062
:10C9100000A0033C030003245B0243141C00BF8FF0
:10C92000B133400B6084828F2000422C05004014FC
:10C93000460002247E63400F00000000A234400B3A
:10C940001C00BF8F048582AF89818393020002247B
:10C950000600621402000424010004247D6A400FD2
:10C96000212800005E32400B00A0023C7D6A400F8F
:10C970002128000000A0023CE10E4390888283A39E
:10C9800000A0023C950F4290898282A340180300C8
:10C9900000A0043CA8068424211864004010020072
:10C9A00000A0043C2C07842421104400000064945F
:10C9B0006A69400F000045945C73400F000000005E
:10C9C000048680AF94828293029D033C8C9F6324F3
:10C9D0002118430000006390488683A3029D033C16
:10C9E000AC9F632421104300000042907D8682A307
:10C9F0008881839301000224040062145980829389
:10CA00002885828F8432400B9B8582A39B8582A3DD
:10CA10000002022488BF033C341062AC88BF033C90
:10CA2000641062AC88BF033C681062AC8C82829355
:10CA300001004224A134400B8C8282A30100022415
:10CA4000110262141C00BF8FB084828F1400401446
:10CA500002000324648683939482859380200300DC
:10CA6000003103002330C40000A0043CDC0D84240A
:10CA70002120C400010085A09485868F040086AC27
:10CA8000CC858697080086A4000083A00100A52419
:10CA9000948285A301006324648683A30200032497
:10CAA000A18583A3648683930500632C1B006054D7
:10CAB0008C8280A30700401401000324010002249B
:10CAC000B08482AF05000224948282A3C732400B57
:10CAD0008C8280A309004314020003240200022474
:10CAE000B08482AF0A000224948282A39485828F4C
:10CAF000848482AFC732400B8C8280A3E10143540F
:10CB0000948580AF9485828F648482AF648680A38D
:10CB1000020002248C8282A3B08480AFA134400B37
:10CB2000948580AFDC0D6224DC0D658C0400448CA0
:10CB30000800438C3C0045AC400044AC440043AC8E
:10CB40000C00458C1000448C1400438C480045AC0C
:10CB50004C0044AC500043AC1800458C1C00448C85
:10CB60002000438C540045AC580044AC5C0043ACFE
:10CB70002400458C2800448C2C00438C600045AC7C
:10CB8000640044AC680043AC3000458C3400448CF5
:10CB90003800438C6C0045AC700044AC740043AC6E
:10CBA0000500082400A0093C211840000B33400B6D
:10CBB0007C0046240000458C0C00448C2B20A400F3
:10CBC000140080500C0042240800478C0C00458C57
:10CBD0001000448C780067AC7C0065AC800064ACCD
:10CBE000FCFF478C0000458C0400448C080047ACD7
:10CBF0000C0045AC100044AC7800678C7C00658C60
:10CC00008000648CFCFF47AC000045AC040044ACE1
:10CC10000C004224E8FF46540000458CFFFF082525
:10CC2000FF0008310300005100A0023CED32400B30
:10CC30001C0E22251C0E428C8484838F2B206200C4
:10CC40000B0080102B2043006484848F2B208200F3
:10CC5000070080102B20430000A0023C190E4290D8
:10CC60007B8582A3FEFF42243033400B948282A353
:10CC7000090080106484848F2B20830006008010BC
:10CC80006484848F050002247B8582A30300022430
:10CC90003033400B948282A32B10440009004010D3
:10CCA00000A0023C2B18640007006010200E429484
:10CCB0000A0002247B8582A308000224948282A3B6
:10CCC00000A0023C200E4294CE8083972B18620075
:10CCD0000700601001000324A886838F04006014FD
:10CCE00001000324010002244333400BA88682AFD5
:10CCF000A886848F0600835400A0023CD0808397CE
:10CD00002B10620001004050A88680AF00A0023CBA
:10CD10001C0E428C4900401000A0023C010002247D
:10CD2000A886838F4500621400A0023C00A0033C4B
:10CD3000DC0D63241C00628C1000658C2B184500F0
:10CD40001400601400A0033C00A0033C040E668C99
:10CD50002B18C2000F00601000A0033C36808393A4
:10CD60002B1843000B00601400A0033C00A0033C00
:10CD7000E90D6790348083971000A3AF2120A000B5
:10CD8000B44F400F2128400000A0033C9433400BD7
:10CD9000880D62ACE00D648C2B18A40011006014A7
:10CDA00000A0033C2B1845000E00601000A0033CBF
:10CDB000368083932B18A3000A00601400A0033C64
:10CDC00000A0033CDD0D6790348083971000A3AF73
:10CDD000B44F400F2130400000A0033C9433400B7F
:10CDE000880D62AC040E658C2B18A20019006054EB
:10CDF00000A0023C00A0033C100E668C2B18C5005E
:10CE00001400605000A0023C368083932B18A300CE
:10CE10001000605400A0023C00A0033CF50D679098
:10CE2000348083971000A3AFB44F400F21204000FF
:10CE300000A0033C9433400B880D62AC880D40ACDD
:10CE4000608480AF70AD0234A833400B508682AF4F
:10CE500000A0023C880D428C608482AF0600043C36
:10CE600060C68434212044000A0003241B00830090
:10CE7000F401600012200000508684AF5482838F3A
:10CE80002B186200060060106082838F2B106200F6
:10CE900004004014FFFF0224AA33400B408680A305
:10CEA000FFFF0224408682A300A0023C680E428C51
:10CEB0008C8482AF8C82829301004224A134400B87
:10CEC0008C8282A30100033C61E463342B1843008D
:10CED0005B0060100600033C60C663342118430009
:10CEE000A88483AF0A0008241B006800F401000135
:10CEF00012200000708484AF0100043CA0868434BA
:10CF00001B006400F401800012380000FF00E730CD
:10CF1000508487A380200700C02907002320A40095
:10CF2000212087008028040021208500802804001B
:10CF300021288500402905002328650010270424A6
:10CF40001B00A400F401800012300000FF00C63076
:10CF50009A8486A380200600C0490600232024016D
:10CF6000212086008048040021208900002104003F
:10CF70002320A400E80309241B008900F4012001F8
:10CF800012280000FF00A5307C8485A3804805009E
:10CF9000C05105002348490121482501C048090026
:10CFA0002348890064000A241B002A01F40140017F
:10CFB00012200000FF008430A68484A3805804005F
:10CFC0000051040021506A0180580A0021504B0191
:10CFD00023482A011B002801F40100011248000027
:10CFE000FF002831A78488A3403907008048070044
:10CFF000233827012118E3002330060000390600FA
:10D0000021386700C0280500801805002328650026
:10D010002138E500C0280400801805002128A3005D
:10D020002320A400801804002118E30040400800D9
:10D03000802008002140040123186800908483A305
:10D04000150040106084838F9C84838F1200605091
:10D050006084838F2B206200070080102B20430008
:10D06000A084848F2110440023184300A08483AF40
:10D070002534400B948480AF070080506084838FF8
:10D08000A08480AF9484848F2118640023106200F0
:10D09000948482AF6084838F9C8483AF4086829324
:10D0A0006A00401400A0023C5482828F2B1043007F
:10D0B00063004050788480A36082828F2B104300ED
:10D0C0005F004054788480A35882848F2B106400C2
:10D0D000260040105082828F78848293030040544F
:10D0E000708680A301000224788482A3B086839393
:10D0F00001000224190062547C8680A35C80838F27
:10D10000160062547C8680A37C868393010063248E
:10D11000FF0063307C8683A36080828F2B186200BF
:10D12000050060548886828F7C8682A3408680A317
:10D13000B08680A38886828F6480838F0218627095
:10D14000640002241B006200F40140001218000079
:10D1500000A0043C8734400B880D83AC408680A33C
:10D1600000A0023C8734400B880D40AC2B104300DC
:10D1700014004014708682935C82828F2B104300CF
:10D18000100040107086829301004224FF0042305C
:10D19000708682A30700422C0800401400A0023CC5
:10D1A00007000224708682A3788480A37880838F0E
:10D1B00000A0023C8734400B880D43AC8734400B01
:10D1C000880D40AC01004224FF004230708682A3EB
:10D1D0000700422C1000401400A0023C070002246B
:10D1E000708682A3231864007880828F0210627098
:10D1F0005C82838F232064001B004400F4018000C4
:10D200001220000000A0033C880D64AC0100022441
:10D210008734400BB08682A3880D40AC7880828F23
:10D2200000A0033C880D638C2B1862000900601479
:10D230004086839300A0033C9434400B880D62AC7D
:10D2400000A0023C9434400B880D40AC880D40ACEB
:10D2500040868393FF00022407006210010002242D
:10D260005C80838F04006254888680AF00A0023CFB
:10D27000880D428C888682AF8C8280A301000224B4
:10D28000398582A31C00BF8F0800E0032000BD2762
:10D2900026818597010002240700A21000A0023C0D
:10D2A000890E42902B1845000800601000A0033C36
:10D2B000C034400B00A0023C00A0023C600E42249F
:10D2C000240040ACBF34400B290040A0600E632412
:10D2D0000800668C2400638CFFFF4224FF0042306C
:10D2E0002B204500FCFF80102318660000A0043CA2
:10D2F000600E8424240083AC290082A000A0023C9C
:10D30000880D458C00A0033C600E63242400648CCF
:10D310002120A400240064AC290062900100422472
:10D32000FF00423007004010290062A01B0082006D
:10D33000F40140001220000000A0033C0800E003BC
:10D34000680E64AC00A0023C600E4224080045ACAC
:10D350000800E003290040A0E0FFBD271C00BFAF8C
:10D360008C8282930100032450004310A185839393
:10D3700009004050948282930200032485004310E8
:10D3800000A0033C03000324410343141C00BF8F8F
:10D390001837400B408682932000422C0500401431
:10D3A000748082937E63400F000000002438400B9D
:10D3B0001C00BF8F048582AF898183930200022401
:10D3C0000600621402000424010004247D6A400F58
:10D3D00021280000FA34400B00A0023C7D6A400F77
:10D3E0002128000000A0023CE10E4390888283A324
:10D3F00000A0023C950F4290898282A3401803004E
:10D4000000A0043CA80684242118640040100200F7
:10D4100000A0043C2C0784242110440000006494E4
:10D420006A69400F000045945C73400F00000000E3
:10D43000048680AF94828293029D033C8C9F632478
:10D440002118430000006390488683A3029D033C9B
:10D45000AC9F632421104300000042907D8682A38C
:10D46000888183930100022404006214598082930E
:10D470002885828F2035400B9B8582A39B8582A3C4
:10D480000002022488BF033C341062AC88BF033C16
:10D49000641062AC88BF033C681062AC8C828293DB
:10D4A000010042242338400B8C8282A30100022415
:10D4B000F70262141C00BF8FB084828F14004014E6
:10D4C0000200032464868393948285938020030062
:10D4D000003103002330C40000A0043CDC0D842490
:10D4E0002120C400010085A09485868F040086ACAD
:10D4F000CC858697080086A4000083A00100A5249F
:10D50000948285A301006324648683A3020003241C
:10D51000A18583A3648683930500632C1B0060545C
:10D520008C8280A307004014010003240100022420
:10D53000B08482AF05000224948282A36335400B3D
:10D540008C8280A3090043140200032402000224F9
:10D55000B08482AF0A000224948282A39485828FD1
:10D56000848482AF6335400B8C8280A3C70243540E
:10D57000948580AF9485828F648482AF648680A313
:10D58000020002248C8282A3B08480AF2338400B37
:10D59000948580AFDC0D6224DC0D658C0400448C26
:10D5A0000800438C3C0045AC400044AC440043AC14
:10D5B0000C00458C1000448C1400438C480045AC92
:10D5C0004C0044AC500043AC1800458C1C00448C0B
:10D5D0002000438C540045AC580044AC5C0043AC84
:10D5E0002400458C2800448C2C00438C600045AC02
:10D5F000640044AC680043AC3000458C3400448C7B
:10D600003800438C6C0045AC700044AC740043ACF3
:10D610000500082400A0093C21184000A735400B54
:10D620007C0046240000458C0C00448C2B20A40078
:10D63000140080500C0042240800478C0C00458CDC
:10D640001000448C780067AC7C0065AC800064AC52
:10D65000FCFF478C0000458C0400448C080047AC5C
:10D660000C0045AC100044AC7800678C7C00658CE5
:10D670008000648CFCFF47AC000045AC040044AC67
:10D680000C004224E8FF46540000458CFFFF0825AB
:10D69000FF0008310300005100A0023C8935400B17
:10D6A0001C0E22251C0E428C8484838F2B2062004A
:10D6B0000B0080102B2043006484848F2B20820079
:10D6C000070080102B20430000A0023C190E42905E
:10D6D0007B8582A3FEFF4224CC35400B948282A33B
:10D6E000090080106484848F2B2083000600801042
:10D6F0006484848F050002247B8582A303000224B6
:10D70000CC35400B948282A32B10440009004010BA
:10D7100000A0023C2B18640007006010200E429409
:10D720000A0002247B8582A308000224948282A33B
:10D7300000A0023C200E4294CE8083972B186200FA
:10D740000700601001000324A886838F0400601482
:10D750000100032401000224DF35400BA88682AFBC
:10D76000A886848F0600835400A0023CD080839753
:10D770002B10620001004050A88680AF00A0023C40
:10D780001C0E428C4900401000A0023C0100022403
:10D79000A886838F4500621400A0023C00A0033CD1
:10D7A000DC0D63241C00628C1000658C2B18450076
:10D7B0001400601400A0033C00A0033C040E668C1F
:10D7C0002B18C2000F00601000A0033C368083932A
:10D7D0002B1843000B00601400A0033C00A0033C86
:10D7E000E90D6790348083971000A3AF2120A0003B
:10D7F000B44F400F2128400000A0033C2C36400BC2
:10D80000880D62ACE00D648C2B18A400110060142C
:10D8100000A0033C2B1845000E00601000A0033C44
:10D82000368083932B18A3000A00601400A0033CE9
:10D8300000A0033CDD0D6790348083971000A3AFF8
:10D84000B44F400F2130400000A0033C2C36400B69
:10D85000880D62AC040E658C2B18A2001500605474
:10D860009081828F00A0033C100E668C2B18C5009F
:10D87000100060509081828F368083932B18A30014
:10D880000C0060549081828F00A0033CF50D6790DE
:10D89000348083971000A3AFB44F400F2120400085
:10D8A00000A0033C2C36400B880D62AC880D40ACC8
:10D8B0009081828F0200032413004314010003248B
:10D8C00000A0023C200E43949481828F2B104300D1
:10D8D0001C00401400A0023C880D428CFFFF033C5A
:10D8E0003F256324211843000F27632C1500605047
:10D8F00000A0023C9881838F2310430000A0033CCA
:10D900005036400B880D62AC0E00431400A0023C60
:10D9100000A0023C200E43949481828F2B10620061
:10D920000800401400A0023C00A0023C7C0D4224F0
:10D930000C00438C9881848F211883000C0043AC29
:10D9400000A0023C880D428C0600033C60C6633494
:10D95000211843000A0004241B006400F401800025
:10D9600012200000508684AFB481838F2B184300AF
:10D9700017006014B881838F2B2062001800805438
:10D980000100043C6086828F010042240A0040109E
:10D99000608682AF408680A301000224608682AF49
:10D9A000808680AF6C8680AFB48680AF908680AF73
:10D9B0000337400B748680AF808680AF6C8680AF63
:10D9C000B48680AF908680AF0337400B748680AFFB
:10D9D0002B2062001A0080109C81848F0100043C7F
:10D9E000007784242B204400150080509C81848F74
:10D9F0008086828F01004224808682AF0400422C00
:10DA00000A004054608680AF408680A3608680AF65
:10DA100004000224808682AF6C8680AFB48680AF1B
:10DA2000908680AF0337400B748680AF6C8680AFE2
:10DA3000B48680AF908680AF0337400B748680AF8A
:10DA40002B20440019008014A081848F2B20820099
:10DA500019008054A881848F6C86828F0100422433
:10DA60006C8682AF0300422C0B004054608680AF6E
:10DA700001000224408682A3608680AF808680AF4A
:10DA8000030002246C8682AFB48680AF908680AF9C
:10DA90000337400B748680AF808680AFB48680AF3A
:10DAA000908680AF0337400B748680AF2B208200B6
:10DAB00019008010A881848F2B2044001900805009
:10DAC000AC81848FB486828F01004224B48682AFF9
:10DAD0000300422C0B004054608680AF01000224FA
:10DAE000408682A3608680AF808680AF6C8680AFE0
:10DAF00003000224B48682AF908680AF0337400BC8
:10DB0000748680AF808680AF6C8680AF908680AF51
:10DB10000337400B748680AF2B204400190080141B
:10DB2000AC81848F2B2082001A0080142B104300BC
:10DB30009086828F01004224908682AF0300422C9F
:10DB40000B004054608680AF02000224408682A30E
:10DB5000608680AF808680AF6C8680AFB48680AFF1
:10DB600003000224908682AF0337400B748680AF97
:10DB7000808680AF6C8680AFB48680AF0337400B61
:10DB8000748680AF2B20820019008050FFFF022492
:10DB90002B10430016004010FFFF02247486828F72
:10DBA00001004224748682AF0300422C0B004054D3
:10DBB000608680AF02000224408682A3608680AF28
:10DBC000808680AF6C8680AFB48680AF908680AF51
:10DBD000030002240337400B748682AF808680AF37
:10DBE0006C8680AFB48680AF0337400B908680AFE1
:10DBF000408682A3608680AF808680AF6C8680AFCF
:10DC0000B48680AF908680AF748680AF3780829371
:10DC100000A0033CFC0D63942B1862000B006054C1
:10DC2000FFFF022400A0033CF00D63942B18620058
:10DC300006006054FFFF022400A0033C080E63941A
:10DC40002B10620002004010FFFF0224408682A3D6
:10DC50008C828293010042242338400B8C8282A361
:10DC60002D00401400A0023C880D438CB881828FA7
:10DC70002B106200080040504C8680AF4C86828F8B
:10DC8000010042240200432C130060104C8682AF36
:10DC90002837400B8886838F211000008886838F69
:10DCA000D007632C0D0060100400422C04000324F4
:10DCB0008086848F0900831400000000A434400F84
:10DCC0000000000000A0023C680E438C00A0023C53
:10DCD0004637400B880D43AC0400422C0C0040102A
:10DCE000040002248886828FD007422C080040144A
:10DCF00004000224A434400F0000000000A0023CF5
:10DD0000680E438C00A0023C4637400B880D43ACA4
:10DD10004C8682AF00A0023C880D438CA48683AF62
:10DD2000408682937B0040140100042401000224F9
:10DD30006086848F04008210040002248086848F11
:10DD4000C400821400A0023C00A0023C1C0E428CC5
:10DD50000001422C6A0040149C868293B481828F19
:10DD60002B10620030004014B881848F2B10830088
:10DD7000310040140100023CB0868393010002246C
:10DD8000250062547C8680A35C80838F22006254CD
:10DD90007C8680A37C86839301006324FF0063302C
:10DDA0007C8683A36080828F010044242B20640042
:10DDB000070080542B1062007C8682A3408680A3DB
:10DDC00000A0023C880D40ACA437400BB08680A375
:10DDD000080040148886828FD101422C050040142F
:10DDE0008886828FD001032400A0023CA437400B18
:10DDF000880D43AC6480838F021862706400022433
:10DE00001B006200F40140001218000000A0043C56
:10DE1000A437400B880D83AC408680A300A0023C51
:10DE2000A437400B880D40AC2B1083001900401024
:10DE30007886828F0100023C017742242B10620019
:10DE4000140040107886828F231864007880828FB7
:10DE500002106270BC81838F232064001B00440089
:10DE6000F40180001220000000A0033C880D64AC87
:10DE700000A0023C180E4390020002240500621428
:10DE80007886828F01000224B08682A37C8680A3DC
:10DE90007886828F0D004050B481828FA486838F54
:10DEA00039F904342B20640009008054B481828F36
:10DEB000B881848F2B18640004006050B481828F75
:10DEC00000A0033C880D62ACB481828FA486838F4E
:10DED0002B10620001004054788680AF7880828FDA
:10DEE00000A0033C880D638C2B1862005B0060145B
:10DEF0004086839300A0033C1638400B880D62AC2B
:10DF0000560040144086839300A0023C1638400B14
:10DF1000880D40AC270044140200042403000224AE
:10DF20006C86848F03008210B486848F490082142B
:10DF300000A0023C9C81828F2B10620007004014DD
:10DF4000A081848F2B1083000800401423186400E4
:10DF500000A0023CE437400B880D40AC2B1083003E
:10DF60000C0040107880828F231864007880828FA4
:10DF700002106270A481838F232064001B00440080
:10DF8000F40180001220000000A0033C880D64AC66
:10DF90007880828F00A0033C880D638C2B18620070
:10DFA0002E0060144086839300A0033C1638400B7B
:10DFB000880D62AC26004414030002249086848FEE
:10DFC000030082107486848F2200821400A0023C19
:10DFD000A881828F2B10620007004014AC81848FCF
:10DFE0002B108300080040142318640000A0023C9A
:10DFF0000B38400B880D40AC2B1083000C004010F8
:10E000007880828F231864007880828F021062707B
:10E01000B081838F232064001B004400F401800042
:10E020001220000000A0033C880D64AC7880828F31
:10E0300000A0033C880D638C2B186200070060145D
:10E040004086839300A0033C1638400B880D62ACD9
:10E0500000A0023C880D40AC40868393FF00022460
:10E0600007006210010002245C80838F0400625468
:10E07000888680AF00A0023C880D428C888682AFE3
:10E080008C8280A301000224398582A31C00BF8FEB
:10E090000800E0032000BD27E8FFBD271400BFAF44
:10E0A00000A0053CDC0DA5243D00A9903C00A690F5
:10E0B000FFFFC3248010030000190300231862002F
:10E0C0002118A3000400688C0100C72480100700F9
:10E0D000003907002338E2002138A7000400E78C4C
:10E0E00080100600003106002330C2002128A6005F
:10E0F0000400A58C402805002328A8001300A710C1
:10E1000080110900004A0900214849000011090056
:10E1100023484900A0F622252340E80040190800C2
:10E12000C0410800211868000041030023180301C2
:10E130002338A7001A006700F401E000123800003D
:10E140003D75400F2120470021204000E074400F22
:10E15000000000003D75400F21204000E074400F9A
:10E16000212040001400BF8F0800E0031800BD27E5
:10E17000E8FFBD271400BFAF8C8282930100032407
:10E180006B004310A18583930900405094828293D1
:10E19000020003248700431000A0033C0300032473
:10E1A0001A0343141400BF8F823A400B0000000092
:10E1B0000900422C05004014748082937E63400F56
:10E1C00000000000833B400B1400BF8F048582AF2A
:10E1D0008981839302000224060062140200042451
:10E1E000010004247D6A400F212800008038400B84
:10E1F00000A0023C7D6A400F2128000000A0023CE4
:10E20000E10E4390888283A300A0023C950F4290C8
:10E21000898282A34018030000A0043CA80684243D
:10E22000211864004010020000A0043C2C07842444
:10E2300021104400000064946A69400F0000459476
:10E240005C73400F00000000048680AF5486828F0C
:10E250000D0040140100032494828293029D033C2C
:10E2600030A063242118430000006390488683A3F4
:10E27000029D033C3CA06324211043000000429017
:10E28000B938400B7D8682A30C004314948282939C
:10E29000029D033C6CA0632421184300000063909E
:10E2A000488683A3029D033C78A063242110430089
:10E2B00000004290B938400B7D8682A3029D033C4A
:10E2C000A8A063242118430000006390488683A31C
:10E2D000029D033CB4A0632421104300000042903F
:10E2E0007D8682A388818393010002240400621446
:10E2F000598082932885828FC138400B9B8582A3E9
:10E300009B8582A30002022488BF033C341062ACC8
:10E3100088BF033C641062AC88BF033C681062ACE9
:10E320008C82829301004224823B400B8C8282A328
:10E3300001000224B50262141400BF8F6486829328
:10E340009482849380180200002902002328A300ED
:10E3500000A0033CDC0D63242118A300010064A08D
:10E360009485858F040065ACCC858597080065A4ED
:10E37000000062A001008424948284A3010042244E
:10E38000FF004230648682A3020003240500422C71
:10E3900005004014A18583A3648680A302000224A3
:10E3A000EB38400B8C8282A38C8280A3823B400B93
:10E3B000948580AFDC0D6224DC0D658C0400448CF8
:10E3C0000800438C3C0045AC400044AC440043ACE6
:10E3D0000C00458C1000448C1400438C480045AC64
:10E3E0004C0044AC500043AC1800458C1C00448CDD
:10E3F0002000438C540045AC580044AC5C0043AC56
:10E400002400458C2800448C2C00438C600045ACD3
:10E41000640044AC680043AC3000458C3400448C4C
:10E420003800438C6C0045AC700044AC740043ACC5
:10E430000500082400A00A3C211840007C00462466
:10E440003039400B0A0009240000458C0C00448C34
:10E450002B20A400140080500C0042240800478C9C
:10E460000C00458C1000448C780067AC7C0065ACD7
:10E47000800064ACFCFF478C0000458C0400448C99
:10E48000080047AC0C0045AC100044AC7800678C29
:10E490007C00658C8000648CFCFF47AC000045ACC0
:10E4A000040044AC0C004224E8FF46540000458CB4
:10E4B00001000825FF0008310300095100A0023CBB
:10E4C0001239400B1C0E4225DC0D42243D004390C6
:10E4D0007B8583A3FEFF6324948283A3440042943C
:10E4E000CE8083972B1862000A006010A886838F65
:10E4F0000900601401000424020003245486848F60
:10E5000004008310A886838F010002246739400B22
:10E51000A88682AF010004240B006414D280849783
:10E52000D08084972B20820007008014D2808497AB
:10E53000020004245486858F0300A410D28084979F
:10E540006739400BA88680AF2B208200090080101D
:10E5500001000424070060145486858F02000424FF
:10E560000400A41401000424010002246739400BB4
:10E57000A88682AF0A00645400A0023CD48083972E
:10E580002B1062000600401400A0023C020002248E
:10E590005486838F01006250A88680AF00A0023CA1
:10E5A0001C0E428C0A00401000A0023C0100022414
:10E5B000A886838F0600621400A0023C2638400F14
:10E5C0000000000000A0033C7539400B880D62ACD0
:10E5D000880D40AC00A0023C880D428C548482AF70
:10E5E000600903241B004300F401600012200000B6
:10E5F000688484AF5486838F1A0060140100052458
:10E6000080180400029D063C44A5C624212866000B
:10E610000000A58C01008424029D073C90A4E724FF
:10E62000211867000000638C8020040021388700D7
:10E630000000E78C2338E300231045000210E2704D
:10E64000212086000000848C232085001B004400CC
:10E65000F40180001220000021188300CA39400B09
:10E660005C8483AF1900651480180400029D063C89
:10E6700044A5C624212866000000A58C010084243E
:10E68000029D073CCCA4E724211867000000638C9E
:10E6900080200400213887000000E78C2338E30045
:10E6A000231045000210E270212086000000848CB7
:10E6B000232085001B004400F4018000122000008C
:10E6C00021188300CA39400B5C8483AF029D063C4D
:10E6D00044A5C624212866000000A58C01008424DE
:10E6E000029D073C08A5E724211867000000638C01
:10E6F00080200400213887000000E78C2338E300E5
:10E70000231045000210E270212086000000848C56
:10E71000232085001B004400F4018000122000002B
:10E72000211883005C8483AF5C84828F00A0033C4B
:10E73000880D62AC640003241B004300F4016000F8
:10E7400012180000508683AFD881838F2B2062007F
:10E75000180080100700043CDC81848F2B2082008D
:10E76000140080540700043C6086828F010042241C
:10E770000A004010608682AF408680A30100022418
:10E78000608682AF808680AF6C8680AFB48680AFB3
:10E79000908680AF7E3A400B748680AF808680AFD3
:10E7A0006C8680AFB48680AF908680AF7E3A400B97
:10E7B000748680AF107A84242B2044001800805483
:10E7C000C081838F2B18620015006054C081838F35
:10E7D0008086828F01004224808682AF0300422C13
:10E7E0000A004054608680AF408680A3608680AF78
:10E7F00003000224808682AF6C8680AFB48680AF2F
:10E80000908680AF7E3A400B748680AF6C8680AF76
:10E81000B48680AF908680AF7E3A400B748680AF1E
:10E820002B2062001A0080100500043CC481848FF4
:10E830002B208200160080540500043C6C86828FD9
:10E84000010042246C8682AF0300422C0B0040542E
:10E85000608680AF01000224408682A3608680AF7C
:10E86000808680AF030002246C8682AFB48680AFBE
:10E87000908680AF7E3A400B748680AF808680AFF2
:10E88000B48680AF908680AF7E3A400B748680AFAE
:10E8900070F384342B20440019008054CC81838F82
:10E8A0002B18620016006054CC81838FB486828F4F
:10E8B00001004224B48682AF0300422C0B00405476
:10E8C000608680AF01000224408682A3608680AF0C
:10E8D000808680AF6C8680AF03000224B48682AF4E
:10E8E000908680AF7E3A400B748680AF808680AF82
:10E8F0006C8680AF908680AF7E3A400B748680AF86
:10E900002B206200190080100900043CD081848F04
:10E910002B208200150080540900043C9086828FD1
:10E92000010042240B004010908682AF04000224B4
:10E93000408682A3608680AF808680AF6C8680AF81
:10E94000B48680AF01000224908682AF7E3A400BED
:10E95000748680AF608680AF808680AF6C8680AF23
:10E96000B48680AF7E3A400B748680AF10EB84345F
:10E970002B20440019008054FFFF02242B10430079
:10E9800016004010FFFF02247486828F010042248B
:10E99000748682AF0200422C0A0040140400022454
:10E9A000408682A3608680AF808680AF6C8680AF11
:10E9B000B48680AF908680AF020002247E3A400B7E
:10E9C000748682AF608680AF808680AF6C8680AFB1
:10E9D000B48680AF7E3A400B908680AF408682A39B
:10E9E000608680AF808680AF6C8680AFB48680AF53
:10E9F000908680AF748680AF8C828293010042241F
:10EA0000823B400B8C8282A3A434400F00000000A4
:10EA10005C84858F00A0023C680E448C2318A400FF
:10EA2000C31703002618430023106200411F422829
:10EA30000900401400A0023C00A0023C600E4224E9
:10EA4000240040AC080040AC290040A000A0023CDB
:10EA5000983A400B880D45AC880D44AC00A0023CB0
:10EA6000880D438CA48683AF408682936700401450
:10EA700001000424010002246086848F04008210B7
:10EA8000030002248086848FD100821400A0023CFF
:10EA900000A0023C1C0E428C0001422C5600401487
:10EAA0009C868293D881848F2B1083003100401084
:10EAB0000700023CDC81828F2B1043002D004014A4
:10EAC0000700023CB08683930100022425006254B3
:10EAD0007C8680A35C80838F220062547C8680A326
:10EAE0007C86839301006324FF0063307C8683A3CC
:10EAF0006080828F010044242B2064000700805432
:10EB00002B1062007C8682A3408680A300A0023C7A
:10EB1000880D40ACF53A400BB08680A30800401445
:10EB20008886828FD101422C050040148886828F0E
:10EB3000D001032400A0023CF53A400B880D43AC01
:10EB40006480838F02186270640002241B006200DC
:10EB5000F40140001218000000A0043CF53A400BFC
:10EB6000880D83AC408680A300A0023CF53A400BA0
:10EB7000880D40AC107A42242B106200160040141D
:10EB80007880828F2B108300130040147880828F4E
:10EB90002318830002106270E081838F232083009A
:10EBA0001B004400F40180001220000000A0033C80
:10EBB000880D64AC00A0023C180E439002000224B1
:10EBC000050062147880828F01000224B08682A33F
:10EBD0007C8680A37880828F00A0033C880D638CA4
:10EBE0002B1862007C0060144086839300A0033CD5
:10EBF000753B400B880D62AC7700401440868393D0
:10EC000000A0023C753B400B880D40AC240044142E
:10EC100004000424030002246C86848F0300821005
:10EC2000B486848F6A00821400A0023CC081848F65
:10EC30002B1083000800405023188300C481828F6A
:10EC40002B1843000E0060147880828F00A0023CD5
:10EC50001F3B400B880D40AC7880828F02106270A1
:10EC6000C881838F232083001B004400F4018000AF
:10EC70001220000000A0033C880D64AC7880828FD5
:10EC800000A0033C880D638C2B18620052006014B6
:10EC90004086839300A0033C753B400B880D62AC1B
:10ECA0004A004414010002249086848F04008210DC
:10ECB000020002247486848F410082548886838FE8
:10ECC000CC81848F2B1083002900405023188300AF
:10ECD000D081828F2B184300310060147880828F9E
:10ECE00094868393010002241C0062547C8680A3D6
:10ECF0005C80838F190062547C8680A37C8683931A
:10ED000001006324FF0063307C8683A36080828FD0
:10ED10002B186200080060548886828F7C8682A34C
:10ED200004000224408682A300A0023C880D40AC6F
:10ED3000673B400B948680A36480838F02186270C7
:10ED4000640002241B006200F4014000121800005D
:10ED500000A0043C673B400B880D83AC04000224F8
:10ED6000408682A300A0023C673B400B880D40AC6C
:10ED70007880828F02106270D481838F2320830079
:10ED80001B004400F40180001220000000A0033C9E
:10ED9000880D64AC01000224B08682A37880828F43
:10EDA00000A0033C880D638C2B1862000A006014DD
:10EDB0004086839300A0033C753B400B880D62ACFA
:10EDC00000A0023C753B400B880D43AC00A0023C08
:10EDD000880D40AC40868393FF0002240700621038
:10EDE000010002245C80838F04006254888680AF17
:10EDF00000A0023C880D428C888682AF8C8280A362
:10EE000001000224398582A31400BF8F0800E003AB
:10EE10001800BD27E8FFBD271400BFAF8C82829386
:10EE20000100032450004310A18583930900405042
:10EE300094828293020003248500431000A0033CC7
:10EE400003000324050443141400BF8F3F3E400B0E
:10EE5000408682932000422C0500401474808293E7
:10EE60007E63400F00000000973F400B1400BF8FEF
:10EE7000048582AF89818393020002240600621414
:10EE800002000424010004247D6A400F21280000B0
:10EE9000A93B400B00A0023C7D6A400F21280000E6
:10EEA00000A0023CE10E4390888283A300A0023CB4
:10EEB000950F4290898282A34018030000A0043C71
:10EEC000A8068424211864004010020000A0043C1D
:10EED0002C07842421104400000064946A69400FC8
:10EEE000000045945C73400F00000000048680AF72
:10EEF00094828293029D033CCC9F6324211843009B
:10EF000000006390488683A3029D033CEC9F63242A
:10EF100021104300000042907D8682A38881839364
:10EF20000100022404006214598082932885828F94
:10EF3000CF3B400B9B8582A39B8582A300020224CA
:10EF400088BF033C341062AC88BF033C641062ACE1
:10EF500088BF033C681062AC8C828293010042241B
:10EF6000963F400B8C8282A301000224BB036214F3
:10EF70001400BF8FB084828F140040140200032459
:10EF8000648683939482859380200300003103007C
:10EF90002330C40000A0043CDC0D84242120C400E4
:10EFA000010085A09485868F040086ACCC85869769
:10EFB000080086A4000083A00100A524948285A3F4
:10EFC00001006324648683A302000324A18583A334
:10EFD000648683930500632C1B0060548C8280A39D
:10EFE000070040140100032401000224B08482AF12
:10EFF00011000224948282A3123C400B8C8280A3D5
:10F00000090043140200032402000224B08482AFEA
:10F010000C000224948282A39485828F848482AF20
:10F02000123C400B8C8280A38B034354948580AFA9
:10F030009485828F648482AF648680A30200022458
:10F040008C8282A3B08480AF963F400B948580AFC2
:10F05000DC0D6224DC0D658C0400448C0800438CBC
:10F060003C0045AC400044AC440043AC0C00458C33
:10F070001000448C1400438C480045AC4C0044AC58
:10F08000500043AC1800458C1C00448C2000438C7D
:10F09000540045AC580044AC5C0043AC2400458CA3
:10F0A0002800448C2C00438C600045AC640044ACC8
:10F0B000680043AC3000458C3400448C3800438CED
:10F0C0006C0045AC700044AC740043AC05000824EF
:10F0D00000A0093C21184000563C400B7C0046240F
:10F0E0000000458C0C00448C2B20A40014008050A0
:10F0F0000C0042240800478C0C00458C1000448C06
:10F10000780067AC7C0065AC800064ACFCFF478C89
:10F110000000458C0400448C080047AC0C0045AC52
:10F12000100044AC7800678C7C00658C8000648C97
:10F13000FCFF47AC000045AC040044AC0C0042248A
:10F14000E8FF46540000458CFFFF0825FF0008310A
:10F150000300005100A0023C383C400B1C0E22254D
:10F160001C0E428C8484838F2B2062000B00801045
:10F170002B2043006484848F2B20820007008010A2
:10F180002B20430000A0023C190E42907B8582A3F5
:10F19000FEFF42247B3C400B948282A30900801036
:10F1A0006484848F2B208300060080106484848F05
:10F1B000110002247B8582A30F0002247B3C400BBC
:10F1C000948282A32B1044000900401000A0023C4E
:10F1D0002B18640007006010200E42940C000224DB
:10F1E0007B8582A30A000224948282A300A0023CB1
:10F1F000200E4294CE8083972B1862000700601087
:10F2000001000324A886838F0400601401000324F6
:10F21000010002248E3C400BA88682AFA886848F12
:10F220000600835400A0023CD08083972B1062001C
:10F2300001004050A88680AF00A0023C1C0E428C0A
:10F240004500401000A0023C01000224A886838FE4
:10F250004100621400A0023C00A0033CDC0D6324CA
:10F260001C00628C1000638C2B2043001200801461
:10F2700000A0043C00A0043C040E848C2B208200DF
:10F280000D00801000A0043C368084932B204400A5
:10F290000900801400A0043C00A0023CDC0D4224C4
:10F2A000190043902638400F3D0043A000A0033CC6
:10F2B000D73C400B880D62ACE00D848C2B206400A1
:10F2C0001000805400A0033C2B2043000D00805010
:10F2D00000A0033C368084932B186400090060145E
:10F2E00000A0033C00A0023CDC0D42240D00439032
:10F2F0002638400F3D0043A000A0033CD73C400B04
:10F30000880D62AC040E638C2B1062001400405414
:10F3100000A0033C00A0023C100E428C2B104300C6
:10F320000F00405000A0033C368082932B186200EF
:10F330000B00601400A0033C00A0023CDC0D422442
:10F34000250043902638400F3D0043A000A0033C19
:10F35000D73C400B880D62AC880D40AC00A0033C4C
:10F360007C0D63240C00628C548482AF60090424F9
:10F370001B004400F401800012280000688485AF5F
:10F3800080480500029D073C9CA3E724212027011B
:10F390000000868C0100A524029D083CA8A2082537
:10F3A000214828010000248D802805002140A80064
:10F3B0000000088D23400401231046000210027152
:10F3C0002128A7000000A58C2328A6001B004500CB
:10F3D000F401A000122800002120A4005C8484AF66
:10F3E000F9FF053C908FA534212885000C0065AC01
:10F3F0009081828F0200032414004314010003242F
:10F4000000A0023C200E43949481828F2B10430075
:10F410001D0040145C84838FFEFF023C4FCF4234BA
:10F420002110A2000F27422C180040100A000224CD
:10F430009881828F2328A20000A0033C880D65AC30
:10F4400023208200213D400B5C8484AF0E004314D6
:10F450005C84838F00A0023C200E43949481828FB1
:10F460002B106200080040145C84838F9881828F87
:10F470002128A20000A0033C880D65AC2120820059
:10F480005C8484AF5C84838F0A0002241B006200CA
:10F49000F401400012180000508683AF00A0023C27
:10F4A000880D428C1482838F2B2043001B00801414
:10F4B0001882848F2B2082001C0080540200043CA0
:10F4C0006086828F010042240C004010608682AF6B
:10F4D000408680A301000224608682AF808680AFD0
:10F4E0006C8680AFB48680AF908680AF748680AF24
:10F4F000848680AF2A3E400B988680AF808680AF9E
:10F500006C8680AFB48680AF908680AF748680AF03
:10F51000848680AF2A3E400B988680AF2B208200E5
:10F520001E0080102082848F0200043C80328424DC
:10F530002B204400190080502082848F8086828F87
:10F5400001004224808682AF0400422C0C0040540B
:10F55000608680AF408680A3608680AF040002246E
:10F56000808682AF6C8680AFB48680AF908680AF95
:10F57000748680AF848680AF2A3E400B988680AF29
:10F580006C8680AFB48680AF908680AF748680AF83
:10F59000848680AF2A3E400B988680AF2B2844009B
:10F5A0001D00A0142482858F2B28A2001D00A054CA
:10F5B0003882858F6C86828F010042246C8682AFF0
:10F5C0000300422C0D004054608680AF01000224ED
:10F5D000408682A3608680AF808680AF03000224CD
:10F5E0006C8682AFB48680AF908680AF748680AF21
:10F5F000848680AF2A3E400B988680AF808680AF9D
:10F60000B48680AF908680AF748680AF848680AFEA
:10F610002A3E400B988680AF2B28A2001D00A01028
:10F620003882858F2B2845001D00A0503C82858F95
:10F63000B486828F01004224B48682AF0300422C3C
:10F640000D004054608680AF01000224408682A3F2
:10F65000608680AF808680AF6C8680AF0300022416
:10F66000B48682AF908680AF748680AF848680AF88
:10F670002A3E400B988680AF808680AF6C8680AF34
:10F68000908680AF748680AF848680AF2A3E400B20
:10F69000988680AF2B2845001D00A0143C82858FE2
:10F6A0002B28A2001E00A0142B1843009086828FE6
:10F6B00001004224908682AF0300422C0D0040548A
:10F6C000608680AF02000224408682A3608680AFFD
:10F6D000808680AF6C8680AFB48680AF0300022442
:10F6E000908682AF748680AF848680AF2A3E400BBE
:10F6F000988680AF808680AF6C8680AFB48680AFFE
:10F70000748680AF848680AF2A3E400B988680AF97
:10F710002B28A2001D00A0502C82838F2B184300A1
:10F720001A0060102C82838F7486828F010042241D
:10F73000748682AF0300422C0D004054608680AF77
:10F7400002000224408682A3608680AF808680AF5C
:10F750006C8680AFB48680AF908680AF03000224B1
:10F76000748682AF848680AF2A3E400B988680AF35
:10F77000808680AF6C8680AFB48680AF908680AF85
:10F78000848680AF2A3E400B988680AF2B184300BA
:10F790001D0060143082838F2B1862001E006014DD
:10F7A0002B1044008486828F01004224848682AF1D
:10F7B0000300422C0D004054608680AF04000224F8
:10F7C000408682A3608680AF808680AF6C8680AFE3
:10F7D000B48680AF908680AF748680AF0300022429
:10F7E000848682AF2A3E400B988680AF808680AFA9
:10F7F0006C8680AFB48680AF908680AF748680AF11
:10F800002A3E400B988680AF2B1862001D00605086
:10F81000FFFF02242B1044001A004010FFFF0224B7
:10F820009886828F01004224988682AF0300422C82
:10F830000D004054608680AF04000224408682A3FD
:10F84000608680AF808680AF6C8680AFB48680AFE4
:10F85000908680AF748680AF848680AF03000224D8
:10F860002A3E400B988682AF808680AF6C8680AF40
:10F87000B48680AF908680AF748680AF2A3E400BFE
:10F88000848680AF408682A3608680AF808680AF0A
:10F890006C8680AFB48680AF908680AF748680AF70
:10F8A000848680AF988680AF3780829300A0033C27
:10F8B000FC0D63942B1862000B006054FFFF0224C0
:10F8C00000A0033CF00D63942B1862000600605406
:10F8D000FFFF022400A0033C080E63942B1062007B
:10F8E00002004010FFFF0224408682A38C82829394
:10F8F00001004224963F400B8C8282A32E004014CC
:10F900004086839300A0023C880D438C1882828F2E
:10F910002B106200080040504C8680AF4C86828FCE
:10F92000010042240200432C130060104C8682AF79
:10F93000503E400B8886838F211000008886838F7D
:10F94000D007632C0D0060100400422C0400032437
:10F950008086848F0900831400000000A434400FC7
:10F960000000000000A0023C680E438C00A0023C96
:10F970006D3E400B880D43AC0400422C0C0040103F
:10F98000040002248886828FD007422C080040148D
:10F9900004000224A434400F0000000000A0023C38
:10F9A000680E438C00A0023C6D3E400B880D43ACBA
:10F9B0004C8682AF40868393040002242D0062149B
:10F9C00000A0023C880D438C3082828F2B10620095
:10F9D000080040505C8680AF5C86828F0100422424
:10F9E0000200432C130060105C8682AF7F3E400B08
:10F9F0008886838F211000008886838FD007632C30
:10FA00000D0060100400422C030003249886848FAC
:10FA10000900831400000000A434400F000000001F
:10FA200000A0023C680E438C00A0023C9D3E400BAF
:10FA3000880D43AC0400422C0C004010040002244A
:10FA40008886828FD007422C0800401404000224CC
:10FA5000A434400F0000000000A0023C680E438C5C
:10FA600000A0023C9D3E400B880D43AC5C8682AFFB
:10FA700000A0023C880D438CA48683AF408682930D
:10FA80006F004014010004246086858F0400A410D8
:10FA9000040004248086858FB900A41400000000AF
:10FAA00000A0023C1C0E428C0001422C5F0040145E
:10FAB0009C8682931482828F2B1062003000401447
:10FAC0001882848F2B108300310040140200023C06
:10FAD000B086839301000224250062547C8680A3B3
:10FAE0005C80838F220062547C8680A37C86839313
:10FAF00001006324FF0063307C8683A36080828FD3
:10FB0000010044242B206400070080542B10620065
:10FB10007C8682A3408680A300A0023C880D40AC76
:10FB2000FC3E400BB08680A3080040148886828F7C
:10FB3000D101422C050040148886828FD001032415
:10FB400000A0023CFC3E400B880D43AC6480838FD8
:10FB500002186270640002241B006200F40140007D
:10FB60001218000000A0043CFC3E400B880D83AC42
:10FB7000408680A300A0023CFC3E400B880D40ACB8
:10FB80002B10830020004050788680AF0200023C9A
:10FB9000813242242B106200160040101482828FA2
:10FBA000231864007880828F021062701C82838F19
:10FBB000232064001B004400F401800000A0023CEC
:10FBC000180E439002000224040062141220000068
:10FBD00001000224B08682A37C8680A38886838F5E
:10FBE000211883004218030000A0023C880D43AC9A
:10FBF0001482828FA486838F2B1062000300401032
:10FC00007880828F788680AF7880828F00A0033CD6
:10FC1000880D638C2B1862008300601440868393E8
:10FC200000A0033C893F400B880D62AC7E0040146D
:10FC30004086839300A0023C893F400B880D40AC76
:10FC40002700441402000424030002246C86848FDD
:10FC500003008210B486848F7100821400A0023CDD
:10FC60002082828F2B106200070040142482848F30
:10FC70002B108300080040142318640000A0023CED
:10FC80002F3F400B880D40AC2B1083000C00401020
:10FC90007880828F231864007880828F02106270CF
:10FCA0002882838F232064001B004400F40180001D
:10FCB0001220000000A0033C880D64AC7880828F85
:10FCC00000A0033C880D638C2B1862005600601462
:10FCD0004086839300A0033C893F400B880D62ACB3
:10FCE000260044149086848F0300022403008210AF
:10FCF0007486848F4A00821400A0023C3882828F6E
:10FD00002B106200070040143C82848F2B1083006C
:10FD1000080040142318640000A0023C563F400B2A
:10FD2000880D40AC2B1083000C0040107880828F2F
:10FD3000231864007880828F021062704082838F63
:10FD4000232064001B004400F40180001220000006
:10FD500000A0033C880D64AC7880828F00A0033C37
:10FD6000880D638C2B1862002F00601440868393EB
:10FD700000A0033C893F400B880D62AC04000424C2
:10FD80002700441400A0023C030002248486848FD0
:10FD9000030082109886848F2100821400A0023C08
:10FDA0002C82828F2B106200070040143082848FD7
:10FDB0002B108300080040142318640000A0023CAC
:10FDC0007F3F400B880D40AC2B1083000C0040108F
:10FDD0007880828F231864007880828F021062708E
:10FDE0003482838F232064001B004400F4018000D0
:10FDF0001220000000A0033C880D64AC7880828F44
:10FE000000A0033C880D638C2B1862000600601470
:10FE10004086839300A0033C893F400B880D62AC71
:10FE2000880D40AC40868393FF00022407006210D7
:10FE3000010002245C80838F04006254888680AFB6
:10FE400000A0023C880D428C888682AF8C8280A301
:10FE500001000224398582A31400BF8F0800E0034B
:10FE60001800BD27E8FFBD271400BFAF8C82829326
:10FE70000100032450004310A185839309004050E2
:10FE800094828293020003248500431000A0033C67
:10FE9000030003244A0343141400BF8FF041400BB6
:10FEA00000A0023C2000422C050040147480829384
:10FEB0007E63400F00000000F042400B1400BF8F33
:10FEC000048582AF898183930200022406006214B4
:10FED00002000424010004247D6A400F2128000050
:10FEE000BD3F400B00A0023C7D6A400F212800006E
:10FEF00000A0023CE10E4390888283A300A0023C54
:10FF0000950F4290898282A34018030000A0043C10
:10FF1000A8068424211864004010020000A0043CBC
:10FF20002C07842421104400000064946A69400F67
:10FF3000000045945C73400F00000000048680AF11
:10FF400094828293029D033C8C9F6324211843007A
:10FF500000006390488683A3029D033CAC9F63240A
:10FF600021104300000042907D8682A38881839304
:10FF70000100022404006214598082932885828F34
:10FF8000E33F400B9B8582A39B8582A30002022452
:10FF900088BF033C341062AC88BF033C641062AC81
:10FFA00088BF033C681062AC8C82829301004224BB
:10FFB000EF42400B8C8282A30100022400036214F2
:10FFC0001400BF8FB084828F1400401402000324F9
:10FFD000648683939482859380200300003103001C
:10FFE0002330C40000A0043CDC0D84242120C40084
:10FFF000010085A09485868F040086ACCC85869709
:020000041D01DC
:10000000080086A4000083A00100A524948285A393
:1000100001006324648683A302000324A18583A3D3
:10002000648683930500632C1B0060548C8280A33C
:10003000070040140100032401000224B08482AFB1
:1000400012000224948282A32640400B8C8280A35B
:10005000090043140200032402000224B08482AF8A
:100060000E000224948282A39485828F848482AFBE
:100070002640400B8C8280A3D0024354948580AFED
:100080009485828F648482AF648680A302000224F8
:100090008C8282A3B08480AFEF42400B948580AF06
:1000A000DC0D6224DC0D658C0400448C0800438C5C
:1000B0003C0045AC400044AC440043AC0C00458CD3
:1000C0001000448C1400438C480045AC4C0044ACF8
:1000D000500043AC1800458C1C00448C2000438C1D
:1000E000540045AC580044AC5C0043AC2400458C43
:1000F0002800448C2C00438C600045AC640044AC68
:10010000680043AC3000458C3400448C3800438C8C
:100110006C0045AC700044AC740043AC050008248E
:1001200000A00A3C211840007C0046246B40400B94
:100130000A0009240000458C0C00448C2B20A400EC
:10014000140080500C0042240800478C0C00458CA1
:100150001000448C780067AC7C0065AC800064AC17
:10016000FCFF478C0000458C0400448C080047AC21
:100170000C0045AC100044AC7800678C7C00658CAA
:100180008000648CFCFF47AC000045AC040044AC2C
:100190000C004224E8FF46540000458C010008256D
:1001A000FF0008310300095100A0023C4D40400B04
:1001B0001C0E42251C0E428C8484838F2B206200EF
:1001C0000B0080102B2043006484848F2B2082003E
:1001D000070080102B20430000A0023C190E429023
:1001E0007B8582A3FEFF42249040400B948282A331
:1001F000090080106484848F2B2083000600801007
:100200006484848F120002247B8582A31000022460
:100210009040400B948282A32B10440009004010B0
:1002200000A0023C2B18640007006010200E4294CE
:100230000E0002247B8582A30C000224948282A3F8
:1002400000A0023C200E4294CE8083972B186200BF
:100250000700601001000324A886838F0400601447
:100260000100032401000224A340400BA88682AFB2
:10027000A886848F0600835400A0023CD080839718
:100280002B10620001004050A88680AF00A0023C05
:100290001C0E428C0A00401000A0023C0100022407
:1002A000A886838F0600621400A0023C2638400F07
:1002B0000000000000A0033CB140400B880D62AC80
:1002C000880D40AC00A0033C7C0D63240C00628CC4
:1002D000548482AF600904241B004400F4018000B0
:1002E00012280000688485AF80480500029D073C05
:1002F000B4A1E724212027010000868C0100A52459
:10030000029D083CC0A00825214828010000248D3A
:10031000802805002140A8000000088D234004012A
:1003200023104600021002712128A7000000A58CAE
:100330002328A6001B004500F401A000122800009D
:100340002120A4005C8484AFF9FF023CA039422440
:10035000211082000C0062AC0A0003241B00830001
:10036000F401600012200000508684AFE481838F86
:100370002B2043001C008014F481848FE881848F3B
:100380002B20820018008054F481848F6086828F35
:10039000010042240C004010608682AF408680A39A
:1003A00001000224608682AF808680AF6C8680AFB9
:1003B000B48680AF908680AF748680AF848680AF2D
:1003C000DB41400B988680AF808680AF6C8680AF23
:1003D000B48680AF908680AF748680AF848680AF0D
:1003E000DB41400B988680AF2B2882001C00A05078
:1003F000F081838F2B18430019006010F081838FE8
:100400008086828F01004224808682AF0200422CC7
:100410000B00401402000224408680A3608680AF57
:10042000808682AF6C8680AFB48680AF908680AFC6
:10043000748680AF848680AFDB41400B988680AFA6
:10044000608680AF6C8680AFB48680AF908680AFC8
:10045000748680AF848680AFDB41400B988680AF86
:100460002B2843001D00A0540C82848F2B20820077
:100470001A0080540C82848F6C86828F0100422483
:100480006C8682AF0300422C0D004054608680AF22
:1004900001000224408682A3608680AF808680AF00
:1004A000030002246C8682AFB48680AF908680AF52
:1004B000748680AF848680AFDB41400B988680AF26
:1004C000808680AFB48680AF908680AF748680AF20
:1004D000848680AFDB41400B988680AF2B2882005A
:1004E0001D00A0500882838F2B1843001A00601053
:1004F0000882838FB486828F01004224B48682AF43
:100500000300422C0D004054608680AF010002249D
:10051000408682A3608680AF808680AF6C8680AF85
:1005200003000224B48682AF908680AF748680AFC9
:10053000848680AFDB41400B988680AF808680AF99
:100540006C8680AF908680AF748680AF848680AFE3
:10055000DB41400B988680AF2B2843001D00A05440
:1005600029A004342B2082001A00805429A00434CE
:100570009086828F01004224908682AF0300422C35
:100580000D004054608680AF02000224408682A3A2
:10059000608680AF808680AF6C8680AFB48680AF87
:1005A00003000224908682AF748680AF848680AF79
:1005B000DB41400B988680AF808680AF6C8680AF31
:1005C000B48680AF748680AF848680AFDB41400BF9
:1005D000988680AF2B2044001D008054FC81838FBF
:1005E0002B1843001A006010FC81838F7486828F61
:1005F00001004224748682AF0300422C0D00405457
:10060000608680AF02000224408682A3608680AFAD
:10061000808680AF6C8680AFB48680AF908680AFD6
:1006200003000224748682AF848680AFDB41400BD6
:10063000988680AF808680AF6C8680AFB48680AFAE
:10064000908680AF848680AFDB41400B988680AF78
:100650002B2062001E008010F92A442C0082848F17
:100660002B2044001A008050F92A442C8486828F63
:1006700001004224848682AF0300422C0D004054C6
:10068000608680AF04000224408682A3608680AF2B
:10069000808680AF6C8680AFB48680AF908680AF56
:1006A000748680AF03000224848682AFDB41400B56
:1006B000988680AF808680AF6C8680AFB48680AF2E
:1006C000908680AF748680AFDB41400B988680AF08
:1006D0001D008054FFFF02242B1043001A0040101D
:1006E000FFFF02249886828F01004224988682AF01
:1006F0000300422C0D004054608680AF04000224A9
:10070000408682A3608680AF808680AF6C8680AF93
:10071000B48680AF908680AF748680AF848680AFC9
:1007200003000224DB41400B988682AF808680AFB5
:100730006C8680AFB48680AF908680AF748680AFC1
:10074000DB41400B848680AF408682A3608680AF09
:10075000808680AF6C8680AFB48680AF908680AF95
:10076000748680AF848680AF988680AF378082930E
:1007700000A0033CFC0D63942B1862000B00605436
:10078000FFFF022400A0033CF00D63942B186200CD
:1007900006006054FFFF022400A0033C080E63948F
:1007A0002B10620002004010FFFF0224408682A34B
:1007B0008C82829301004224EF42400B8C8282A300
:1007C000880D438CE481828F2B1062000F00401053
:1007D00000A0023C00A0023C680E428C0B004010BE
:1007E00000A0023C408682930800401400A0023C16
:1007F000A434400F0000000000A0023C680E438CAF
:1008000000A0023C880D43AC00A0023C880D438C44
:10081000A48683AF408682936B00401401000424B9
:100820006086858F0400A410020004248086858FD2
:10083000AF00A4140400042400A0023C1C0E428C4F
:100840000001422C5B0040149C868293E481848FDB
:100850002B10640031004014F481828FE881828F74
:100860002B1043002D004014F481828FB0868393B7
:1008700001000224250062547C8680A35C80838F63
:10088000220062547C8680A37C86839301006324CB
:10089000FF0063307C8683A36080828F0100442444
:1008A0002B206400070080542B1062007C8682A3FA
:1008B000408680A300A0023C880D40AC5F42400B04
:1008C000B08680A3080040148886828FD101422C14
:1008D000050040148886828FD001032400A0023CCA
:1008E0005F42400B880D43AC6480838F02186270B6
:1008F000640002241B006200F40140001218000092
:1009000000A0043C5F42400B880D83AC408680A36E
:1009100000A0023C5F42400B880D40AC2B1043000E
:1009200017004010B481828F2B10830014004014F4
:10093000B481828F231883007880828F02106270C6
:10094000EC81838F232083001B004400F40180008E
:100950001220000000A0033C880D64AC00A0023C03
:10096000180E43900200022405006214B481828FA5
:1009700001000224B08682A37C8680A3B481828F8A
:10098000A486838F2B10620001004054788680AFCC
:100990007880828F00A0033C880D638C2B18620046
:1009A0007A0060144086839300A0033CE242400B2F
:1009B000880D62AC750040144086839300A0023C11
:1009C000E242400B880D40AC240044140200042491
:1009D000030002246C86848F03008210B486848F07
:1009E0006800821400A0023CF081848F2B10640008
:1009F0000800405423188300F481828F2B18430091
:100A00000E0060147880828F00A0023C8E42400B62
:100A1000880D40AC7880828F02106270F881838FDD
:100A2000232083001B004400F401800012200000FA
:100A300000A0033C880D64AC7880828F00A0033C4A
:100A4000880D638C2B1862005000601440868393DD
:100A500000A0033CE242400B880D62AC230044142A
:100A60009086848F03000224030082107486848F92
:100A70004400821400A0023C0882848F2B10640082
:100A800008004054231883000C82828F2B184300E7
:100A90000E0060147880828F00A0023CB242400BAE
:100AA000880D40AC7880828F021062701082838F34
:100AB000232083001B004400F4018000122000006A
:100AC00000A0033C880D64AC7880828F00A0033CBA
:100AD000880D638C2B1862002C0060144086839371
:100AE00000A0033CE242400B880D62AC04000424E9
:100AF0002400441400A0023C030002248486848F56
:100B0000030082109886848F1E00821400A0023C8D
:100B1000FC81848F2B10640008004054231883004C
:100B20000082828F2B1843000E0060147880828F21
:100B300000A0023CD842400B880D40AC7880828FE8
:100B4000021062700482838F232083001B00440004
:100B5000F40180001220000000A0033C880D64AC6A
:100B60007880828F00A0033C880D638C2B18620074
:100B7000060060144086839300A0033CE242400BD1
:100B8000880D62AC880D40AC40868393FF00022440
:100B900007006210010002245C80838F040062540D
:100BA000888680AF00A0023C880D428C888682AF88
:100BB0008C8280A301000224398582A31400BF8F98
:100BC0000800E0031800BD27E8FFBD271400BFAFF1
:100BD0008C8282930100032450004310A1858393EB
:100BE0000900405094828293020003248500431040
:100BF00000A0033C03000324630343141400BF8FCD
:100C00005445400B408682932000422C050040143E
:100C1000748082937E63400F000000006246400BA8
:100C20001400BF8F048582AF898183930200022460
:100C30000600621402000424010004247D6A400FAF
:100C4000212800001643400B00A0023C7D6A400FA3
:100C50002128000000A0023CE10E4390888283A37B
:100C600000A0023C950F4290898282A340180300A5
:100C700000A0043CA806842421186400401002004F
:100C800000A0043C2C07842421104400000064943C
:100C90006A69400F000045945C73400F000000003B
:100CA000048680AF94828293029D033C8C9F6324D0
:100CB0002118430000006390488683A3029D033CF3
:100CC000AC9F632421104300000042907D8682A3E4
:100CD0008881839301000224040062145980829366
:100CE0002885828F3C43400B9B8582A39B8582A3F2
:100CF0000002022488BF033C341062AC88BF033C6E
:100D0000641062AC88BF033C681062AC8C82829332
:100D1000010042246146400B8C8282A30100022420
:100D2000190362141400BF8FB084828F1400401422
:100D300002000324648683939482859380200300B9
:100D4000003103002330C40000A0043CDC0D8424E7
:100D50002120C400010085A09485868F040086AC04
:100D6000CC858697080086A4000083A00100A524F6
:100D7000948285A301006324648683A30200032474
:100D8000A18583A3648683930500632C1B006054B4
:100D90008C8280A307004014010003240100022478
:100DA000B08482AF05000224948282A37F43400B6B
:100DB0008C8280A309004314020003240200022451
:100DC000B08482AF0A000224948282A39485828F29
:100DD000848482AF7F43400B8C8280A3E90243541A
:100DE000948580AF9485828F648482AF648680A36B
:100DF000020002248C8282A3B08480AF6146400B43
:100E0000948580AFDC0D6224DC0D658C0400448C7D
:100E10000800438C3C0045AC400044AC440043AC6B
:100E20000C00458C1000448C1400438C480045ACE9
:100E30004C0044AC500043AC1800458C1C00448C62
:100E40002000438C540045AC580044AC5C0043ACDB
:100E50002400458C2800448C2C00438C600045AC59
:100E6000640044AC680043AC3000458C3400448CD2
:100E70003800438C6C0045AC700044AC740043AC4B
:100E80000500082400A0093C21184000C343400B82
:100E90007C0046240000458C0C00448C2B20A400D0
:100EA000140080500C0042240800478C0C00458C34
:100EB0001000448C780067AC7C0065AC800064ACAA
:100EC000FCFF478C0000458C0400448C080047ACB4
:100ED0000C0045AC100044AC7800678C7C00658C3D
:100EE0008000648CFCFF47AC000045AC040044ACBF
:100EF0000C004224E8FF46540000458CFFFF082503
:100F0000FF0008310300005100A0023CA543400B44
:100F10001C0E22251C0E428C8484838F2B206200A1
:100F20000B0080102B2043006484848F2B208200D0
:100F3000070080102B20430000A0023C190E4290B5
:100F40007B8582A3FEFF4224E843400B948282A368
:100F5000090080106484848F2B2083000600801099
:100F60006484848F050002247B8582A3030002240D
:100F7000E843400B948282A32B10440009004010E8
:100F800000A0023C2B18640007006010200E429461
:100F90000A0002247B8582A308000224948282A393
:100FA00000A0023C200E4294CE8083972B18620052
:100FB0000700601001000324A886838F04006014DA
:100FC0000100032401000224FB43400BA88682AFEA
:100FD000A886848F0600835400A0023CD0808397AB
:100FE0002B10620001004050A88680AF00A0023C98
:100FF0001C0E428C4500401000A0023C010002245F
:10100000A886838F4100621400A0023C00A0033C2C
:10101000DC0D63241C00628C1000638C2B204300C9
:101020001200801400A0043C00A0043C040E848C38
:101030002B2082000D00801000A0043C3680849399
:101040002B2044000900801400A0043C00A0023CB6
:10105000DC0D4224190043902638400F3D0043A088
:1010600000A0033C4444400B880D62ACE00D848C2E
:101070002B2064001000805400A0033C2B20430070
:101080000D00805000A0033C368084932B18640030
:101090000900601400A0033C00A0023CDC0D4224C7
:1010A0000D0043902638400F3D0043A000A0033CB4
:1010B0004444400B880D62AC040E638C2B1062001C
:1010C0001400405400A0033C00A0023C100E428CCF
:1010D0002B1043000F00405000A0033C3680829349
:1010E0002B1862000B00601400A0033C00A0023C1F
:1010F000DC0D4224250043902638400F3D0043A0DC
:1011000000A0033C4444400B880D62AC880D40AC09
:1011100000A0033C7C0D63240C00628C548482AFDD
:10112000600904241B004400F40180001228000020
:10113000688485AF80480500029D073CB4A1E72480
:10114000212027010000868C0100A524029D083C77
:10115000C0A00825214828010000248D8028050012
:101160002140A8000000088D234004012310460000
:10117000021002712128A7000000A58C2328A600D8
:101180001B004500F401A000122800002120A4004B
:101190005C8484AFF9FF053CA039A5242128850093
:1011A0000C0065AC9081828F02000324140043146C
:1011B0000100032400A0023C200E43949481828FFE
:1011C0002B1043001D0040145C84838FFFFF023C02
:1011D0003F2542242110A2000F27422C1800401066
:1011E0000A0002249881828F2328A20000A0033CD9
:1011F000880D65AC232082008E44400B5C8484AF54
:101200000E0043145C84838F00A0023C200E4394A4
:101210009481828F2B106200080040145C84838FBD
:101220009881828F2128A20000A0033C880D65AC24
:10123000212082005C8484AF5C84838F0A000224B6
:101240001B006200F401400012180000508683AFBA
:1012500000A0023C880D428CB481838F2B18430080
:1012600017006014B881838F2B206200180080540F
:101270000100043C6086828F010042240A00401075
:10128000608682AF408680A301000224608682AF20
:10129000808680AF6C8680AFB48680AF908680AF4A
:1012A0003F45400B748680AF808680AF6C8680AFF0
:1012B000B48680AF908680AF3F45400B748680AF88
:1012C0002B2062001A0080109C81848F0100043C56
:1012D000007784242B204400150080509C81848F4B
:1012E0008086828F01004224808682AF0400422CD7
:1012F0000A004054608680AF408680A3608680AF3D
:1013000004000224808682AF6C8680AFB48680AFF2
:10131000908680AF3F45400B748680AF6C8680AF6F
:10132000B48680AF908680AF3F45400B748680AF17
:101330002B20440019008014A081848F2B20820070
:1013400019008054A881848F6C86828F010042240A
:101350006C8682AF0300422C0B004054608680AF45
:1013600001000224408682A3608680AF808680AF21
:10137000030002246C8682AFB48680AF908680AF73
:101380003F45400B748680AF808680AFB48680AFC7
:10139000908680AF3F45400B748680AF2B20820043
:1013A00019008010A881848F2B20440019008050E0
:1013B000AC81848FB486828F01004224B48682AFD0
:1013C0000300422C0B004054608680AF01000224D1
:1013D000408682A3608680AF808680AF6C8680AFB7
:1013E00003000224B48682AF908680AF3F45400B55
:1013F000748680AF808680AF6C8680AF908680AF29
:101400003F45400B748680AF2B20440019008014A8
:10141000AC81848F2B2082001A0080142B10430093
:101420009086828F01004224908682AF0300422C76
:101430000B004054608680AF02000224408682A3E5
:10144000608680AF808680AF6C8680AFB48680AFC8
:1014500003000224908682AF3F45400B748680AF24
:10146000808680AF6C8680AFB48680AF3F45400BEE
:10147000748680AF2B20820019008050FFFF022469
:101480002B10430016004010FFFF02247486828F49
:1014900001004224748682AF0300422C0B004054AA
:1014A000608680AF02000224408682A3608680AFFF
:1014B000808680AF6C8680AFB48680AF908680AF28
:1014C000030002243F45400B748682AF808680AFC4
:1014D0006C8680AFB48680AF3F45400B908680AF6E
:1014E000408682A3608680AF808680AF6C8680AFA6
:1014F000B48680AF908680AF748680AF3780829349
:1015000000A0033CFC0D63942B1862000B00605498
:10151000FFFF022400A0033CF00D63942B1862002F
:1015200006006054FFFF022400A0033C080E6394F1
:101530002B10620002004010FFFF0224408682A3AD
:101540008C828293010042246146400B8C8282A3EC
:101550002D00401400A0023C880D438CB881828F7E
:101560002B106200080040504C8680AF4C86828F62
:10157000010042240200432C130060104C8682AF0D
:101580006445400B8886838F211000008886838FF6
:10159000D007632C0D0060100400422C04000324CB
:1015A0008086848F0900831400000000A434400F5B
:1015B0000000000000A0023C680E438C00A0023C2A
:1015C0008245400B880D43AC0400422C0C004010B7
:1015D000040002248886828FD007422C0800401421
:1015E00004000224A434400F0000000000A0023CCC
:1015F000680E438C00A0023C8245400B880D43AC32
:101600004C8682AF00A0023C880D438CA48683AF39
:10161000408682937D0040140100042401000224CE
:101620006086848F04008210040002248086848FE8
:10163000C600821400A0023C00A0023C1C0E428C9A
:101640000001422C6C0040149C868293B481828FEE
:101650002B10620030004014B881848F2B1083005F
:10166000310040140100023CB08683930100022443
:10167000250062547C8680A35C80838F22006254A4
:101680007C8680A37C86839301006324FF00633003
:101690007C8683A36080828F010044242B20640019
:1016A000070080542B1062007C8682A3408680A3B2
:1016B00000A0023C880D40ACE245400BB08680A300
:1016C000080040148886828FD101422C0500401406
:1016D0008886828FD001032400A0023CE245400BA3
:1016E000880D43AC6480838F02186270640002240A
:1016F0001B006200F40140001218000000A0043C2E
:10170000E245400B880D83AC408680A300A0023CDC
:10171000E245400B880D40AC2B1083001B004010AD
:101720007886828F0100023C017742242B106200F0
:10173000160040107886828F231864007880828F8C
:1017400002106270BC81838F232064001B00440060
:10175000F401800000A0023C180E43900200022415
:10176000040062141220000001000224B08682A34B
:101770007C8680A38886838F21188300421803000B
:1017800000A0023C880D43AC7886828F0D0040504B
:10179000B481828FA486838F39F904342B206400AE
:1017A00009008054B481828FB881848F2B18640023
:1017B00004006050B481828F00A0033C880D62ACAD
:1017C000B481828FA486838F2B1062000100405465
:1017D000788680AF7880828F00A0033C880D638C70
:1017E0002B1862005B0060144086839300A0033CCA
:1017F0005446400B880D62AC5600401440868393DB
:1018000000A0023C5446400B880D40AC2700441415
:1018100002000424030002246C86848F03008210DB
:10182000B486848F4900821400A0023C9C81828F80
:101830002B10620007004014A081848F2B108300BE
:10184000080040142318640000A0023C2246400B0C
:10185000880D40AC2B1083000C0040107880828FE4
:10186000231864007880828F02106270A481838FB5
:10187000232064001B004400F401800012200000BB
:1018800000A0033C880D64AC7880828F00A0033CEC
:10189000880D638C2B1862002E00601440868393A1
:1018A00000A0033C5446400B880D62AC2600441453
:1018B000030002249086848F030082107486848F34
:1018C0002200821400A0023CA881828F2B106200AB
:1018D00007004014AC81848F2B1083000800401453
:1018E0002318640000A0023C4946400B880D40AC20
:1018F0002B1083000C0040107880828F2318640026
:101900007880828F02106270B081838F2320640000
:101910001B004400F40180001220000000A0033CE2
:10192000880D64AC7880828F00A0033C880D638CA6
:101930002B186200070060144086839300A0033CCC
:101940005446400B880D62AC00A0023C880D40ACB0
:1019500040868393FF0002240700621001000224E6
:101960005C80838F04006254888680AF00A0023CB4
:10197000880D428C888682AF8C8280A3010002246D
:10198000398582A31400BF8F0800E0031800BD272B
:1019900000A0033C8C0E62248C0E658C0400448CE9
:1019A0000800438C540045AC580044AC5C0043AC88
:1019B0000C00458C1000448C1400438C600045AC36
:1019C000640044AC680043AC1800458C1C00448C97
:1019D0002000438C6C0045AC700044AC740043ACF8
:1019E0002400458C2800448C2C00438C780045ACA6
:1019F0007C0044AC800043AC3000458C3400448C07
:101A00003800438C840045AC880044AC8C0043AC67
:101A10003C00458C4000448C4400438C900045AC15
:101A2000940044AC980043AC4800458C4C00448C76
:101A30005000438C9C0045ACA00044ACA40043ACD7
:101A400000A0033C400F6224400F658C0400448CCE
:101A50000800438C540045AC580044AC5C0043ACD7
:101A60000C00458C1000448C1400438C600045AC85
:101A7000640044AC680043AC1800458C1C00448CE6
:101A80002000438C6C0045AC700044AC740043AC47
:101A90002400458C2800448C2C00438C780045ACF5
:101AA0007C0044AC800043AC3000458C3400448C56
:101AB0003800438C840045AC880044AC8C0043ACB7
:101AC0003C00458C4000448C4400438C900045AC65
:101AD000940044AC980043AC4800458C4C00448CC6
:101AE0005000438C9C0045ACA00044ACA40043AC27
:101AF00007000B2400A00D3C00A00C3C00A0053CFE
:101B00008C0EA524AC00A724F946400B00A00A3C8B
:101B10000000468C0C00448C2B20C4001400805024
:101B20000000668C0800488C0C00468C1000448C29
:101B3000A800A8ACAC00A6ACB000A4ACFCFF488CDC
:101B40000000468C0400448C080048AC0C0046ACF5
:101B5000100044ACA800A88CAC00A68CB000A48CEB
:101B6000FCFF48AC000046AC040044AC0000668CAE
:101B70000C00648C2B20C400140080100C00422444
:101B8000400F44250800698C0C00688C1000668C9E
:101B9000A80089ACAC0088ACB00086ACFCFF698CB6
:101BA0000000688C0400668C080069AC0C0068AC0E
:101BB000100066ACA800888CAC00868CB000848CC9
:101BC000FCFF68AC000066AC040064ACD0FF4714B6
:101BD0000C006324FFFF6B25FF006B3104006011D4
:101BE00000000000E40EA225C446400B980F832598
:101BF0000800E00300000000FF0084305885838F58
:101C00000C868A8F3886828F0885898F2340490009
:101C1000C33F08002640E8002338070123306A004C
:101C2000C32F06002630A6002328C5002128E50082
:101C30002A28A4003400A0141C85859304000424E1
:101C40001B00A41400800434AE8485978084848FA4
:101C50002120A4002B20830009008014AC848497E9
:101C6000238583A302220300248584A3DC8583AF1C
:101C700021184301421803000C8683AFAC8484977B
:101C80008884838F211883002B1862001E00601443
:101C9000021A0200258582A3268583A3148582AFBC
:101CA00021102201421002000800E003088582AFE3
:101CB0002B2064000900805000800334238583A317
:101CC00002220300248584A3DC8583AF211843010D
:101CD000421803000C8683AF008003342B184300A6
:101CE00009006010021A0200258582A3268583A3BD
:101CF000FF7F032423186200148583AF2110220183
:101D000042100200088582AF0800E00300000000D6
:101D1000E8FFBD271400BFAF20868297DC80839741
:101D20002B20620006008014CE858497E280849781
:101D30002B20440017008010E2808497CE85849782
:101D4000E88085972B28A4001000A05402000224EC
:101D50002B2862000400A010EE8085972B208500C0
:101D60000A00805402000224E28084972B28440059
:101D70000800A010CE858697EE8085972B28C50099
:101D80000500A0102B186200020002247647400BC9
:101D9000F48582A32B1862000E0060540100022417
:101DA0002B1044000B00401401000224CE858297C2
:101DB000E88083972B18620006006054010002241B
:101DC000EE8083972B10430003004050F48580A3DE
:101DD00001000224F48582A3388580A300A0023C80
:101DE000880D428C9C004010F485829302000324ED
:101DF00033004314010003242E8182978885838F4A
:101E00001B006200F401400012180000FF00623065
:101E10000F00432C05006014388582A300A0023C0B
:101E2000BF0742909047400B308582A300A0033C3F
:101E3000B00763242110430000004290308582A344
:101E40001C858393040002240D0062104086839356
:101E5000170062146482828FF119422C140040141E
:101E60006882828F401A422C110040103085829384
:101E70007082838F21106200AC47400B308582A3B3
:101E8000040002240A0062146482828FF119422C39
:101E9000070040146882828F401A422C04004010D0
:101EA000308582936C82838F21106200308582A3FB
:101EB000FE46400F30858493B248400B1400BF8F1C
:101EC000320043148885838F2C8182971B00620027
:101ED000F401400012180000FF0062300F00432C94
:101EE00005006014388582A300A0023CBF07429021
:101EF000C347400B308582A300A0033CB007632496
:101F00002110430000004290308582A31C858393FA
:101F1000040002240D0062104086839317006214AF
:101F20006482828FF119422C140040146882828FDF
:101F3000401A422C11004010308582937082838FAA
:101F400021106200DF47400B308582A30400022489
:101F50000A0062146482828FF119422C0700401437
:101F60006882828F401A422C040040103085829390
:101F70006C82838F21106200308582A3FE46400F61
:101F800030858493B248400B1400BF8FCD004014BD
:101F90002A8182978885838F1B006200F4014000AC
:101FA00012180000FF0062300F00432C050060147F
:101FB000388582A300A0023CBF074290F647400B41
:101FC000308582A300A0033CB007632421104300A6
:101FD00000004290308582A31C8583930400022474
:101FE0000D00621040868393170062146482828F12
:101FF000F119422C140040146882828F401A422C3E
:1020000011004010308582937082838F211062000E
:102010001248400B308582A3040002240A00621497
:102020006482828FF119422C070040146882828FEB
:10203000401A422C04004010308582936C82838FBA
:1020400021106200308582A3FE46400F30858493C4
:10205000B248400B1400BF8F020003243300431426
:10206000010003242E8182978885838F1B006200E4
:10207000F401400012180000FF0062300F00432CF2
:1020800005006014388582A300A0023CBF0742907F
:102090002B48400B308582A300A0033CB00763248B
:1020A0002110430000004290308582A31C85839359
:1020B000040002240D00621040868393170062140E
:1020C0006482828FF119422C140040146882828F3E
:1020D000401A422C11004010308582937082838F09
:1020E000211062004748400B308582A3040002247F
:1020F0000A0062146482828FF119422C0700401496
:102100006882828F401A422C0400401030858293EE
:102110006C82838F21106200308582A3FE46400FBF
:1021200030858493B248400B1400BF8F32004314B3
:102130008885838F2C8182971B006200F401400008
:1021400012180000FF0062300F00432C05006014DD
:10215000388582A300A0023CBF0742905E48400B36
:10216000308582A300A0033CB00763242110430004
:1021700000004290308582A31C85839304000224D2
:102180000D00621040868393170062146482828F70
:10219000F119422C140040146882828F401A422C9C
:1021A00011004010308582937082838F211062006D
:1021B0007A48400B308582A3040002240A0062148E
:1021C0006482828FF119422C070040146882828F4A
:1021D000401A422C04004010308582936C82838F19
:1021E00021106200308582A3FE46400F3085849323
:1021F000B248400B1400BF8F320040142A818297EE
:102200008885838F1B006200F401400012180000D3
:10221000FF0062300F00432C05006014388582A354
:1022200000A0023CBF0742909148400B308582A33A
:1022300000A0033CB007632421104300000042903B
:10224000308582A31C858393040002240D00621054
:1022500040868393170062146482828FF119422CA6
:10226000140040146882828F401A422C11004010E2
:10227000308582937082838F21106200AD48400BBD
:10228000308582A3040002240A0062146482828FD3
:10229000F119422C070040146882828F401A422CA8
:1022A00004004010308582936C82838F211062007D
:1022B000308582A3FE46400F30858493B248400BA0
:1022C0001400BF8F1400BF8F0800E0031800BD2763
:1022D00040868393040002241E0062147680829359
:1022E0005086828F6482838F2B18620019006050A1
:1022F000768082936882838F2B1843000A006010D7
:102300006882838F1C858493040003240500831056
:102310007082838F7680829321106200D648400BB2
:10232000308582A36882838F2B1043000900401000
:10233000768082931C858393040002240500621436
:10234000768082936C82838F21106200D648400B86
:10235000308582A3308582A31C85839304000224E8
:10236000280062105885838F0C86878F3886828F6D
:102370000885868F23204600C32F04002620A40052
:102380002340850023286700C327050026288500F1
:102390002320A40021200401308588932A2088006E
:1023A0003C008014008004342B206400090080501D
:1023B00000800334238583A302220300248584A3A1
:1023C000DC8583AF2118E300421803000C8683AF3D
:1023D000008003342B1843002E006010021A020004
:1023E000258582A3268583A3FF7F0324231862000B
:1023F000148583AF2110C200421002000800E003E0
:10240000088582AF0C86878F3886828F0885868FF5
:1024100023284600C3270500262885002340A40062
:1024200023286700C3270500262885002320A40051
:1024300021200401308588932A208800150080140B
:102440008084848F2B208300090080548884838FAC
:10245000238583A302220300248584A3DC8583AF24
:102460002118E300421803000C8683AF8884838F11
:102470002B18620007006014021A0200258582A34F
:10248000268583A3148582AF2110C200421002006A
:10249000088582AF0800E0030000000000A0023CB5
:1024A000600E438CAE8482972B204300080080147A
:1024B0008084848F03000224398582A301000224D2
:1024C000AC8582AF508580AF4249400B588580AFC4
:1024D000212044002B2883000800A050508580AFA5
:1024E00003000224398582A301000224508582AFB3
:1024F000AC8580AF4249400B588584AFAC8580AF36
:1025000023106200588582AF00A0023C640E438C09
:10251000AC8482972B204300080080548884848FE9
:1025200003000224398582A3010002243C8682AF85
:10253000F08580AF0800E003388680AF212044009A
:102540002B2883000800A0503C8680AF03000224A3
:10255000398582A301000224F08582AF3C8680AFDA
:102560000800E003388684AFF08580AF2310620056
:102570000800E003388682AF748282930600401020
:10258000758282935885828F8084838F23106200A6
:10259000588582AF75828293040040103886828FFE
:1025A0008884838F23106200388682AF0800E0039E
:1025B000000000003E808393010002241B0062148F
:1025C000CE858297EE8083972B18620004006014FA
:1025D000E8808397010002247D49400B4F8582A348
:1025E0002B104300030040544F8580A301000224B8
:1025F0004F8582A320868297E28083972B18620002
:1026000004006054DC808397010002240800E0038A
:10261000318582A32B10430004004054318580A3F0
:10262000010002240800E003318582A30800E003D2
:1026300000000000C0FFBD273C00BFAF3800BEAFA8
:102640003400B7AF3000B6AF2C00B5AF2800B4AF40
:102650002400B3AF2000B2AF1C00B1AF1800B0AF80
:10266000D485828F1604401400A0053C8C0EA5244E
:102670000400A48C1000A68C1C00B48C2800BE8C16
:102680003400B58C4000A38C4C00A28C00A0053C0B
:10269000400FA5240400B08C1000B38C1C00B68C35
:1026A0002800A78C1000A7AF3400B78C4000B28C74
:1026B0004C00B18C2886858F108685AF2B28820030
:1026C0000E00A0142B2866002B28C3000800A014BD
:1026D0002B2844002B2895020500A0102B2844002D
:1026E0002886858F0400057CD549400B288685AF58
:1026F0000C00A0142138C4002B2866000900A01487
:102700002138C4002B28B4020700A0102138F4009F
:102710002886858F010007240400E57CD549400BFD
:10272000288685AF2138F400212875002128A200D1
:102730002B28A7000400A0102886858F0400057CA4
:10274000D549400B288685AF010007240400E57CAD
:10275000288685AF2B2811020E00A0142B285302C7
:102760002B2872020800A0142B2830022B28D70235
:102770000500A0102B2830022886858F4408057C90
:10278000FB49400B288685AF0C00A014213870024D
:102790002B2853020900A014213870022B28F602BE
:1027A0000700A0102138F6002886858F0100072435
:1027B0004408E57CFB49400B288685AF2138F600AC
:1027C000212857022128B1002B28A7000400A010BF
:1027D0002886858F4408057CFB49400B288685AFF9
:1027E000010007244408E57C288685AF1086858F84
:1027F0002886878F0900E5107A8587930100E724F2
:10280000FF00E7307A8587A31F00E72C0500E05022
:102810007A8580A3094A400B288685AF7A8580A3F4
:10282000288685AF2886858F0100A5301D00A0541D
:10283000211843002130C400211043001B00C200B6
:10284000F401400012300000248686AF7C75400FF2
:10285000402004005575400F212040001400A2AF15
:1028600021A0D4037C75400F212095025575400F9F
:102870002120400021A040001400A48F029D023CB2
:10288000DE71400F80A5458C212040005271400F21
:10289000212880020075400F21204000434A400B50
:1028A000A48582AF2120C4001B006400F4018000D5
:1028B00012200000248684AF7C75400F4020020067
:1028C0005575400F212040001400A2AF21A0D40371
:1028D0007C75400F212095025575400F2120400046
:1028E00021A040001400A48F029D023CDE71400F25
:1028F00080A5458C212040005271400F2128800284
:102900000075400F21204000A48582AF2886828F69
:10291000020042301E004054219032022198700281
:10292000218832021B007102F4012002128800008B
:10293000348591AF7C75400F402010005575400FD5
:1029400021204000218840001000A28F21B05600B5
:102950007C75400F2120D7025575400F2120400083
:102960002180400021202002029D023CDE71400FA8
:1029700080A5458C212040005271400F2128000283
:102980000075400F212040007F4A400BE48582AF54
:10299000218070021B005002F4010002128000002E
:1029A000348590AF7C75400F402011005575400F65
:1029B00021204000218840001000A28F21B0560045
:1029C0007C75400F2120D7025575400F2120400013
:1029D0002180400021202002029D023CDE71400F38
:1029E00080A5458C212040005271400F2128000213
:1029F0000075400F21204000E48582AF7C75400FB8
:102A00000085848F029D113C21204000DE71400F23
:102A100084A5258E218040007C75400FA485848F7D
:102A2000029D123C21204000DE71400F88A5458E9A
:102A3000212000022870400F212840000075400F1F
:102A40002120400021804000188582AF7C75400F16
:102A5000C885848F21204000DE71400F84A5258E1B
:102A6000218840007C75400FE485848F2120400040
:102A7000DE71400F88A5458E212020022870400F6E
:102A8000212840000075400F21204000548582AF6E
:102A9000008590AFC88582AF2200022E030040104F
:102AA00023000224D14B400B0A8680A304000216A7
:102AB0002400022401000224D14B400B0A8682A389
:102AC000040002162500022402000224D14B400B10
:102AD0000A8682A3040002162600022403000224B0
:102AE000D14B400B0A8682A3040002162700022461
:102AF00004000224D14B400B0A8682A30400021674
:102B00002800022405000224D14B400B0A8682A330
:102B1000040002162900022406000224D14B400BB7
:102B20000A8682A3040002162A0002240700022457
:102B3000D14B400B0A8682A3040002162B0002240C
:102B400008000224D14B400B0A8682A3040002161F
:102B50002C00022409000224D14B400B0A8682A3D8
:102B6000040002162D0002240A000224D14B400B5F
:102B70000A8682A3040002162E0002240B000224FF
:102B8000D14B400B0A8682A3040002162F000224B8
:102B90000C000224D14B400B0A8682A304000216CB
:102BA000300002240D000224D14B400B0A8682A380
:102BB00004000216310002240E000224D14B400B07
:102BC0000A8682A304000216320002240F000224A7
:102BD000D14B400B0A8682A3040002163300022464
:102BE00010000224D14B400B0A8682A30400021677
:102BF0003400022411000224D14B400B0A8682A328
:102C0000040002163500022412000224D14B400BAE
:102C10000A8682A30400021636000224130002244E
:102C2000D14B400B0A8682A304000216370002240F
:102C300014000224D14B400B0A8682A30400021622
:102C40003800022415000224D14B400B0A8682A3CF
:102C5000040002163900022416000224D14B400B56
:102C60000A8682A3040002163A00022417000224F6
:102C7000D14B400B0A8682A3040002163B000224BB
:102C800018000224D14B400B0A8682A304000216CE
:102C90003C00022419000224D14B400B0A8682A377
:102CA000040002163D0002241A000224D14B400BFE
:102CB0000A8682A3040002163E0002241B0002249E
:102CC000D14B400B0A8682A3040002163F00022467
:102CD0001C000224D14B400B0A8682A3040002167A
:102CE000400002241D000224D14B400B0A8682A31F
:102CF00004000216410002241E000224D14B400BA6
:102D00000A8682A304000216420002241F00022445
:102D1000D14B400B0A8682A3040002164300022412
:102D200020000224D14B400B0A8682A30400021625
:102D30004400022421000224D14B400B0A8682A3C6
:102D4000040002164500022422000224D14B400B4D
:102D50000A8682A3040002164600022423000224ED
:102D6000D14B400B0A8682A30400021647000224BE
:102D700024000224D14B400B0A8682A304000216D1
:102D80004800022425000224D14B400B0A8682A36E
:102D9000040002164900022426000224D14B400BF5
:102DA0000A8682A3040002164A0002242700022495
:102DB000D14B400B0A8682A3040002164B0002246A
:102DC00028000224D14B400B0A8682A3040002167D
:102DD0004C00022429000224D14B400B0A8682A316
:102DE000040002164D0002242A000224D14B400B9D
:102DF0000A8682A3040002164E0002242B0002243D
:102E0000D14B400B0A8682A3040002164F00022415
:102E10002C000224D14B400B0A8682A30400021628
:102E2000500002242D000224D14B400B0A8682A3BD
:102E300004000216510002242E000224D14B400B44
:102E40000A8682A304000216520002242F000224E4
:102E5000D14B400B0A8682A30400021653000224C1
:102E600030000224D14B400B0A8682A304000216D4
:102E70005400022431000224D14B400B0A8682A365
:102E8000040002165500022432000224D14B400BEC
:102E90000A8682A30400021656000224350002248A
:102EA000D14B400B0A8682A304000216570002246D
:102EB00036000224D14B400B0A8682A3040002167E
:102EC0005800022437000224D14B400B0A8682A30B
:102ED000040002165900022438000224D14B400B92
:102EE0000A8682A3040002165A0002243900022432
:102EF000D14B400B0A8682A3040002165B00022419
:102F00003A000224D14B400B0A8682A30400021629
:102F10005C0002243B000224D14B400B0A8682A3B2
:102F2000040002565D00102E3C000224D14B400BE1
:102F30000A8682A3040000165485828F3C00022476
:102F40000A8682A35485828F2200432C03006010DE
:102F500023000324FD4C400BA08580A304004314F0
:102F60002400032401000224FD4C400BA08582A311
:102F7000040043142500032402000224FD4C400BEE
:102F8000A08582A304004314260003240300022426
:102F9000FD4C400BA08582A30400431427000324AA
:102FA00004000224FD4C400BA08582A304004314BE
:102FB0002800032405000224FD4C400BA08582A3B9
:102FC000040043142900032406000224FD4C400B96
:102FD000A08582A3040043142A00032407000224CE
:102FE000FD4C400BA08582A3040043142B00032456
:102FF00008000224FD4C400BA08582A3040043146A
:103000002C00032409000224FD4C400BA08582A360
:10301000040043142D0003240A000224FD4C400B3D
:10302000A08582A3040043142E0003240B00022475
:10303000FD4C400BA08582A3040043142F00032401
:103040000C000224FD4C400BA08582A30400431415
:10305000300003240D000224FD4C400BA08582A308
:1030600004004314310003240E000224FD4C400BE5
:10307000A08582A304004314320003240F0002241D
:10308000FD4C400BA08582A30400431433000324AD
:1030900010000224FD4C400BA08582A304004314C1
:1030A0003400032411000224FD4C400BA08582A3B0
:1030B000040043143500032412000224FD4C400B8D
:1030C000A08582A3040043143600032413000224C5
:1030D000FD4C400BA08582A3040043143700032459
:1030E00014000224FD4C400BA08582A3040043146D
:1030F0003800032415000224FD4C400BA08582A358
:10310000040043143900032416000224FD4C400B34
:10311000A08582A3040043143A000324170002246C
:10312000FD4C400BA08582A3040043143B00032404
:1031300018000224FD4C400BA08582A30400431418
:103140003C00032419000224FD4C400BA08582A3FF
:10315000040043143D0003241A000224FD4C400BDC
:10316000A08582A3040043143E0003241B00022414
:10317000FD4C400BA08582A3040043143F000324B0
:103180001C000224FD4C400BA08582A304004314C4
:10319000400003241D000224FD4C400BA08582A3A7
:1031A00004004314410003241E000224FD4C400B84
:1031B000A08582A304004314420003241F000224BC
:1031C000FD4C400BA08582A304004314430003245C
:1031D00020000224FD4C400BA08582A30400431470
:1031E0004400032421000224FD4C400BA08582A34F
:1031F000040043144500032422000224FD4C400B2C
:10320000A08582A304004314460003242300022463
:10321000FD4C400BA08582A3040043144700032407
:1032200024000224FD4C400BA08582A3040043141B
:103230004800032425000224FD4C400BA08582A3F6
:10324000040043144900032426000224FD4C400BD3
:10325000A08582A3040043144A000324270002240B
:10326000FD4C400BA08582A3040043144B000324B3
:1032700028000224FD4C400BA08582A304004314C7
:103280004C00032429000224FD4C400BA08582A39E
:10329000040043144D0003242A000224FD4C400B7B
:1032A000A08582A3040043144E0003242B000224B3
:1032B000FD4C400BA08582A3040043144F0003245F
:1032C0002C000224FD4C400BA08582A30400431473
:1032D000500003242D000224FD4C400BA08582A346
:1032E00004004314510003242E000224FD4C400B23
:1032F000A08582A304004314520003242F0002245B
:10330000FD4C400BA08582A304004314530003240A
:1033100030000224FD4C400BA08582A3040043141E
:103320005400032431000224FD4C400BA08582A3ED
:10333000040043145500032432000224FD4C400BCA
:10334000A08582A304004314560003243500022400
:10335000FD4C400BA08582A30400431457000324B6
:1033600036000224FD4C400BA08582A304004314C8
:103370005800032437000224FD4C400BA08582A393
:10338000040043145900032438000224FD4C400B70
:10339000A08582A3040043145A00032439000224A8
:1033A000FD4C400BA08582A3040043145B00032462
:1033B0003A000224FD4C400BA08582A30400431474
:1033C0005C0003243B000224FD4C400BA08582A33B
:1033D000040043145D00422C3C000224FD4C400BD1
:1033E000A08582A3040040147485828F3C000224CF
:1033F000A08582A37485828F260040106885828F05
:10340000F885828F230040146885828F32858293ED
:103410000B00432C150060147C858393A085839357
:103420002B2043000D008014010042242886828F47
:1034300002004230050040107C8580A3748580AF77
:10344000328580A33B4D400B7D8583A3748580AF7F
:10345000328580A33B4D400B7D8583A3FF00423026
:10346000328582A33B4D400B7D8582A31500642CE1
:103470001F008050EC85828F01004224FF00423003
:10348000328582A37D8582A3010063243B4D400BDE
:103490007C8583A305004014D485828F2C86828F7F
:1034A00011004010A0858293D485828F0E004014B5
:1034B000A08582937D8580A300A0023C480F4294A2
:1034C0006100422C040040142886828F4408027C4C
:1034D0003B4D400B288682AF010003244408627CE8
:1034E0003B4D400B288682AF7D8582A3EC85828F81
:1034F000260040100C85828FF885828F23004014AF
:103500000C85828FFD8582930B00432C150060147F
:10351000BC8583930A8683932B2043000D0080147F
:10352000010042242886828F0100423005004010AD
:10353000BC8580A3EC8580AFFD8580A3794D400BD1
:103540004D8583A3EC8580AFFD8580A3794D400B2D
:103550004D8583A3FF004230FD8582A3794D400B4A
:103560004D8582A31500642C1F0080500C85828F2E
:1035700001004224FF004230FD8582A34D8582A3D5
:1035800001006324794D400BBC8583A305004014E2
:10359000D485828FB485828F110040100A86829371
:1035A000D485828F0E0040140A8682934D8580A3B5
:1035B00000A0023C940E42946100422C040040148E
:1035C0002886828F0400027C794D400B288682AFCA
:1035D000010003240400627C794D400B288682AFF1
:1035E0004D8582A30C85828F050040142C86828F26
:1035F000B485828F0A0040103485828F2C86828F9A
:10360000050040544D8580A36885828F04004010DA
:103610003485828F4D8580A37D8580A33485828FFC
:103620000300422C0800401000A0023C2486828F38
:103630000300422C0400401000A0023C1086828F40
:10364000288682AF00A0023C880D428C07004014FF
:103650000A8682936C8580A3D48580AF748580AF01
:10366000EC8580AFF88580AF0A8682930B0040100E
:10367000A08582932886828F010042300700401483
:10368000A08582934D8582932710020080FF03243A
:10369000251043004D8582A3A08582930800401029
:1036A0002886828F02004230050040147D85829377
:1036B0002710020080FF0324251043007D8582A38C
:1036C0003C00BF8F3800BE8F3400B78F3000B68FFC
:1036D0002C00B58F2800B48F2400B38F2000B28F48
:1036E0001C00B18F1800B08F0800E0034000BD2718
:1036F0003E808493010003243900831498858293CB
:1037000020868397DE8084972B2064000F008054EE
:1037100002000324D88084972B2083000B00805460
:1037200002000324CE858497EA8085972B288500A4
:103730000600A05402000324E48085972B28A400EF
:103740000400A010E080869702000324F94D400B8E
:10375000988583A3D68085972338C5002A386700CB
:103760001100E05401000324DA8087972140E5002E
:103770002A4003010C00005501000324EC808897C7
:10378000234805012A488900070020550100032429
:10379000E6808997212825012A28A4000400A0504A
:1037A0002B30C30001000324F94D400B988583A3FF
:1037B0000D00C050020003242B1867000A0060109F
:1037C000020003242B400401070000112B20890074
:1037D00005008054988580A3FA4D400B000000003E
:1037E000988580A3020003240700431401000324EA
:1037F00098858493040083140000000021000324B2
:10380000114E400BC48583A306004314988583930F
:10381000040060140000000010000224144E400B4D
:10382000C48582A307004014988584930100032473
:103830000500831400000000010002241A4E400B12
:10384000C48582A301000324080043146C8582937D
:103850009885839302000224040062146C8582938D
:1038600012000224C48582A36C8582935F8582A3A3
:10387000888282930500432C050060104A80839360
:1038800001000224B48582AF2B4E400B0C8580AF23
:10389000FCFF63242A106200050040108982829395
:1038A000B48580AF010002240C8582AF89828293A7
:1038B0000500432C050060104B8083930100022417
:1038C0002C8682AF3A4E400B688580AFFCFF6324A4
:1038D0002A10620005004010888282932C8680AFF7
:1038E00001000224688582AF888282934A80839394
:1038F000FCFF63242A2062001400801489828493D0
:103900000500442C1100805489828493898282931B
:103910004B808393FCFF63242A18620013006054D9
:10392000030002240500422C10004014030002246E
:10393000010002246C8582A3B48580AF0C8580AF22
:103940002C8680AF644E400B688580AF4B8085939A
:10395000FCFFA5242A28A4000300A0140500842C41
:10396000040080102A18620003000224644E400BF9
:103970006C8582A305006054020002240500422CDD
:10398000040040105F858393020002246C8582A3AB
:103990005F858393010002240B0062145F8583938B
:1039A0006C858293FEFF4224FF0042300200422CCD
:1039B000060040100300022401000224D48582AFD7
:1039C000F88582AF5F8583930300022408006214A8
:1039D0005F8583936C858393010002240400621445
:1039E0005F858393748582AFD48580AF5F85839331
:1039F00002000224060062146C85839301000224F5
:103A00000300621400000000EC8582AFD48580AF13
:103A10000800E003000000005885838F0D0060500F
:103A2000588580AF8084848F2B1083000800401459
:103A3000FF7F0224C0130300231043001B00440037
:103A4000F401800012200000954E400B588584AF91
:103A5000588582AF3886838F0D006050388680AFDE
:103A60008884848F2B10830008004014FF7F022479
:103A7000C0130300231043001B004400F401800026
:103A800012200000A44E400B388684AF388682AFE7
:103A90007482829306004010758282935885828FCB
:103AA000FF7F032423106200588582AF75828293C2
:103AB000040040103886828FFF7F032423106200A9
:103AC000388682AF0800E0030000000000A0023C3E
:103AD000800D428C00A0033C600E638C2B206200A2
:103AE000040080502310620023104300BE4E400BA0
:103AF000C08582AFC08582AF00A0023C840D428C9D
:103B000000A0033C640E638C2B2062000500801033
:103B1000C085848F2110440023184300CC4E400BF5
:103B2000C08583AF2118640023106200C08582AF76
:103B3000C085828F3200432C0300601001000324F3
:103B4000D34E400BD08580AFD08583AF00A0033C1F
:103B5000880D638C83006010048183973185839383
:103B600042006014048183974F8583933F00601463
:103B7000048183972B1862000400601002818397F0
:103B800024818297724F400B448582AF2B186200CC
:103B9000040060100081839722818297724F400B4E
:103BA000448582AF2B18620004006010FE8083976A
:103BB00020818297724F400B448582AF2B186200A0
:103BC00004006010FC8083971E818297724F400B27
:103BD000448582AF2B18620004006010FA8083973E
:103BE0001C818297724F400B448582AF2B18620074
:103BF00004006010F88083971A818297724F400BFF
:103C0000448582AF2B18620004006010F680839711
:103C100018818297724F400B448582AF2B18620047
:103C200004006010F480839716818297724F400BD6
:103C3000448582AF2B18620004006010F2808397E5
:103C400014818297724F400B448582AF2B10620023
:103C5000040040101081829712818297724F400BAE
:103C6000448582AF724F400B448582AF2B186200AF
:103C7000040060100281839724818297724F400B69
:103C8000448582AF2B186200040060100081839786
:103C900022818297724F400B448582AF2B186200BD
:103CA00004006010FE80839720818297724F400B42
:103CB000448582AF2B18620004006010FC8083975B
:103CC0001E818297724F400B448582AF2B18620091
:103CD00004006010FA8083971C818297724F400B1A
:103CE000448582AF2B18620004006010F88083972F
:103CF0001A818297724F400B448582AF2B18620065
:103D000004006010F680839718818297724F400BF1
:103D1000448582AF2B18620004006010F480839702
:103D200016818297724F400B448582AF2B18620038
:103D300004006010F280839714818297724F400BC9
:103D4000448582AF2B1062000400401010818297DE
:103D500012818297724F400B448582AF724F400BA5
:103D6000448582AF2B18620004006010FE808397A8
:103D70000E818297724F400B448582AF2B186200F0
:103D800004006010FC8083970A818297724F400B79
:103D9000448582AF2B18620004006010F280839784
:103DA0000C818297724F400B448582AF2B106200CA
:103DB000040040100681829708818297724F400B61
:103DC000448582AF448582AF4485868F01000224FA
:103DD0000700C21000A0023C880E42902B1846003B
:103DE0000900601000A0033C934F400B00A0023C70
:103DF00000A0023C600E42241C0040AC200040ACFD
:103E0000924F400B280040A0600E688C600E632427
:103E10000400678C1C00648C2000638C23208800C5
:103E2000FFFF4224FF0042302B284600FBFFA0107A
:103E30002318670000A0053C600EA5241C00A4AC5C
:103E40002000A3AC2800A2A000A0023C7C0D4224CC
:103E50000400478C00A0043C600E84241C00858C68
:103E60002128E5001C0085AC0800468C2000838CCE
:103E70002118C300200083AC280082900100422456
:103E8000FF0042300C004010280082A000A0043C3B
:103E90001B00A200F401400012280000600E85AC57
:103EA000600E84241B006200F40140001218000020
:103EB0000800E003040083AC00A0023C600E47ACA5
:103EC000600E4224040046AC0800E003280040A035
:103ED000D8FFBD272400BFAF2000B3AF1C00B2AF96
:103EE0001800B1AF1400B0AF3800B28F80100500D9
:103EF0004088040021882402238851002388260258
:103F0000C317110026885100238822024080050033
:103F10002380040223800602C3171000268050006D
:103F20002380020202000016FF00E7300100102487
:103F30007C75400F02204772219840007C75400F2D
:103F400042201200219040007C75400F2120200269
:103F5000218840007C75400F212000022120200292
:103F60005271400F2128400021204002DE71400F95
:103F700021284000212060022870400F21284000A5
:103F80000075400F212040002400BF8F2000B38F18
:103F90001C00B28F1800B18F1400B08F0800E0032E
:103FA0002800BD27E0FFBD271C00BFAF1800B0AF41
:103FB00000A0103C400F102654000292B48482A34B
:103FC000FFFF45249C85848F803005000019050083
:103FD00023186600211803020400658C2328A4001E
:103FE000040065AC80280200003102002328C500CF
:103FF000212805020400A68C2330C4000400A6ACCE
:10400000010042248030020000110200231046000B
:10401000211002020400468C2330C400040046AC88
:104020000400648C0400A58C010067904E80829788
:10403000B44F400F1000A2AF00A0033C840D62AC4F
:104040005400029280180200001102002310430065
:1040500021805000010002925E8582A31C00BF8F68
:104060001800B08F0800E0032000BD27E0FFBD2747
:104070001C00BFAF1800B0AF00A0103C8C0E102683
:1040800054000292B48482A3FFFF45249C85848F50
:10409000803005000019050023186600211803026E
:1040A0000400658C2328A400040065AC802802006D
:1040B000003102002328C500212805020400A68C37
:1040C0002330C4000400A6AC01004224803002006A
:1040D0000011020023104600211002020400468C49
:1040E0002330C400040046AC0400648C0400A58C9A
:1040F000010067904C808297B44F400F1000A2AF30
:1041000000A0033C800D62AC5400029280180200B3
:104110000011020023104300218050000100029290
:104120004E8582A31C00BF8F1800B08F0800E003EB
:104130002000BD27D0FFBD272C00BFAF2800B5AFA2
:104140002400B4AF2000B3AF1C00B2AF1800B1AF71
:104150001400B0AF00A0023C8C0E422454005090DA
:10416000B48490A3FEFF03268020030000190300FF
:1041700023186400211843000400668CFFFF042606
:104180008018040000210400232083002120440023
:104190000400918C8020100000191000232064007E
:1041A000212044000400938C010004268028040090
:1041B0000021040023208500212044000400928C6B
:1041C00023183302231872000200042680280400FA
:1041D0000021040023208500211044000400428CAB
:1041E0002118620029006050409813002A105102E3
:1041F000120040144C8082972320320202208270E9
:104200001A008300F40160001220000080181000E2
:10421000002910002318A30000A0053C8C0EA52443
:104220002118650001006390022843703D75400F1E
:104230002120A400A250400B21A0400023183202EC
:10424000021862702330D1002330D3002130D20015
:104250001A006600F401C00012300000801810003F
:10426000002110002318830000A0043C8C0E84243D
:104270002118640001006490021844703D75400FDD
:104280002120660021A0400040981300239871026D
:104290002398720240981300130060522120A0025C
:1042A0004C80839780101000008110002380020250
:1042B00000A0023C8C0E42242180020201000292E6
:1042C0000210627023883202021823721A007300EF
:1042D000F4016002129800003D75400F2320530046
:1042E00021A840002120A0022670400F2128800232
:1042F000E074400F21204000C31F0200261062001E
:10430000231843004C8084972A188300070060100C
:10431000F0808393E074400F2120A0023D75400F90
:1043200021204000DD50400B2120400001000224EC
:104330000B006214212080022870400F2128A00267
:10434000E074400F21204000C2270200212082009B
:104350003D75400F43200400DD50400B21204000FC
:10436000E074400F212080023D75400F2120400065
:1043700021204000E074400F000000002C00BF8F9F
:104380002800B58F2400B48F2000B38F1C00B28F9B
:104390001800B18F1400B08F0800E0033000BD2773
:1043A000D0FFBD272C00BFAF2800B5AF2400B4AFAD
:1043B0002000B3AF1C00B2AF1800B1AF1400B0AF13
:1043C00000A0023C400F422454005090B48490A3BB
:1043D000FEFF032680200300001903002318640059
:1043E000211843000400668CFFFF04268018040097
:1043F0000021040023208300212044000400918C2C
:1044000080201000001910002320640021204400A7
:104410000400938C0100042680280400002104007D
:1044200023208500212044000400928C23183302AD
:1044300023187200020004268028040000210400D2
:1044400023208500211044000400428C21186200C2
:1044500029006050409813002A10510212004014A5
:104460004E80829723203202022082701A0083003D
:10447000F4016000122000008018100000291000D4
:104480002318A30000A0053C400FA52421186500B7
:1044900001006390022843703D75400F2120A40065
:1044A0003D51400B21A040002318320202186270D7
:1044B0002330D1002330D3002130D2001A0066000F
:1044C000F401C0001230000080181000002110001C
:1044D0002318830000A0043C400F842421186400AA
:1044E00001006490021844703D75400F2120660061
:1044F00021A0400040981300239871022398720273
:1045000040981300130060522120A0024E80839730
:1045100080101000008110002380020200A0023CE5
:10452000400F4224218002020100029202106270B8
:1045300023883202021823721A007300F401600209
:10454000129800003D75400F2320530021A8400021
:104550002120A0022670400F21288002E074400F25
:1045600021204000C31F02002610620023184300D0
:104570004E8084972A18830007006010F080839390
:10458000E074400F2120A0023D75400F2120400023
:104590007851400B21204000010002240B006214DE
:1045A000212080022870400F2128A002E074400FD3
:1045B00021204000C2270200212082003D75400FCB
:1045C000432004007851400B21204000E074400F4C
:1045D000212080023D75400F212040002120400015
:1045E000E074400F000000002C00BF8F2800B58F42
:1045F0002400B48F2000B38F1C00B28F1800B18F3D
:104600001400B08F0800E0033000BD2700A0023C7A
:104610006C0E478C1885828F2B18E20004006050C6
:104620002310E200231047008D51400B2C8582AFF0
:104630002C8582AF00A0023C700E468C5485828F80
:104640002B18C200050060102C85838F21104300B9
:10465000231046009A51400B2C8582AF2118C300CD
:10466000231062002C8582AF00A0023C880D428C92
:104670000A004010010002240A000224E88582AFEB
:1046800000A0023C8A0E42900A00432C0A006010EF
:1046900000A0033CBF51400B1885878FE88582AF8F
:1046A00000A0023C600E4224140040AC180040AC54
:1046B000BE51400B2A0040A0600E63241400648C9D
:1046C0001800638C23380700233006002120870060
:1046D000FFFF4224FF0042300A00452CFBFFA010E0
:1046E0002118660000A0053C600EA5241400A4ACAF
:1046F0001800A3AC2A00A2A01885878F00A0043C54
:10470000600E84241400858C2128E500140085ACFB
:104710005485868F1800838C2118C300180083AC41
:104720002A00829001004224FF0042300C00401019
:104730002A0082A000A0043C600E84241B00A2007A
:10474000F4014000122800000C0085AC1B00620040
:10475000F4014000121800000800E003100083ACD0
:1047600000A0023C600E42240C0047AC100046AC96
:104770000800E0032A0040A0E0FFBD271C00BFAFF7
:104780001800B2AF1400B1AF1000B0AFD485828F63
:10479000D8024014748282930800401000A0023CAA
:1047A0008C0E42244C00458C34004B8C2800478CE6
:1047B0001C004A8CF551400B0400448C8C0E4224A2
:1047C0000400458C1C004B8C2800478C34004A8C1C
:1047D0004C00448C758282930800401000A0023C7B
:1047E000400F42244C00438C3400498C2800468CF6
:1047F0001C00488C0552400B0400428C400F4224A0
:104800000400438C1C00498C2800468C3400488CE2
:104810004C00428C28868C8F10868CAF2B608500D4
:10482000050080112B60A40028868C8F04000C7C6E
:104830001452400B28868CAF060080112B60430079
:1048400028868C8F01000D240400AC7D28868CAF57
:104850002B604300050080112B60620028868C8F3E
:1048600044080C7C2152400B28868CAF0600801136
:1048700010868C8F28868C8F01000D244408AC7D17
:1048800028868CAF10868C8F28868D8F0900AC11FE
:104890007A858D930100AD25FF00AD317A858DA31A
:1048A0001F00AD2D0500A0517A8580A32F52400B2B
:1048B00028868CAF7A8580A328868CAF28868C8F3B
:1048C00001008C31150080150000000005008010EB
:1048D000000000001B00A400F40180001220000072
:1048E000248684AF2100E0102886848FC020050034
:1048F0004029050021288500802005002120A400F2
:10490000002904002320A4001B008700F401E0001C
:10491000123800005A52400BA48587AF0500A01042
:10492000000000001B008500F401A0001228000018
:10493000248685AF0D00E0502886848FC0280400AF
:10494000402104002120A4008028040021208500AB
:10495000002904002320A4001B008700F401E000CC
:1049600012380000A48587AF2886848F0200843027
:104970001500801400000000050040100000000039
:104980001B006200F401400012100000348582AF69
:104990002100C0108C80828FC010030040190300DA
:1049A000211843008010030021106200001902004A
:1049B000231062001B004600F401C000123000000A
:1049C0008552400BE48586AF0500601000000000B2
:1049D0001B004300F401600012180000348583AF0F
:1049E0000D00C0508C80828FC01802004011020060
:1049F00021106200801802002110430000190200FB
:104A0000231062001B004600F401C00012300000B9
:104A1000E48586AF8C80828F23506A01C31F0A0011
:104A200026506A00231843012B1862000600601408
:104A3000A485838F1D85849302000324040083547E
:104A400023402801A485838F188583AF2340280144
:104A5000C31F080026406800231803012B106200C2
:104A600005004014E485828F1D8583930200022493
:104A700002006214E485828F548582AF7C75400FFA
:104A80000085848F029D113C21204000DE71400F83
:104A90008CA5258E218040007C75400F1885848F61
:104AA000029D123C21204000DE71400F90A5458EF2
:104AB000212000022870400F212840000075400F7F
:104AC0002120400021804000188582AF7C75400F76
:104AD000C885848F21204000DE71400F8CA5258E73
:104AE000218840007C75400F5485848F2120400030
:104AF000DE71400F90A5458E212020022870400FC6
:104B0000212840000075400F21204000548582AFCD
:104B1000008590AF8351400FC88582AF00A0023C52
:104B2000600E42240C00448C188584AF1000428C27
:104B3000548582AF9480908F2B109000030040101A
:104B40009880918F4C53400B0A8680A32B109100C4
:104B5000BE0140509C80908F7C75400F23209000B8
:104B600021904000238030020A0002241B00020230
:104B7000F40140007C75400F12200000212040020B
:104B80005271400F21284000212040002870400F22
:104B9000212800000075400F212040004C53400B9D
:104BA0000A8682A37C75400F23209100219040004B
:104BB000238011020A0002241B000202F4014000BB
:104BC0007C75400F12200000212040025271400FDE
:104BD0002128400021204000029D023C2870400F07
:104BE00094A5458C0075400F212040004C53400B8C
:104BF0000A8682A37C75400F2320900021904000FC
:104C0000238030020A0002241B000202F40140004B
:104C10007C75400F12200000212040025271400F8D
:104C20002128400021204000029D023C2870400FB6
:104C300098A5458C0075400F212040004C53400B37
:104C40000A8682A37C75400F2320910021904000AA
:104C5000238011020A0002241B000202F40140001A
:104C60007C75400F12200000212040025271400F3D
:104C70002128400021204000029D023C2870400F66
:104C80009CA5458C0075400F212040004C53400BE3
:104C90000A8682A37C75400F23209000219040005B
:104CA000238030020A0002241B000202F4014000AB
:104CB0007C75400F12200000212040025271400FED
:104CC0002128400021204000029D023C2870400F16
:104CD000A0A5458C0075400F212040004C53400B8F
:104CE0000A8682A37C75400F23209100219040000A
:104CF000238011020A0002241B000202F40140007A
:104D00007C75400F12200000212040025271400F9C
:104D10002128400021204000029D023C2870400FC5
:104D2000A4A5458C0075400F212040000A8682A36F
:104D300000A0023C700E448CB080908F2B1090002D
:104D400003004010B480918FCD53400BA08580A309
:104D50002B10910052014050B880908F7C75400F0D
:104D60002320900021904000238030020A0002247A
:104D70001B000202F40140007C75400F122000006D
:104D8000212040025271400F212840002120400084
:104D90002870400F212800000075400F212040009E
:104DA000CD53400BA08582A37C75400F232091003A
:104DB00021904000238011020A0002241B000202FD
:104DC000F40140007C75400F1220000021204002B9
:104DD0005271400F2128400021204000029D023CDA
:104DE0002870400F94A5458C0075400F212040008D
:104DF000CD53400BA08582A37C75400F23209000EB
:104E000021904000238030020A0002241B0002028D
:104E1000F40140007C75400F122000002120400268
:104E20005271400F2128400021204000029D023C89
:104E30002870400F98A5458C0075400F2120400038
:104E4000CD53400BA08582A37C75400F2320910099
:104E500021904000238011020A0002241B0002025C
:104E6000F40140007C75400F122000002120400218
:104E70005271400F2128400021204000029D023C39
:104E80002870400F9CA5458C0075400F21204000E4
:104E9000CD53400BA08582A37C75400F232090004A
:104EA00021904000238030020A0002241B000202ED
:104EB000F40140007C75400F1220000021204002C8
:104EC0005271400F2128400021204000029D023CE9
:104ED0002870400FA0A5458C0075400F2120400090
:104EE000CD53400BA08582A37C75400F23209100F9
:104EF00021904000238011020A0002241B000202BC
:104F0000F40140007C75400F122000002120400277
:104F10005271400F2128400021204000029D023C98
:104F20002870400FA4A5458C0075400F212040003B
:104F3000A08582A37485828F1F0040106885828FB0
:104F4000F885828F1C0040146885828F3285829399
:104F50000B00432C0E0060147C858393A085839303
:104F60002B20430006008014010042247C8580A38E
:104F7000748580AF328580A3F953400B7D8583A370
:104F8000FF004230328582A3F953400B7D8582A316
:104F90001500642C14008050EC85828F010042249F
:104FA000FF004230328582A37D8582A30100632405
:104FB000F953400B7C8583A305004014D485828F70
:104FC0002C86828F06004010A0858293D485828F24
:104FD00003004014A0858293F953400B7D8580A384
:104FE0007D8582A3EC85828F1F0040100C85828F07
:104FF000F885828F1C0040140C85828FFD8582937A
:105000000B00432C0E006014BC8583930A868393A7
:105010002B2043000600801401004224BC8580A39D
:10502000EC8580AFFD8580A32554400B4D8583A37F
:10503000FF004230FD8582A32554400B4D8582A39D
:105040001500642C140080500C85828F01004224CE
:10505000FF004230FD8582A34D8582A301006324B9
:105060002554400BBC8583A305004014D485828F52
:10507000B485828F060040100A868293D485828F81
:10508000030040140A8682932554400B4D8580A36B
:105090004D8582A30C85828F050040142C86828F5B
:1050A000B485828F0A0040103485828F2C86828FCF
:1050B000050040544D8580A36885828F0400401010
:1050C0003485828F4D8580A37D8580A33485828F32
:1050D0000300422C080040104D8583832486828F74
:1050E0000300422C050040109080828F1086828F32
:1050F000288682AF4D8583839080828F2B2062002B
:105100000500805000A0023C7D8584832B10820026
:105110000300401400A0023C4B54400B880D40ACEF
:10512000880D428C070040140A8682936C8580A308
:10513000D48580AF748580AFEC8580AFF88580AF73
:105140000A86829308004010A08582932886828F69
:105150000100423004004014A0858293231803000C
:105160004D8583A3A0858293090040102886838FF4
:105170002886828F0200423006004014010063300E
:105180007D858293231002007D8582A32886838FEC
:10519000010063308C858293140062502886838FCF
:1051A0000900601014868293020042242014027CBD
:1051B0000D0041044D8582A32886828F0400027C65
:1051C0007A54400B288682AFFEFF42242014027CD2
:1051D000050040184D8582A32886828F0100032494
:1051E0000400627C288682AF2886838F4000637C1F
:1051F0009A8582933F0062102886828F0200423097
:1052000009004010F5858293020042242014027C9C
:10521000380041047D8582A32886828F4408027C61
:10522000BD54400B288682AFFEFF42242014027C2E
:10523000300040187D8582A32886828F01000324D8
:105240004408627CBD54400B288682AF2B1090002E
:1052500054FE401400000000A080918F2B1091009C
:1052600064FE401400000000A480908F2B1090007A
:1052700074FE401400000000A880918F2B10910054
:1052800084FE401400000000AC80908F2B10900032
:1052900094FE40143C0002244C53400B0A8682A327
:1052A0002B109000C0FE401400000000BC80918FC5
:1052B0002B109100D0FE401400000000C080908FA1
:1052C0002B109000E0FE401400000000C480918F7D
:1052D0002B109100F0FE401400000000C880908F59
:1052E0002B10900000FF40143C000224CD53400BD3
:1052F000A08582A31C00BF8F1800B28F1400B18F4D
:105300001000B08F0800E0032000BD27E8FFBD2794
:105310001400BFAF1000B0AF158682930800422C76
:10532000310440501400BF8F15868393801803000A
:10533000019D023C48534224211043000000428C4E
:1053400008004000000000006853019DC054019D0A
:105350006056019D3858019D6059019D005B019D7B
:10536000A05C019D7063019D00A0103C8C0E102676
:1053700055000292888282A300A0023C950F4290C1
:10538000898282A3010004247D6A400F0100052464
:105390005800028E388083933A808497022064708C
:1053A0002B208200040080103C808497010002249E
:1053B0000555400BA88582A3021883702B1043006B
:1053C00007004010A8858393010002240C0062149A
:1053D0007B8582935C8582A30955400BA88580A3B9
:1053E00001000224060062147B85829384818293EB
:1053F0007B858393231062000155400B5C8582A35B
:105400005C8582A3A88583930100022406006214B0
:1054100088828293848182937B85839323106200A8
:105420005C8582A388828293201C027C0600600433
:105430004A8083932B186200030060140000000070
:1054400004004054188680AF7E63400F00000000C7
:10545000188680AF00A0023CE80E42947E808397BD
:105460006C0064242A2082000A00801094FF6324C8
:10547000D885828F01004224D88582AF7D808393B6
:105480002B1062000B004054D88583AF2E55400B83
:10549000D885828F2A10430006004010D885828F5D
:1054A00004004010FFFF422402004014D88582AF60
:1054B000D88580AFD885828FF958400B288582AF78
:1054C000888183930100022404006214598082932E
:1054D0002885828F3855400B9B8582A39B8582A3AC
:1054E00058808293048582AF010004247D6A400FB6
:1054F00002000524888283934018030000A0023C28
:10550000A806422421186200898284934020040066
:1055100000A0023C2C074224211082000000649469
:105520006A69400F000045945C73400F0000000062
:10553000048680AF778082930400032428004314FC
:10554000060003245486828F0D00401401000324BA
:105550005C858293029D033C30A0632421184300A4
:1055600000006390488683A3029D033C3CA0632413
:1055700021104300000042908F55400B7D8682A38E
:105580000C0043145C858293029D033C6CA0632451
:105590002118430000006390488683A3029D033CCA
:1055A00078A0632421104300000042908F55400BE7
:1055B0007D8682A3029D033CA8A06324211843009A
:1055C00000006390488683A3029D033CB4A063243B
:1055D00021104300000042908F55400B7D8682A32E
:1055E0000C0043145C858293029D033CCC9F632492
:1055F0002118430000006390488683A3029D033C6A
:10560000EC9F632421104300000042908F55400B13
:105610007D8682A3029D033C8C9F63242118430056
:1056200000006390488683A3029D033CAC9F6324E3
:1056300021104300000042907D8682A300020224D4
:1056400088BF033C341062AC88BF033C641062AC7A
:1056500088BF033C681062ACFA58400B1400BF8F3F
:10566000A1858393010002245F0362141400BF8F9D
:1056700002000224A18582A31886838F010063247F
:10568000188683AF388084932B1064005400401434
:1056900001000224040062143C85828F9485828F6D
:1056A000B055400B3C8582AF9485838F21106200FA
:1056B0001B004400F4018000122000003C8584AFF0
:1056C000D8848393801003000021030023108200FC
:1056D00000A0043C8C0E8424211044008882849312
:1056E000010044A03C85848F040044AC000043A02A
:1056F000CC858497080044A4308684970A0044A48B
:105700003084828F04004054648580AF010063249C
:10571000D88483A3648580AF3C8580AF00A0023C21
:10572000E10E4290888282A3D88482930700422CA3
:1057300022004054188680AFD88480A3378083939A
:105740009C85828F2110620000A0033CAC0E639404
:105750002B1843000D00601400A0033CB80E6394A6
:105760002B1843000900601400A0033CC40E63948E
:105770002B10430005004014000000007E63400F22
:1057800000000000F958400B948580AF3084828F70
:1057900005004014010004247D6A400F0300052425
:1057A000F958400B948580AF7D6A400F01000524B5
:1057B000308480AFF958400B948580AF01000424F9
:1057C0007D6A400F010005243084838F010002248C
:1057D00017006250308480AFF958400B948580AF39
:1057E00000A0023CE10E4290888282A301000424C2
:1057F0007D6A400F01000524010002241886838F72
:10580000040062143C85828F9485828F0C56400B75
:105810003C8582AF9485838F211862003880829303
:105820001B006200F4014000121800003C8583AFA9
:10583000F958400B948580AF00A0103C400F102613
:1058400055000292898282A3020004247D6A400FDF
:10585000040005245800038E388084933A80829790
:10586000021082702B204300040080102B10620075
:10587000010002242D56400B798582A308004010B8
:105880007B8582937985839301000224040062144E
:105890007B858293B08582A33156400B798580A3A6
:1058A000B08582A3798583930100022406006214E7
:1058B00089828293848182937B8583932310620003
:1058C000B08582A389828293201C027C060060043A
:1058D0004B8083932B1862000300601400000000CB
:1058E00004004054188680AF7E63400F0000000023
:1058F000188680AF00A0023C9C0F42947E80839764
:105900006C0064242A2082000A00801094FF632423
:105910008085828F01004224808582AF7D808393C1
:105920002B1062000B004054808583AF5656400B0D
:105930008085828F2A104300060040108085828F68
:1059400004004010FFFF422402004014808582AF13
:10595000808580AF8085828FF958400B288582AF83
:105960008881839301000224040062145980829389
:105970002885828F6056400B9B8582A39B8582A3DE
:1059800058808293048582AF020004247D6A400F10
:1059900005000524888283934018030000A0023C80
:1059A000A8064224211862008982849340200400C2
:1059B00000A0023C2C0742242110820000006494C5
:1059C0006A69400F000045945C73400F00000000BE
:1059D000048680AF77808293040003242800431458
:1059E000060003245486828F0D0040140100032416
:1059F000B0858293029D033C30A0632421184300AC
:105A000000006390488683A3029D033C3CA063246E
:105A10002110430000004290B756400B7D8682A3C0
:105A20000C004314B0858293029D033C6CA0632458
:105A30002118430000006390488683A3029D033C25
:105A400078A063242110430000004290B756400B19
:105A50007D8682A3029D033CA8A0632421184300F5
:105A600000006390488683A3029D033CB4A0632496
:105A70002110430000004290B756400B7D8682A360
:105A80000C004314B0858293029D033CCC9F632499
:105A90002118430000006390488683A3029D033CC5
:105AA000EC9F63242110430000004290B756400B46
:105AB0007D8682A3029D033C8C9F632421184300B2
:105AC00000006390488683A3029D033CAC9F63243F
:105AD00021104300000042907D8682A30002022430
:105AE00088BF033C341062AC88BF033C641062ACD6
:105AF00088BF033C681062ACFA58400B1400BF8F9B
:105B0000A185839301000224370262141400BF8F21
:105B100002000224A18582A31886838F01006324DA
:105B2000188683AF388084932B106400460040149D
:105B300001000224040062146485828F9485828FA0
:105B4000D856400B648582AF9485838F2110620004
:105B50001B004400F401800012200000648584AF23
:105B6000D884839380100300002103002310820057
:105B700000A0043C400F84242110440089828593B6
:105B8000010045A06485858F040045AC000043A05A
:105B9000CC858597080045A4308685970A0045A4E2
:105BA00001006324FF006330D88483A3648580AF41
:105BB0003C8580AF550082900700632C1C00601468
:105BC000898282A3D88480A3378083939C85828F27
:105BD0002110620000A0033C600F63942B18430067
:105BE0000E00601400A0033C6C0F63942B1843005C
:105BF0000B0060140200042400A0033C780F63949F
:105C00002B10430006004014000000007E63400F8C
:105C100000000000F958400B948580AF0200042476
:105C20007D6A400F06000524F958400B948580AF2B
:105C3000188680AF020004247D6A400F040005240A
:105C4000F958400B948580AF00A0023C950F42901C
:105C5000898282A3020004247D6A400F0400052487
:105C6000010002241886838F040062146485828FE9
:105C70009485828F2657400B648582AF9485838FED
:105C800021186200388082931B006200F4014000FA
:105C900012180000648583AFF958400B948580AFDB
:105CA0006446400F0000000000A0023CAC0E42948D
:105CB0001800405000A0023C00A0033CB80E6394C2
:105CC0002B2062001300805000A0023C23104300F0
:105CD000150042280C00401400A0023CE10E439045
:105CE0001085828F0700621000A0023C880D428C54
:105CF0000500401400A0023CFFFF02244457400B63
:105D0000408682A300A0023CE10E4290108582AF43
:105D100000A0023C600F429418004050F080829333
:105D200000A0033C6C0F63942B2062001300805092
:105D3000F080829323104300150042280C00401489
:105D400000A0023C950F4390FC84828F07006210F4
:105D500000A0023C880D428C0500401400A0023CCB
:105D6000FFFF02245E57400B408682A300A0023C46
:105D7000950F4290FC8482AFF0808293070040141C
:105D8000010003241B50400F00000000E94F400FAA
:105D9000000000009D57400B8A8182931A00431433
:105DA000020003244D50400F00A0103C7C0D102633
:105DB000E850400F040002AE080002AE00A0023C12
:105DC0008C0E4224540043908020030000190300ED
:105DD0002318640021106200010042904E8582A3C6
:105DE00000A0023C400F4224540043908020030056
:105DF0000019030023186400211062000100429082
:105E00009C57400B5E8582A31A0043148A818293BB
:105E10004D50400F00A0103C7C0D1026E850400F64
:105E2000040002AE080002AE00A0023C8C0E422428
:105E300054004390802003000019030023186400DD
:105E400021106200010042904E8582A300A0023C16
:105E5000400F4224540043908020030000190300A7
:105E60002318640021106200010042905E8582A325
:105E70008A8182930900401000A0023C85818293B0
:105E80000600401400A0023C8C73400F000000008C
:105E9000BE73400F0000000000A0023C7C0D4224B5
:105EA0000400438C208683A70800428CCE8582A7FD
:105EB0004C8582934B80839305006210010003247C
:105EC0000400431000A0023C6D49400F0000000098
:105ED00000A0023C980F438CC218030000A0023CB3
:105EE000E40E428CC210020021106200888582AF4D
:105EF000088682934E8583932320430001008524E6
:105F00000300A52C0300A0504A808393D557400B73
:105F1000088683A303006210010003240E004314CB
:105F20004C85829300A0023C880D428C0A004010F0
:105F30004C858293C317040026204400231082005E
:105F400003004228040040144C858293010002247F
:105F5000608582A34C8582935E85839323204300D2
:105F6000010085240300A52C0300A0504B808393DF
:105F7000EE57400B4C8583A30300621001000324FD
:105F80000E0043143F80829300A0023C880D428C97
:105F90000A0040103F808293C3170400262044006B
:105FA0002310820003004228040040143F808293A3
:105FB00001000224608582A33F8082931D0040146B
:105FC000010003245E49400F0000000000A0033CD4
:105FD00000A0023C7C0D42240400448C600E64ACA2
:105FE000600E63240800428C2749400F040062AC15
:105FF0001C85839304000224040062105885838F5B
:10600000864E400F000000005885838F238583A3B0
:1060100002120300248582A33886828F258582A3FD
:1060200002220200268584A30C8683AF7758400B9A
:10603000088582AF14004314020003241C85839357
:10604000010002240400621400A0023C864E400FAE
:106050000000000000A0023C7C0D42240400438CA0
:10606000238583A302220300248584A30800428C95
:10607000258582A302220200268584A30C8683AF95
:106080007758400B088582AF54004314000000008D
:10609000B34E400F000000002749400F00000000F1
:1060A0001C858393040002240E006210000000008F
:1060B000864E400F0000000075808293050040105E
:1060C000000000004447400F000000004558400B0E
:1060D000D085828FB448400F000000004558400B27
:1060E000D085828F5E49400F00000000758082934A
:1060F00005004010000000004447400F0000000071
:106100004558400BD085828FB448400F00000000F6
:10611000D085828F13004054098680A31D85829309
:10612000060040140100032401000224098682A312
:106130001483828F5958400BB88582AF0A004314EC
:1061400060858393B885828F1483838F23106200C8
:106150001E00422C04004014608583930200022438
:10616000098682A3608583930100022418006214CB
:1061700000A0023CCE85829786808497EE8083972C
:10618000211883002A18430014006014E8808497C3
:1061900084808397231883002A1062000F00401424
:1061A0002086829782808497E280839721188300DB
:1061B0002A18430009006014DC808497808083974C
:1061C000231883002A1062000400401400A0023C3F
:1061D000880D428C01004050608580A3BC4D400F6B
:1061E00000000000898082930100032405004354CD
:1061F00002000324DE51400F000000008958400BCC
:1062000039858393050043544D8580A38D49400F04
:10621000000000008958400B398583937D8580A359
:106220003985839301000224150062143985839314
:1062300000A0023C950F4290100040505D8580A365
:106240004B8083932B1062000C0040545D8580A32B
:1062500000A0023CE10E4290080040505D8580A302
:106260004A8083932B106200040040545D8580A314
:1062700002000224398582A35D8580A3398583933A
:1062800003000224040062140100022400A0023C66
:10629000880D40AC01000224AC85838F070062109A
:1062A0005085838F050062103C86838F0300621047
:1062B000F085838F0C006214158682935D8582932E
:1062C00001004224FF0042305D8582A3C800422CB9
:1062D00005004014158682930A0002245D8582A37E
:1062E000608580A31586829301004224158682A3CF
:1062F00000A0023CE10E4290FFFF4324FF00633008
:106300000200632C110060144A808393FFFF642411
:106310000F004450E08582930C00431000A0023C23
:10632000950F42900100032408004310020003244B
:10633000060043104B808393FFFF64240400445005
:10634000E0858293280043141400BF8FE085829378
:10635000C0000324030043108000032422004314E0
:106360001400BF8F00A0023CF958400B880D40ACD0
:10637000158680A3398580A300A0023C200E42949C
:106380007E8083976C0064242A2082000A0080109B
:1063900094FF63249085828F01004224908582AF10
:1063A0007C8083932B1062000C004054908583AF57
:1063B000F858400B9085828F2A1043000800401047
:1063C0009085828F07004050288582AFFFFF4224CE
:1063D00002004014908582AF908580AF9085828FB7
:1063E000288582AF1400BF8F1000B08F0800E00333
:1063F0001800BD27401804002118A300001903004D
:1064000000A0023C000C42242110430000004390F5
:10641000C439037C000043A00600A01480200400BF
:1064200000A0033C600D6324212083001159400B20
:10643000000082AC00A0033C100D632421208300E7
:10644000000082AC000043908431037C000043A034
:1064500008004390010004248431837C080043A099
:106460000800E0030000000000A0023C000D4224F0
:1064700008004294FFFF42304000422C15004010BB
:106480004000022400A0023C000D42240800429477
:10649000FF0042301C848393FF00633004006014CB
:1064A000010003241C8483A33659400B00A0043C44
:1064B0001C848493FF00843001000324060083546D
:1064C00000A0043C020003241C8483A33659400B23
:1064D00000A0043C00A0043C000D84240800839428
:1064E00023186200FFFF6330080083A400A0033C70
:1064F000100D638CFF00453002006690020065A01D
:1065000003006590FCFF06242428C500030065A055
:1065100000A0033C800C6324C08383AF0400838C01
:1065200001006330050060100000000013004014FB
:1065300000A0053C0800E00300000000FDFF401043
:1065400000A0053CC083848F000DA38C00006690E2
:10655000000086A001008424C08384AF010063246E
:10656000000DA3ACFFFF4224FF004230F6FF4014B1
:10657000C083848F0800E00300000000C083848F84
:10658000000DA38C00006690000086A0010084240A
:10659000C08384AF01006324000DA3ACFFFF42243D
:1065A000FF004230F6FF4014C083848F0800E003F0
:1065B0000000000088BF023C7010438C8410037CF4
:1065C000701043ACFF00022488BF033C205262AC31
:1065D00088BF033C005262AC88BF023C005340AC11
:1065E00088BF023C105340AC88BF023C2053432478
:1065F000205340AC100060AC88BF023CE05240AC7D
:106600009F00022488BF033C305262AC88BF033C29
:10661000105262AC88BF023C7050438C0F00633054
:10662000705043AC7050438C705043AC88BF023CF8
:106630008050438C010004240400837C805043ACD0
:1066400000A0023C000C422400E0427C0226020032
:1066500088BF033CD05264AC0224020088BF033CD4
:10666000C05264AC0212020088BF033C705262AC9C
:106670002110000000A0053C000CA52410000424FB
:10668000C0180200211865002130000021380000E8
:10669000000066AC040067AC01004224F9FF44141A
:1066A000C018020088BF023C5052438C01000424F1
:1066B0004408837C505243AC88BF033C605260ACBA
:1066C0005052438C4429037C505243AC5052438C6B
:1066D0004408037C505243AC88BF023C0052428CB9
:1066E000080042301100401088BF043C88BF083CBD
:1066F0000800072400A0063C00A0053C005207AD9E
:10670000000DC224040040A0700DA224040040A08B
:106710000400438C04BA037C040043AC0052828C16
:1067200008004230F5FF4014000000000100022480
:10673000E88382AFF48382AFC88380AFCC8380AF1D
:10674000048480AF00A0023C600D40AC00A0043C7B
:10675000100D8324040060AC600D4224040040ACA2
:10676000080060AC080040AC0C0060AC0C0040AC11
:1067700000A0023C100C4224100D82AC0D0003243A
:1067800088BF023C005343AC00A0023C000C4324F1
:106790001084842700E0847C040064AC000C438CEB
:1067A0004000042404CC837C000C43AC840003240C
:1067B000000C43A4288480A3D08380AF0800E003AA
:1067C00000000000E0FFBD271C00BFAF1800B1AF04
:1067D0001400B0AFFF00B0300800023204004010D7
:1067E000FF00913021202002FD58400F2128000099
:1067F00004000232050040500089110021202002CF
:10680000FD58400F010005240089110088BF023C9B
:106810000053422421885100000030A21C00BF8F89
:106820001800B18F1400B08F0800E0032000BD27CE
:10683000FF008430FF00A5300700A010FF00E73004
:106840008018040000A0023C100D422421106200B8
:106850001B5A400B0000428C8018040000A0023C30
:10686000600D4224211062000000428C3A0040106A
:1068700000E0C37CFF00C63004004890040046A03E
:10688000003A667C05004890050046A0003C667C06
:1068900006004890060046A0021E0300070046902E
:1068A000070043A0FF00E73002004390020047A02A
:1068B00003004390FCFF06242418C300030043A0F8
:1068C000000043900100469040006330FFFF6330BA
:1068D000FF00633000004690000043A00100439099
:1068E000010040A000004690FF00C6300100439028
:1068F000FF006330001A030025186600800063342F
:10690000FF00663000004790000046A0021A030016
:1069100001004690010043A00800A0108020040060
:1069200000A0033C100D632421206400000083902C
:10693000080063380800E003000083A000A0033CC7
:10694000600D6324212064000000839008006338F8
:106950000800E003000083A00800E003211000000D
:10696000FF00843026008014FF00A5300084828F51
:106970000200439040000324020043A0030044901F
:10698000FCFF032424188300030043A00084828FAB
:106990001084842700E0837CFF008430040045904D
:1069A000040044A0003A647C05004590050044A022
:1069B000003C647C06004590060044A0021E0300D3
:1069C00007004490070043A0000043908CFF03247D
:1069D000000043A001004390010040A000A0023C41
:1069E000100D428C0000439084FF0324000043A05C
:1069F00001004390010040A00800E00300000000F7
:106A0000402004002120A4000021040000A0033C39
:106A1000000C6324211064000000469001004590A2
:106A2000002A05002528A6008400A534000045A002
:106A3000022A0500010045A00800842421206400EA
:106A40000000839001008290001202002510430094
:106A500084004234000082A0021202000800E00319
:106A6000010082A0FF00843088BF023C5052428C5B
:106A700020004230640040102014047C33004104A4
:106A8000801804007F0084308018040000A0023CBD
:106A9000100D4224211062000000428C000043903F
:106AA00080006330FF0063300B006050010005245C
:106AB000000043900100459040006330FFFF6330C9
:106AC000FF00633000004590000043A001004390A8
:106AD000010040A0212800008018040000A0023C12
:106AE000100D422421184300000066900800C638AB
:106AF000000066A00000628C00004490800084309A
:106B0000FF0084300B008010000000000100A52C65
:106B1000000044900100469040008430FFFF843024
:106B2000FF00843000004690000044A00100449023
:106B3000010040A03400A01000000000000062909E
:106B4000080042380800E003000062A000A0023CF8
:106B5000600D4224211062000000428C000043902E
:106B600080006330FF0063300B006050010005249B
:106B7000000043900100459040006330FFFF633008
:106B8000FF00633000004590000043A001004390E7
:106B9000010040A0212800008018040000A0023C51
:106BA000600D422421184300000066900800C6389A
:106BB000000066A00000628C0000449080008430D9
:106BC000FF0084300B008010000000000100A52CA5
:106BD000000044900100469040008430FFFF843064
:106BE000FF00843000004690000044A00100449063
:106BF000010040A00400A01000000000000062900E
:106C000008004238000062A00800E0030000000015
:106C100088BF023C505240AC88BF023C105240AC8E
:106C2000D08380AF0800E00300000000E8FFBD272C
:106C30001400BFAFD083828F300040141400BF8F88
:106C400088BF023C505240AC88BF023C105240AC5E
:106C500088BF033CE05260AC9F00032488BF043C23
:106C6000305283AC105243AC88BF023C7050438C0E
:106C70000F006330705043AC7050438C705043AC85
:106C800088BF023C7010438C010004248410837C74
:106C9000701043AC00FF033488BF023C041143ACC6
:106CA0000007032488BF023C081143ACE175400F84
:106CB000000000000476400F0000000088BF023C86
:106CC0005052428C010042300900401488BF023CFF
:106CD000010004245052438C0400837C505243AC86
:106CE0005052438C01006330FAFF60100000000036
:106CF00001000224D08382AF1400BF8F0800E0039C
:106D00001800BD27E883828F180040140100022478
:106D1000E88382AFF483828F1400401401000224C0
:106D2000F48382AFD4838393FF0063300200022494
:106D30001000621400A0033C100D628C020044900D
:106D4000020040A003004590FCFF04242420A4007E
:106D5000030044A0100D628C00004390C8FF032480
:106D6000000043A001004390010040A00800E003A0
:106D700000000000D4838393FF00633001000224ED
:106D80003400621400000000FC8380AF2084828FF6
:106D90000200439040000824020048A003004390F2
:106DA000FCFF072424186700030043A02084828F7F
:106DB0001084862700E0C37CFF00C63004004490A6
:106DC000040046A0003A657C05004490050045A0FB
:106DD000003C647C06004990060044A0021E0300AB
:106DE00007004990070043A00000499084FF092450
:106DF000000049A001004990010040A001000224C8
:106E0000FC8382AF0084828F02004990020048A078
:106E10000300489024380701030047A00084828FB4
:106E200004004790040046A005004690050045A0D8
:106E300006004590060044A007004490070043A0C8
:106E40000000439080FF0324000043A00100439012
:106E5000010040A00800E00300000000E8FFBD279B
:106E60001400BFAFC88380AFCC8380AFD48383933B
:106E7000FF006330020002241F0062140084828F2E
:106E80000200439040000324020043A0030044900A
:106E9000FCFF032424188300030043A00084828F96
:106EA00000A0043C800C842400E0837CFF0084303C
:106EB00004004590040044A0003A647C050045901D
:106EC000050044A0003C647C06004590060044A0F8
:106ED000021E030007004490070043A000004390F7
:106EE000C8FF0324000043A001004390010040A01C
:106EF000E55B400B1400BF8F16848397FFFF633060
:106F000000A0023C000D422408004294FFFF4230E2
:106F10002B106200060040100000000016848397CA
:106F2000FFFF633000A0023C000D4224080043A490
:106F30001A59400F0000000000A0023C100D428CC6
:106F400000A0043C800C842400E0837CFF0084309B
:106F500004004590040044A0003A647C050045907C
:106F6000050044A0003C647C06004590060044A057
:106F7000021E030007004490070043A00000439056
:106F8000C8FF0324000043A001004390010040A07B
:106F90001400BF8F0800E0031800BD2700E85D4122
:106FA00000701B4002601A4058FFBD27A400BBAF11
:106FB00000601B40A000BAAF00681A409C00BBAF45
:106FC00082D21A00847A5B7F44201B7C00609B4045
:106FD0002C00A3AF2800A2AFA000A38F0F00633046
:106FE0001A006014000000008C00BFAF8800BEAF24
:106FF0008400B9AF8000B8AF7C00B7AF7800B6AFFF
:107000007400B5AF7000B4AF6C00B3AF6800B2AF3E
:107010006400B1AF6000B0AF5C00AFAF5800AEAF7E
:107020005400ADAF5000ACAF4C00ABAF4800AAAFBE
:107030004400A9AF4000A8AF3C00A7AF3800A6AFFE
:107040003400A5AF3000A4AF2400A1AF121000009F
:107050009400A2AF101800009000A3AF7083828F3D
:107060006400422C01004050708380AFD083838F36
:10707000010002240F00621488BF023CFF000324B9
:1070800088BF023C005243AC88BF023C1052438C84
:10709000010004240400837C105243AC1052438C42
:1070A0000421837C105243AC02000224D08382AFBF
:1070B00088BF023C0052428C200042301A0040102F
:1070C00088BF023C88BF023C1052428C20004230F4
:1070D0001500401088BF023C88BF113C20001024DE
:1070E000005230AE048480AF7400042421280000D4
:1070F000951D400F2130000001000224488482AF1A
:1071000088BF023C8050438C4408037C805043ACD1
:1071100088BF023C1052438C4429037C105243AC7C
:10712000005230AE88BF023C8050428C0200423098
:107130000700401088BF023C88BF023C4010438CCF
:107140008410037C401043AC4963400B00000000F6
:107150000052428C010042301200401088BF023CB5
:1071600088BF023C1052428C010042300D0040109A
:1071700088BF023C6D59400F0000000088BF033CEF
:107180007010648C010002248410447C701064AC84
:1071900004000324D08383AF88BF033C005262AC59
:1071A00088BF023C0052428C100042301500401053
:1071B00088BF023C88BF023C1052428C1000423013
:1071C0001000401088BF023C88BF033C1052648C02
:1071D000010002244429447C105264AC88BF113C55
:1071E00010001024005230AE048482AF75000424D5
:1071F00021280000951D400F21300000005230AEC4
:1072000088BF023C0052428C040042300E00401005
:1072100088BF023C88BF023C1052428C04004230BE
:1072200006004010040003247300042421280000F9
:10723000951D400F010006240400032488BF023C72
:10724000005243AC88BF023C0052428C8000423066
:107250002C00401088BF023C88BF023C1052428C78
:10726000800042302700401088BF023C88BF023CAB
:107270000053428C020042301E0040102084828F56
:1072800000004390FF00633001004490FF00843011
:107290000022040025208300800003241200835470
:1072A00088BF023C00A0033C100D638C0000659079
:1072B000FF00A53001006490FF008430002204002C
:1072C00025208500840003240700835488BF023CE6
:1072D000000043908CFF0324000043A00100439072
:1072E000010040A088BF023C0053438C4408037C4B
:1072F000005343AC8000032488BF023C005243ACDF
:1073000088BF023C0052428C020042300F00401005
:1073100088BF023C1052428C020042300B004010E9
:1073200000000000FFFF042421280000951D400FED
:1073300001000624FF00032488BF023C205243AC16
:107340000200032488BF023C005243ACD083828FEA
:107350000400422C0700401088BF023C88BF023C5A
:107360004010438C8410037C401043AC4963400BB5
:10737000000000001052428C0800423066064010A7
:1073800088BF023C88BF023C0052428C0800423059
:1073900009004054040011244663400B88BF023C9E
:1073A0000052428C080042300E00405488BF023C1C
:1073B0004663400B88BF023C88BF143C080012247F
:1073C0002198400200A0163C800CD52600E0B77E34
:1073D000003AE27E1800A2AF00A01E3C000CDE279F
:1073E00088BF023C4052428CFF004230348482A36A
:1073F000348482930019427CDC8382A3005293AED2
:107400003484829308004230FF0042300D00401463
:1074100000000000DC838293FF004230E08383277A
:107420002110620000004490010084300100843883
:10743000000043900400837C000043A01C5D400BCF
:1074400000000000DC838293FF0042301884832711
:107450002110620000004490010084300100843853
:10746000000043900400837C000043A0DC838293EF
:10747000DC838293FF0042301406401400000000B9
:1074800034848293FB004230A405401400000000C5
:10749000348483938028637CC01003002110C203CE
:1074A000208482AF008482AF08004438008484A323
:1074B000000045903C00A53034000424E404A414EA
:1074C00000000000212800001084892700A0083C4B
:1074D00004004A90FF004A3105004790FF00E73062
:1074E000003A07002538EA0006004490FF00843087
:1074F000002404002520870007004690003606007F
:107500002530C400212025012530C8000000C69088
:10751000000086A004004A90FF004A310500479011
:10752000FF00E730003A07002538EA0006004690E1
:10753000FF00C630003406002530C7000700449025
:10754000002604002520860001008424FF008630E8
:1075500004004790040046A0003A867C050047904E
:10756000050046A0003C867C06004790060046A029
:107570000226040007004690070044A00100A5244D
:10758000D3FFB214000000001084852700E0A27C25
:10759000C018030021187E00040062AC1C8480A384
:1075A000448480AFC88380AFCC8380AFFC8380AF3E
:1075B000D48380A300A0023C100D438C0000649093
:1075C000FF00843001006690FF00C63000320600E4
:1075D0002530C4007FFF04242430C400FF00C730DE
:1075E00000006890000067A002320600010067906A
:1075F000010066A0100D439008006338100D43A0F1
:10760000100D438C00006790FF00E730010066908A
:10761000FF00C630003206002530C7002430C40009
:10762000FF00C73000006890000067A0023206002B
:1076300001006790010066A0100D439008006338B8
:10764000100D43A00084828F00004690FF00C630DA
:1076500001004390FF006330001A03002518660004
:1076600024206400FF00833000004690000043A007
:107670000222040001004390010044A000A0023C4B
:10768000000D4224040040A0080040A400A0023CD9
:10769000700D4224040040A00400438C04BA037C13
:1076A000040043AC0000A29060004230EB03405461
:1076B0000300042411848293FF0042300C00432C09
:1076C000E60360500300042480100200019D033C87
:1076D000E4766324211062000000428C0800400020
:1076E00000000000BC80019D0482019D5886019D20
:1076F0000482019D5886019D1477019D3877019D74
:107700004886019D8480019D907F019DC885019DD3
:107710000C86019D00A0023C000D42240400438C15
:1077200001000424C439837C040043ACD08393AFAC
:107730009761400B0300042410848393FF0063309F
:1077400080000224C503621403000424C0FF032444
:1077500000A0023C000D4224040043A01384829345
:10776000FF004230020003240D00431003000324F5
:1077700025004310010003240102431400A0023C31
:10778000029D033CF4AE6324000D43AC000D422483
:1077900012000324080043A49761400B0300042453
:1077A00012848293FF0042300500401000A0023C8A
:1077B000000D4224040040A09761400B0300042404
:1077C00012848393FF00633080180300029D023C03
:1077D00090B24224211062000000438C00A0023CC1
:1077E000000D43AC000D438C02006490000D432457
:1077F000080064A0000D428C03004290090062A0C2
:107800009761400B0300042416848397FFFF6330C5
:10781000FF0002240400621401000224EC8382AF02
:107820000B5E400B00000000EC8380AF128482935B
:10783000FF0042300300422C2300401012848227B4
:1078400000004490FF00843080200400029D033C2F
:1078500094B26324211883000000648C00A0033CD0
:10786000000D64AC000D648C00008490000D632456
:10787000080064A416848497000045900000469098
:10788000FFFF8430FF00A5307663400FFF00C63055
:10789000FF004230098482A309848393FF00633090
:1078A0000200022401006250F88382A309848393BA
:1078B000FF0063300100022467036250F88382A353
:1078C0009761400B0300042412848393FF0063300C
:1078D0000300022427006214009D023C005F432441
:1078E000A08283AF005F428CB88382AFB883838F5E
:1078F000FFFF023415006254029D023C3C84822743
:1079000006000324000043A0030003243D8483A356
:10791000B883838F3E8483A3B883838F021A0300C6
:107920003F8483A3B883838F021C0300408483A316
:10793000B883838F021E0300418483A300A0033C0D
:10794000000D62AC575E400B00A0023CA0B2438C1D
:1079500000A0023C000D43AC00A0023C000D438C93
:1079600000006390000D4224080043A49761400B7F
:107970000300042412848393FF0063300400022474
:107980000A006214029D023CA4B2438C00A0023C97
:10799000000D43AC000D438C00006390000D4224A9
:1079A000080043A49761400B0300042412848393CE
:1079B000FF006330050002240A006214029D023CAD
:1079C000A8B2438C00A0023C000D43AC000D438CD8
:1079D00000006390000D4224080043A49761400B0F
:1079E0000300042412848393FF00633062000224A6
:1079F0000A006214029D023CACB2438C00A0023C1F
:107A0000000D43AC000D438C00006390000D422438
:107A1000080043A49761400B03000424128483935D
:107A2000FF006330640002240C006214029D023CDB
:107A3000B0B2438C00A0023C000D43AC000D438C5F
:107A400000006390000D4224080043A401000224BA
:107A5000F08382AF9761400B030004241284839368
:107A6000FF006330650002240A006214029D023C9C
:107A7000B4B2438C00A0023C000D43AC000D438C1B
:107A800000006390000D4224080043A49761400B5E
:107A90000300042412848393FF00633066000224F1
:107AA0000A006214029D023CB8B2438C00A0023C62
:107AB000000D43AC000D438C00006390000D422488
:107AC000080043A49761400B0300042412848393AD
:107AD000FF0063306D0002240A006214029D023C24
:107AE000BCB2438C00A0023C000D43AC000D438CA3
:107AF00000006390000D4224080043A49761400BEE
:107B00000300042412848393FF0063306E00022478
:107B10000A006214029D023CC0B2438C00A0023CE9
:107B2000000D43AC000D438C00006390000D422417
:107B3000080043A49761400B03000424128483933C
:107B4000FF0063306F0002240A006214029D023CB1
:107B5000C4B2438C00A0023C000D43AC000D438C2A
:107B600000006390000D4224080043A49761400B7D
:107B70000300042412848393FF00633079000224FD
:107B80000A006214029D023CC8B2438C00A0023C71
:107B9000000D43AC000D438C00006390000D4224A7
:107BA000080043A49761400B0300042412848393CC
:107BB000FF0063307A0002240A006214029D023C36
:107BC000CCB2438C00A0023C000D43AC000D438CB2
:107BD00000006390000D4224080043A49761400B0D
:107BE0000300042412848393FF0063307B0002248B
:107BF0000C006214029D023CD0B2438C00A0023CF7
:107C0000000D43AC000D438C00006390000D422436
:107C1000080043A401000224BC8382AF9761400B9B
:107C20000300042412848393FF0063307C00022449
:107C30000B006214029D023CD4B2438C00A0023CB3
:107C4000000D43AC000D438C00006390000D4224F6
:107C5000080043A4BC8380AF9761400B0300042459
:107C600012848393FF006330830002240A006214AD
:107C7000029D023CD8B2438C00A0023C000D43ACF4
:107C8000000D438C00006390000D4224080043A4C3
:107C90009761400B0300042412848393FF00633038
:107CA000A80002240A006214029D023CDCB2438C4C
:107CB00000A0023C000D43AC000D438C000063901B
:107CC000000D4224080043A49761400B03000424E4
:107CD00012848393FF006330140002240A006214AC
:107CE000029D023CE0B2438C00A0023C000D43AC7C
:107CF000000D438C00006390000D4224080043A453
:107D00009661400BA48280AF12848393FF0063309E
:107D1000150002240B006214029D023CE4B2438C65
:107D200000A0023C000D43AC000D438C00006390AA
:107D3000000D4224080043A4010002249661400B78
:107D4000A48282AF12848393FF0063301600022462
:107D50000B006214029D023CE8B2438C00A0023C7E
:107D6000000D43AC000D438C00006390000D4224D5
:107D7000080043A4020002249661400BA48282AF53
:107D800012848393FF006330170002240B006214F7
:107D9000029D023CECB2438C00A0023C000D43ACBF
:107DA000000D438C00006390000D4224080043A4A2
:107DB000030002249661400BA48282AF1284839355
:107DC000FF006330180002240B006214029D023C85
:107DD000F0B2438C00A0023C000D43AC000D438C7C
:107DE00000006390000D4224080043A40400022414
:107DF0009661400BA48282AF12848393FF006330AC
:107E0000190002240B006214029D023CF4B2438C60
:107E100000A0023C000D43AC000D438C00006390B9
:107E2000000D4224080043A4050002249661400B83
:107E3000A48282AF12848393FF0063301A0002246D
:107E40000B006214029D023CF8B2438C00A0023C7D
:107E5000000D43AC000D438C00006390000D4224E4
:107E6000080043A4060002249661400BA48282AF5E
:107E700012848393FF0063301B0002240B00621402
:107E8000029D023CFCB2438C00A0023C000D43ACBE
:107E9000000D438C00006390000D4224080043A4B1
:107EA000070002249661400BA48282AF1284839360
:107EB000FF0063301C0002240A006214029D023C91
:107EC00000B3438C00A0023C000D43AC000D438C7A
:107ED00000006390000D4224080043A49661400B0B
:107EE000A48293AF12848393FF0063301D000224A9
:107EF0000B006214029D023C04B3438C00A0023CC0
:107F0000000D43AC000D438C00006390000D422433
:107F1000080043A4090002249661400BA48282AFAA
:107F200012848393FF006330C8000224100062149F
:107F300000A0023C88BF023C8050438C0400037CBC
:107F4000805043AC019D103C2871400F00E0043686
:107F500000E004363271400F12120524C0BF023C0B
:107F600009F84000000000009761400B0300042462
:107F7000000D4224040040A09761400B030004243C
:107F8000000D4224040040A09761400B030004242C
:107F900012848293FF0042300200422CAF01401055
:107FA0000300042400A0023C000D42240400438C82
:107FB00001000424C439837C040043AC88BF023C24
:107FC000105340AC88BF023C20534324205340ACA4
:107FD000100060AC2110000010000424C018020042
:107FE00021187E002130000021380000000066AC1E
:107FF000040067AC01004224F9FF4414C0180200D9
:1080000088BF023C5052438C010004244408837C06
:10801000505243AC388480A35052438C4408037CB4
:10802000505243AC00A0033C100C632400A0023C5F
:10803000100D43AC20849EAF00849EAF12848293C7
:10804000FF004230288482A328848293FF004230BC
:108050000400401410000224D08382AF9761400BCB
:10806000030004240100042428848527951D400F63
:108070000100062420000224D08382AF9761400BC8
:108080000300042400A0023C28848327000D43AC95
:10809000000D42240400448C010003240400647C8D
:1080A000040044AC080043A00400448CC439647C40
:1080B000040044AC9761400B03000424800CC0A270
:1080C0000100A0A21084828F1F004230010003240F
:1080D00014004310020003241A00435000A0023C85
:1080E0003900401400A0023C00A0033C000D6324B2
:1080F0000400648C01000224C439447C040064AC94
:108100002C84838F3000625400A0023C800CC29209
:10811000FF00423002004234800CC2A27260400B69
:1081200000A0023C00A0023C000D42240400438C4D
:1081300001000424C439837C040043AC7260400B0A
:1081400000A0023C000D42240400438C01000424E2
:10815000C439837C040043AC148482938000423091
:10816000FF00423009004014000000001484838F97
:108170000F0063308018030000A0023C600D422411
:10818000211062006A60400B0000428C1484838FCF
:108190000F0063308018030000A0023C100D422441
:1081A000211062000000428C000043908400633084
:1081B000840002240400621400A0023C0100022496
:1081C000800CC2A200A0023C000D42240400428C9C
:1081D000800042302001401000A0023C000D55AC50
:1081E000000D42240400438C010004240400837C1D
:1081F000040043AC02000324080043A09761400B35
:108200000300042412848393FF00633001000224DE
:108210001300621400000000108482931F0042309B
:108220000F00401400A0023C000D42240400438CC7
:1082300001000424C439837C040043AC118483937B
:10824000FF006330030002240400621401000224D2
:108250002C8482AF9860400B000000002C8480AF1B
:1082600012848293FF004230FC0040140300042477
:10827000108483931F00633002000224F80062140C
:1082800021280000148482930F004230F400401033
:10829000000000001484828F0F0042300400422846
:1082A000EF00401000000000D083838F20000224E4
:1082B000EB00621400A0023C000D42240400438C39
:1082C00001000424C439837C040043AC14848293E9
:1082D00080004230FF0042300A00401400000000DD
:1082E0001484838F0F0063308018030000A0023CC9
:1082F000600D4224211062000000428CC960400BD6
:108300001000A2AF1484838F0F0063308018030025
:1083100000A0023C100D4224211062000000428C9B
:108320001000A2AF1000A293F70042301000A2A3E9
:108330001484829380004230FF0042300A004014CF
:10834000000000001484838F0F0063308018030046
:1083500000A0023C600D4224211062001000A38F97
:10836000E260400B000043AC1484838F0F00633045
:108370008018030000A0023C100D4224211062006E
:108380001000A38F000043AC11848393FF0063307F
:1083900003000224280062141000A2931000A28F90
:1083A0000000429080004230FF004230190040102F
:1083B0001000A28F1484829380004230FF0042306C
:1083C0000B004014000000001484828F0F00423024
:1083D000E083832721106200000043900100042401
:1083E0004408837C000043A00561400B1000A28F6D
:1083F0001484828F0F00423018848327211062007A
:1084000000004390010004244408837C000043A042
:108410001000A28F0000449001004390001A030056
:108420002518640084006334000043A0021A03008E
:108430009661400B010043A0080042381000A2A33F
:108440001000A28F0000439080006330FF00633073
:10845000170060100000449001004390001A0300D0
:10846000251864007FFF6330000043A0021A030058
:10847000010043A01000A28F00004490010043902F
:10848000001A03002518640040006334000043A074
:10849000021A0300010043A0050004241000A58F68
:1084A000951D400F040006243461400B1000A29378
:1084B00001004390001A0300251864004000633453
:1084C000000043A0021A0300010043A01000A29381
:1084D000080042381000A2A31000A28F00004390B1
:1084E00080006330FF00633025006050000044903E
:1084F0001484829380004230FF0042300A0040140E
:10850000000000001484828F0F004230E083832734
:1085100021106200000043904408037C000043A047
:108520005261400B1000A28F1484828F0F004230E2
:108530001884832721106200000043904408037CC4
:10854000000043A01000A28F00004490010043905F
:10855000001A0300251864003BFF6330000043A0AD
:10856000021A0300010043A0050004241000A58F97
:10857000951D400F040006246761400B00000000B9
:1085800001004390001A0300251864003BFF63308C
:10859000000043A0021A0300010043A01484838F4B
:1085A0000F0063300019030088BF023C00534224CF
:1085B000211043000000448CFDFF03242418830095
:1085C0009661400B000043AC14848293FF0042305C
:1085D000388483272118620000A0023C000D43ACC0
:1085E000000D42240400448C010003240400647C38
:1085F000040044AC080043A00400448CC439647CEB
:10860000040044AC9761400B0300042400A0023C2A
:10861000000D42240400438C01000424C439837CEF
:10862000040043AC14848293FF004230128483938D
:10863000FF0063303884842721108200000043A0AB
:108640009761400B03000424020004242128000049
:10865000951D400F21300000030004242128000054
:10866000951D400F2130000088BF023C5052438CC2
:108670004429037C505243AC00A0023C000D42242C
:108680000400428C800042303600401400A0023CBE
:10869000700D42240400429080004230FF004230BE
:1086A0000B00401002000224D48382A3CC83828F6B
:1086B0000300401400000000975B400F0000000022
:1086C000F48380AFE88380AF4263400BFFFF312625
:1086D0000084828F0200439040000324020043A0E4
:1086E00003004490FCFF032424188300030043A0EC
:1086F0000084828F1084842700E0837CFF00843014
:1087000004004590040044A0003A647C05004590B4
:10871000050044A0003C647C06004590060044A08F
:10872000021E030007004490070043A0000043908E
:108730008CFF0324000043A001004390010040A0EF
:1087400000A0023C100D428C0000439084FF0324E3
:10875000000043A001004390010040A04263400B91
:10876000FFFF31261084829380004230FF004230A8
:10877000110040100200022401000224D48382A3CD
:10878000C883828F0300401400000000975B400FF5
:1087900000000000F48380AFE88380AF4484828FC0
:1087A00059014014FFFF3126415B400F00000000DB
:1087B0004363400BFF003132D48382A30084828F55
:1087C0000200439040000324020043A003004490B1
:1087D000FCFF032424188300030043A00084828F3D
:1087E0001084842700E0837CFF00843004004590DF
:1087F000040044A0003A647C05004590050044A0B4
:10880000003C647C06004590060044A0021E030064
:1088100007004490070043A00000439084FF032416
:10882000000043A001004390010040A0F48380AF0A
:10883000E88380AF4484828F33014014FFFF3126E8
:10884000415B400F000000004363400BFF003132EA
:10885000D4838493FF008430020002248B008214AE
:10886000C018030021187E000000668C003CC67C06
:1088700000A0023C700D42240400428C007A427C2D
:108880002B1046000500401000A0023C700D422451
:108890000400468C003AC67C00A0023C700D4224C5
:1088A0000400448C007A847C23208600FFFF8430FF
:1088B0000400438C04BA837C040043AC0D00C01058
:1088C0002110000000A0043C700D838C212855006D
:1088D0000000A590000065A001006324700D83AC2A
:1088E00001004224FF0043302B186600F6FF60149D
:1088F0000000000000A0023C700D42240400428CE5
:10890000007A427C290040100084828F020043904C
:1089100040000324020043A003004490FCFF032412
:1089200024188300030043A00084828FFF00A33239
:1089300004004490040043A0050043901800A78F52
:10894000050047A0003CE37E06004490060043A0DB
:10895000021E170007004490070043A02084838F65
:108960000000639040006330FF0063300800601433
:108970000000000000004390C8FF0324000043A053
:1089800001004390010040A04263400BFFFF3126ED
:108990000000439088FF0324000043A0010043909F
:1089A000010040A04263400BFFFF312602004390CC
:1089B00040000324020043A003004490FCFF032472
:1089C00024188300030043A00084828F108484272E
:1089D00000E0837CFF00843004004590040044A044
:1089E000003A647C05004590050044A0003C647C8E
:1089F00006004590060044A0021E030007004490B4
:108A0000070043A00000439084FF0324000043A01C
:108A100001004390010040A000A0023C700D4224E0
:108A20000400438C021E03000800428C0012020066
:108A3000251043000900401000A0033C700D632482
:108A40000400648C022604000800628C00120200FC
:108A50002510440009F840000000000000A0023C7E
:108A6000700D42240400438CC439037C040043ACE1
:108A70004484828FA4004014FFFF3126415B400FE5
:108A8000000000004363400BFF003132D48380A319
:108A9000FC83828F1E0040140084828F020043906A
:108AA00040000324020043A003004490FCFF032481
:108AB00024188300030043A00084828F108484273D
:108AC00000E0837CFF00843004004590040044A053
:108AD000003A647C05004590050044A0003C647C9D
:108AE00006004590060044A0021E030007004490C3
:108AF000070043A0000043908CFF0324000043A024
:108B000001004390010040A04263400BFFFF31266B
:108B1000FC8380AF4263400BFFFF31263484829395
:108B2000FB00423078005254FFFF312600A0023C87
:108B3000100D438C000070908001107E100D43904A
:108B400008006338100D43A0D083828F0D005214AB
:108B50000000000012848393FF00633088BF023C52
:108B6000605243AC6052428C050040100400022465
:108B700010000224D08382AFE162400B00000000AD
:108B8000D08382AFD4838393FF006330010002243B
:108B90003000621400A0023C00A0023C100D428C88
:108BA000FF00A33204004490040043A0050043905A
:108BB0001800A38F050043A0003CE37E060044900C
:108BC000060043A0021E170007004490070043A0C0
:108BD0001A59400F000000001C848393FF0063308B
:108BE000020002240900621400A0023C100D428C15
:108BF0000000439084FF0324000043A00100439041
:108C0000010040A04263400BFFFF31260A0000161E
:108C1000100D428C00A0023C100D428C00004390CD
:108C2000C8FF0324000043A001004390010040A0BE
:108C30004263400BFFFF31260000439088FF03246E
:108C4000000043A001004390010040A04263400B9C
:108C5000FFFF3126700D4224040042908000423014
:108C6000FF0042301600401000A0023C700D42246C
:108C70000400438C021E03000800428C0012020014
:108C8000251043000900401000A0033C700D632430
:108C90000400648C022604000800628C00120200AA
:108CA0002510440009F840000000000000A0023C2C
:108CB000700D42240400438CC439037C040043AC8F
:108CC000D48380A34263400BFFFF31263484829318
:108CD00008004230FF004230050040100000000054
:108CE000DC8382937F00423080004234DC8382A3A5
:108CF000DC8386937200042434848527951D400FFD
:108D0000FF00C630FFFF3126FF003132A4F92016E4
:108D100088BF023C88BF023C4010438C8410037C17
:108D2000401043AC9400A28F130040009000A38F2A
:108D3000A000A28F0F0042301C0040141100600000
:108D40008C00BF8F8800BE8F8400B98F8000B88FE1
:108D50007C00B78F7800B68F7400B58F7000B48F29
:108D60006C00B38F6800B28F6400B18F6000B08F69
:108D70005C00AF8F5800AE8F5400AD8F5000AC8FA9
:108D80004C00AB8F4800AA8F4400A98F4000A88FE9
:108D90003C00A78F3800A68F3400A58F3000A48F29
:108DA0002C00A38F2800A28F2400A18F00606041B7
:108DB000C0000000A400BA8F9C00BB8F00709A40D6
:108DC000A000BA8FA800BD2702609A4000E8DD41EC
:108DD00000609B4018000042FF008430FE00022427
:108DE00003008254010002240800E0030200022470
:108DF0000800E00300000000A88680AFD88580AF9F
:108E0000808580AF908580AFC18480A30C8680AFC1
:108E1000088580AF588580AF388680AF5D8580A398
:108E2000FFFF0224408682A39C8580AF4D8580A3EE
:108E30007D8580A38C8280A3888280A30100022488
:108E4000898282A3648580AF3C8580AF948280A3B1
:108E5000788280AF7B8580A31D8580A3098680A34F
:108E6000398580A300A0023CE00D422400A0033C11
:108E70004C0E6324000040ACFDFF40A00C004224D7
:108E8000FDFF4354000040AC00A0023C8D0E422484
:108E900000A0033C410F632400A0043C290F84245C
:108EA000000040A0030040AC000060A0030060ACE4
:108EB0000C004224FAFF44140C00632400A0033C7D
:108EC0007C0D6324040060AC00A0023C600E40AC4A
:108ED000080060AC600E4224040040AC0C0060ACA2
:108EE000080040AC1C0040AC200040AC240040AC6A
:108EF000280040A0290040A0788680AFA48680AFDB
:108F0000B08480AF0C8580AFB48580AF2C8680AFF5
:108F1000688580AFBC8580A37C8580A3748580AF85
:108F2000EC8580AF328580A3FD8580A3D48580AF9A
:108F30000A8680A3A08580A3288680AF0C0040AC61
:108F4000100040AC140040AC180040AC2A0040A017
:108F5000008580AFC88580AF188580AF548580AF0D
:108F6000A48580AFE48580AF248680AF348580AF50
:108F7000148680A30800E003F58580A3D8FFBD27F1
:108F80002400BFAF009D023C035B4588005B459811
:108F9000075B4488045B44980B5B4388085B4398F9
:108FA0000F5B46880C5B46981000A5AF1400A4AF79
:108FB0001800A3AF1C00A6AF1000A427029D053C1B
:108FC000ECD7A524BA74400F10000624C602401442
:108FD0007882828F0100032489004310A185839346
:108FE0000800405058808293020003243B01431044
:108FF00003000324BD0243142400BF8F9765400B78
:10900000A1858393048582AF898183930200022422
:109010001300621402000424010004247D6A400F3E
:1090200009000524888283934018030000A0023CB5
:10903000A8064224211862008982849340200400FB
:1090400000A0023C2C0742242110820000006494FE
:109050006A69400F000045942764400B000000003F
:109060007D6A400F0900052488828393401803001D
:1090700000A0023CA8064224211862008982849341
:109080004020040000A0023C2C0742242110820052
:10909000000064946A69400F000045945C73400FBF
:1090A000048680AF77808293030003240D0043146D
:1090B0000400032494828293029D033CC4D463245D
:1090C0002118430000006390488683A3029D033C5F
:1090D000CCD4632421104300000042906C64400B08
:1090E0007D8682A30D00431405000324948282939D
:1090F000029D033CDCD463242118430000006390EC
:10910000488683A3029D033CE4D4632421104300DA
:10911000000042906C64400B7D8682A30D004314D6
:109120000600032494828293029D033C94D463241A
:109130002118430000006390488683A3029D033CEE
:109140009CD4632421104300000042906C64400BC7
:109150007D8682A30C00431494828293029D033C7B
:10916000ACD463242118430000006390488683A395
:10917000029D033CB4D463242110430000004290BC
:109180006C64400B7D8682A3029D033C7CD46324E7
:109190002118430000006390488683A3029D033C8E
:1091A00084D4632421104300000042907D8682A372
:1091B00077808293FBFF4224FF0042300200422C62
:1091C0000400401006000224080002247664400BCC
:1091D000C08482A3C08482A30002022488BF033C0F
:1091E000341062AC88BF033C641062AC88BF033C9F
:1091F000681062AC01000224BA66400B788282AF2C
:1092000001000224390262142400BF8F02000224EC
:10921000A18582A389818393020002240500621440
:109220008982829388828293010042248F64400B5A
:10923000888282A301004224898282A39485828F3E
:1092400000A0033C980F638C2B1862001000605044
:10925000898182939C85838F2B1843000C00605476
:109260008981829300A0033C400F6324580062ACC4
:1092700089828293FFFF4224550062A094828293E8
:109280007B8582A3CC8582975C0062A489818293CE
:1092900002000324460043148982849388828393C6
:1092A0004A808293010042242A10620089004054BF
:1092B000788280AF01000224888282A39482839303
:1092C000C08482932B10620082004054788280AF69
:1092D000378083939C85828F2110620000A0033C1D
:1092E000980F638C2B1043001300401000A0023C29
:1092F000950F42901000401000000000898282A368
:10930000888082930A00401002000224C483828F66
:1093100005004010020002247E63400F00000000A0
:10932000BA66400B948580AF3565400B788282AF7A
:109330003565400B788282AF7E63400F00000000ED
:1093400088808293E8014050948580AFC483828FE7
:109350000B004010000000004884828F0800401479
:1093600001000424C48384AF88BF023C8050438C36
:109370004408837C805043ACBA66400B948580AF30
:10938000C483828FD8014050948580AF4884838FF6
:1093900001000224D4016254948580AF7C8280A3B2
:1093A0007D8280A3488480AFBA66400B948580AFED
:1093B0004B808393010063242A1883004500605486
:1093C000788280AF0100032404004014898283A3C3
:1093D0009482829301004224948282A39482839394
:1093E000C08482932B1062003A004054788280AF90
:1093F000378083939C85828F2110620000A0033CFC
:10940000980F638C2B1043001400401000A0023C06
:10941000950F42901100401001000324888283A31D
:10942000898282A3888082930A004010020002246D
:10943000C483828F05004010020002247E63400F27
:1094400000000000BA66400B948580AF3565400B84
:10945000788282AF3565400B788282AF7E63400FA1
:1094600000000000888082939F014050948580AF67
:10947000C483828F0B004010000000004884828F5C
:109480000800401401000424C48384AF88BF023C58
:109490008050438C4408837C805043ACBA66400BB8
:1094A000948580AFC483828F8F014050948580AFB4
:1094B0004884838F010002248B016254948580AF1D
:1094C0007C8280A37D8280A3488480AFBA66400BF3
:1094D000948580AFBA66400B948580AF2120000050
:1094E0007D6A400F21280000888283934018030082
:1094F00000A0023CA80642242118620089828493BD
:109500004020040000A0023C2C07422421108200CD
:10951000000064946A69400F000045945C73400F3A
:1095200000000000048680AF77808293030003244C
:109530000D004314040003247B858293029D033CA9
:10954000C4D463242118430000006390488683A399
:10955000029D033CCCD463242110430000004290C0
:109560008D65400B7D8682A30D0043140500032406
:109570007B858293029D033CDCD463242118430045
:1095800000006390488683A3029D033CE4D46324D7
:1095900021104300000042908D65400B7D8682A320
:1095A0000D004314060003247B858293029D033C37
:1095B00094D463242118430000006390488683A359
:1095C000029D033C9CD46324211043000000429080
:1095D0008D65400B7D8682A30C0043147B858293AE
:1095E000029D033CACD46324211843000000639027
:1095F000488683A3029D033CB4D463242110430016
:10960000000042908D65400B7D8682A3029D033C45
:109610007CD463242118430000006390488683A310
:10962000029D033C84D46324211043000000429037
:109630007D8682A30002022488BF033C341062AC02
:1096400088BF033C641062AC88BF033C681062AC06
:1096500003000224BA66400B788282AF0100022424
:10966000220162142400BF8F02000224A18582A37C
:109670008882839301006224888282A39485828FEA
:1096800000A0043CE40E848C2B2082000C0080504F
:10969000888283939C85848F2B204400080080540B
:1096A0008882839300A0043C8C0E8424580082ACF2
:1096B000550083A0CC8582975C0082A48882839326
:1096C0004A808293010042242A106200040140145F
:1096D0000200022401000224888282A3378083933F
:1096E0009C85828F2110620000A0033CE40E638CF5
:1096F0002B104300F600401000A0023CE10E429007
:10970000F300401003000324088682A300A0023C5B
:10971000950F42904C8582A37882828F010042246B
:10972000788282AFB88480A37780829329004354E3
:10973000040003247B858293050040140100032468
:10974000029D023CD4D44290F165400B7B8582A3FC
:109750000500431402000324029D023CD5D442902C
:10976000F165400B7B8582A30500431403000324AD
:10977000029D023CD6D44290F165400B7B8582A3CA
:109780000500431404000324029D023CD7D44290F8
:10979000F165400B7B8582A305004314050003247B
:1097A000029D023CD8D44290F165400B7B8582A398
:1097B000050043147B858293029D023CD9D44290DC
:1097C0007B8582A37B858293FEFF4224AF66400B9C
:1097D000948282A328004354050003247B8582934E
:1097E0000500401401000324548680AF01000224C8
:1097F000AF66400B948282A3050043140200032449
:10980000548680AF03000224AF66400B948282A38B
:10981000050043140300032401000224548682AF90
:10982000AF66400B948282A3060043140400032415
:1098300001000224548682AF03000224AF66400B6D
:10984000948282A30500431405000324020002242D
:10985000548682AFAF66400B948282A39800435433
:10986000D88580AF02000224548682AF0300022410
:10987000AF66400B948282A3350043540600032454
:109880007B8582930500401401000324029D023C65
:109890008CD442905066400B7B8582A30500431414
:1098A00002000324029D023C8DD442905066400B7E
:1098B0007B8582A30500431403000324029D023C20
:1098C0008ED442905066400B7B8582A305004314E2
:1098D00004000324029D023C8FD442905066400B4A
:1098E0007B8582A30500431405000324029D023CEE
:1098F00090D442905066400B7B8582A305004314B0
:1099000006000324029D023C91D442905066400B15
:109910007B8582A30500431407000324029D023CBB
:1099200092D442905066400B7B8582A3050043147D
:109930007B858293029D023C93D442907B8582A3D7
:109940007B858293FEFF4224AF66400B948282A304
:10995000340043147B8582930500401401000324E6
:10996000029D023CBCD442908566400B7B8582A35D
:109970000500431402000324029D023CBDD4429022
:109980008566400B7B8582A30500431403000324F6
:10999000029D023CBED442908566400B7B8582A32B
:1099A0000500431404000324029D023CBFD44290EE
:1099B0008566400B7B8582A30500431405000324C4
:1099C000029D023CC0D442908566400B7B8582A3F9
:1099D0000500431406000324029D023CC1D44290BA
:1099E0008566400B7B8582A3050043140700032492
:1099F000029D023CC2D442908566400B7B8582A3C7
:109A0000050043147B858293029D023CC3D442909F
:109A10007B8582A37B858293FEFF4224AF66400B49
:109A2000948282A30500401401000324029D023C9D
:109A30008CD44290AC66400B7B8582A30500431416
:109A400002000324029D023C8DD44290AC66400B80
:109A50007B8582A30500431403000324029D023C7E
:109A60008ED44290AC66400B7B8582A305004314E4
:109A700004000324029D023C8FD44290AC66400B4C
:109A80007B8582A30500431405000324029D023C4C
:109A900090D44290AC66400B7B8582A305004314B2
:109AA0007B858293029D023C91D442907B8582A368
:109AB0007B858293FEFF4224948282A3D88580AF67
:109AC000808580AF908580AFB966400B288580AFD8
:109AD0007E63400F00000000BA66400B948580AFA3
:109AE000788282AF948580AF2400BF8F0800E003A6
:109AF0002800BD27E8FFBD271400BFAF80BF023C90
:109B0000203040AC0002032488BF023C641043AC08
:109B100088BF023C681040AC7882828F0400422CDF
:109B2000A000401489818293398583930100022427
:109B30009C00621489818293CB75400F0000000065
:109B400015868293020003244B004314050003246E
:109B5000D88482930D004014010003248B818393E9
:109B6000010002240500621400A0023CE10E4290B4
:109B7000FDFF42241267400B888282A3E10E4290CF
:109B8000FCFF42241267400B888282A30600431424
:109B90000200032400A0023CE10E4290FEFF42249A
:109BA0001267400B888282A306004314030003243B
:109BB00000A0023CE10E4290FFFF42241267400BDE
:109BC000888282A3050043140400032400A0023C01
:109BD000E10E42901267400B888282A30600431474
:109BE0000500032400A0023CE10E42900100422443
:109BF0001267400B888282A30600431406000324E8
:109C000000A0023CE10E4290020042241267400B89
:109C1000888282A30D004314888282938B81839370
:109C2000010002240500621400A0023CE10E4290F3
:109C3000030042241267400B888282A3E10E429007
:109C400004004224888282A388828293201C027CA2
:109C5000040060044A8083932B10620002004010CD
:109C600000000000888280A3206A400F00000000EE
:109C70007467400B0000000055004314D8848293A1
:109C80000D004014010003248B8183930100022402
:109C90000500621400A0023C950F4290FDFF422493
:109CA0005D67400B898282A3950F4290FCFF42249E
:109CB0005D67400B898282A30600431402000324DF
:109CC00000A0023C950F4290FEFF42245D67400BCE
:109CD000898282A3060043140300032400A0023CEF
:109CE000950F4290FFFF42245D67400B898282A35B
:109CF000050043140400032400A0023C950F429089
:109D00005D67400B898282A306004314050003248B
:109D100000A0023C950F4290010042245D67400B79
:109D2000898282A3060043140600032400A0023C9B
:109D3000950F4290020042245D67400B898282A306
:109D40000D004314898282938B8183930100022446
:109D50000500621400A0023C950F429003004224CB
:109D60005D67400B898282A3950F429004004224D4
:109D7000898282A389828293201C027C0400600471
:109D80004B8083932B106200020040100000000003
:109D9000898280A3476A400F000000007467400B6F
:109DA0000000000001000324050043140200032406
:109DB000476A400F000000007467400B000000007D
:109DC0000300431400000000206A400F0000000060
:109DD0002B73400F00000000888183930100022450
:109DE0001200621400000000808280AF2885858FF9
:109DF0000E00A0102120000080BF033C88BF073C5C
:109E00000800063C100C60AC3410E6AC100C628C00
:109E10006E00422CFDFF401400000000010084246D
:109E2000F8FF851400000000808285AF3073400F7A
:109E300000000000808280AF948580AF8881899384
:109E400001000224050022553200022432000324BE
:109E50002885828F23106200FF00423032001924CF
:109E60002885838F23C82303FF0039338082858FA1
:109E70008482988FCC858E9730868F972130000012
:109E800081BF033C0100072480BF043C88BF0D3C18
:109E900008000C3C81BF083C02000B24C867400B43
:109EA0000A000A240090628C4408E27C009062ACB4
:109EB000100C80AC3410ACAD100C828C0200422C23
:109EC000FDFF4014000000000090628C4408027CFA
:109ED000009062AC0090628C01004230FDFF4010A7
:109EE000000000007090028D0200AB142130C2000F
:109EF0007090188D030027150100A524C267400B40
:109F00002110200332000224030045140000000049
:109F100070900E8DFFFFCE310100AA50FFFFCF30B1
:109F20002B10A200DFFF401401000224808285AFC5
:109F3000948586AF848298AFCC858EA730868FA714
:109F40007882838F06006214FFFFC3310A00022467
:109F50001B006200F4014000121800009C8583AFD2
:109F60005C73400F000000002673400F00000000EB
:109F7000CB75400F0000000001000224A18582A3E0
:109F80001400BF8F0800E0031800BD274242414182
:109F900040403F3F3E3E3D3D3C3C3B3B3A3A3939F9
:109FA0003838373736363535343433338584838221
:109FB00081807F7E7D7C7B7A797877767574737209
:109FC00071706F6E6D6C6B6A696867664646454571
:109FD000444443434242414140403F3F3E3E3D3D79
:109FE0003C3C3B3B3A3A3939383837378D8C8B8A91
:109FF000898887868584838281807F7E7D7C7B7A49
:10A00000797877767574737271706F6E7B0100006A
:10A0100080010000850100008A010000900100001D
:10A02000950100009B010000A0010000A6010000B6
:10A030004E4D4C4B4A494847460000009D9B99971E
:10A040009593918F8D000000E4010000E80100006D
:10A05000EC010000F0010000F4010000F801000034
:10A06000FC01000000020000050200003D3D3C3CF8
:10A070003B3B3A3A390000007B7A79787776757401
:10A0800073000000770200007E02000085020000DD
:10A090008C020000930200009A020000A20200005D
:10A0A000AA020000B10200002F2E2E2D2D2C2C2BE9
:10A0B0002B0000005E5D5C5B5A595857560000004B
:10A0C000A6DB060046E20600E6E80600A0EF060072
:10A0D0005AF606002EFD060003040700F20A0700E8
:10A0E000E1110700EC180700F71F07001E27070003
:10A0F000452E070089350700CE3C07002F44070096
:10A10000914B070011530700915A07003162070075
:10A11000D06907008F7107004E7907002E81070074
:10A120000D8907000F9107001099070033A1070060
:10A1300057A907009EB10700E4B907004FC2070006
:10A14000BACA070049D30700D9DB07008FE407002C
:10A1500044ED070021F60700FEFE07000208080094
:10A1600007110800341A080062230800BA2C0800FE
:10A1700012360800953F080018490800C752080029
:10A18000775C080054660800317008003E7A0800C9
:10A190004A840800868E0800C398080031A308008E
:10A1A0009FAD080041B80800E2C20800B8CD080021
:10A1B0008ED808000000000060090000C0120000F6
:10A1C000201C000080250000E02E00004038000028
:10A1D000A0410000004B000060540000C05D000082
:10A1E0002067000080700000E079000040830000DC
:10A1F000A08C000000960000609F0000C0A8000036
:10A2000020B2000080BB0000E0C4000040CE00008F
:10A21000A0D7000000E1000060EA0000C0F30000E9
:10A2200020FD000080060100E00F01004019010040
:10A23000A0220100002C010060350100C03E010099
:10A240002048010080510100E05A010040640100F3
:10A25000A06D01000077010060800100C08901004D
:10A2600020930100809C0100E0A5010040AF0100A7
:10A27000A0B8010000C2010060CB0100C0D4010001
:10A2800020DE010080E70100E0F0010040FA01005B
:10A29000A0030200000D020060160200C01F0200B1
:10A2A000202902008032020062780600477E060004
:10A2B0002C840600268A06002190060032960600AD
:10A2C000439C06006AA2060092A80600D0AE0600D3
:10A2D0000EB5060064BB0600BAC1060028C8060019
:10A2E00097CE06001ED50600A6DB060046E2060055
:10A2F000E6E80600A0EF06005AF606002EFD06006E
:10A3000003040700F20A0700E1110700EC18070038
:10A31000F71F07001E270700452E07008935070095
:10A32000CE3C07002F440700914B07001153070054
:10A33000915A070031620700D06907008F7107004A
:10A340004E7907002E8107000D8907000F91070045
:10A350001099070033A1070057A907009EB1070015
:10A36000E4B907004FC20700BACA070049D3070083
:10A37000D9DB07008FE4070044ED070021F6070052
:10A38000FEFE07000208080007110800341A080042
:10A3900062230800BA2C08001236080000000000F2
:10A3A00060090000C0120000201C00008025000091
:10A3B000E02E000040380000A0410000004B0000EB
:10A3C00060540000C05D0000206700008070000045
:10A3D000E079000040830000A08C0000009600009F
:10A3E000609F0000C0A8000020B2000080BB0000F9
:10A3F000E0C4000040CE0000A0D7000000E1000053
:10A4000060EA0000C0F3000020FD000080060100AB
:10A41000E00F010040190100A0220100002C010002
:10A4200060350100C03E010020480100805101005C
:10A43000E05A010040640100A06D010000770100B6
:10A4400060800100C089010020930100809C010010
:10A45000E0A5010040AF0100A0B8010000C201006A
:10A4600060CB0100C0D4010020DE010080E70100C4
:10A47000E0F0010040FA0100A0030200000D02001C
:10A4800060160200C01F0200202902008032020074
:10A49000E5D4050087DE050029E805000BF205007C
:10A4A000EEFB05001306060039100600A41A06008C
:10A4B0000F250600C22F0600763A060076450600F4
:10A4C00075500600C35B060011670600CE690700E1
:10A4D0008D7107004C7907002C8107000C8907005B
:10A4E0000D9107000E99070032A1070055A907003A
:10A4F0009BB10700E1B907004CC20700B7CA0700CB
:10A5000047D30700D7DB070053AC090096B9090011
:10A51000DAC609005BD60900DCE50900B5F30900DD
:10A520008E010A00B50F0A00DC1D0A00542C0A0037
:10A53000CC3A0A0098490A0064580A0086670A0063
:10A54000A9760A000000000060090000C0120000A7
:10A55000201C000080250000E02E00004038000094
:10A56000A0410000004B000060540000C05D0000EE
:10A570002067000080700000E07900004083000048
:10A580000000F0426666663FCDCCCC3DCDCC4C3F62
:10A59000CDCC4C3E000020410000A0410000F04125
:10A5A0000000204200004842FFFF8430FFFFA5303A
:10A5B00088BF023C2061428CEC8482AF88BF023CA1
:10A5C0002063428CDC8482AFCC808393050002241C
:10A5D0000600621482190400C2190400EC84828F00
:10A5E000C47B627CEC8482AF82190400EC84828F8D
:10A5F0008473627C42190400446B627C021904007B
:10A600000463627CC2180400C45A627C821804008D
:10A610008452627C42180400444A627C0442827C78
:10A62000EC8482AFCD808293050003240A0043149A
:10A6300004000324C2190500DC84828FC439627CC3
:10A64000821905008431627C421905004429627C2C
:10A65000A469400BDC8482AF080043140300032488
:10A6600082190500DC84828F8431627C42190500E6
:10A670004429627CA469400BDC8482AF040043144B
:10A6800042190500DC84828F4429627CDC8482AF1D
:10A6900002190500DC84828F0421627CC218050047
:10A6A000C418627C821805008410627C4218050080
:10A6B0004408627C0400A27CDC8482AF88BF033C37
:10A6C000EC84848F306164AC88BF033C306362AC3F
:10A6D0000800E003000000008C8182930400401415
:10A6E000F800032400A0023CBE69400BA80643A466
:10A6F00000A0023CA80643A4CC808D932300A0199F
:10A7000000A0073C9C0DE72401000B242130000031
:10A7100000A00E3CA806CE25FFFFA925D0848C27DB
:10A72000C4848A27DF69400B08000824060026112C
:10A7300021204201000085900000E4942120A40023
:10A74000D769400B000064A421208201000085909D
:10A750000000E4942120A400000064A4010042242D
:10A76000F2FF4814020063240100C62408006B2590
:10A770002A10CD00050040100200E72440180B000D
:10A780002118C301CB69400B211000000800E00331
:10A79000000000008D81829304004014F80003241F
:10A7A00000A0023CED69400B2C0743A400A0023C32
:10A7B0002C0743A4CD808C932F00801921C08001E9
:10A7C000FFFF8B2500A0093CBC0D2925214000007E
:10A7D00001000624F4848E2700A00F3C2C07EF25EF
:10A7E0000800CA25186A400B01000D2407006811F3
:10A7F0000000000000004790000026952130E60090
:10A80000000066A40F6A400B2130800007008D55C0
:10A810000000A79000004790000026952130E60038
:10A82000000066A40F6A400B2130800000002695CE
:10A830002130E600000066A421308000010084245D
:10A840000100422402006324E8FF4A140100A52409
:10A85000010008252A1018010700401002002925D0
:10A860000100C4242110C001401806002118E30192
:10A87000FB69400BE48485270800E003000000002A
:10A88000FF00032488BF023C386343AC8882839373
:10A890004018030000A0023CA806422421106200D8
:10A8A0000000429488BF033C2061638CEC8483AF3A
:10A8B000CC808493050003240600831482210200C7
:10A8C000C2210200EC84838FC47B837CEC8483AF41
:10A8D00082210200EC84838F8473837C42210200F6
:10A8E000446B837C022102000463837CC22002004B
:10A8F000C45A837C822002008452837C422002005E
:10A90000444A837C0442437CEC8483AF88BF023C8E
:10A91000306143AC0800E0030000000000FF033496
:10A9200088BF023C386143AC89828393401803009E
:10A9300000A0023C2C074224211062000000429437
:10A9400088BF033C2063638CDC8483AFCD8083931A
:10A95000050004240A00641404000424C221020037
:10A96000DC84838FC439837C822102008431837C20
:10A97000422102004429837C6E6A400BDC8483AF51
:10A98000080064140300042482210200DC84838F05
:10A990008431837C422102004429837C6E6A400B0F
:10A9A000DC8483AF0400641442210200DC84838FC2
:10A9B0004429837CDC8483AF02210200DC84838F02
:10A9C0000421837CC2200200C418837C8220020000
:10A9D0008410837C422002004408837C0400437C72
:10A9E000DC8483AF88BF023C306343AC0800E003E3
:10A9F00000000000FF00A5300700A22C230040103B
:10AA0000CC8484A380280500029D023C20AA422415
:10AA1000212845000000A28C080040000000000032
:10AA20003CAA019D44AA019D50AA019D5CAA019DDA
:10AA300068AA019D74AA019D80AA019D0800E003F7
:10AA4000158680A3010002240800E003158682A376
:10AA5000020002240800E003158682A303000224FA
:10AA60000800E003158682A3040002240800E00326
:10AA7000158682A3050002240800E003158682A340
:10AA8000060002240800E003158682A30800E00304
:10AA9000158680A3A00F0324448083A7B80B02244B
:10AAA000468082A7D8130224488082A7010002248E
:10AAB000888082A3604F0424808484AF883B042470
:10AAC000888484AF898180A3140007244A8087A3E7
:10AAD000100004244B8084A3778080A3FF1F0424EC
:10AAE000788084AFB00404244C8084A74E8084A76F
:10AAF00020000424588084A3598080A328000424C3
:10AB0000748084A3010004245C8084AF02000624C6
:10AB1000608086AF42000524648085AF688084A38E
:10AB2000030005246C8085AF0C000824708088AF7A
:10AB3000758082A30F000924768089A31E00092452
:10AB40007C8089A37D8087A3FF0107247E8087A75F
:10AB5000888182A38A8182A3CC8085A3CD8086A3AD
:10AB60008C8180A38D8180A396000624CE8086A749
:10AB70008C000724D08087A72D000724D28087A7C8
:10AB80001E000724D48087A750000724D68087A7FB
:10AB90009E5C0724D88087A712580724DA8087A7ED
:10ABA0004C500724DC8087A7E3050724DE8087A7B5
:10ABB000560A0724E08087A71C120724E28087A793
:10ABC000C6490724E48087A75F460724E68087A755
:10ABD000A93D0724E88087A7E4050724EA8087A722
:10ABE0005B0A0724EC8087A721120724EE8087A741
:10ABF000F08082A3748282A3758282A364000224FF
:10AC0000F28082A7F48086A7C8000224F68082A77B
:10AC1000FA000224F88082A72C010624FA8086A775
:10AC200090010624FC8086A758020624FE8086A791
:10AC3000E8030624008186A7D0070624028186A7A0
:10AC4000048183A70A000724068187A7050006243C
:10AC5000088186A7030003240C8185A70A8183A7A6
:10AC60000E8184A70D000424108184A7128188A777
:10AC70000B000424148184A7168187A709000424EB
:10AC8000188184A7070004241A8184A706000424DD
:10AC90001C8184A71E8186A704000424208184A728
:10ACA000228183A7248183A701000324288183A311
:10ACB0002A8182A72C8182A72E8182A7908180AFD2
:10ACC00090010224948182AF2C010224988182AFEA
:10ACD000C83202249C8182AF92540224A08182AFA8
:10ACE000C08F0534A48185AF4A920234A88182AF17
:10ACF00044AC0334AC8183AFBCE30234B08182AF97
:10AD0000DCE60434B48184AFEEFC0634B88186AF4F
:10AD10009C7C6424BC8184AF0600043C941F87247F
:10AD2000C08187AF90418724C48187AF981684245F
:10AD3000C88184AF0700043CC4A78434D88184AFA1
:10AD40006C208724DC8187AF68F78424E08184AF9E
:10AD50000A00043C60318724CC8187AF406087249F
:10AD6000D08187AF1C1B8424D48184AF4C684424D9
:10AD7000E48184AF10724424E88184AFDC50442421
:10AD8000EC8184AFFC6C6424F08184AFCC746324C8
:10AD9000F48183AF00FA0334F88183AFD8D603344B
:10ADA000088283AFA8DE03340C8283AF98B70434E3
:10ADB000108284AFC05D0424FC8184AF90650424BC
:10ADC000008284AF803E0424048284AFC5544424AE
:10ADD000148284AF106D4424188284AF2A76C6246E
:10ADE0001C8286AFB8880434208284AF18AB043448
:10ADF000248284AFC0DA0434288284AF78E6043435
:10AE0000388284AF2CFB04343C8284AFC454422487
:10AE1000408282AF401F02242C8282AF684202240B
:10AE2000308282AFA8610224348282AF448283AF31
:10AE30001072A524488285AF08CF02344C8282AFBD
:10AE4000A08C0234508282AF548282AFE0AB0234D5
:10AE5000588282AF20CB02345C8282AF48EE02344B
:10AE6000608282AFF0190224648282AF401A022409
:10AE7000688282AF320002246C8282AF64000224B6
:10AE8000708282AF898080A38B8180A38813022483
:10AE90008C8082AF41000224908082AFD4000824CD
:10AEA000948088AF60010724988087AFED01062465
:10AEB0009C8086AFAA020524A08085AF6803042485
:10AEC000A48084AFFE040324A88083AF94060224E8
:10AED000AC8082AFB08088AFB48087AFB88086AFD7
:10AEE000BC8085AFC08084AFC48083AF0800E0031E
:10AEF000C88082AF1201100100000040BD2829095E
:10AF0000000001020301000009025B00030100A030
:10AF100023090400000103010200092100010001CE
:10AF200022B10007058103080004090401000103A0
:10AF3000010200092100010001226D0007058203C2
:10AF4000400004090402000203000000092100017E
:10AF50000001222400070583030C000407050303F6
:10AF60000C000A00040309041203550047005400B2
:10AF7000410042004C004500540000002203340010
:10AF8000200069006E00630068002000500065002A
:10AF90006E005400610062006C00650074000000E7
:10AFA0000E03300030003000300030003000000070
:10AFB0002003550047003900300031005F00420097
:10AFC0005000550030003400300035000000000013
:10AFD0002A0332003000320030002D0030003500EE
:10AFE0002D00320038005F00520065006C006500E3
:10AFF0006100730065003000320000001603540049
:10B0000065007300740020004D006F00640065004F
:10B010003000000016035400650073007400200027
:10B020004D006F00640065003100000016035400FD
:10B0300065007300740020004D006F00640065001F
:10B0400032000000160354006500730074002000F5
:10B050004D006F00640065003300000016035400CB
:10B0600065007300740020004D006F0064006500EF
:10B0700034000000160354006500730074002000C3
:10B080004D006F0064006500350000001603540099
:10B0900065007300740020004D006F0064006500BF
:10B0A0003600000016035400650073007400200091
:10B0B0004D006F0064006500370000001603540067
:10B0C00065007300740020004D006F00640065008F
:10B0D000380000001603540065007300740020005F
:10B0E0004D006F006400650039000000200320005F
:10B0F0002000200020002000200020002000200050
:10B100002000200020002000200020000E03604FBF
:10B11000883B0600FF1FD8130000000004030067EF
:10B120002C035500470045004500200054006500F1
:10B13000630068006E006F006C006F0067007900AC
:10B14000200043006F00720070002E000603000014
:10B15000000000000B0300300003080100000000A5
:10B1600005030500FF000000100320202020202000
:10B1700020202020202020200803000000000000C4
:10B180000C0348004B0020004F006E000E034800E7
:10B190004B0020004F00660066000000060301041B
:10B1A000000100001203320030003100380030008E
:10B1B000310030003400000005010902A1018509B9
:10B1C0000901A100050919012903150025019503AD
:10B1D000750181029505810105010930093126FFBC
:10B1E0007F950275108102050D093026FF07950134
:10B1F00075108102C0C005010902A1010901A10069
:10B200008501050919012905950575011500250117
:10B2100081029503810105010930093195027510FC
:10B2200016008026FF7F810609381581257F95014C
:10B2300075088106050C0A3802950175088106C05B
:10B24000C005010906A1018506050719E029E715D2
:10B250000025017501950881020507190029FF26BF
:10B26000FF00750895068100C0000000060AFF096E
:10B2700001A101850209027508950B150026FF0042
:10B28000810209037508950B150026FF009102C085
:10B2900008AF019D64AF019D68AF019D7CAF019D2A
:10B2A000A0AF019DB0AF019DD0AF019DECB0019D5D
:10B2B0000CB1019D1CB1019D20B1019D4CB1019DBE
:10B2C00054B1019D60B1019D68B1019D78B1019DAE
:10B2D00080B1019D8CB1019D9CB1019DA4B1019DE6
:10B2E000FCAF019D14B0019D2CB0019D44B0019DA7
:10B2F0005CB0019D74B0019D8CB0019DA4B0019D16
:10B30000BCB0019DD4B0019DF40F00A06401000009
:10B310000100000033000102030405060708090AC2
:10B320000B0C0D0E1212425055303930335F323053
:10B330003139303731325F31000000005547544118
:10B34000424C45540000000039303350656E546162
:10B35000626C657442505530393033000000000093
:10B36000425055303930335F52304100323031393C
:10B37000303731325F31000044332211341234123D
:10B380008877665578567856000000000000000067
:10B3900000000000000000000000000000000000AD
:10B3A000000000000000000000000000000000009D
:10B3B000000000000000000000000000000000008D
:10B3C000000000000000000000000000000000007D
:10B3D000000000000000000000000000000000006D
:10B3E000000000000000000000000000000000005D
:10B3F000000000000000000000000000000000004D
:10B40000000000000000000000000000000000003C
:10B41000000000000000000000000000000000002C
:10B42000000000000000000000000000000000001C
:10B43000000000000000000000000000000000000C
:10B4400000000000000000000000000000000000FC
:10B4500000000000000000000000000000000000EC
:10B4600000000000000000000000000000000000DC
:10B470000000000000000000200100A054000000B7
:10B4800000000000000000A02400000001000000F7
:10B490000500010008000200000404002C00080060
:10B4A000160110001D0120005701400056018000C8
:10B4B00012030127000800A078020000000000002D
:10B4C000581100A07000000001000000050D0902E5
:10B4D000A10185070920A100094209440945093C49
:10B4E000150025017501950481029501810309323A
:10B4F0009501810295028103751095013500A4051F
:10B500000109306513550D46A00F26FF7F81020902
:10B510003146B80B26FF7F8102B40930450026FF73
:10B520001F8142093D1581257F750895018102091A
:10B530003E1581257F8102C0C0000000000C00A0E4
:10B540007B01000000000000240000A00E000000AD
:10B5500001000000A00F150F0100FFFFFFFF010217
:10B5600009000000740100A00200000000000000BB
:10B57000340000A0EC000000010000006019D70FAB
:10B58000D8131D1380028002744000003C28000084
:10B590001C0A00000100000003000000420000003F
:10B5A000010000000A0000000A0000002801140148
:10B5B000FF1F00001E1494010001000100010001A2
:10B5C00001010000B80B000046000000000200006E
:10B5D00060020000B00200002003000070040000C0
:10B5E000B00600002007000000020000600200001A
:10B5F000B00200002003000070040000B00600004C
:10B600002007000006046800300068003000500089
:10B6100089477645974281035E05A808912E192D2A
:10B62000142A5D030405C507020064009600C800E3
:10B63000FA002C0190015802E803DC05D00719003C
:10B640000F0008000700050028001E001E0014005F
:10B650000F000F000C0008000500030001000A00A5
:10B660000100590159012C01780100A0F0000000EF
:10B6700000000000680200A01000000000000000B0
:10B68000A80600A00801000000000000780200A049
:10B6900002000000000000007C0D00A0600000001F
:10B6A00000000000B00700A0100000000100000032
:10B6B00050463232322D2D2D2D2D2D231E19140FD3
:10B6C000DC0D00A018020000000000007C0200A0B9
:10B6D0000C00000000000000C00700A004000000F3
:10B6E0000100000001000000880200A0040000002A
:10B6F000000000000000000010000224BA8282A3B3
:10B7000000A0023C200D4224100040A0110040A0E7
:10B710007B858393120043A094828393130043A0FC
:10B7200040868393140043A0C482838F003C647CD2
:10B73000150044A0003A647C160044A0FF0063306A
:10B74000170043A000A0033CE80E6394022203000C
:10B75000180044A0FF006330190043A000A0033C80
:10B760009C0F6394022203001A0044A0FF00633080
:10B770001B0043A05D8583931C0043A03985839300
:10B780001D0043A01E0040A01F0040A02000022476
:10B790000800E0037C8382A310000224BA8282A303
:10B7A00000A0023C200D42243C000324100043A0D2
:10B7B000110043A0120043A0130043A0140043A0B3
:10B7C000150043A028000324160043A0170043A03F
:10B7D000180043A0190043A01A0043A01B0043A077
:10B7E0001E0003241C0043A01D0043A01E0043A014
:10B7F0001F0043A0F4858393200043A038858393E2
:10B80000210043A030858393220043A0230040A061
:10B810008885838F003A647C240044A0FF00633055
:10B82000250043A0260002240800E0037C8382A3B5
:10B8300000A0023C200D40A0200D4224010040A0A9
:10B8400000A0033C200E639402220300020044A0E7
:10B85000FF006330030043A000A0033CE80E6394A4
:10B8600002220300040044A0FF006330050043A04F
:10B8700000A0033C9C0F639402220300060044A036
:10B88000FF006330070043A020868397080040A094
:10B8900002220300090044A0FF0063300A0043A015
:10B8A000CE8583970B0040A0022203000C0044A029
:10B8B000FF0063300D0043A0318583930E0043A049
:10B8C0004F8583930F0043A0100002240800E0037B
:10B8D0007C8382A320000224BA8282A300A0033CBE
:10B8E0008C0E632408006494022A040000A0023C29
:10B8F000200D4224200045A0FF008430210044A0F8
:10B9000014006494022A0400220045A0FF00843041
:10B91000230044A020006494022A0400240045A0CF
:10B92000FF008430250044A02C006494022A040007
:10B93000260045A0FF008430270044A0380064940E
:10B94000022A0400280045A0FF008430290044A0FA
:10B9500044006494022A04002A0045A0FF008430B9
:10B960002B0044A050006494022A04002C0045A03F
:10B97000FF0084302D0044A05C0063940222030089
:10B980002E0044A0FF0063302F0043A000A0033C22
:10B99000400F632408006494022A0400300045A08C
:10B9A000FF008430310044A014006494022A040093
:10B9B000320045A0FF008430330044A0200064948E
:10B9C000022A0400340045A0FF008430350044A062
:10B9D0002C006494022A0400360045A0FF00843045
:10B9E000370044A038006494022A0400380045A0BF
:10B9F000FF008430390044A044006494022A04000B
:10BA00003A0045A0FF0084303B0044A050006494FD
:10BA1000022A04003C0045A0FF0084303D0044A001
:10BA20005C006394022203003E0044A0FF006330E8
:10BA30003F0043A00800E0030000000010000224C3
:10BA4000BA8282A300A0033CDC0D63240800649446
:10BA5000022A040000A0023C200D4224100045A050
:10BA6000FF008430110044A014006494022A0400F2
:10BA7000120045A0FF008430130044A0200064940D
:10BA8000022A0400140045A0FF008430150044A0E1
:10BA90002C006494022A0400160045A0FF008430A4
:10BAA000170044A038006494022A0400180045A03E
:10BAB000FF008430190044A0440063940222030074
:10BAC0001A0044A0FF0063301B0043A01C0040A0EC
:10BAD0001D0040A01E0040A01F0040A00800E00381
:10BAE00000000000108483931F00633001000224D3
:10BAF000B30062140000000014848293FF004230FF
:10BB00000B0040100000000014848393FF0063309A
:10BB100001000224060062100000000014848393D8
:10BB2000FF00633002000224A50062140000000040
:10BB300011848393FF006330060002246C006214BA
:10BB40000000000013848293FF004230220003248F
:10BB5000320043102300032461004310210003241A
:10BB6000630043140000000028848393FF006330C7
:10BB7000010002245E00621400000000148482931D
:10BB8000FF0042300900401400A0023C029D033C2B
:10BB90001AAF6324000D43AC000D422409000324B6
:10BBA000080043A4C0FF0324040043A0148483932B
:10BBB000FF006330010002240900621400A0023C6F
:10BBC000029D033C33AF6324000D43AC000D4224BF
:10BBD00009000324080043A4C0FF0324040043A079
:10BBE00014848393FF006330020002244000621437
:10BBF00000A0023C029D033C4CAF6324000D43AC0B
:10BC0000000D422409000324080043A4C0FF0324BC
:10BC1000040043A03C6F400B000000002884839385
:10BC2000FF006330010002243100621400000000B4
:10BC300014848293FF0042300B00401400A0023CA9
:10BC4000029D033CB8B16324000D43AC000D4224B7
:10BC5000B1000324080043A4C0FF0324040043A050
:10BC60003C6F400B0000000014848393FF0063309E
:10BC7000010002240B00621400A0023C00A0033C5F
:10BC800058116324000D43AC000D42246D000324C1
:10BC9000080043A4C0FF0324040043A03C6F400BF2
:10BCA0000000000014848393FF006330020002242C
:10BCB0000F00621400A0023C029D033C6CB263249E
:10BCC000000D43AC000D422424000324080043A4CB
:10BCD000C0FF0324040043A03C6F400B00000000A1
:10BCE00080FF032400A0023C000D4224040043A076
:10BCF00010848393600063302000022430006214BB
:10BD00000000000011848293FF00423003000324EE
:10BD10001D0043100400432C060060100A00032499
:10BD2000020003240F00431400A0023C536F400B99
:10BD30004D8483270D0043100B0003240900431496
:10BD400080FF03246C6F400B00A0023C000D43AC4D
:10BD5000000D422401000324080043A4C1FF032472
:10BD6000040043A00800E0030000000080FF03245B
:10BD700000A0023C000D4224040043A013848293DF
:10BD80000800E0034D8482A300A0023C4C8483277A
:10BD9000000D43AC000D422401000324080043A41D
:10BDA00081FF0324040043A00800E003000000001A
:10BDB000000D4224040043A0128482934C8482A389
:10BDC0000800E00300000000F0FFBD270C00B3AF47
:10BDD0000800B2AF0400B1AF0000B0AFA00F022462
:10BDE000348082A715000224368082A31F0002241B
:10BDF000378082A3FF8F02243A8082A73C8082A7EB
:10BE0000848180A3858180A3010002243E8082A3D7
:10BE1000020003243F8083A309000424408084A3FC
:10BE20002F0D0424AE8484A7AE0D0424AC8484A713
:10BE30008C8180A38D8180A300A0043CF0010624A6
:10BE40009C0D86A49C0D8424E8010524020085A491
:10BE5000D8010C2404008CA4B8010824060088A48E
:10BE600078010724080087A4F8000B240A008BA49B
:10BE700000A0043CBC0D86A4BC0D8424020085A453
:10BE800004008CA4060088A4080087A4C48483A3AB
:10BE9000C58482A3C68480A303000424C78484A32A
:10BEA00005000A24C8848AA307000924C98489A339
:10BEB00006000824CA8488A304000724CB8487A32F
:10BEC000F4848AA3F58489A3F68488A3F78487A3DE
:10BED000F88483A3F98482A3FA8480A3FB8484A3D7
:10BEE000D08483A3D18482A3D28480A3D38484A367
:10BEF000D4848AA3D58489A3D68488A3D78487A32E
:10BF0000E4848AA3E58489A3E68488A3E78487A3DD
:10BF1000E88483A3E98482A3EA8480A3EB8484A3D6
:10BF2000DA808297A48482A7E08082977A8482A7AD
:10BF3000E6808297988482A7EC808297588482A7B3
:10BF400000A0023C3C000324B00743A0B0074224F9
:10BF5000010043A0020043A0030043A0040043A04B
:10BF6000050043A028000324060043A0070043A0C7
:10BF7000080043A0090043A00A0043A00B0043A00F
:10BF80001E0003240C0043A00D0043A00E0043A09C
:10BF90000F0043A000A0023CA8064BA4A806422420
:10BFA000F2010E2402004EA4F1010F2404004FA45C
:10BFB000060046A4F3011824080058A4F50119242A
:10BFC0000A0059A4F70110240C0050A4F601112412
:10BFD0000E0051A4F4011224100052A4EA01072417
:10BFE000120047A4E9010424140044A4160045A447
:10BFF000EB010324180043A4ED010D241A004DA405
:10C00000EF010A241C004AA4EE0109241E0049A4E1
:10C01000EC010824200048A4DA011324220053A4D0
:10C02000D9011324240053A426004CA4DB010C24C2
:10C0300028004CA400A0023C2C074BA42C0742244F
:10C04000020052A4040051A4060050A4080059A400
:10C050000A0058A40C0046A40E004FA410004EA4E1
:10C0600012004DA414004AA4160049A4180048A4C4
:10C070001A0047A41C0044A41E0045A4200043A4A9
:10C080000C00B38F0800B28F0400B18F0000B08F96
:10C090000800E0031000BD270080013C2628A10015
:10C0A000C24D0400FF002931C25D0500FF006B3165
:10C0B0000080073C004204002540070100520500B3
:10C0C00025504701FFFF2D25FE00A12D6100201006
:10C0D00000000000FFFF6D25FE00A12D770020105D
:10C0E0000000000023602B010D008005000000000F
:10C0F000200081290300201400000000150000101A
:10C1000002000A2425300A0006508A0104688A01C8
:10C110001000A611000000000E00001002004A35B9
:10C1200025480B0023600C00200081290300201407
:10C13000000000000700001002000824253008005D
:10C1400006408801046888010200A6110000000072
:10C150000200083524608700266885011000A005CC
:10C160000000000021400A012B680A011700A011FD
:10C170000000000001000D310200A01100000000CD
:10C18000020008354240080001002925FF00012473
:10C190000E002115000000000C0000100000082413
:10C1A0002B680A010400A01123400A012340080063
:10C1B00003000010266087015000001100000000FD
:10C1C00020300671234826010440C8000E002019C3
:10C1D000000000008000082580000D2D21482D0161
:10C1E000026A08000100AD3123400D014040080003
:10C1F00042420800C06D090025400D0125100C01C8
:10C200000800E00300000000010006242330C900FC
:10C210002000C12C39002010000000000080013CEB
:10C220002540010120000D242368A6010448A8012F
:10C23000020020110640C800010008350000092452
:10C2400080000D25E3FFA10500000000E1FF0010C4
:10C25000010009240E002015000000002140080103
:10C26000050000110000000020600C7123482C0123
:10C2700098FF001004408801FF0001240F006111A5
:10C28000000000000080013C1800A1140000000024
:10C29000216808011B00A01500000000FF00012418
:10C2A0001400611500000000266885001500A00537
:10C2B000000000000D0000100000000008006015E4
:10C2C0000000000021504A010A0040110000000057
:10C2D00020604C7123586C0182FF001004508A01C9
:10C2E00021684A010700A01500000000C4FF0010EB
:10C2F00025100500C2FF001025100400C0FF00102B
:10C3000000000224BEFF0010C0FF023C000000003D
:10C31000E0FFBD271C00BFAF1800B2AF1400B1AFE3
:10C320001000B0AF15008010218880000076400F0B
:10C330004081110021904000401011002380020232
:10C340000276400F212000000076400F0000000020
:10C350002B105000FCFF4014000000000276400F3C
:10C36000212050021C00BF8F1800B28F1400B18F23
:10C370001000B08F0800E0032000BD27DF70400BE5
:10C3800000000000E0FFBD271C00BFAF1800B2AFE7
:10C390001400B1AF1000B0AF0676400F21808000CE
:10C3A0002190400088BF023C0030518C0003317E58
:10C3B0000A002056004010360010032488BF023CBB
:10C3C000083043AC88BF033C0030628C0008423028
:10C3D000FDFF4014000000000040103681BF023C09
:10C3E00000F450ACC470400F0700042481BF023C2D
:10C3F00099AA033C5566632410F443AC6655033C8C
:10C40000AA99633410F443AC0080033481BF023C2A
:10C4100008F443AC81BF033C00F4628C00804230DE
:10C42000FDFF401481BF023C0040032404F443ACF0
:10C430000E0020120010032488BF023C0030428C02
:10C440000003427C0B00401488BF023C083043AC20
:10C4500088BF033C0030628C00084230FDFF40146E
:10C46000000000001D71400B0000000088BF023C6E
:10C47000043043ACEE75400F2120400281BF023CE6
:10C4800000F4428C003042301C00BF8F1800B28F85
:10C490001400B18F1000B08F0800E0032000BD270A
:10C4A000E8FFBD271400BFAF00E0847C81BF023CE1
:10C4B00020F444ACE170400F044004241400BF8F0A
:10C4C0000800E0031800BD27E8FFBD271400BFAF38
:10C4D00000E0847C81BF023C20F444AC81BF023C7C
:10C4E00030F445ACE170400F014004241400BF8FCC
:10C4F0000800E0031800BD27E8FFBD271400BFAF08
:10C5000000E0847C81BF023C20F444AC00E0A57CC8
:10C5100081BF023C40F445ACE170400F034004246D
:10C520001400BF8F0800E0031800BD27E8FFBD27F7
:10C530001400BFAFE170400F004004241400BF8F0F
:10C540000800E0031800BD2700800B3CC245040032
:10C55000FF000831C2550500FF004A31003A0400CF
:10C560002538EB00004A050025482B012670850080
:10C5700024586E01FFFF0E25FE00C12D3F00201044
:10C5800000000000FFFF4E25FE00C12D53002010CB
:10C59000000000002B08E900030020140000000048
:10C5A000423807000100082582630900F401800178
:10C5B0001B00EC001220000010300000FF3F2D3166
:10C5C0001900A40112280000803306002B70C5005A
:10C5D0000400C0112330C500FFFF84242130C900AE
:10C5E0002B70C900F40180011B00CC001238000040
:10C5F000103000001900A701122800008033060047
:10C600002B70C5000400C0112330C500FFFFE724D4
:10C610002130C9002B70C900807304002138EE005E
:10C620000200C010003907000100E7347E000E242C
:10C630002370CA0121400E01FFFF0E25FE00C12D0F
:10C6400034002010000000008000E7248000EE2C61
:10C6500021400E01027207000100CE312338EE00A6
:10C6600040380700423A0700C07508002538EE0040
:10C670002510EB000800E003000000000800001592
:10C68000000000002138E7000500E0100000000075
:10C690002060EC7023400C01BAFF001004388701C1
:10C6A0000400481500000000217029012F00C0116E
:10C6B00000000000FF0001240800411100000000FC
:10C6C00012000011000000002170E7002700C015D3
:10C6D00000000000220000100000000008004015CB
:10C6E00000000000214829011D0020110000000069
:10C6F00020602C7123504C01A6FF001004488901D2
:10C70000217029011900C01500000000D9FF001098
:10C7100025100B001200001D0000000001000C2479
:10C72000236088012000812DF8FF20100000000008
:10C7300020000E242370CC010440C7010200001128
:10C74000063887010200E734000008248000EE2448
:10C75000BDFFC10500000000BBFF00100100082460
:10C76000807F013CC3FF001025106101C1FF001054
:10C77000C0FF023C00000000C23D0400FF00E730A3
:10C78000C24D0500FF00293100800A3C0032040040
:10C790002530CA000042050025400A0126608500B8
:10C7A00024504C01FFFFEC24FE00812D21002010BD
:10C7B00000000000FFFF2C25FE00812D3600201018
:10C7C000000000001900C8001258000002006011AB
:10C7D000103000000100C6340300C0040000000057
:10C7E00040300600FFFFE72482FF2C252138EC00B3
:10C7F000FFFFEC24FE00812D3A0020100000000015
:10C800008000C6248000CC2C2138EC000262060097
:10C8100001008C312330CC0040300600423206004B
:10C82000C06507002530CC002510CA000800E003D1
:10C83000000000000D00E014000000002130C600E0
:10C840000500C010000000002058CB702338EB001A
:10C85000D8FF001004306601FF0001241F002111E1
:10C860000000000015000010000000002160C6005C
:10C870001A008015000000000400201500000000D0
:10C88000216008011500801100000000FF00012454
:10C890000F002115000000000A0020150000000014
:10C8A00021400801050000110000000020580B7114
:10C8B00023482B01C3FF001004406801DBFF001078
:10C8C00025100A0021600801040080150000000006
:10C8D000807F013CD5FF001025104101D3FF0010DF
:10C8E000C0FF023CFAFFE01C0000000001000B2426
:10C8F000235867012000612DF0FF20100000000088
:10C9000020000C2423608B01043886010200E01013
:10C91000063066010200C634000007248000CC24E3
:10C92000B7FF810500000000B5FF001001000724DB
:10C9300000000000E305000049060000C9060000F1
:10C94000AF070000D0080000560A0000E40B00000A
:10C95000720D0000000F00008E1000001C1200007D
:10C96000AA13000038150000C61600005418000075
:10C97000E2190000701B0000FE1C00008C1E00006D
:10C980001A200000A821000036230000C424000063
:10C9900052260000E02700006E290000FC2A00005B
:10C9A0008A2C0000182E0000A62F00003431000051
:10C9B000C232000050340000DE3500006C37000049
:10C9C000FA380000883A0000163C0000A43D000040
:10C9D000323F0000C04000004E420000DC43000037
:10C9E0006A450000F846000086480000144A00002E
:10C9F000A24B0000304D0000BE4E00004C50000025
:10CA0000DA51000068530000F6540000845600001C
:10CA1000125800006D590000B15A00009E5B0000E2
:10CA20002E5C00009E5C0000E4050000570600003C
:10CA3000D8060000B3070000E30800005B0A00000E
:10CA4000E90B0000770D0000050F000093100000B7
:10CA500021120000AF1300003D150000CB160000AE
:10CA600059180000E7190000751B0000031D0000A5
:10CA7000911E00001F200000AD2100003B2300009C
:10CA8000C924000057260000E52700007329000094
:10CA9000012B00008F2C00001D2E0000AB2F00008A
:10CAA00039310000C732000055340000E335000082
:10CAB00071370000FF3800008D3A00001B3C000079
:10CAC000A93D0000373F0000C54000005342000070
:10CAD000E14300006F450000E64600000D480000FD
:10CAE000E448000061490000C6490000E8FFBD2796
:10CAF0000000BFAFC2450400003A04000080013CC2
:10CB00002538E100FFFF0D25FE00A12D4800201073
:10CB1000000000000400A4AF1000A7AF1400A8AFED
:10CB200025200700F073400F252808002560180015
:10CB300025580300255002001400A88F1000A78F6D
:10CB40000400A48F01000D310200A01100000000BC
:10CB50004238070019004A01123000001028000076
:10CB60002328A7002568A6002700A01100000000C8
:10CB70001200A00400000000FFFF4A250100CD2C98
:10CB8000FFFFC6242328AD002B68CA002330CA004B
:10CB90002328AD002B68CA002330CA002328AD002B
:10CBA0001900A004000000002568A600F2FFA015EF
:10CBB00000000000140000100000000001004A25E1
:10CBC00001004D2D0F00A015000000002130CA000B
:10CBD0002B68CA002128AD002130CA002B68CA008A
:10CBE0002128AD000100CD2CFFFFC6242328AD0075
:10CBF000F2FFA004000000002568A6000200A011BA
:10CC000000000000FFFF4A2580004A2580004D2DCE
:10CC100021586D0140100A0042120200C06D0B0045
:10CC200025104D000000BF8F0800E0031800BD274D
:10CC30000600810400000000406804001300A015F5
:10CC400000000000F7FF0010251004000A00001586
:10CC5000000000002138E7000500E010000000009F
:10CC60002028E57023400501AAFF00100438A70022
:10CC7000ECFF0010000002242168E7000300A0156B
:10CC800000000000E7FF001025100400E5FF001081
:10CC9000C0FF023C000000008000032488BF023C6B
:10CCA000386143AC0800E00300000000800003246A
:10CCB00088BF023C346143AC0800E0030000000080
:10CCC00080BF023C100C40AC0800033C88BF023C13
:10CCD000341043AC9B8584937080828F2110820036
:10CCE00080180200802102002320830080BF033CC3
:10CCF000100C628C2B104400FDFF40140100022434
:10CD000068808393130062140002032488BF023CEE
:10CD1000346343AC80BF023C100C40AC0800033CC1
:10CD200088BF023C341043AC6C80828F80180200B4
:10CD3000802102002320830080BF033C100C628C02
:10CD40002B104400FDFF4014000000005873400BFE
:10CD50000001032488BF023C346343AC0001032478
:10CD600088BF023C346343AC0800E00300000000CD
:10CD70000001032488BF023C386343AC688083937E
:10CD800001000224050062140002032488BF023C53
:10CD9000386343AC0800E0030000000088BF023C99
:10CDA000346343AC0800E0030000000008000224E4
:10CDB00088BF033C146562AC88BF033C046562AC69
:10CDC00088BF043C80000324146183AC88BF023C0C
:10CDD000046143AC40000324146183AC046143ACA0
:10CDE00088BF043C00010324146383AC88BF023C69
:10CDF000046343AC00020324146383AC046343ACB8
:10CE00000800E003000000000800032488BF023C83
:10CE1000346543AC0800E003000000000800032470
:10CE200088BF023C386543AC0800E0030000000006
:10CE300000A0023C800D478CE305E22C0500401069
:10CE40009F5CE22CE305032400A0023C0800E00301
:10CE5000800D43AC05004014029D053CCD690324C0
:10CE600000A0023C0800E003800D43AC34C9A524B7
:10CE7000212000003C000A240000A68C2B18C700CB
:10CE800019006050010084240400A98C2B10270194
:10CE90001500405401008424001104008041040066
:10CEA000214048008010080021100201E3054224BF
:10CEB0002338E600001907008039070021186700B1
:10CEC0008020030021186400233026011B00660027
:10CED000F401C000123000002110460000A0043C04
:10CEE0000800E003800D82ACE3FF8A140400A5244F
:10CEF0000800E0030000000000A0023C840D478C05
:10CF0000E405E22C05004010C749E22CE4050324A7
:10CF100000A0023C0800E003840D43AC050040146F
:10CF2000029D053C7457032400A0023C0800E00366
:10CF3000840D43AC28CAA5242120000030000A2417
:10CF40000000A68C2B18C700190060500100842433
:10CF50000400A98C2B1027011500405401008424E3
:10CF600000110400804104002140480080100800A6
:10CF700021100201E40542242338E60000190700CD
:10CF80008039070021186700802003002118640001
:10CF9000233026011B006600F401C000123000009F
:10CFA0002110460000A0043C0800E003840D82AC80
:10CFB000E3FF8A140400A5240800E0030000000039
:10CFC0003A008010000000000100AD300B00A011FD
:10CFD00000000000F267093C00182935190089009B
:10CFE00010480000134D013C004821342148210124
:10CFF00042200400070000100100A5240093093C12
:10D000001900890010480000FF6C013C00FC21342D
:10D0100021482101433805003F00E724C24B0900A5
:10D02000F40120011B00890012500000804B090010
:10D0300000540A0021482A012B682A0123482D01A7
:10D0400000800A3C025C0900F40160011B004B01F6
:10D050001250000000540A000200401500000000B9
:10D06000FFFF0A2419002A011058000023580B0062
:10D0700019004B011050000019004401105000002D
:10D0800040500A004248090021482A012B682A0121
:10D0900023482D012530090025100600251807001A
:10D0A00025C008000800E00300000000000007247D
:10D0B000F9FF00102530070000000000A8FFBD2781
:10D0C0000400A1AF0800A2AF0C00A3AF1000A4AFF2
:10D0D0001400A5AF1800A6AF1C00A7AF2000A8AF92
:10D0E0002400A9AF2800AAAF2C00ABAF3000ACAF32
:10D0F0003400ADAF3800AEAF3C00AFAF4000B8AFCA
:10D100004400B9AF4800BFAF124000004C00A8AFC8
:10D11000104000005000A8AF029D1A3C84D65A2748
:10D1200000000000006804400060054009F840036A
:10D13000000000005000A88F110000014C00A88FD3
:10D14000130000010400A18F0800A28F0C00A38F20
:10D150001000A48F1400A58F1800A68F1C00A78FA5
:10D160002000A88F2400A98F2800AA8F2C00AB8F45
:10D170003000AC8F3400AD8F3800AE8F3C00AF8FE5
:10D180004000B88F4400B98F4800BF8F5800BD27BA
:10D19000C00000001800004221180000211000000B
:10D1A000213083000000C690211046000100632456
:10D1B0002B306500FBFFC054213083002310020098
:10D1C0000800E003FF004230E8FFBD271400BFAFB6
:10D1D0001000B0AF1800A4AF1C00A5AF2000A6AF90
:10D1E0002180E000120002240000E2A008000224D6
:10D1F0000100E2A01800A2930200E2A01900A2938D
:10D200000300E2A01A00A2930400E2A01B00A29374
:10D210000500E2A01C00A2930600E2A01D00A2935C
:10D220000700E2A01E00A2930800E2A02120E00077
:10D230006674400F09000524090002A21400BF8F84
:10D240001000B08F0800E0031800BD27FEFF08247F
:10D2500040300400403805002548C7001B0020115D
:10D260000000000000FF013C010021342B08C10038
:10D270001A0020100000000000FF013C01002134D2
:10D280002B08E100150020100000000002008104BE
:10D2900042300600233006000200A1044238070095
:10D2A000233807002A08C7000300201000000000F0
:10D2B00007000010FFFF02242A08E60003002010E8
:10D2C00000000000020000100100022400000224FF
:10D2D0000800E0030000000000000000FCFF001058
:10D2E00025100800000000000400C92805002011D6
:10D2F000213886001700C01C000000000800E00371
:10D3000021100000254085000300083103000011B2
:10D310000000000010000010000088900000888CC1
:10D320000000A98C04008424050009110400A52430
:10D33000FCFFA524FCFF8424070000100000889057
:10D34000FCFFC624F5FFC01C000000000800E0033D
:10D3500021100000000088900000A99001008424A2
:10D36000030009110100A5240800E00323100901AE
:10D37000F8FF8714000000000800E00321100000FF
:10D38000002A04000080013C2528A100C23D0400C1
:10D39000FF00E7309E0006242330C7000D00C018B0
:10D3A000000000002000C12803002014000000003D
:10D3B0000500001000000224020081040628C500B8
:10D3C00023280500251005000800E00300000000E8
:10D3D00000000000807F013C010021342B08810007
:10D3E0000300201400000000F7FF00100080023C42
:10D3F000FF7F023CF4FF0010FFFF423400000000FA
:10D40000002A04000080013C2528A100C23D040040
:10D41000FF00E7309E0006242330C7000D00C00443
:10D42000000000002000C1280300201400000000BC
:10D430000500001000000224020081040628C50037
:10D4400023280500251005000800E0030000000067
:10D4500000000000807F013C010021342B08810086
:10D460000300201400000000F7FF00100080023CC1
:10D47000F5FF0010FFFF022400000000403E3D3B8E
:10D480003A393736807D7B7775736E6C05080A0EE6
:10D4900010131719403F3C3B3A393838817F797770
:10D4A0007473717004060E12141500004442413F5B
:10D4B0003E3D3B398784817E7C79757206090C0F6D
:10D4C0001114181B3D3C3C3B3B3A37367A79787750
:10D4D00076756E6C0B0C0D0E0F1017194B4A3C3BFA
:10D4E0002D2C0000969478765A5900000204090BFE
:10D4F000101100000080013C1200801024308100D7
:10D500000200810400000000232004009E00052486
:10D51000203887702328A7000420E400800084249A
:10D520008000882C2128A800034204000100083153
:10D53000232088004020040042220400C04505004A
:10D5400025208800251086000800E0030000000068
:10D550000000000000A0023CC007428CE8FFBD278D
:10D56000010042301000B0AF1400BFAF0700401000
:10D57000218080009374400F2128000003004104A3
:10D580002100032400A0023C880243ACBB72400F80
:10D59000212000021400BF8F1000B08F0800E003AC
:10D5A0001800BD270000043CE8FFBD2700008424CC
:10D5B000030080101400BFAF09F8800000000000D5
:10D5C000000084300000A530AE31400F00000000A4
:10D5D0000000023C00004224030040100000000054
:10D5E00009F8400000000000F9FF001000000000F2
:10D5F000E8FFBD271400BFAF0600800421108000A3
:10D600003D75400F000000001400BF8F0800E003CC
:10D610001800BD2701004230422004003D75400F34
:10D6200025208200212040002870400F2128400042
:10D630001400BF8F0800E0031800BD270000023C63
:10D64000E8FFBD2700004224060040101400BFAFD1
:10D650000000023C0000422403004010029D023CF6
:10D660003F000070029D023CCCD6422403004010D3
:10D670000000000009F84000000000009F75400B0A
:10D68000000000000000023CE8FFBD27000042242B
:10D69000060040101400BFAF0000023C000042240E
:10D6A00003004010029D023C3F000070029D023CBE
:10D6B000CCD64224030040100000000009F84000CE
:10D6C00000000000B175400B0000000000606041E8
:10D6D000C000000099AA033C81BF023C5566632448
:10D6E00030F240AC30F243AC6655033CAA99633447
:10D6F00030F243AC81BF023C0100032418F643AC76
:10D7000081BF023C10F6428CB575400B0000000052
:10D710000008022488BF033C146362AC88BF033C4A
:10D72000046362AC0800E00300000000FF00032473
:10D7300088BF023C386343AC00FF033488BF023C1F
:10D74000386143AC0800E003000000000000023C28
:10D7500000004224050040100000023C000042246A
:10D7600003004010029D023C3F000070029D023CFD
:10D77000CCD64224FDFF40100000000009F8400014
:10D7800000000000E8FFBD271400BFAF00680340A1
:10D790008000023C251062000068824000100324D3
:10D7A00088BF023C0476400F081043AC1400BF8FC2
:10D7B0000800E0031800BD27010084300300801436
:10D7C000000000000800E003006060410800E00382
:10D7D0002060604100601A40BFFF1B3CFFFF7B37A9
:10D7E00024D05B0300609A401800004255676565CD
:10D7F0005F4C69627261727932303138000000002A
:10D800000800E003004802400800E00300488440AC
:10D810000800E003206062410800E003006062410C
:10D820000800E003000000000800E0030000000022
:10D830001E000000FFFFFFFFFFFFFFFFFFFFFFFFD6
:10D84000FFFFFFFFFFFFFFFFFFFFFFFFFFFFFFFFE8
:10D85000FFFFFFFFFFFFFFFFFFFFFFFFFFFFFFFFD8
:10D86000FFFFFFFFFFFFFFFFFFFFFFFFFFFFFFFFC8
:10D87000FFFFFFFFFFFFFFFFFFFFFFFFFFFFFFFFB8
:10D88000FFFFFFFFFFFFFFFFFFFFFFFFFFFFFFFFA8
:10D89000FFFFFFFFFFFFFFFFFFFFFFFFFFFFFFFF98
:10D8A000FFFFFFFFFFFFFFFFFFFFFFFFFFFFFFFF88
:10D8B000FFFFFFFFFFFFFFFFFFFFFFFFFFFFFFFF78
:10D8C000FFFFFFFFFFFFFFFFFFFFFFFFFFFFFFFF68
:10D8D000FFFFFFFFFFFFFFFFFFFFFFFFFFFFFFFF58
:10D8E000FFFFFFFFFFFFFFFFFFFFFFFFFFFFFFFF48
:10D8F000FFFFFFFFFFFFFFFFFFFFFFFFFFFFFFFF38
:10D90000FFFFFFFFFFFFFFFFFFFFFFFFFFFFFFFF27
:10D91000FFFFFFFFFFFFFFFFFFFFFFFFFFFFFFFF17
:10D92000FFFFFFFFFFFFFFFFFFFFFFFFFFFFFFFF07
:10D93000FFFFFFFFFFFFFFFFFFFFFFFFFFFFFFFFF7
:10D94000FFFFFFFFFFFFFFFFFFFFFFFFFFFFFFFFE7
:10D95000FFFFFFFFFFFFFFFFFFFFFFFFFFFFFFFFD7
:10D96000FFFFFFFFFFFFFFFFFFFFFFFFFFFFFFFFC7
:10D97000FFFFFFFFFFFFFFFFFFFFFFFFFFFFFFFFB7
:10D98000FFFFFFFFFFFFFFFFFFFFFFFFFFFFFFFFA7
:10D99000FFFFFFFFFFFFFFFFFFFFFFFFFFFFFFFF97
:10D9A000FFFFFFFFFFFFFFFFFFFFFFFFFFFFFFFF87
:10D9B000FFFFFFFFFFFFFFFFFFFFFFFFFFFFFFFF77
:10D9C000FFFFFFFFFFFFFFFFFFFFFFFFFFFFFFFF67
:10D9D000FFFFFFFFFFFFFFFFFFFFFFFFFFFFFFFF57
:10D9E000FFFFFFFFFFFFFFFFFFFFFFFFFFFFFFFF47
:10D9F000FFFFFFFFFFFFFFFFFFFFFFFFFFFFFFFF37
:10DA0000FFFFFFFFFFFFFFFFFFFFFFFFFFFFFFFF26
:10DA1000FFFFFFFFFFFFFFFFFFFFFFFFFFFFFFFF16
:10DA2000FFFFFFFFFFFFFFFFFFFFFFFFFFFFFFFF06
:10DA3000FFFFFFFFFFFFFFFFFFFFFFFFFFFFFFFFF6
:10DA4000FFFFFFFFFFFFFFFFFFFFFFFFFFFFFFFFE6
:10DA5000FFFFFFFFFFFFFFFFFFFFFFFFFFFFFFFFD6
:10DA6000FFFFFFFFFFFFFFFFFFFFFFFFFFFFFFFFC6
:10DA7000FFFFFFFFFFFFFFFFFFFFFFFFFFFFFFFFB6
:10DA8000FFFFFFFFFFFFFFFFFFFFFFFFFFFFFFFFA6
:10DA9000FFFFFFFFFFFFFFFFFFFFFFFFFFFFFFFF96
:10DAA000FFFFFFFFFFFFFFFFFFFFFFFFFFFFFFFF86
:10DAB000FFFFFFFFFFFFFFFFFFFFFFFFFFFFFFFF76
:10DAC000FFFFFFFFFFFFFFFFFFFFFFFFFFFFFFFF66
:10DAD000FFFFFFFFFFFFFFFFFFFFFFFFFFFFFFFF56
:10DAE000FFFFFFFFFFFFFFFFFFFFFFFFFFFFFFFF46
:10DAF000FFFFFFFFFFFFFFFFFFFFFFFFFFFFFFFF36
:10DB0000FFFFFFFFFFFFFFFFFFFFFFFFFFFFFFFF25
:10DB1000FFFFFFFFFFFFFFFFFFFFFFFFFFFFFFFF15
:10DB2000FFFFFFFFFFFFFFFFFFFFFFFFFFFFFFFF05
:10DB3000FFFFFFFFFFFFFFFFFFFFFFFFFFFFFFFFF5
:10DB4000FFFFFFFFFFFFFFFFFFFFFFFFFFFFFFFFE5
:10DB5000FFFFFFFFFFFFFFFFFFFFFFFFFFFFFFFFD5
:10DB6000FFFFFFFFFFFFFFFFFFFFFFFFFFFFFFFFC5
:10DB7000FFFFFFFFFFFFFFFFFFFFFFFFFFFFFFFFB5
:10DB8000FFFFFFFFFFFFFFFFFFFFFFFFFFFFFFFFA5
:10DB9000FFFFFFFFFFFFFFFFFFFFFFFFFFFFFFFF95
:10DBA000FFFFFFFFFFFFFFFFFFFFFFFFFFFFFFFF85
:10DBB000FFFFFFFFFFFFFFFFFFFFFFFFFFFFFFFF75
:10DBC000FFFFFFFFFFFFFFFFFFFFFFFFFFFFFFFF65
:10DBD000FFFFFFFFFFFFFFFFFFFFFFFFFFFFFFFF55
:10DBE000FFFFFFFFFFFFFFFFFFFFFFFFFFFFFFFF45
:10DBF000FFFFFFFFFFFFFFFFFFFFFFFFFFFFFFFF35
:10DC0000FFFFFFFFFFFFFFFFFFFFFFFFFFFFFFFF24
:10DC1000FFFFFFFFFFFFFFFFFFFFFFFFFFFFFFFF14
:10DC2000FFFFFFFFFFFFFFFFFFFFFFFFFFFFFFFF04
:10DC3000FFFFFFFFFFFFFFFFFFFFFFFFFFFFFFFFF4
:10DC4000FFFFFFFFFFFFFFFFFFFFFFFFFFFFFFFFE4
:10DC5000FFFFFFFFFFFFFFFFFFFFFFFFFFFFFFFFD4
:10DC6000FFFFFFFFFFFFFFFFFFFFFFFFFFFFFFFFC4
:10DC7000FFFFFFFFFFFFFFFFFFFFFFFFFFFFFFFFB4
:10DC8000FFFFFFFFFFFFFFFFFFFFFFFFFFFFFFFFA4
:10DC9000FFFFFFFFFFFFFFFFFFFFFFFFFFFFFFFF94
:10DCA000FFFFFFFFFFFFFFFFFFFFFFFFFFFFFFFF84
:10DCB000FFFFFFFFFFFFFFFFFFFFFFFFFFFFFFFF74
:10DCC000FFFFFFFFFFFFFFFFFFFFFFFFFFFFFFFF64
:10DCD000FFFFFFFFFFFFFFFFFFFFFFFFFFFFFFFF54
:10DCE000FFFFFFFFFFFFFFFFFFFFFFFFFFFFFFFF44
:10DCF000FFFFFFFFFFFFFFFFFFFFFFFFFFFFFFFF34
:10DD0000FFFFFFFFFFFFFFFFFFFFFFFFFFFFFFFF23
:10DD1000FFFFFFFFFFFFFFFFFFFFFFFFFFFFFFFF13
:10DD2000FFFFFFFFFFFFFFFFFFFFFFFFFFFFFFFF03
:10DD3000FFFFFFFFFFFFFFFFFFFFFFFFFFFFFFFFF3
:10DD4000FFFFFFFFFFFFFFFFFFFFFFFFFFFFFFFFE3
:10DD5000FFFFFFFFFFFFFFFFFFFFFFFFFFFFFFFFD3
:10DD6000FFFFFFFFFFFFFFFFFFFFFFFFFFFFFFFFC3
:10DD7000FFFFFFFFFFFFFFFFFFFFFFFFFFFFFFFFB3
:10DD8000FFFFFFFFFFFFFFFFFFFFFFFFFFFFFFFFA3
:10DD9000FFFFFFFFFFFFFFFFFFFFFFFFFFFFFFFF93
:10DDA000FFFFFFFFFFFFFFFFFFFFFFFFFFFFFFFF83
:10DDB000FFFFFFFFFFFFFFFFFFFFFFFFFFFFFFFF73
:10DDC000FFFFFFFFFFFFFFFFFFFFFFFFFFFFFFFF63
:10DDD000FFFFFFFFFFFFFFFFFFFFFFFFFFFFFFFF53
:10DDE000FFFFFFFFFFFFFFFFFFFFFFFFFFFFFFFF43
:10DDF000FFFFFFFFFFFFFFFFFFFFFFFFFFFFFFFF33
:10DE0000FFFFFFFFFFFFFFFFFFFFFFFFFFFFFFFF22
:10DE1000FFFFFFFFFFFFFFFFFFFFFFFFFFFFFFFF12
:10DE2000FFFFFFFFFFFFFFFFFFFFFFFFFFFFFFFF02
:10DE3000FFFFFFFFFFFFFFFFFFFFFFFFFFFFFFFFF2
:10DE4000FFFFFFFFFFFFFFFFFFFFFFFFFFFFFFFFE2
:10DE5000FFFFFFFFFFFFFFFFFFFFFFFFFFFFFFFFD2
:10DE6000FFFFFFFFFFFFFFFFFFFFFFFFFFFFFFFFC2
:10DE7000FFFFFFFFFFFFFFFFFFFFFFFFFFFFFFFFB2
:10DE8000FFFFFFFFFFFFFFFFFFFFFFFFFFFFFFFFA2
:10DE9000FFFFFFFFFFFFFFFFFFFFFFFFFFFFFFFF92
:10DEA000FFFFFFFFFFFFFFFFFFFFFFFFFFFFFFFF82
:10DEB000FFFFFFFFFFFFFFFFFFFFFFFFFFFFFFFF72
:10DEC000FFFFFFFFFFFFFFFFFFFFFFFFFFFFFFFF62
:10DED000FFFFFFFFFFFFFFFFFFFFFFFFFFFFFFFF52
:10DEE000FFFFFFFFFFFFFFFFFFFFFFFFFFFFFFFF42
:10DEF000FFFFFFFFFFFFFFFFFFFFFFFFFFFFFFFF32
:10DF0000FFFFFFFFFFFFFFFFFFFFFFFFFFFFFFFF21
:10DF1000FFFFFFFFFFFFFFFFFFFFFFFFFFFFFFFF11
:10DF2000FFFFFFFFFFFFFFFFFFFFFFFFFFFFFFFF01
:10DF3000FFFFFFFFFFFFFFFFFFFFFFFFFFFFFFFFF1
:10DF4000FFFFFFFFFFFFFFFFFFFFFFFFFFFFFFFFE1
:10DF5000FFFFFFFFFFFFFFFFFFFFFFFFFFFFFFFFD1
:10DF6000FFFFFFFFFFFFFFFFFFFFFFFFFFFFFFFFC1
:10DF7000FFFFFFFFFFFFFFFFFFFFFFFFFFFFFFFFB1
:10DF8000FFFFFFFFFFFFFFFFFFFFFFFFFFFFFFFFA1
:10DF9000FFFFFFFFFFFFFFFFFFFFFFFFFFFFFFFF91
:10DFA000FFFFFFFFFFFFFFFFFFFFFFFFFFFFFFFF81
:10DFB000FFFFFFFFFFFFFFFFFFFFFFFFFFFFFFFF71
:10DFC000FFFFFFFFFFFFFFFFFFFFFFFFFFFFFFFF61
:10DFD000FFFFFFFFFFFFFFFFFFFFFFFFFFFFFFFF51
:10DFE000FFFFFFFFFFFFFFFFFFFFFFFFFFFFFFFF41
:10DFF000FFFFFFFFFFFFFFFFFFFFFFFFFFFFFFFF31
:10E00000FFFF0000FFFFFFFFFFFFFFFFFFFFFFFF1E
:10E01000FFFFFFFFFFFFFFFFFFFFFFFFFFFFFFFF10
:10E02000FFFFFFFFFFFFFFFFFFFFFFFFFFFFFFFF00
:10E03000FFFFFFFFFFFFFFFFFFFFFFFFFFFFFFFFF0
:10E04000FFFFFFFFFFFFFFFFFFFFFFFFFFFFFFFFE0
:10E05000FFFFFFFFFFFFFFFFFFFFFFFFFFFFFFFFD0
:10E06000FFFFFFFFFFFFFFFFFFFFFFFFFFFFFFFFC0
:10E07000FFFFFFFFFFFFFFFFFFFFFFFFFFFFFFFFB0
:10E08000FFFFFFFFFFFFFFFFFFFFFFFFFFFFFFFFA0
:10E09000FFFFFFFFFFFFFFFFFFFFFFFFFFFFFFFF90
:10E0A000FFFFFFFFFFFFFFFFFFFFFFFFFFFFFFFF80
:10E0B000FFFFFFFFFFFFFFFFFFFFFFFFFFFFFFFF70
:10E0C000FFFFFFFFFFFFFFFFFFFFFFFFFFFFFFFF60
:10E0D000FFFFFFFFFFFFFFFFFFFFFFFFFFFFFFFF50
:10E0E000FFFFFFFFFFFFFFFFFFFFFFFFFFFFFFFF40
:10E0F000FFFFFFFFFFFFFFFFFFFFFFFFFFFFFFFF30
:10E10000FFFFFFFFFFFFFFFFFFFFFFFFFFFFFFFF1F
:10E11000FFFFFFFFFFFFFFFFFFFFFFFFFFFFFFFF0F
:10E12000FFFFFFFFFFFFFFFFFFFFFFFFFFFFFFFFFF
:10E13000FFFFFFFFFFFFFFFFFFFFFFFFFFFFFFFFEF
:10E14000FFFFFFFFFFFFFFFFFFFFFFFFFFFFFFFFDF
:10E15000FFFFFFFFFFFFFFFFFFFFFFFFFFFFFFFFCF
:10E16000FFFFFFFFFFFFFFFFFFFFFFFFFFFFFFFFBF
:10E17000FFFFFFFFFFFFFFFFFFFFFFFFFFFFFFFFAF
:10E18000FFFFFFFFFFFFFFFFFFFFFFFFFFFFFFFF9F
:10E19000FFFFFFFFFFFFFFFFFFFFFFFFFFFFFFFF8F
:10E1A000FFFFFFFFFFFFFFFFFFFFFFFFFFFFFFFF7F
:10E1B000FFFFFFFFFFFFFFFFFFFFFFFFFFFFFFFF6F
:10E1C000FFFFFFFFFFFFFFFFFFFFFFFFFFFFFFFF5F
:10E1D000FFFFFFFFFFFFFFFFFFFFFFFFFFFFFFFF4F
:10E1E000FFFFFFFFFFFFFFFFFFFFFFFFFFFFFFFF3F
:10E1F000FFFFFFFFFFFFFFFFFFFFFFFFFFFFFFFF2F
:10E20000FFFFFFFFFFFFFFFFFFFFFFFFFFFFFFFF1E
:10E21000FFFFFFFFFFFFFFFFFFFFFFFFFFFFFFFF0E
:10E22000FFFFFFFFFFFFFFFFFFFFFFFFFFFFFFFFFE
:10E23000FFFFFFFFFFFFFFFFFFFFFFFFFFFFFFFFEE
:10E24000FFFFFFFFFFFFFFFFFFFFFFFFFFFFFFFFDE
:10E25000FFFFFFFFFFFFFFFFFFFFFFFFFFFFFFFFCE
:10E26000FFFFFFFFFFFFFFFFFFFFFFFFFFFFFFFFBE
:10E27000FFFFFFFFFFFFFFFFFFFFFFFFFFFFFFFFAE
:10E28000FFFFFFFFFFFFFFFFFFFFFFFFFFFFFFFF9E
:10E29000FFFFFFFFFFFFFFFFFFFFFFFFFFFFFFFF8E
:10E2A000FFFFFFFFFFFFFFFFFFFFFFFFFFFFFFFF7E
:10E2B000FFFFFFFFFFFFFFFFFFFFFFFFFFFFFFFF6E
:10E2C000FFFFFFFFFFFFFFFFFFFFFFFFFFFFFFFF5E
:10E2D000FFFFFFFFFFFFFFFFFFFFFFFFFFFFFFFF4E
:10E2E000FFFFFFFFFFFFFFFFFFFFFFFFFFFFFFFF3E
:10E2F000FFFFFFFFFFFFFFFFFFFFFFFFFFFFFFFF2E
:10E30000FFFFFFFFFFFFFFFFFFFFFFFFFFFFFFFF1D
:10E31000FFFFFFFFFFFFFFFFFFFFFFFFFFFFFFFF0D
:10E32000FFFFFFFFFFFFFFFFFFFFFFFFFFFFFFFFFD
:10E33000FFFFFFFFFFFFFFFFFFFFFFFFFFFFFFFFED
:10E34000FFFFFFFFFFFFFFFFFFFFFFFFFFFFFFFFDD
:10E35000FFFFFFFFFFFFFFFFFFFFFFFFFFFFFFFFCD
:10E36000FFFFFFFFFFFFFFFFFFFFFFFFFFFFFFFFBD
:10E37000FFFFFFFFFFFFFFFFFFFFFFFFFFFFFFFFAD
:10E38000FFFFFFFFFFFFFFFFFFFFFFFFFFFFFFFF9D
:10E39000FFFFFFFFFFFFFFFFFFFFFFFFFFFFFFFF8D
:10E3A000FFFFFFFFFFFFFFFFFFFFFFFFFFFFFFFF7D
:10E3B000FFFFFFFFFFFFFFFFFFFFFFFFFFFFFFFF6D
:10E3C000FFFFFFFFFFFFFFFFFFFFFFFFFFFFFFFF5D
:10E3D000FFFFFFFFFFFFFFFFFFFFFFFFFFFFFFFF4D
:10E3E000FFFFFFFFFFFFFFFFFFFFFFFFFFFFFFFF3D
:10E3F000FFFFFFFFFFFFFFFFFFFFFFFFFFFFFFFF2D
:10E40000FFFFFFFFFFFFFFFFFFFFFFFFFFFFFFFF1C
:10E41000FFFFFFFFFFFFFFFFFFFFFFFFFFFFFFFF0C
:10E42000FFFFFFFFFFFFFFFFFFFFFFFFFFFFFFFFFC
:10E43000FFFFFFFFFFFFFFFFFFFFFFFFFFFFFFFFEC
:10E44000FFFFFFFFFFFFFFFFFFFFFFFFFFFFFFFFDC
:10E45000FFFFFFFFFFFFFFFFFFFFFFFFFFFFFFFFCC
:10E46000FFFFFFFFFFFFFFFFFFFFFFFFFFFFFFFFBC
:10E47000FFFFFFFFFFFFFFFFFFFFFFFFFFFFFFFFAC
:10E48000FFFFFFFFFFFFFFFFFFFFFFFFFFFFFFFF9C
:10E49000FFFFFFFFFFFFFFFFFFFFFFFFFFFFFFFF8C
:10E4A000FFFFFFFFFFFFFFFFFFFFFFFFFFFFFFFF7C
:10E4B000FFFFFFFFFFFFFFFFFFFFFFFFFFFFFFFF6C
:10E4C000FFFFFFFFFFFFFFFFFFFFFFFFFFFFFFFF5C
:10E4D000FFFFFFFFFFFFFFFFFFFFFFFFFFFFFFFF4C
:10E4E000FFFFFFFFFFFFFFFFFFFFFFFFFFFFFFFF3C
:10E4F000FFFFFFFFFFFFFFFFFFFFFFFFFFFFFFFF2C
:10E50000FFFFFFFFFFFFFFFFFFFFFFFFFFFFFFFF1B
:10E51000FFFFFFFFFFFFFFFFFFFFFFFFFFFFFFFF0B
:10E52000FFFFFFFFFFFFFFFFFFFFFFFFFFFFFFFFFB
:10E53000FFFFFFFFFFFFFFFFFFFFFFFFFFFFFFFFEB
:10E54000FFFFFFFFFFFFFFFFFFFFFFFFFFFFFFFFDB
:10E55000FFFFFFFFFFFFFFFFFFFFFFFFFFFFFFFFCB
:10E56000FFFFFFFFFFFFFFFFFFFFFFFFFFFFFFFFBB
:10E57000FFFFFFFFFFFFFFFFFFFFFFFFFFFFFFFFAB
:10E58000FFFFFFFFFFFFFFFFFFFFFFFFFFFFFFFF9B
:10E59000FFFFFFFFFFFFFFFFFFFFFFFFFFFFFFFF8B
:10E5A000FFFFFFFFFFFFFFFFFFFFFFFFFFFFFFFF7B
:10E5B000FFFFFFFFFFFFFFFFFFFFFFFFFFFFFFFF6B
:10E5C000FFFFFFFFFFFFFFFFFFFFFFFFFFFFFFFF5B
:10E5D000FFFFFFFFFFFFFFFFFFFFFFFFFFFFFFFF4B
:10E5E000FFFFFFFFFFFFFFFFFFFFFFFFFFFFFFFF3B
:10E5F000FFFFFFFFFFFFFFFFFFFFFFFFFFFFFFFF2B
:10E60000FFFFFFFFFFFFFFFFFFFFFFFFFFFFFFFF1A
:10E61000FFFFFFFFFFFFFFFFFFFFFFFFFFFFFFFF0A
:10E62000FFFFFFFFFFFFFFFFFFFFFFFFFFFFFFFFFA
:10E63000FFFFFFFFFFFFFFFFFFFFFFFFFFFFFFFFEA
:10E64000FFFFFFFFFFFFFFFFFFFFFFFFFFFFFFFFDA
:10E65000FFFFFFFFFFFFFFFFFFFFFFFFFFFFFFFFCA
:10E66000FFFFFFFFFFFFFFFFFFFFFFFFFFFFFFFFBA
:10E67000FFFFFFFFFFFFFFFFFFFFFFFFFFFFFFFFAA
:10E68000FFFFFFFFFFFFFFFFFFFFFFFFFFFFFFFF9A
:10E69000FFFFFFFFFFFFFFFFFFFFFFFFFFFFFFFF8A
:10E6A000FFFFFFFFFFFFFFFFFFFFFFFFFFFFFFFF7A
:10E6B000FFFFFFFFFFFFFFFFFFFFFFFFFFFFFFFF6A
:10E6C000FFFFFFFFFFFFFFFFFFFFFFFFFFFFFFFF5A
:10E6D000FFFFFFFFFFFFFFFFFFFFFFFFFFFFFFFF4A
:10E6E000FFFFFFFFFFFFFFFFFFFFFFFFFFFFFFFF3A
:10E6F000FFFFFFFFFFFFFFFFFFFFFFFFFFFFFFFF2A
:10E70000FFFFFFFFFFFFFFFFFFFFFFFFFFFFFFFF19
:10E71000FFFFFFFFFFFFFFFFFFFFFFFFFFFFFFFF09
:10E72000FFFFFFFFFFFFFFFFFFFFFFFFFFFFFFFFF9
:10E73000FFFFFFFFFFFFFFFFFFFFFFFFFFFFFFFFE9
:10E74000FFFFFFFFFFFFFFFFFFFFFFFFFFFFFFFFD9
:10E75000FFFFFFFFFFFFFFFFFFFFFFFFFFFFFFFFC9
:10E76000FFFFFFFFFFFFFFFFFFFFFFFFFFFFFFFFB9
:10E77000FFFFFFFFFFFFFFFFFFFFFFFFFFFFFFFFA9
:10E78000FFFFFFFFFFFFFFFFFFFFFFFFFFFFFFFF99
:10E79000FFFFFFFFFFFFFFFFFFFFFFFFFFFFFFFF89
:10E7A000FFFFFFFFFFFFFFFFFFFFFFFFFFFFFFFF79
:10E7B000FFFFFFFFFFFFFFFFFFFFFFFFFFFFFFFF69
:10E7C000FFFFFFFFFFFFFFFFFFFFFFFFFFFFFFFF59
:10E7D000FFFFFFFFFFFFFFFFFFFFFFFFFFFFFFFF49
:10E7E000FFFFFFFFFFFFFFFFFFFFFFFFFFFFFFFF39
:10E7F000FFFFFFFFFFFFFFFFFFFFFFFFFFFFFFFF29
:10E80000FFFFFFFFFFFFFFFFFFFFFFFFFFFFFFFF18
:10E81000FFFFFFFFFFFFFFFFFFFFFFFFFFFFFFFF08
:10E82000FFFFFFFFFFFFFFFFFFFFFFFFFFFFFFFFF8
:10E83000FFFFFFFFFFFFFFFFFFFFFFFFFFFFFFFFE8
:10E84000FFFFFFFFFFFFFFFFFFFFFFFFFFFFFFFFD8
:10E85000FFFFFFFFFFFFFFFFFFFFFFFFFFFFFFFFC8
:10E86000FFFFFFFFFFFFFFFFFFFFFFFFFFFFFFFFB8
:10E87000FFFFFFFFFFFFFFFFFFFFFFFFFFFFFFFFA8
:10E88000FFFFFFFFFFFFFFFFFFFFFFFFFFFFFFFF98
:10E89000FFFFFFFFFFFFFFFFFFFFFFFFFFFFFFFF88
:10E8A000FFFFFFFFFFFFFFFFFFFFFFFFFFFFFFFF78
:10E8B000FFFFFFFFFFFFFFFFFFFFFFFFFFFFFFFF68
:10E8C000FFFFFFFFFFFFFFFFFFFFFFFFFFFFFFFF58
:10E8D000FFFFFFFFFFFFFFFFFFFFFFFFFFFFFFFF48
:10E8E000FFFFFFFFFFFFFFFFFFFFFFFFFFFFFFFF38
:10E8F000FFFFFFFFFFFFFFFFFFFFFFFFFFFFFFFF28
:10E90000FFFFFFFFFFFFFFFFFFFFFFFFFFFFFFFF17
:10E91000FFFFFFFFFFFFFFFFFFFFFFFFFFFFFFFF07
:10E92000FFFFFFFFFFFFFFFFFFFFFFFFFFFFFFFFF7
:10E93000FFFFFFFFFFFFFFFFFFFFFFFFFFFFFFFFE7
:10E94000FFFFFFFFFFFFFFFFFFFFFFFFFFFFFFFFD7
:10E95000FFFFFFFFFFFFFFFFFFFFFFFFFFFFFFFFC7
:10E96000FFFFFFFFFFFFFFFFFFFFFFFFFFFFFFFFB7
:10E97000FFFFFFFFFFFFFFFFFFFFFFFFFFFFFFFFA7
:10E98000FFFFFFFFFFFFFFFFFFFFFFFFFFFFFFFF97
:10E99000FFFFFFFFFFFFFFFFFFFFFFFFFFFFFFFF87
:10E9A000FFFFFFFFFFFFFFFFFFFFFFFFFFFFFFFF77
:10E9B000FFFFFFFFFFFFFFFFFFFFFFFFFFFFFFFF67
:10E9C000FFFFFFFFFFFFFFFFFFFFFFFFFFFFFFFF57
:10E9D000FFFFFFFFFFFFFFFFFFFFFFFFFFFFFFFF47
:10E9E000FFFFFFFFFFFFFFFFFFFFFFFFFFFFFFFF37
:10E9F000FFFFFFFFFFFFFFFFFFFFFFFFFFFFFFFF27
:10EA0000FFFFFFFFFFFFFFFFFFFFFFFFFFFFFFFF16
:10EA1000FFFFFFFFFFFFFFFFFFFFFFFFFFFFFFFF06
:10EA2000FFFFFFFFFFFFFFFFFFFFFFFFFFFFFFFFF6
:10EA3000FFFFFFFFFFFFFFFFFFFFFFFFFFFFFFFFE6
:10EA4000FFFFFFFFFFFFFFFFFFFFFFFFFFFFFFFFD6
:10EA5000FFFFFFFFFFFFFFFFFFFFFFFFFFFFFFFFC6
:10EA6000FFFFFFFFFFFFFFFFFFFFFFFFFFFFFFFFB6
:10EA7000FFFFFFFFFFFFFFFFFFFFFFFFFFFFFFFFA6
:10EA8000FFFFFFFFFFFFFFFFFFFFFFFFFFFFFFFF96
:10EA9000FFFFFFFFFFFFFFFFFFFFFFFFFFFFFFFF86
:10EAA000FFFFFFFFFFFFFFFFFFFFFFFFFFFFFFFF76
:10EAB000FFFFFFFFFFFFFFFFFFFFFFFFFFFFFFFF66
:10EAC000FFFFFFFFFFFFFFFFFFFFFFFFFFFFFFFF56
:10EAD000FFFFFFFFFFFFFFFFFFFFFFFFFFFFFFFF46
:10EAE000FFFFFFFFFFFFFFFFFFFFFFFFFFFFFFFF36
:10EAF000FFFFFFFFFFFFFFFFFFFFFFFFFFFFFFFF26
:10EB0000FFFFFFFFFFFFFFFFFFFFFFFFFFFFFFFF15
:10EB1000FFFFFFFFFFFFFFFFFFFFFFFFFFFFFFFF05
:10EB2000FFFFFFFFFFFFFFFFFFFFFFFFFFFFFFFFF5
:10EB3000FFFFFFFFFFFFFFFFFFFFFFFFFFFFFFFFE5
:10EB4000FFFFFFFFFFFFFFFFFFFFFFFFFFFFFFFFD5
:10EB5000FFFFFFFFFFFFFFFFFFFFFFFFFFFFFFFFC5
:10EB6000FFFFFFFFFFFFFFFFFFFFFFFFFFFFFFFFB5
:10EB7000FFFFFFFFFFFFFFFFFFFFFFFFFFFFFFFFA5
:10EB8000FFFFFFFFFFFFFFFFFFFFFFFFFFFFFFFF95
:10EB9000FFFFFFFFFFFFFFFFFFFFFFFFFFFFFFFF85
:10EBA000FFFFFFFFFFFFFFFFFFFFFFFFFFFFFFFF75
:10EBB000FFFFFFFFFFFFFFFFFFFFFFFFFFFFFFFF65
:10EBC000FFFFFFFFFFFFFFFFFFFFFFFFFFFFFFFF55
:10EBD000FFFFFFFFFFFFFFFFFFFFFFFFFFFFFFFF45
:10EBE000FFFFFFFFFFFFFFFFFFFFFFFFFFFFFFFF35
:10EBF000FFFFFFFFFFFFFFFFFFFFFFFFFFFFFFFF25
:10EC0000FFFFFFFFFFFFFFFFFFFFFFFFFFFFFFFF14
:10EC1000FFFFFFFFFFFFFFFFFFFFFFFFFFFFFFFF04
:10EC2000FFFFFFFFFFFFFFFFFFFFFFFFFFFFFFFFF4
:10EC3000FFFFFFFFFFFFFFFFFFFFFFFFFFFFFFFFE4
:10EC4000FFFFFFFFFFFFFFFFFFFFFFFFFFFFFFFFD4
:10EC5000FFFFFFFFFFFFFFFFFFFFFFFFFFFFFFFFC4
:10EC6000FFFFFFFFFFFFFFFFFFFFFFFFFFFFFFFFB4
:10EC7000FFFFFFFFFFFFFFFFFFFFFFFFFFFFFFFFA4
:10EC8000FFFFFFFFFFFFFFFFFFFFFFFFFFFFFFFF94
:10EC9000FFFFFFFFFFFFFFFFFFFFFFFFFFFFFFFF84
:10ECA000FFFFFFFFFFFFFFFFFFFFFFFFFFFFFFFF74
:10ECB000FFFFFFFFFFFFFFFFFFFFFFFFFFFFFFFF64
:10ECC000FFFFFFFFFFFFFFFFFFFFFFFFFFFFFFFF54
:10ECD000FFFFFFFFFFFFFFFFFFFFFFFFFFFFFFFF44
:10ECE000FFFFFFFFFFFFFFFFFFFFFFFFFFFFFFFF34
:10ECF000FFFFFFFFFFFFFFFFFFFFFFFFFFFFFFFF24
:10ED0000FFFFFFFFFFFFFFFFFFFFFFFFFFFFFFFF13
:10ED1000FFFFFFFFFFFFFFFFFFFFFFFFFFFFFFFF03
:10ED2000FFFFFFFFFFFFFFFFFFFFFFFFFFFFFFFFF3
:10ED3000FFFFFFFFFFFFFFFFFFFFFFFFFFFFFFFFE3
:10ED4000FFFFFFFFFFFFFFFFFFFFFFFFFFFFFFFFD3
:10ED5000FFFFFFFFFFFFFFFFFFFFFFFFFFFFFFFFC3
:10ED6000FFFFFFFFFFFFFFFFFFFFFFFFFFFFFFFFB3
:10ED7000FFFFFFFFFFFFFFFFFFFFFFFFFFFFFFFFA3
:10ED8000FFFFFFFFFFFFFFFFFFFFFFFFFFFFFFFF93
:10ED9000FFFFFFFFFFFFFFFFFFFFFFFFFFFFFFFF83
:10EDA000FFFFFFFFFFFFFFFFFFFFFFFFFFFFFFFF73
:10EDB000FFFFFFFFFFFFFFFFFFFFFFFFFFFFFFFF63
:10EDC000FFFFFFFFFFFFFFFFFFFFFFFFFFFFFFFF53
:10EDD000FFFFFFFFFFFFFFFFFFFFFFFFFFFFFFFF43
:10EDE000FFFFFFFFFFFFFFFFFFFFFFFFFFFFFFFF33
:10EDF000FFFFFFFFFFFFFFFFFFFFFFFFFFFFFFFF23
:10EE0000FFFFFFFFFFFFFFFFFFFFFFFFFFFFFFFF12
:10EE1000FFFFFFFFFFFFFFFFFFFFFFFFFFFFFFFF02
:10EE2000FFFFFFFFFFFFFFFFFFFFFFFFFFFFFFFFF2
:10EE3000FFFFFFFFFFFFFFFFFFFFFFFFFFFFFFFFE2
:10EE4000FFFFFFFFFFFFFFFFFFFFFFFFFFFFFFFFD2
:10EE5000FFFFFFFFFFFFFFFFFFFFFFFFFFFFFFFFC2
:10EE6000FFFFFFFFFFFFFFFFFFFFFFFFFFFFFFFFB2
:10EE7000FFFFFFFFFFFFFFFFFFFFFFFFFFFFFFFFA2
:10EE8000FFFFFFFFFFFFFFFFFFFFFFFFFFFFFFFF92
:10EE9000FFFFFFFFFFFFFFFFFFFFFFFFFFFFFFFF82
:10EEA000FFFFFFFFFFFFFFFFFFFFFFFFFFFFFFFF72
:10EEB000FFFFFFFFFFFFFFFFFFFFFFFFFFFFFFFF62
:10EEC000FFFFFFFFFFFFFFFFFFFFFFFFFFFFFFFF52
:10EED000FFFFFFFFFFFFFFFFFFFFFFFFFFFFFFFF42
:10EEE000FFFFFFFFFFFFFFFFFFFFFFFFFFFFFFFF32
:10EEF000FFFFFFFFFFFFFFFFFFFFFFFFFFFFFFFF22
:10EF0000FFFFFFFFFFFFFFFFFFFFFFFFFFFFFFFF11
:10EF1000FFFFFFFFFFFFFFFFFFFFFFFFFFFFFFFF01
:10EF2000FFFFFFFFFFFFFFFFFFFFFFFFFFFFFFFFF1
:10EF3000FFFFFFFFFFFFFFFFFFFFFFFFFFFFFFFFE1
:10EF4000FFFFFFFFFFFFFFFFFFFFFFFFFFFFFFFFD1
:10EF5000FFFFFFFFFFFFFFFFFFFFFFFFFFFFFFFFC1
:10EF6000FFFFFFFFFFFFFFFFFFFFFFFFFFFFFFFFB1
:10EF7000FFFFFFFFFFFFFFFFFFFFFFFFFFFFFFFFA1
:10EF8000FFFFFFFFFFFFFFFFFFFFFFFFFFFFFFFF91
:10EF9000FFFFFFFFFFFFFFFFFFFFFFFFFFFFFFFF81
:10EFA000FFFFFFFFFFFFFFFFFFFFFFFFFFFFFFFF71
:10EFB000FFFFFFFFFFFFFFFFFFFFFFFFFFFFFFFF61
:10EFC000FFFFFFFFFFFFFFFFFFFFFFFFFFFFFFFF51
:10EFD000FFFFFFFFFFFFFFFFFFFFFFFFFFFFFFFF41
:10EFE000FFFFFFFFFFFFFFFFFFFFFFFFFFFFFFFF31
:10EFF000FFFFFFFFFFFFFFFFFFFFFFFFFFFFFFFF21
:00000001FF
