:020000041D00DD
:10600000FFFFFFFFFFFFFFFFFFFFFFFFFFFFFFFFA0
:10601000FFFFFFFFFFFFFFFFFFFFFFFFFFFFFFFF90
:10602000FFFFFFFFFFFFFFFFFFFFFFFFFFFFFFFF80
:10603000FFFFFFFFFFFFFFFFFFFFFFFFFFFFFFFF70
:10604000FFFFFFFFFFFFFFFFFFFFFFFFFFFFFFFF60
:10605000FFFFFFFFFFFFFFFFFFFFFFFFFFFFFFFF50
:10606000FFFFFFFFFFFFFFFFFFFFFFFFFFFFFFFF40
:10607000FFFFFFFFFFFFFFFFFFFFFFFFFFFFFFFF30
:10608000FFFFFFFFFFFFFFFFFFFFFFFFFFFFFFFF20
:10609000FFFFFFFFFFFFFFFFFFFFFFFFFFFFFFFF10
:1060A000FFFFFFFFFFFFFFFFFFFFFFFFFFFFFFFF00
:1060B000FFFFFFFFFFFFFFFFFFFFFFFFFFFFFFFFF0
:1060C000FFFFFFFFFFFFFFFFFFFFFFFFFFFFFFFFE0
:1060D000FFFFFFFFFFFFFFFFFFFFFFFFFFFFFFFFD0
:1060E000FFFFFFFFFFFFFFFFFFFFFFFFFFFFFFFFC0
:1060F000FFFFFFFFFFFFFFFFFFFFFFFFFFFFFFFFB0
:10610000FFFFFFFFFFFFFFFFFFFFFFFFFFFFFFFF9F
:10611000FFFFFFFFFFFFFFFFFFFFFFFFFFFFFFFF8F
:10612000FFFFFFFFFFFFFFFFFFFFFFFFFFFFFFFF7F
:10613000FFFFFFFFFFFFFFFFFFFFFFFFFFFFFFFF6F
:10614000FFFFFFFFFFFFFFFFFFFFFFFFFFFFFFFF5F
:10615000FFFFFFFFFFFFFFFFFFFFFFFFFFFFFFFF4F
:10616000FFFFFFFFFFFFFFFFFFFFFFFFFFFFFFFF3F
:10617000FFFFFFFFFFFFFFFFFFFFFFFFFFFFFFFF2F
:10618000029D1A3CF4C55A27080040030000000095
:10619000FFFFFFFFFFFFFFFFFFFFFFFFFFFFFFFF0F
:1061A000FFFFFFFFFFFFFFFFFFFFFFFFFFFFFFFFFF
:1061B000FFFFFFFFFFFFFFFFFFFFFFFFFFFFFFFFEF
:1061C000FFFFFFFFFFFFFFFFFFFFFFFFFFFFFFFFDF
:1061D000FFFFFFFFFFFFFFFFFFFFFFFFFFFFFFFFCF
:1061E000FFFFFFFFFFFFFFFFFFFFFFFFFFFFFFFFBF
:1061F000FFFFFFFFFFFFFFFFFFFFFFFFFFFFFFFFAF
:106200004B73400B00000000FFFFFFFFFFFFFFFF8D
:10621000FFFFFFFFFFFFFFFFFFFFFFFFFFFFFFFF8E
:106220004B73400B00000000FFFFFFFFFFFFFFFF6D
:10623000FFFFFFFFFFFFFFFFFFFFFFFFFFFFFFFF6E
:106240004B73400B00000000FFFFFFFFFFFFFFFF4D
:10625000FFFFFFFFFFFFFFFFFFFFFFFFFFFFFFFF4E
:106260004B73400B00000000FFFFFFFFFFFFFFFF2D
:10627000FFFFFFFFFFFFFFFFFFFFFFFFFFFFFFFF2E
:106280004B73400B00000000FFFFFFFFFFFFFFFF0D
:10629000FFFFFFFFFFFFFFFFFFFFFFFFFFFFFFFF0E
:1062A0004B73400B00000000FFFFFFFFFFFFFFFFED
:1062B000FFFFFFFFFFFFFFFFFFFFFFFFFFFFFFFFEE
:1062C0004B73400B00000000FFFFFFFFFFFFFFFFCD
:1062D000FFFFFFFFFFFFFFFFFFFFFFFFFFFFFFFFCE
:1062E0004B73400B00000000FFFFFFFFFFFFFFFFAD
:1062F000FFFFFFFFFFFFFFFFFFFFFFFFFFFFFFFFAE
:106300000C1F400B00000000FFFFFFFFFFFFFFFF1F
:10631000FFFFFFFFFFFFFFFFFFFFFFFFFFFFFFFF8D
:106320004B73400B00000000FFFFFFFFFFFFFFFF6C
:10633000FFFFFFFFFFFFFFFFFFFFFFFFFFFFFFFF6D
:106340004B73400B00000000FFFFFFFFFFFFFFFF4C
:10635000FFFFFFFFFFFFFFFFFFFFFFFFFFFFFFFF4D
:106360004B73400B00000000FFFFFFFFFFFFFFFF2C
:10637000FFFFFFFFFFFFFFFFFFFFFFFFFFFFFFFF2D
:10638000B11F400B00000000FFFFFFFFFFFFFFFFFA
:10639000FFFFFFFFFFFFFFFFFFFFFFFFFFFFFFFF0D
:1063A0004B73400B00000000FFFFFFFFFFFFFFFFEC
:1063B000FFFFFFFFFFFFFFFFFFFFFFFFFFFFFFFFED
:1063C0004B73400B00000000FFFFFFFFFFFFFFFFCC
:1063D000FFFFFFFFFFFFFFFFFFFFFFFFFFFFFFFFCD
:1063E0004B73400B00000000FFFFFFFFFFFFFFFFAC
:1063F000FFFFFFFFFFFFFFFFFFFFFFFFFFFFFFFFAD
:10640000901F400B00000000FFFFFFFFFFFFFFFF9A
:10641000FFFFFFFFFFFFFFFFFFFFFFFFFFFFFFFF8C
:106420004B73400B00000000FFFFFFFFFFFFFFFF6B
:10643000FFFFFFFFFFFFFFFFFFFFFFFFFFFFFFFF6C
:106440004B73400B00000000FFFFFFFFFFFFFFFF4B
:10645000FFFFFFFFFFFFFFFFFFFFFFFFFFFFFFFF4C
:106460004B73400B00000000FFFFFFFFFFFFFFFF2B
:10647000FFFFFFFFFFFFFFFFFFFFFFFFFFFFFFFF2C
:106480006C1F400B00000000FFFFFFFFFFFFFFFF3E
:10649000FFFFFFFFFFFFFFFFFFFFFFFFFFFFFFFF0C
:1064A0004B73400B00000000FFFFFFFFFFFFFFFFEB
:1064B000FFFFFFFFFFFFFFFFFFFFFFFFFFFFFFFFEC
:1064C0004B73400B00000000FFFFFFFFFFFFFFFFCB
:1064D000FFFFFFFFFFFFFFFFFFFFFFFFFFFFFFFFCC
:1064E0004B73400B00000000FFFFFFFFFFFFFFFFAB
:1064F000FFFFFFFFFFFFFFFFFFFFFFFFFFFFFFFFAC
:106500004B73400B00000000FFFFFFFFFFFFFFFF8A
:10651000FFFFFFFFFFFFFFFFFFFFFFFFFFFFFFFF8B
:106520004B73400B00000000FFFFFFFFFFFFFFFF6A
:10653000FFFFFFFFFFFFFFFFFFFFFFFFFFFFFFFF6B
:106540004B73400B00000000FFFFFFFFFFFFFFFF4A
:10655000FFFFFFFFFFFFFFFFFFFFFFFFFFFFFFFF4B
:106560004B73400B00000000FFFFFFFFFFFFFFFF2A
:10657000FFFFFFFFFFFFFFFFFFFFFFFFFFFFFFFF2B
:106580004B73400B00000000FFFFFFFFFFFFFFFF0A
:10659000FFFFFFFFFFFFFFFFFFFFFFFFFFFFFFFF0B
:1065A0007957400B00000000FFFFFFFFFFFFFFFFD8
:1065B000FFFFFFFFFFFFFFFFFFFFFFFFFFFFFFFFEB
:1065C0004B73400B00000000FFFFFFFFFFFFFFFFCA
:1065D000FFFFFFFFFFFFFFFFFFFFFFFFFFFFFFFFCB
:1065E0008C21400B00000000FFFFFFFFFFFFFFFFBB
:1065F000FFFFFFFFFFFFFFFFFFFFFFFFFFFFFFFFAB
:106600004B73400B00000000FFFFFFFFFFFFFFFF89
:10661000FFFFFFFFFFFFFFFFFFFFFFFFFFFFFFFF8A
:106620004B73400B00000000FFFFFFFFFFFFFFFF69
:10663000FFFFFFFFFFFFFFFFFFFFFFFFFFFFFFFF6A
:106640004B73400B00000000FFFFFFFFFFFFFFFF49
:10665000FFFFFFFFFFFFFFFFFFFFFFFFFFFFFFFF4A
:106660004B73400B00000000FFFFFFFFFFFFFFFF29
:10667000FFFFFFFFFFFFFFFFFFFFFFFFFFFFFFFF2A
:106680004B73400B00000000FFFFFFFFFFFFFFFF09
:10669000FFFFFFFFFFFFFFFFFFFFFFFFFFFFFFFF0A
:1066A0004B73400B00000000FFFFFFFFFFFFFFFFE9
:1066B000FFFFFFFFFFFFFFFFFFFFFFFFFFFFFFFFEA
:1066C0004B73400B00000000FFFFFFFFFFFFFFFFC9
:1066D000FFFFFFFFFFFFFFFFFFFFFFFFFFFFFFFFCA
:1066E0004B73400B00000000FFFFFFFFFFFFFFFFA9
:1066F000FFFFFFFFFFFFFFFFFFFFFFFFFFFFFFFFAA
:106700004B73400B00000000FFFFFFFFFFFFFFFF88
:10671000FFFFFFFFFFFFFFFFFFFFFFFFFFFFFFFF89
:106720004B73400B00000000FFFFFFFFFFFFFFFF68
:10673000FFFFFFFFFFFFFFFFFFFFFFFFFFFFFFFF69
:106740004B73400B00000000FFFFFFFFFFFFFFFF48
:10675000FFFFFFFFFFFFFFFFFFFFFFFFFFFFFFFF49
:106760004B73400B00000000FFFFFFFFFFFFFFFF28
:10677000FFFFFFFFFFFFFFFFFFFFFFFFFFFFFFFF29
:106780004B73400B00000000FFFFFFFFFFFFFFFF08
:10679000FFFFFFFFFFFFFFFFFFFFFFFFFFFFFFFF09
:1067A0004B73400B00000000FFFFFFFFFFFFFFFFE8
:1067B000FFFFFFFFFFFFFFFFFFFFFFFFFFFFFFFFE9
:1067C0004B73400B00000000FFFFFFFFFFFFFFFFC8
:1067D000FFFFFFFFFFFFFFFFFFFFFFFFFFFFFFFFC9
:1067E0004B73400B00000000FFFFFFFFFFFFFFFFA8
:1067F000FFFFFFFFFFFFFFFFFFFFFFFFFFFFFFFFA9
:106800004B73400B00000000FFFFFFFFFFFFFFFF87
:10681000FFFFFFFFFFFFFFFFFFFFFFFFFFFFFFFF88
:106820004B73400B00000000FFFFFFFFFFFFFFFF67
:10683000FFFFFFFFFFFFFFFFFFFFFFFFFFFFFFFF68
:10684000FFFFFFFFFFFFFFFFFFFFFFFFFFFFFFFF58
:10685000FFFFFFFFFFFFFFFFFFFFFFFFFFFFFFFF48
:10686000FFFFFFFFFFFFFFFFFFFFFFFFFFFFFFFF38
:10687000FFFFFFFFFFFFFFFFFFFFFFFFFFFFFFFF28
:10688000FFFFFFFFFFFFFFFFFFFFFFFFFFFFFFFF18
:10689000FFFFFFFFFFFFFFFFFFFFFFFFFFFFFFFF08
:1068A000FFFFFFFFFFFFFFFFFFFFFFFFFFFFFFFFF8
:1068B000FFFFFFFFFFFFFFFFFFFFFFFFFFFFFFFFE8
:1068C000FFFFFFFFFFFFFFFFFFFFFFFFFFFFFFFFD8
:1068D000FFFFFFFFFFFFFFFFFFFFFFFFFFFFFFFFC8
:1068E000FFFFFFFFFFFFFFFFFFFFFFFFFFFFFFFFB8
:1068F000FFFFFFFFFFFFFFFFFFFFFFFFFFFFFFFFA8
:10690000FFFFFFFFFFFFFFFFFFFFFFFFFFFFFFFF97
:10691000FFFFFFFFFFFFFFFFFFFFFFFFFFFFFFFF87
:10692000FFFFFFFFFFFFFFFFFFFFFFFFFFFFFFFF77
:10693000FFFFFFFFFFFFFFFFFFFFFFFFFFFFFFFF67
:10694000FFFFFFFFFFFFFFFFFFFFFFFFFFFFFFFF57
:10695000FFFFFFFFFFFFFFFFFFFFFFFFFFFFFFFF47
:10696000FFFFFFFFFFFFFFFFFFFFFFFFFFFFFFFF37
:10697000FFFFFFFFFFFFFFFFFFFFFFFFFFFFFFFF27
:10698000FFFFFFFFFFFFFFFFFFFFFFFFFFFFFFFF17
:10699000FFFFFFFFFFFFFFFFFFFFFFFFFFFFFFFF07
:1069A000FFFFFFFFFFFFFFFFFFFFFFFFFFFFFFFFF7
:1069B000FFFFFFFFFFFFFFFFFFFFFFFFFFFFFFFFE7
:1069C000FFFFFFFFFFFFFFFFFFFFFFFFFFFFFFFFD7
:1069D000FFFFFFFFFFFFFFFFFFFFFFFFFFFFFFFFC7
:1069E000FFFFFFFFFFFFFFFFFFFFFFFFFFFFFFFFB7
:1069F000FFFFFFFFFFFFFFFFFFFFFFFFFFFFFFFFA7
:106A0000FFFFFFFFFFFFFFFFFFFFFFFFFFFFFFFF96
:106A1000FFFFFFFFFFFFFFFFFFFFFFFFFFFFFFFF86
:106A2000FFFFFFFFFFFFFFFFFFFFFFFFFFFFFFFF76
:106A3000FFFFFFFFFFFFFFFFFFFFFFFFFFFFFFFF66
:106A4000FFFFFFFFFFFFFFFFFFFFFFFFFFFFFFFF56
:106A5000FFFFFFFFFFFFFFFFFFFFFFFFFFFFFFFF46
:106A6000FFFFFFFFFFFFFFFFFFFFFFFFFFFFFFFF36
:106A7000FFFFFFFFFFFFFFFFFFFFFFFFFFFFFFFF26
:106A8000FFFFFFFFFFFFFFFFFFFFFFFFFFFFFFFF16
:106A9000FFFFFFFFFFFFFFFFFFFFFFFFFFFFFFFF06
:106AA000FFFFFFFFFFFFFFFFFFFFFFFFFFFFFFFFF6
:106AB000FFFFFFFFFFFFFFFFFFFFFFFFFFFFFFFFE6
:106AC000FFFFFFFFFFFFFFFFFFFFFFFFFFFFFFFFD6
:106AD000FFFFFFFFFFFFFFFFFFFFFFFFFFFFFFFFC6
:106AE000FFFFFFFFFFFFFFFFFFFFFFFFFFFFFFFFB6
:106AF000FFFFFFFFFFFFFFFFFFFFFFFFFFFFFFFFA6
:106B0000FFFFFFFFFFFFFFFFFFFFFFFFFFFFFFFF95
:106B1000FFFFFFFFFFFFFFFFFFFFFFFFFFFFFFFF85
:106B2000FFFFFFFFFFFFFFFFFFFFFFFFFFFFFFFF75
:106B3000FFFFFFFFFFFFFFFFFFFFFFFFFFFFFFFF65
:106B4000FFFFFFFFFFFFFFFFFFFFFFFFFFFFFFFF55
:106B5000FFFFFFFFFFFFFFFFFFFFFFFFFFFFFFFF45
:106B6000FFFFFFFFFFFFFFFFFFFFFFFFFFFFFFFF35
:106B7000FFFFFFFFFFFFFFFFFFFFFFFFFFFFFFFF25
:106B8000FFFFFFFFFFFFFFFFFFFFFFFFFFFFFFFF15
:106B9000FFFFFFFFFFFFFFFFFFFFFFFFFFFFFFFF05
:106BA000FFFFFFFFFFFFFFFFFFFFFFFFFFFFFFFFF5
:106BB000FFFFFFFFFFFFFFFFFFFFFFFFFFFFFFFFE5
:106BC000FFFFFFFFFFFFFFFFFFFFFFFFFFFFFFFFD5
:106BD000FFFFFFFFFFFFFFFFFFFFFFFFFFFFFFFFC5
:106BE000FFFFFFFFFFFFFFFFFFFFFFFFFFFFFFFFB5
:106BF000FFFFFFFFFFFFFFFFFFFFFFFFFFFFFFFFA5
:106C0000FFFFFFFFFFFFFFFFFFFFFFFFFFFFFFFF94
:106C1000FFFFFFFFFFFFFFFFFFFFFFFFFFFFFFFF84
:106C2000FFFFFFFFFFFFFFFFFFFFFFFFFFFFFFFF74
:106C3000FFFFFFFFFFFFFFFFFFFFFFFFFFFFFFFF64
:106C4000FFFFFFFFFFFFFFFFFFFFFFFFFFFFFFFF54
:106C5000FFFFFFFFFFFFFFFFFFFFFFFFFFFFFFFF44
:106C6000FFFFFFFFFFFFFFFFFFFFFFFFFFFFFFFF34
:106C7000FFFFFFFFFFFFFFFFFFFFFFFFFFFFFFFF24
:106C8000FFFFFFFFFFFFFFFFFFFFFFFFFFFFFFFF14
:106C9000FFFFFFFFFFFFFFFFFFFFFFFFFFFFFFFF04
:106CA000FFFFFFFFFFFFFFFFFFFFFFFFFFFFFFFFF4
:106CB000FFFFFFFFFFFFFFFFFFFFFFFFFFFFFFFFE4
:106CC000FFFFFFFFFFFFFFFFFFFFFFFFFFFFFFFFD4
:106CD000FFFFFFFFFFFFFFFFFFFFFFFFFFFFFFFFC4
:106CE000FFFFFFFFFFFFFFFFFFFFFFFFFFFFFFFFB4
:106CF000FFFFFFFFFFFFFFFFFFFFFFFFFFFFFFFFA4
:106D0000FFFFFFFFFFFFFFFFFFFFFFFFFFFFFFFF93
:106D1000FFFFFFFFFFFFFFFFFFFFFFFFFFFFFFFF83
:106D2000FFFFFFFFFFFFFFFFFFFFFFFFFFFFFFFF73
:106D3000FFFFFFFFFFFFFFFFFFFFFFFFFFFFFFFF63
:106D4000FFFFFFFFFFFFFFFFFFFFFFFFFFFFFFFF53
:106D5000FFFFFFFFFFFFFFFFFFFFFFFFFFFFFFFF43
:106D6000FFFFFFFFFFFFFFFFFFFFFFFFFFFFFFFF33
:106D7000FFFFFFFFFFFFFFFFFFFFFFFFFFFFFFFF23
:106D8000FFFFFFFFFFFFFFFFFFFFFFFFFFFFFFFF13
:106D9000FFFFFFFFFFFFFFFFFFFFFFFFFFFFFFFF03
:106DA000FFFFFFFFFFFFFFFFFFFFFFFFFFFFFFFFF3
:106DB000FFFFFFFFFFFFFFFFFFFFFFFFFFFFFFFFE3
:106DC000FFFFFFFFFFFFFFFFFFFFFFFFFFFFFFFFD3
:106DD000FFFFFFFFFFFFFFFFFFFFFFFFFFFFFFFFC3
:106DE000FFFFFFFFFFFFFFFFFFFFFFFFFFFFFFFFB3
:106DF000FFFFFFFFFFFFFFFFFFFFFFFFFFFFFFFFA3
:106E0000FFFFFFFFFFFFFFFFFFFFFFFFFFFFFFFF92
:106E1000FFFFFFFFFFFFFFFFFFFFFFFFFFFFFFFF82
:106E2000FFFFFFFFFFFFFFFFFFFFFFFFFFFFFFFF72
:106E3000FFFFFFFFFFFFFFFFFFFFFFFFFFFFFFFF62
:106E4000FFFFFFFFFFFFFFFFFFFFFFFFFFFFFFFF52
:106E5000FFFFFFFFFFFFFFFFFFFFFFFFFFFFFFFF42
:106E6000FFFFFFFFFFFFFFFFFFFFFFFFFFFFFFFF32
:106E7000FFFFFFFFFFFFFFFFFFFFFFFFFFFFFFFF22
:106E8000FFFFFFFFFFFFFFFFFFFFFFFFFFFFFFFF12
:106E9000FFFFFFFFFFFFFFFFFFFFFFFFFFFFFFFF02
:106EA000FFFFFFFFFFFFFFFFFFFFFFFFFFFFFFFFF2
:106EB000FFFFFFFFFFFFFFFFFFFFFFFFFFFFFFFFE2
:106EC000FFFFFFFFFFFFFFFFFFFFFFFFFFFFFFFFD2
:106ED000FFFFFFFFFFFFFFFFFFFFFFFFFFFFFFFFC2
:106EE000FFFFFFFFFFFFFFFFFFFFFFFFFFFFFFFFB2
:106EF000FFFFFFFFFFFFFFFFFFFFFFFFFFFFFFFFA2
:106F0000FFFFFFFFFFFFFFFFFFFFFFFFFFFFFFFF91
:106F1000FFFFFFFFFFFFFFFFFFFFFFFFFFFFFFFF81
:106F2000FFFFFFFFFFFFFFFFFFFFFFFFFFFFFFFF71
:106F3000FFFFFFFFFFFFFFFFFFFFFFFFFFFFFFFF61
:106F4000FFFFFFFFFFFFFFFFFFFFFFFFFFFFFFFF51
:106F5000FFFFFFFFFFFFFFFFFFFFFFFFFFFFFFFF41
:106F6000FFFFFFFFFFFFFFFFFFFFFFFFFFFFFFFF31
:106F7000FFFFFFFFFFFFFFFFFFFFFFFFFFFFFFFF21
:106F8000FFFFFFFFFFFFFFFFFFFFFFFFFFFFFFFF11
:106F9000FFFFFFFFFFFFFFFFFFFFFFFFFFFFFFFF01
:106FA000FFFFFFFFFFFFFFFFFFFFFFFFFFFFFFFFF1
:106FB000FFFFFFFFFFFFFFFFFFFFFFFFFFFFFFFFE1
:106FC000FFFFFFFFFFFFFFFFFFFFFFFFFFFFFFFFD1
:106FD000FFFFFFFFFFFFFFFFFFFFFFFFFFFFFFFFC1
:106FE000FFFFFFFFFFFFFFFFFFFFFFFFFFFFFFFFB1
:106FF000FFFFFFFFFFFFFFFFFFFFFFFFFFFFFFFFA1
:10700000021C400F0000000000601A40C0045A7FBC
:107010000500401300000000029D1A3CD4CD5A2701
:10702000080040030000000000A01D3CF03FBD2709
:1070300000A01C3CF07F9C27029D083C2CCE08251C
:1070400009F800010000000000A0083C1801082514
:1070500000A0093C181029250600001000000000BF
:10706000000000AD040000AD080000AD0C0000AD54
:10707000100008252B080901F9FF2014000000006A
:10708000029D083C00A908250000098D1800201168
:107090000400082500000A8D0400082500000B8D5F
:1070A000090060110400082500000C91FFFF4A252B
:1070B0000100082500002CA1FBFF40150100292537
:1070C0000500001000000000000020A1FFFF4A257D
:1070D000FDFF40150100292503000825FCFF0A24B7
:1070E000244048010000098DE7FF20150000000042
:1070F0000000093C000029251000201100000000BC
:107100000000093C0040292588BF0A3C10204A2580
:10711000000049AD0000093C0040292588BF0A3C19
:1071200020204A25000049AD0000093C00402925E7
:1071300088BF0A3C30204A25000049AD0048804005
:10714000FFFF0A2400588A40009D093C0060292561
:10715000017889400000093C0100292500000A242B
:1071600044492A7D01608A408000093C00688940CA
:10717000008008408005097D404C090000600840FF
:107180005800013C2440010125402801006088404E
:10719000029D083C34CE082509F8000100000000DB
:1071A00000600840BFFF013CFFFF21342440010183
:1071B00000608840000084300000A530029D083C3B
:1071C00084CB08250800000100000000FFFFFFFF3E
:1071D000FFFFFFFFFFFFFFFFFFFFFFFFFFFFFFFFBF
:1071E000FFFFFFFFFFFFFFFFFFFFFFFFFFFFFFFFAF
:1071F000FFFFFFFFFFFFFFFFFFFFFFFFFFFFFFFF9F
:10720000FFFFFFFFFFFFFFFFFFFFFFFFFFFFFFFF8E
:10721000FFFFFFFFFFFFFFFFFFFFFFFFFFFFFFFF7E
:10722000FFFFFFFFFFFFFFFFFFFFFFFFFFFFFFFF6E
:10723000FFFFFFFFFFFFFFFFFFFFFFFFFFFFFFFF5E
:10724000FFFFFFFFFFFFFFFFFFFFFFFFFFFFFFFF4E
:10725000FFFFFFFFFFFFFFFFFFFFFFFFFFFFFFFF3E
:10726000FFFFFFFFFFFFFFFFFFFFFFFFFFFFFFFF2E
:10727000FFFFFFFFFFFFFFFFFFFFFFFFFFFFFFFF1E
:10728000FFFFFFFFFFFFFFFFFFFFFFFFFFFFFFFF0E
:10729000FFFFFFFFFFFFFFFFFFFFFFFFFFFFFFFFFE
:1072A000FFFFFFFFFFFFFFFFFFFFFFFFFFFFFFFFEE
:1072B000FFFFFFFFFFFFFFFFFFFFFFFFFFFFFFFFDE
:1072C000FFFFFFFFFFFFFFFFFFFFFFFFFFFFFFFFCE
:1072D000FFFFFFFFFFFFFFFFFFFFFFFFFFFFFFFFBE
:1072E000FFFFFFFFFFFFFFFFFFFFFFFFFFFFFFFFAE
:1072F000FFFFFFFFFFFFFFFFFFFFFFFFFFFFFFFF9E
:10730000FFFFFFFFFFFFFFFFFFFFFFFFFFFFFFFF8D
:10731000FFFFFFFFFFFFFFFFFFFFFFFFFFFFFFFF7D
:10732000FFFFFFFFFFFFFFFFFFFFFFFFFFFFFFFF6D
:10733000FFFFFFFFFFFFFFFFFFFFFFFFFFFFFFFF5D
:10734000FFFFFFFFFFFFFFFFFFFFFFFFFFFFFFFF4D
:10735000FFFFFFFFFFFFFFFFFFFFFFFFFFFFFFFF3D
:10736000FFFFFFFFFFFFFFFFFFFFFFFFFFFFFFFF2D
:10737000FFFFFFFFFFFFFFFFFFFFFFFFFFFFFFFF1D
:10738000029D1A3C1CCC5A27080040030000000054
:10739000FFFFFFFFFFFFFFFFFFFFFFFFFFFFFFFFFD
:1073A000FFFFFFFFFFFFFFFFFFFFFFFFFFFFFFFFED
:1073B000FFFFFFFFFFFFFFFFFFFFFFFFFFFFFFFFDD
:1073C000FFFFFFFFFFFFFFFFFFFFFFFFFFFFFFFFCD
:1073D000FFFFFFFFFFFFFFFFFFFFFFFFFFFFFFFFBD
:1073E000FFFFFFFFFFFFFFFFFFFFFFFFFFFFFFFFAD
:1073F000FFFFFFFFFFFFFFFFFFFFFFFFFFFFFFFF9D
:10740000FFFFFFFFFFFFFFFFFFFFFFFFFFFFFFFF8C
:10741000FFFFFFFFFFFFFFFFFFFFFFFFFFFFFFFF7C
:10742000FFFFFFFFFFFFFFFFFFFFFFFFFFFFFFFF6C
:10743000FFFFFFFFFFFFFFFFFFFFFFFFFFFFFFFF5C
:10744000FFFFFFFFFFFFFFFFFFFFFFFFFFFFFFFF4C
:10745000FFFFFFFFFFFFFFFFFFFFFFFFFFFFFFFF3C
:10746000FFFFFFFFFFFFFFFFFFFFFFFFFFFFFFFF2C
:10747000FFFFFFFFFFFFFFFFFFFFFFFFFFFFFFFF1C
:10748000FFFFFFFFFFFFFFFFFFFFFFFFFFFFFFFF0C
:107490000800E003F88282930800E0038483828F6F
:1074A000E8FFBD271400BFAF1000B0AF00A0103C34
:1074B000CC0910262120000221280000E171400F94
:1074C000C800062400A0023CD5094224D1001026A1
:1074D00001000324000043A014004224FEFF505486
:1074E000000043A01400BF8F1000B08F0800E0031D
:1074F0001800BD27E8FFBD271400BFAF88BF023CBE
:107500008050428C020042300E0040101400BF8FA9
:1075100088BF023C4010438C8410037C401043AC75
:1075200088BF033C7010648C010002248410447CEA
:10753000701064ACD08382AF5F5F400F000000002A
:107540001400BF8F0800E0031800BD270800E00307
:10755000000000000800E003000000000800E00355
:1075600000000000E8FFBD271400BFAF406B400FD4
:10757000000000001400BF8F0800E0031800BD27C2
:107580000800E00300000000E8FFBD271400BFAFC3
:10759000010004248355400F1D000524010004242C
:1075A0002128000000A0063C3809C6249E55400F43
:1075B00040000724408182AF020004248355400F1D
:1075C0001D0005240200042421280000348386279E
:1075D0009E55400F08000724488182AF0300042411
:1075E0008355400F1D0005240300042421280000BA
:1075F00000A0063C7809C6249E55400F14000724BD
:10760000508182AF1400BF8F0800E0031800BD272F
:107610003C84838F010002242500621400000000D6
:107620001084838F2200621488BF023C7010438C48
:107630008410037C701043AC88BF023C8050438CA4
:107640004408037C805043AC108480AF100E0224A9
:10765000FFFF4224FFFF4230FEFF4014FFFF4224A1
:1076600088BF023C5052438C010004248410837C68
:10767000505243AC08070224FFFF4224FFFF423070
:10768000FEFF4014FFFF4224848180A788BF023C94
:107690005052438C8410037C505243AC88BF023C50
:1076A0007010438C010004248410837C701043AC60
:1076B0000800E00300000000E8FFBD2703000224EB
:1076C0000A0082101400BFAF750002240B00821064
:1076D000010002240D0082141400BF8F621D400FB0
:1076E00000000000C21D400B01000224591D400F84
:1076F00000000000C21D400B010002243D1D400F90
:1077000000000000010002241400BF8F0800E00305
:107710001800BD2788FFBD277400BFAF7000B5AF4C
:107720006C00B4AF6800B3AF6400B2AF6000B1AF3B
:107730000F67400F5C00B0AFC86E400F0000000044
:107740002166400F000000005066400F000000005E
:10775000029D023C04E0428CFFFF03240500431419
:107760007F00423002000224448382A3DF1D400BCD
:107770002C8582A32C8582A3448382A32C858293AB
:10778000888382A3029D023C14E0428CFFFF032405
:1077900006004314A88282AF010002243C8382A326
:1077A00004000224EE1D400B258382A33C8382A3A8
:1077B00002120200258382A3009D023C005F438CDD
:1077C000C48383AF045F438C1C8483AF085F438C06
:1077D000E48383AF0C5F438CF08383AF005C438C06
:1077E000FFFF0224250062147400BF8F029D023C3B
:1077F0008CA4458C0000B1901400A427E470400FC5
:1078000021302002009D103C005C1026FFFF122456
:10781000FF62133C00A473361400A2272198530082
:107820000080143C009D153C101E400B3C5CB526AE
:10783000FF0002322B102202100040147400BF8F90
:107840001000B2AF21107002030045880000459877
:107850001000A5AF956D400F2520140205004014BF
:1078600000000000F2FF1516040010261F1E400B3A
:107870007400BF8F1D1E400B000000007000B58F0C
:107880006C00B48F6800B38F6400B28F6000B18F5A
:107890005C00B08F0800E0037800BD27388184AF1A
:1078A000FF7F022423104500020003240F00C310B1
:1078B0003C8182AF0300C32C060060100300032448
:1078C000010003241400C354388182AF0800E00390
:1078D000000000000800C310040003240E00C314BD
:1078E000388182AF431E400BFF7F0224388185AF71
:1078F0000800E0033C8184AFFF7F02242320440082
:10790000388184AF0800E0033C8185AF2320440028
:107910000800E0033C8184AFFF7F02242320440061
:107920000800E0033C8184AF80BF023C000A40AC09
:1079300080BF023C100A40AC7017022480BF033C99
:10794000200A62AC0080043480BF033C080A64ACA7
:1079500080BF033C103862AC80BF033C203862AC6F
:1079600081BF023C48FB438C0B0004240418837C39
:1079700048FB43AC0E80033480BF023C003843AC6C
:107980000800E00300000000FF0082306500422C88
:107990000100405064000424FF0084300011040002
:1079A00080210400211044008018020021104300AF
:1079B0000019020023106200640003241A0043002F
:1079C000F40160001218000080BF043C203883AC32
:1079D0000800E0030000000080BF023C000840AC4B
:1079E00080BF023C100840AC7700032480BF023CFB
:1079F000200843AC0080073480BF023C080847AC35
:107A00001C00062488BF023CB41046AC14000324BA
:107A100088BF023CB81043AC88BF053C000202247A
:107A20003410A2AC88BF033C641062AC88BF023C37
:107A3000681040AC0800043C3410A4AC88BF093C7A
:107A4000D41026AD88BF083C0C000624D81006AD23
:107A500003000A24D4102AADD81000AD641064AC21
:107A6000681044AC80BF043C000C80AC80BF043C78
:107A7000100C80AC60EA083480BF043C200C88AC59
:107A800080BF043C080C87AC0010043C3410A4AC4C
:107A900088BF073C001C053CE410E5AC88BF053CF2
:107AA000E810A0AC0003083CE410E8ACE810A0AC7F
:107AB000641064AC681040AC81BF053C1700073C03
:107AC0004090A7AC00A0093481BF083C009009ADEC
:107AD00081BF083C109000AD0107092481BF083C1C
:107AE000209009AD4000082488BF093C186428ADE7
:107AF00088BF093C086428AD81BF083C509000ADA8
:107B00004090A7AC641064AC681040AC0100022443
:107B1000898282A30680033480BF023C003043ACDC
:107B200080BF023C103040AC80BF023C203040ACF3
:107B300081BF023C58FB438C0418C37C58FB43AC08
:107B40000800E0030000000081BF023C50FA448CB2
:107B5000030003240418647C50FA44AC81BF023C47
:107B6000ECFB448C0418647CECFB44AC1F00042444
:107B700080BF023C406044AC0888043480BF023CB3
:107B8000006044AC0090043480BF023C106044AC00
:107B900088BF023C0011448C84E6647C001144AC34
:107BA0000011448C04CE647C001144AC88BF033CBB
:107BB0004010628C0442027C401062AC88BF023CE0
:107BC0007010448C0442047C701044AC4010648CEF
:107BD000C439047C401064AC7010448C0100032450
:107BE0008431647C701044AC7010448CC439647C63
:107BF000701044AC88BF023C3063448CC45A647C2F
:107C0000306344AC80BF023C1060448C8452647C7E
:107C1000106044AC0800E003000000000080033462
:107C200080BF023C046043AC0800E0030000000099
:107C300000E85D4100701B4002601A4090FFBD27C4
:107C40006C00BBAF00601B406400BAAF6800BBAF04
:107C500044781B7C00147B3700609B401800A3AF66
:107C60001400A2AF6400A38F0F00633011006014F2
:107C7000000000005400BFAF5000B9AF4C00B8AFD7
:107C80004800AFAF4400AEAF4000ADAF3C00ACAF7A
:107C90003800ABAF3400AAAF3000A9AF2C00A8AFBA
:107CA0002800A7AF2400A6AF2000A5AF1C00A4AFFA
:107CB0001000A1AF121000005C00A2AF101800006D
:107CC0005800A3AF1C86828F1485838FFFFF632427
:107CD0002B1843000E0060106086849380BF033C25
:107CE000203064AC9586849380BF033C200864AC4C
:107CF000010042241C8682AFC08380AF00020324AF
:107D000088BF023C341043AC481F400B0000000009
:107D1000010002249E62400FC08382AF1C8680AFA8
:107D20005C00A28F130040005800A38F6400A28F54
:107D30000F00423013004014110060005400BF8F48
:107D40005000B98F4C00B88F4800AF8F4400AE8F01
:107D50004000AD8F3C00AC8F3800AB8F3400AA8F51
:107D60003000A98F2C00A88F2800A78F2400A68F91
:107D70002000A58F1C00A48F1800A38F1400A28FD1
:107D80001000A18F00606041C00000006C00BA8F3D
:107D90006800BB8F00709A406400BA8F7000BD27E6
:107DA00002609A4000E8DD4100609B4018000042FC
:107DB00000E85D4100701B4002601A40E8FFBD27EB
:107DC0001400BBAF00601B400C00BAAF1000BBAF8B
:107DD00044781B7C00107B3700609B400400A3AFFD
:107DE0000000A2AF0001033C88BF023C341043AC4A
:107DF0008483828F01004224848382AF0C00A28F8F
:107E00000F00423003004014000000000400A38F64
:107E10000000A28F00606041C00000001400BA8F13
:107E20001000BB8F00709A400C00BA8F1800BD275D
:107E300002609A4000E8DD4100609B40180000426B
:107E400000E85D4100701B4002601A40E8FFBD275A
:107E50001400BBAF00601B400C00BAAF1000BBAFFA
:107E600044781B7C000C7B3700609B400400A3AF70
:107E70000000A2AF0800033C88BF023C341043ACB2
:107E80000C00A28F0F0042300300401400000000DD
:107E90000400A38F0000A28F00606041C0000000BA
:107EA0001400BA8F1000BB8F00709A400C00BA8F7C
:107EB0001800BD2702609A4000E8DD4100609B4049
:107EC0001800004200E85D4100701B4002601A404B
:107ED000E8FFBD271400BBAF00601B400C00BAAF29
:107EE0001000BBAF44781B7C00187B3700609B40C0
:107EF0000400A3AF0000A2AF0040032488BF023CEF
:107F0000341043AC0C00A28F0F0042300300401429
:107F1000000000000400A38F0000A28F00606041F9
:107F2000C00000001400BA8F1000BB8F00709A4090
:107F30000C00BA8F1800BD2702609A4000E8DD41AE
:107F400000609B4018000042A0FFBD275C00BFAF4F
:107F50005800B2AF5400B1AF5000B0AF21808000E4
:107F60001000A42721280000E171400F40000624E2
:107F700018010012130002241000A2A31200B0A3E3
:107F8000FDFF10262E00022E0F0140500800102485
:107F900080801000009D023CAC7F42242180500074
:107FA0000000028E08004000000000007880009D64
:107FB0009080009DC483009DCC80009DC483009D63
:107FC000C483009DC483009DC483009DC483009D21
:107FD000C483009DC483009DC483009DC483009D11
:107FE000EC80009D1C81009D4C81009D7C81009D4A
:107FF0001082009D4082009D7082009DC483009D80
:10800000C483009DC483009DC483009DC483009DE0
:10801000C483009DC483009DC483009DC483009DD0
:10802000A882009DE082009D1083009D4083009DFA
:108030007083009DC483009DC483009DC483009D04
:10804000C483009DC483009DC483009DC483009DA0
:10805000C483009DC483009DC483009DC483009D90
:108060006480009D21800000029D113C00CE3126DD
:10807000E820400B0C00122408000224241D400FAD
:108080001100A2A31300A2A3F220400B08001024A9
:10809000080002241100A2A3C483828F1300A2A3AC
:1080A000C483828F021202001400A2A3C483828FB1
:1080B000021402001500A2A3C483828F02160200DC
:1080C0001600A2A3F220400B08001024080002248E
:1080D0001100A2A3178482931300A2A386FF022497
:1080E0001400A2A3F220400B08001024029D023CC1
:1080F00034A146900200D024FF0010321100B0A33A
:108100001300A427029D053C36A1A524E470400F6E
:10811000FEFFC624F320400B1000A427029D023C62
:1081200038A146900200D024FF0010321100B0A305
:108130001300A427029D053C3AA1A524E470400F3A
:10814000FEFFC624F320400B1000A427029D023C32
:108150004CA146900200D024FF0010321100B0A3C1
:108160001300A427029D053C4EA1A524E470400FF6
:10817000FEFFC624F320400B1000A427009D023C04
:10818000005F4324AC8283AF005F428CC48382AF24
:10819000C483838FFFFF023412006214029D023CED
:1081A000080002241100A2A3130002241200A2A3BB
:1081B000C483828F1300A2A3C483828F02120200A1
:1081C0001400A2A3C483828F021402001500A2A38C
:1081D000C483828F021602001600A2A3F220400B75
:1081E0000800102470A146900200D024FF00103235
:1081F0001100B0A31300A427029D053C72A1A52481
:10820000E470400FFEFFC624F320400B1000A427AB
:10821000029D023C80A146900200D024FF00103253
:108220001100B0A31300A427029D053C82A1A52440
:10823000E470400FFEFFC624F320400B1000A4277B
:10824000029D023CACA146900200D024FF001032F7
:108250001100B0A31300A427029D053CAEA1A524E4
:10826000E470400FFEFFC624F320400B1000A4274B
:10827000080002241100A2A3160002241200A2A3E7
:10828000BDFF02241300A2A3280002241400A2A30D
:10829000310002241500A2A3090002241600A2A3A3
:1082A000F220400B08001024029D023CE4A24690FC
:1082B0000200D024FF0010321100B0A320000224DD
:1082C0001200A2A31300A427029D053CE6A2A52448
:1082D000E470400FFEFFC624F320400B1000A427DB
:1082E000029D023CF8A246900200D024FF0010320A
:1082F0001100B0A31300A427029D053CFAA2A524F7
:10830000E470400FFEFFC624F320400B1000A427AA
:10831000029D023C3CA346900200D024FF00103294
:108320001100B0A31300A427029D053C3EA3A52481
:10833000E470400FFEFFC624F320400B1000A4277A
:10834000029D023C48A346900200D024FF00103258
:108350001100B0A31300A427029D053C4AA3A52445
:10836000E470400FFEFFC624F320400B1000A4274A
:10837000029D023C84A346900200D024FF001032EC
:108380001100B0A31300A427029D053C86A3A524D9
:10839000E470400FFEFFC624F320400B1000A4271A
:1083A00021101102D21F400F00004490010010263E
:1083B000FF001032FBFF121621101102F620400BB5
:1083C0005C00BF8F080010241000A4275F6E400FD0
:1083D000212800025C00BF8F5800B28F5400B18F7B
:1083E0005000B08F0800E0036000BD27E8FFBD2704
:1083F000FF00843001000224050082141400BFAF86
:1084000004000224448382A30721400B2C8582A30D
:1084100088838293448382A32C8582A3F88284A3D9
:10842000D21F400F030004241400BF8F0800E00394
:108430001800BD27E8FFBD271400BFAF1000B0AF84
:1084400000A0023C940A439013000224700062547E
:10845000708180AF00A0023C960A4290060003247F
:1084600015004314F8FF4324080002247081838F11
:10847000620062147081828F00A0103C940A04266E
:10848000B471400F070005247E8182A3940A102650
:108490000700039262006254708180AF21100002D5
:1084A00002004390B08383AF03004290178482A3FD
:1084B0008821400B708180AFFF0063300200632C85
:1084C00035006010FDFF422400A0023C950A459053
:1084D0007081828F4A00A2141900422C00A0103C27
:1084E000940A0426B471400FFFFFA5247E8182A365
:1084F000940A10267081838F21807000FFFF039201
:1085000021006254708180AF00A0043C00A0023CB6
:10851000970A432403006788970A479807006688EC
:10852000040066980B006588080065988E0D82240B
:10853000030047A88E0D87B8070046A8040046B878
:108540000B0045A8080045B80C0064900C0044A03E
:108550000D0063900D0043A000A0023C960A4390DA
:108560000900022405006214000000004F6E400F55
:10857000040004246221400B708180AF4F6E400FD5
:1085800002000424708180AF576E400F0100042464
:108590007F21400B7081828FFF0042302E00422CE1
:1085A000160040107081828F00A0023C950A459011
:1085B0007081828F1200A2141900422C00A0103C7E
:1085C000940A0426B471400FFFFFA5247E8182A384
:1085D000940A10267081838F21807000FFFF039220
:1085E0000F006254708180AF00A0023C960A429056
:1085F000B08382AF8821400B708180AF1900422C7C
:1086000007004050708180AF8921400B1400BF8F5C
:1086100000A0023C940A40A0940A4224010040A019
:108620001400BF8F1000B08F0800E0031800BD27B2
:1086300000E85D4100701B4002601A4090FFBD27BA
:108640006C00BBAF00601B406400BAAF6800BBAFFA
:1086500044781B7C000C7B3700609B401800A3AF64
:108660001400A2AF6400A38F0F00633011006014E8
:10867000000000005400BFAF5000B9AF4C00B8AFCD
:108680004800AFAF4400AEAF4000ADAF3C00ACAF70
:108690003800ABAF3400AAAF3000A9AF2C00A8AFB0
:1086A0002800A7AF2400A6AF2000A5AF1C00A4AFF0
:1086B0001000A1AF121000005C00A2AF1018000063
:1086C0005800A3AF88BF023C4010428C800042306B
:1086D0001100401088BF023C7081828F80BF033C34
:1086E0003060648C00A0033C940A6324211843008A
:1086F000000064A0010042240D21400F708182AF70
:1087000088BF023C4010438CC439037C401043AC0A
:10871000D121400B000000004010428C400042304C
:108720000800401088BF023C4010438C8431037C19
:10873000401043AC071F400F00000000D21E400F46
:10874000000000005C00A28F130040005800A38FBF
:108750006400A28F0F00423013004014110060002B
:108760005400BF8F5000B98F4C00B88F4800AF8FB6
:108770004400AE8F4000AD8F3C00AC8F3800AB8F13
:108780003400AA8F3000A98F2C00A88F2800A78F53
:108790002400A68F2000A58F1C00A48F1800A38F93
:1087A0001400A28F1000A18F00606041C000000083
:1087B0006C00BA8F6800BB8F00709A406400BA8F5B
:1087C0007000BD2702609A4000E8DD4100609B40D8
:1087D00018000042E8FFBD271400BFAF2083828F3E
:1087E000E8FD03342B184300090060102881838FB3
:1087F000231043008913422C060040141400BF8F3D
:10880000916E400F060004242083828F288182AF5E
:108810001400BF8F0800E0031800BD27E8FFBD2744
:108820001400BFAF5D6E400F000000001800401044
:108830008C81828F2083838F23106200B90B422C9E
:10884000140040141400BF8F5D6E400F0000000044
:10885000010042300F0040101400BF8F576E400FD0
:1088600001000424516E400F0000000003000324A7
:1088700005004314000000004F6E400F0500042463
:108880002522400B1400BF8F4F6E400F01000424BF
:108890001400BF8F0800E0031800BD27E8FFBD27C4
:1088A0001400BFAF8483828F0A00422C060040145C
:1088B000FAFF0234848380AF2083828F0100422438
:1088C000208382AFFAFF02342083838F2B10620053
:1088D00001004050208380AF51C302348C83838FCA
:1088E0002B106200010040508C8380AFF521400FB7
:1088F000000000000722400F000000001400BF8F9E
:108900000800E0031800BD27E8FFBD271400BFAF33
:108910006C8182935C0040101400BF8F040003241C
:1089200088BF023C346143AC188380AF788380AF4A
:1089300088BF023C2061448CC000847C2720040056
:10894000211800000400837C188383AF2061448CCD
:10895000C000847C272004004408837C188383AFF4
:108960002061448CC000847C272004008410837C18
:10897000188383AF2061448CC000847C27200400CE
:10898000C418837C188383AF2061448CC000847C2E
:10899000272004000421837C188383AF2061448C4A
:1089A000C000847C272004004429837C188383AF83
:1089B0002061448CC000847C272004008431837CA7
:1089C000188383AF2061448CC000847C272004007E
:1089D000C439837C188383AF2061428CC000427C01
:1089E000271002000442437C188383AF88BF023CF7
:1089F0002064428CC001427C27100200444A437C20
:108A0000188383AF00A0043C06000224181082A043
:108A10001810842499838293010082A000A0023C54
:108A200020094590020085A02009422401004590BC
:108A3000030085A002004590040085A00300459036
:108A4000050085A004004590060085A00500429021
:108A5000070082A0080083A0021A0300090083A077
:108A60005F6E400F0B000524148380A36C8180A3EC
:108A70001883828F030040140400032488BF023C43
:108A8000386143AC1400BF8F0800E0031800BD2715
:108A9000E8FFBD271400BFAF1000B0AF1084838F74
:108AA000010002243E01621014838493100082149A
:108AB0000483828F0400032488BF023C346143ACEA
:108AC0000300032430750224FFFF4224FFFF4014FB
:108AD000FFFF4224FFFF6324FBFF60143075022474
:108AE000488382AF03000224508382AF0483828FC5
:108AF00006004050010002240000429080004230F5
:108B0000FF004230260140140100022403008210BD
:108B10006C818393230162141400BF8F040003242B
:108B200088BF023C346143AC2C83828F180140140F
:108B30001883828F448383930100022407006254C8
:108B40006C818293C883838F040062146C8182934A
:108B500004000224448382A36C81829301000324D5
:108B60003A00431444838393188380AF788380AFA3
:108B700088BF033C2061658CC000A57C27280500C8
:108B8000212000000400A47C188384AF2061658C40
:108B9000C000A57C272805004408A47C188384AF66
:108BA0002061658CC000A57C272805008410A47C6A
:108BB000188384AF2061658CC000A57C2728050040
:108BC000C418A47C188384AF2061658CC000A57C88
:108BD000272805000421A47C188384AF2061658CBC
:108BE000C000A57C272805004429A47C188384AFF5
:108BF0002061658CC000A57C272805008431A47CF9
:108C0000188384AF2061658CC000A57C27280500EF
:108C1000C439A47C188384AF2061658CC000A57C16
:108C200027280500211880000442A37C188383AF05
:108C300088BF043C2064848CC001847C272004000D
:108C4000444A837C188383AF448383930700632C57
:108C5000CD0060104483849380200400019D033C78
:108C6000748C6324211864000000638C0800600089
:108C700000000000888F009D908C009D308D009D2D
:108C8000888F009DB88E009DD08D009D408E009DE8
:108C900001000324BC00431400A0063C060002248B
:108CA000200DC2A099838293200DC6240100C2A08A
:108CB00000A0023C200943900200C3A020094224E6
:108CC000010043900300C3A0020043900400C3A02E
:108CD000030043900500C3A0040043900600C3A016
:108CE000050042900700C2A008000224898382A3E5
:108CF00001000424010005249E55400F08000724AC
:108D0000048382AF000000006C8180A36881828FA1
:108D10000400432C040060140100422402000224D9
:108D2000E223400B688182AFE223400B688182AF6F
:108D3000010003249400431400A0063C0600022412
:108D4000200DC2A099838293200DC6240100C2A0E9
:108D500000A0023C200943900200C3A02009422445
:108D6000010043900300C3A0020043900400C3A08D
:108D7000030043900500C3A0040043900600C3A075
:108D8000050042900700C2A008000224898382A344
:108D900001000424010005249E55400F080007240B
:108DA000048382AF000000006C8180A36881828F01
:108DB0000400432C04006014010042240200022439
:108DC000E223400B688182AFE223400B688182AFCF
:108DD00000A0063C02000224200DC2A0200DC624E3
:108DE000F0FF02240100C2A0188382930200C2A0F7
:108DF0000300C0A00400C0A00500C0A00600C0A0E1
:108E0000788382930700C2A00800C0A00900C0A018
:108E10000A00C0A00B00C0A00C000224898382A31A
:108E200003000424010005249E55400F0C00072474
:108E3000048382AF148380A3E223400B6C8180A360
:108E400000A0063C02000224200DC2A0200DC62472
:108E5000F0FF02240100C2A01883828FFF0043307C
:108E60000200C3A0003A427C0300C2A00400C0A0DC
:108E70000500C0A00600C0A0788382930700C2A0AE
:108E80000800C0A00900C0A00A00C0A00B00C0A03C
:108E90000C000224898382A303000424010005241A
:108EA0009E55400F0C000724048382AF148380A3D7
:108EB000E223400B6C8180A314838393010002247E
:108EC0000D006254788380AF818383930400621421
:108ED00024838393788382AFBE23400B818380A356
:108EE0000100022404006254788380AF020002244F
:108EF000788382AF248380A300A0103C0200022468
:108F0000200D02A2200D1026F0FF0224010002A273
:108F10001883828FFF004330020003A2003A427C94
:108F2000030002A2040000A2050000A2060000A2A5
:108F300078838293070002A2080000A2090000A221
:108F40000A0000A20B0000A20C000224898382A365
:108F50000300042401000524213000029E55400F27
:108F60000C000724048382AF148380A307000292BD
:108F7000FF004230040040506C8180A301000224B5
:108F8000148382A36C8180A3000000001883828F69
:108F9000030040140400032488BF023C386143AC42
:108FA0001400BF8F1000B08F0800E0031800BD2729
:108FB000E8FFBD271400BFAFC884839303000224D9
:108FC0003A0062144D8582938482828F0400422C81
:108FD000360040104D858293C086828F3300401446
:108FE0004D8582930400032488BF023C386143AC62
:108FF000D18480A300A0043C12000224181082A097
:10900000C0FF0224F88582A318108424010082A0E6
:109010005881828F020082A002120200030082A007
:109020005C81828F040082A002120200050082A0EF
:10903000060080A0070080A0080080A0090080A092
:109040000A0080A05F6E400F0B000524C88480A337
:10905000388680A7E48580A7248680AF188580AFF6
:109060006C8580AF508680AF00A0033CA00D6324C8
:109070000C0060AC00A0043C840E8224080040ACCC
:10908000040060AC840E80AC080060AC040040AC0E
:109090000C0040AC100040AC140040AC180040A0E4
:1090A000190040A0AC24400BC88680A30200422CCB
:1090B0007F00401458868293FF0003247C004310F5
:1090C00001000324C086848F7A0083141400BF8FAC
:1090D00000A0033CAC0D638C0D006014040003245D
:1090E00005004050D18482930400032409004314F6
:1090F00088BF023CD1848293090040144D8583933C
:1091000001000224D18482A34724400B648380A3FE
:1091100088BF023C346143ACD18480A34D858393E6
:10912000030002241A00621400A0023C5486828FBD
:10913000040040100886828F358580A35724400B99
:10914000368580A306004010C085828F9884828F68
:10915000358582A303120200368582A3C085828FE3
:10916000040040106485828F338580A36324400B04
:10917000348580A30600401000A0023C9084828FBA
:10918000338582A303120200348582A300A0023C2F
:10919000AC0D428C070040140100022458868293D3
:1091A00040100200A0FF4224F88582A37A24400BDD
:1091B000B48680A3B48682A3C88482930700401437
:1091C0005886829340100200A0FF4224F88582A3B3
:1091D00000A0023C7A24400BAC0D40AC40100200D1
:1091E000A1FF4224F88582A300A0043C12000224BF
:1091F000181082A018108424F8858293010082A0A0
:1092000033858293020082A034858293030082A07A
:1092100035858293040082A036858293050082A062
:1092200000A0023CAC0D428C060082A0021202009B
:10923000070082A061858293080082A091858293B5
:10924000090082A00A0080A05F6E400F0B00052479
:1092500040000000218682932D8582A3348582936D
:10926000001202003385839321104300588182AF9E
:1092700036858293001202003585839321104300C6
:109280005C8182AF618582932C8682A391858293D3
:109290000D8682A34086828F0000437CA08583A335
:1092A0004000427CAE8582A303000224C88482A3CE
:1092B0001400BF8F0800E0031800BD27E8FFBD279A
:1092C0001400BFAF5481828F0600405000A0023CC2
:1092D0000000429080004230FF00423020004014E5
:1092E00000A0023C02000324200D43A0200D4224D4
:1092F000B4FF0324010043A080FF0324020043A025
:10930000516E400F000000000400032408004314C5
:1093100000A0023C01000324200D4224030043A0CE
:109320004F6E400F02000424D124400B00A0063CE5
:10933000200D4224030040A04F6E400F0100042482
:1093400000A0063C200DC6240400C0A00300042495
:10935000010005249E55400F08000724548182AF68
:109360001400BF8F0800E0031800BD273E838293DE
:10937000060040502083828F01000324970043148D
:1093800000000000ED24400B7483828F748382AF51
:10939000FC8280AFA88380AF5C8380AFB88380AF4E
:1093A000248380A3818380A3010002240800E003BA
:1093B0003E8382A32083838F231062000300422C0C
:1093C00018004050FC82838F88BF023C2061428C91
:1093D0000800423005004010A883828FFC82828FF3
:1093E00001004224FD24400BFC8282AF0100422494
:1093F000A88382AF88BF023C2061428C08004230C3
:1094000005004010B883828F5C83828F0100422464
:109410000800E0035C8382AF010042240800E003FF
:10942000B88382AFA883828F2B2043000400801072
:109430002B106200010002241225400BF98282A346
:1094400001004054F98280A35C83838FB883828FAC
:109450002B204300040080102B1062000100022426
:109460001C25400BBC8382A301004054BC8380A315
:10947000F9828293BC83839324004354608380AF3A
:109480006083838F01006324608383AF0200632CB9
:1094900006006054B48380A302000224608382AF7C
:1094A000010002246D25400BB48382A3468384937C
:1094B00001000324090083143D8383937083839305
:1094C0000500621002000224468382A301000224E8
:1094D000818382A3148382A33D83839301000224AA
:1094E00035006214F9828293F98283938083829398
:1094F00030006210020002243D8382A30100022496
:10950000248382A36D25400B148382A3B4838593A7
:10951000010004241500A414468384931C838493BF
:10952000080082100C838493708383A33E8380A3FE
:1095300001000224468382A33D8380A35925400B6A
:10954000108380AF1B008350B48380A3808382A3E9
:109550003E8380A3468380A3010002243D8382A32F
:10956000688380AF6D25400BB48380A30200032481
:10957000070083143D8383931C838393030062104D
:109580001083828F01004224108382AF3D83839336
:109590000200022408006214F9828293BC83839340
:1095A0000C838293030062106883828F010042243F
:1095B000688382AFF98282931C8382A3BC838293E7
:1095C0000C8382A3FC8280AFA88380AF5C8380AFD2
:1095D000B88380AF2083828F748382AF0800E0035A
:1095E0000000000000A0023CCC094224C800432433
:1095F000000040AC040040AC14004224FDFF435482
:10960000000040AC0800E0030000000000A0023CA5
:10961000CC094224C8004724010008240000448CDF
:109620000400438C2B2864000300A0502B188300F7
:109630009025400B080048A001006054080040A09D
:1096400014004224F6FF47540000448C0800E00355
:1096500000000000FF0084308018040000110400A6
:109660002110620000A0033CCC09632421104300B8
:1096700008004390090042906F004310010002244B
:109680006C8182A3010002243A0062144018040095
:1096900080180400001104002118620000A0023CA0
:1096A000CC09422421106200100040A04028040090
:1096B0002128A400029D033C98CD63242118A30017
:1096C0000100669027300600998385932428C50001
:1096D000998385A30200659027280500458383931D
:1096E0002418A300458383A3110049900A00222D6A
:1096F0005100401000A00B3C20096B25029D0A3C44
:109700000A00062400A00C3CCC098C2521102B015A
:1097100001004790000047A098CD4325211000008C
:10972000FF0045300B00A45001004224000065906A
:109730000700A714214040008010020000410800EB
:109740002140480021400C01D725400B110009A100
:1097500001004224F2FF461403006324010029257E
:10976000FF002931EAFF265521102B010F26400B5F
:109770008010040021186400029D023C98CD422410
:1097800021106200000048908028040000190400A5
:109790002118A30000A0053CCC09A52421186500D0
:1097A000100068A001004390998385932518A300B9
:1097B000998383A30200429045838393251062001E
:1097C000458382A3211000000A00072400A0063C64
:1097D0002009C6242118460000006390120060543E
:1097E000010042240A00432C0F0060500100422473
:1097F00000A0033C20096324212843000000A8A006
:1098000080280400001904002118A30000A0053CD2
:10981000CC09A52421186500110062A00100422492
:109820000E26400B4C8382A3FF004230EAFFE21475
:10983000211846004C8382A38010040000210400FC
:109840002120440000A0023CCC09422421208200B7
:1098500008008290090082A098838293010042242C
:10986000FF0042300C00032402004314988382A3BB
:10987000988380A30800E003000000000800E003D4
:1098800000000000B082828F9800401000000000AD
:1098900001000324120043140200032400A0033C2F
:1098A000B00E63245C00649482200400FF008530C5
:1098B00000A0023C200D4224060045A00222040024
:1098C000070044A055006390080043A000A0033C9B
:1098D000B90F6390090043A00800E00300000000F6
:1098E000120043140300032400A0033C640F63240C
:1098F0005C00649482200400FF00853000A0023CDC
:10990000200D4224060045A002220400070044A0C6
:1099100000A0043C050F8490080044A0550063900B
:10992000090043A00800E0030000000011004314F8
:109930000400032400A0023C440E4394FF00643062
:1099400000A0023C200D4224060044A0021A03009D
:10995000070043A000A0033C050F6390080043A04C
:1099600000A0033CB90F6390090043A00800E00386
:109970000000000010004314050003246886838F54
:10998000FF00643000A0023C200D4224060044A0E9
:10999000003A637C070043A000A0033C050F6390DE
:1099A000080043A000A0033CB90F6390090043A046
:1099B0000800E00300000000100043140600032428
:1099C0009C85838FFF00643000A0023C200D422460
:1099D000060044A0003A637C070043A000A0033CBB
:1099E000050F6390080043A000A0033CB90F6390EB
:1099F000090043A00800E003000000000E0043142B
:109A0000070003244085839300A0023C200D4224DC
:109A1000060043A0070040A000A0033C050F639090
:109A2000080043A000A0033CB90F6390090043A0C5
:109A30000800E003000000001000431408000324A5
:109A4000D485838FFF00643000A0023C200D4224A7
:109A5000060044A0003A637C070043A000A0033C3A
:109A6000050F6390080043A000A0033CB90F63906A
:109A7000090043A00800E003000000000E004314AA
:109A8000090003242885838FFF00643000A0023C76
:109A9000200D4224060044A0003A637C070043A046
:109AA00061858393080043A091858393090043A0B7
:109AB0000800E003000000000C0043140000000058
:109AC0006885838FFF00643000A0023C200D422493
:109AD000060044A0003A637C070043A0618583939D
:109AE000080043A091858393090043A00800E00388
:109AF00000000000E8FFBD271400BFAF1000B0AFAA
:109B00002883828F3900401000A0023C00A0103C46
:109B100009000224200D02A210000224F88582A36D
:109B200000A0063C0C08C6240100C2A06081828F00
:109B30000200C2A0021202000300C2A06481828F50
:109B40000400C2A0021202000500C2A00600C0A0CC
:109B50000700C0A008000224898382A30100042416
:109B6000010005249E55400F08000724048382AF9E
:109B70000000000002000224200D02A2C0FF022407
:109B8000F88582A3200D06260100C2A05881828F8D
:109B9000FF0043300200C3A0003A427C0300C2A091
:109BA0005C81828FFF0043300400C3A0003A427CF6
:109BB0000500C2A00600C0A00700C0A00800C0A009
:109BC0000900C0A00A000224898382A303000424A0
:109BD000010005249E55400F0A000724048382AF2C
:109BE000000000004527400BC88480A3AC0D428CC8
:109BF00005004014C8848293588682934010020066
:109C00000C27400BF88582A30600401458868293E7
:109C100040100200F88582A300A0023C0C27400BF4
:109C2000AC0D40AC4010020001004224F88582A334
:109C300000A0063C090002240C08C2A00C08C6249F
:109C4000F88582930100C2A06C85828F0200C2A0B9
:109C5000021202000300C2A05086828F0400C2A03C
:109C6000021202000500C2A000A0103CA00D1026A8
:109C70000C00028E0600C2A0021202000700C2A061
:109C800008000224898382A3010004240100052422
:109C90009E55400F08000724048382AF00A0063CB5
:109CA00002000224200DC2A0F8858293A0FF422466
:109CB000FF004230200DC6240100C2A033858293EC
:109CC0000200C2A0348582930300C2A0358582932E
:109CD0000400C2A0368582930500C2A00C00028E4B
:109CE000FF0043300600C3A0003A427C0700C2A038
:109CF0000800C0A00900C0A00A000224898382A332
:109D000003000424010005249E55400F0A00072487
:109D1000048382AF1400BF8F1000B08F0800E003EF
:109D20001800BD27D0FFBD272C00BFAF2800B5AF5E
:109D30002400B4AF2000B3AF1C00B2AF1800B1AF25
:109D40001400B0AF2883828F3900401000A0023C7D
:109D500000A0063C070002240C08C2A0C0FF10248B
:109D6000F88590A30C08C6240100D0A05881828FEA
:109D70000200C2A0021202000300C2A05C81828F16
:109D80000400C2A0021202000500C2A00600C0A08A
:109D90000700C0A00800C0A00900C0A00A0011244C
:109DA000898391A302000424010005249E55400FDD
:109DB0000A000724048382AF0000000000A0063CD4
:109DC00002000224200DC2A0F88590A3200DC62415
:109DD0000100D0A05881828FFF0043300200C3A051
:109DE000003A427C0300C2A05C81828FFF004330B6
:109DF0000400C3A0003A427C0500C2A00600C0A037
:109E00000700C0A00800C0A00900C0A0898391A3DA
:109E100003000424010005249E55400F0A00072476
:109E2000048382AF00000000DB27400BC88480A3BE
:109E3000AC0D428C06004014C884829358868293ED
:109E400040100200A0FF42249F27400BF88582A308
:109E5000070040145886829340100200A0FF42245D
:109E6000F88582A300A0023C9F27400BAC0D40ACBC
:109E700040100200A1FF4224F88582A300A0063C06
:109E8000070002240C08C2A00C08C624F88582939F
:109E90000100C2A033859027000002920200C2A0F8
:109EA00034859127000022920300C2A035859227B5
:109EB000000042920400C2A03685932700006292FF
:109EC0000500C2A000A0143CA00D94260C00828EB8
:109ED0000600C2A0021202000700C2A00800C0A033
:109EE0000900C0A00A001524898395A30200042458
:109EF000010005249E55400F0A000724048382AF09
:109F000000A0063C02000224200DC2A0F885829326
:109F1000200DC6240100C2A0000002920200C2A0CF
:109F2000000022920300C2A0000042920400C2A0DE
:109F3000000062920500C2A00C00828EFF00433038
:109F40000600C3A0003A427C0700C2A00800C0A0DF
:109F50000900C0A0898395A30300042401000524FF
:109F60009E55400F0A000724048382AF2C00BF8F48
:109F70002800B58F2400B48F2000B38F1C00B28F4F
:109F80001800B18F1400B08F0800E0033000BD2727
:109F9000E8FFBD271400BFAF0483828F0600405046
:109FA000208082930000429080004230FF004230C7
:109FB0001A004014208082930200032409004310F9
:109FC000030003240B004310000000000C00405469
:109FD000020004249369400F000000000028400B99
:109FE000020004243E69400F000000000028400BDE
:109FF000020004246669400F0000000002000424EF
:10A000000100052400A0063C200DC6249E55400FEB
:10A0100089838793048382AF400000001400BF8FC0
:10A020000800E0031800BD27A083829309004014B4
:10A03000FF0084300400032488BF023C386143AC35
:10A040008C83828FA48382AF010002240800E00386
:10A05000A08382A3010003240F0043140200032401
:10A060008C83828FA483858F23284500640003247A
:10A07000231864002B18A3000F00601400000000D8
:10A080000D008050A48382AF02000324A08383A329
:10A090000800E003A48382AF07004314000000001F
:10A0A000A483828F8C83838F231062002B20440033
:10A0B00001008050A08380A30800E003000000009E
:10A0C0000083838FB80B0224FFFF4224FFFF40145C
:10A0D000FFFF4224B80B6224008382AFB80B022436
:10A0E0000800E003488382AFE8FFBD271400BFAF3C
:10A0F000488380AF3028400F000000004883828FE3
:10A1000001004224488382AF0A00422CF9FF401428
:10A110001400BF8F0800E0031800BD27E8FFBD272B
:10A120001400BFAF1000B0AF218080000900801084
:10A13000488380AF3A28400F000000004883828F98
:10A1400001004224488382AF2B105000F9FF4014D5
:10A15000000000001400BF8F1000B08F0800E00363
:10A160001800BD270083838F60090224FFFF42246B
:10A17000FFFF4014FFFF422460096224008382AF86
:10A18000600902240800E003488382AF0083838FC4
:10A190002C010224FFFF4224FFFF4014FFFF422452
:10A1A0002C016224008382AF2C0102240800E0030A
:10A1B000488382AFD8FFBD272400BFAF2000B3AFD4
:10A1C0001C00B2AF1800B1AF1400B0AF2180800006
:10A1D0002188A0002190C000AC8284AF8B6D400F1D
:10A1E0000000938C2488710221200002956D400F9D
:10A1F000252832022400BF8F2000B38F1C00B28FAD
:10A200001800B18F1400B08F0800E0032800BD27AC
:10A21000E0FFBD271C00BFAF1800B1AF1400B0AF06
:10A2200000A0023C7809429002000324E402435457
:10A230001C00BF8F00A0033C790963905000632489
:10A24000FF0064303000842CD602805000A0023C15
:10A25000FF00633080180300019D043C70A2842439
:10A26000211883000000638C0800600000000000DB
:10A2700030A3009DA0AD009DBCA3009DA0AD009D9E
:10A280003CA5009DA0AD009DA0AD009DA0AD009D92
:10A29000A0AD009DA0AD009DA0AD009DA0AD009D16
:10A2A000A0AD009DA0AD009DA0AD009DA0AD009D06
:10A2B000A0AD009DA0AD009DA0AD009DA0AD009DF6
:10A2C000A0AD009DA0AD009DA0AD009DA0AD009DE6
:10A2D000A0AD009DA0AD009DA0AD009DA0AD009DD6
:10A2E000A0AD009DA0AD009DA0AD009DA0AD009DC6
:10A2F00088A5009DFCA6009DA0AD009DA0AD009D81
:10A30000A0AD009DA0AD009DA0AD009DA0AD009DA5
:10A31000A0AD009DA0AD009DA0AB009DA0AD009D97
:10A32000A0AD009DA0AD009DA0AD009D28A6009D04
:10A3300000A0023C7A0943907F0062302C8582A302
:10A34000448382A300A0023C02000424200D44A008
:10A35000200D4224B1FF0424010044A0020043A0C8
:10A36000030040A0040040A0050040A0060040A05B
:10A37000070040A05481828F07004010030004248E
:10A380000000429080004230FF004230090040143B
:10A3900001000224030004240100052400A0063C5F
:10A3A000200DC6249E55400F0A000724548182AF19
:10A3B00001000224682B400B838182A300A0023C91
:10A3C0007A094290200042307602401000A0023C00
:10A3D00000A0023C7B094290010003242D0043149D
:10A3E00002000324048483A300A0023C200D43A0A8
:10A3F000200D4224B2FF0324010043A001000324E6
:10A40000020043A0030043A0040040A0050040A0B8
:10A41000060040A0070040A05481828F0700401032
:10A42000030004240000429080004230FF004230CC
:10A430000900405400A0023C03000424010005244C
:10A4400000A0063C200DC6249E55400F0C0007249A
:10A45000548182AF00A0023C780940A0010003248F
:10A460003C8383A37809422404005090258390A361
:10A47000019D113C8B6D400F14E02436002A100022
:10A4800014E02436956D400F0100A524692B400B84
:10A4900000A0023C4302401400A0023C010003243F
:10A4A000048483A300A0023C02000424200D44A0E5
:10A4B000200D4224B2FF0424010044A0020040A069
:10A4C000030043A0040040A0050040A0060040A0F7
:10A4D000070040A05481828F0700405003000424ED
:10A4E0000000429080004230FF004230090040549A
:10A4F00000A0023C030004240100052400A0063C47
:10A50000200DC6249E55400F0C000724548182AFB5
:10A5100000A0023C780940A03C8380A3019D103C30
:10A520008B6D400F14E0043614E00436956D400F37
:10A530003C838593692B400B00A0023C00A0023CA9
:10A540007A094290201C027C07006304100042300C
:10A55000416E400F000000004F6E400F03000424C6
:10A56000692B400B00A0023C0E02405000A0023CB0
:10A5700000A0043C85098424AD6E400F050005242D
:10A58000692B400B00A0023C00A0023C7A094290DB
:10A59000040043300302605000A0023C00A0033CD2
:10A5A0007B096390FF01605400A0023C00A0033CC3
:10A5B00002000424200D64A0200D6324E0FF042485
:10A5C000010064A0020062A0030060A000A0023CA1
:10A5D0007C094290040062A030000224050062A0C1
:10A5E000060060A0070060A05481828F0700401021
:10A5F000030004240000429080004230FF004230FB
:10A60000E801401400A0023C0300042401000524DA
:10A6100000A0063C200DC6249E55400F0A000724CA
:10A62000682B400B548182AF00A0023C7809422481
:10A6300003004390001A0300050045900600449073
:10A64000070046900400429021186200310902245C
:10A650000C00625421200000002A05002120A400E3
:10A66000BD280224070082142120000009000224D2
:10A670000500C21400A0023C02000224348482AF10
:10A680000100042400A0023C7809439000A0023C91
:10A69000200D43A0200D4224EFFF0324010043A01E
:10A6A000020044A0030040A0040040A0050040A018
:10A6B000060040A0070040A05481828F0700401090
:10A6C000030004240000429080004230FF0042302A
:10A6D000B3014054308180AF0300042401000524FD
:10A6E00000A0063C200DC6249E55400F0A000724FA
:10A6F000548182AF682B400B308180AF00A0033CB7
:10A700007A09639001000424ED00645001000224E2
:10A710000600605000A0033C80000224A1016214E6
:10A7200000A0023CE22A400B358183937C096390B0
:10A73000020004243B0064100300642C0600801017
:10A7400003000424010004249601645400A0023C88
:10A75000DC29400B00A0033C6500641004000424C5
:10A760009001645400A0023C742A400B00A0033CFA
:10A770007B096490019D033C00E46334211883004D
:10A780002C8183AFAC8283AF000063909C8383A352
:10A7900000A0053C200DA2A0200DA224E1FF05246D
:10A7A000010045A0020044A001000424030044A0CD
:10A7B000040043A09D838393050043A09E8383935D
:10A7C000060043A09F838393070043A0080040A096
:10A7D000090040A05481828F070040100300042428
:10A7E0000000429080004230FF0042300900405497
:10A7F0009C8380A3030004240100052400A0063CE0
:10A80000200DC6249E55400F0A000724548182AFB4
:10A810009C8380A39D8380A39E8380A3682B400B91
:10A820009F8380A300A0033C7B096390019D043CAF
:10A8300000E48434212864002C8185AFAC8285AF8C
:10A840000000A5909C8385A301008424212064003E
:10A850002C8184AFAC8284AF000084909D8384A35C
:10A8600000A0063C200DC2A0200DC224E1FF06245A
:10A87000010046A0020043A002000324030043A0FD
:10A88000040045A0050044A09E838393060043A0D6
:10A890009F838393070043A0080040A0090040A0C5
:10A8A0005481828F0700401003000424000042906E
:10A8B00080004230FF004230090040549C8380A356
:10A8C000030004240100052400A0063C200DC6243A
:10A8D0009E55400F0A000724548182AF9C8380A3B9
:10A8E0009D8380A39E8380A3682B400B9F8380A3BE
:10A8F00000A0033C7B096390019D043C00E4843488
:10A90000212864002C8185AFAC8285AF0000A69021
:10A910009C8386A301008524212865002C8185AFB6
:10A92000AC8285AF0000A5909D8385A3020084249E
:10A93000212064002C8184AFAC8284AF000084901D
:10A940009E8384A300A0073C200DE2A0200DE224FA
:10A95000E1FF0724010047A0020043A003000324F5
:10A96000030043A0040046A0050045A0060044A043
:10A970009F838393070043A0080040A0090040A0E4
:10A980005481828F0700401003000424000042908D
:10A9900080004230FF004230090040549C8380A375
:10A9A000030004240100052400A0063C200DC62459
:10A9B0009E55400F0A000724548182AF9C8380A3D8
:10A9C0009D8380A39E8380A3682B400B9F8380A3DD
:10A9D0007B096390019D043C00E4843421286400D9
:10A9E0002C8185AFAC8285AF0000A7909C8387A3A4
:10A9F00001008524212865002C8185AFAC8285AFBC
:10AA00000000A6909D8386A302008524212865006E
:10AA10002C8185AFAC8285AF0000A5909E8385A375
:10AA200003008424212064002C8184AFAC8284AF95
:10AA3000000084909F8384A300A0083C200D02A105
:10AA4000200D0225E1FF0824010048A0020043A0D8
:10AA500004000324030043A0040047A0050046A00F
:10AA6000060045A0070044A0080040A0090040A03F
:10AA70005481828F0700401003000424000042909C
:10AA800080004230FF004230090040549C8380A384
:10AA9000030004240100052400A0063C200DC62468
:10AAA0009E55400F0A000724548182AF9C8380A3E7
:10AAB0009D8380A39E8380A3682B400B9F8380A3EC
:10AAC000358182A300A0023C7B0945901900A010AB
:10AAD00000A0023C34818693FFFFA2241400C21020
:10AAE0000100C724FF00E7302B10E500AC00401048
:10AAF0002110E00000A0043C200884242118440018
:10AB000001004224FF004230FCFF4514000060A019
:10AB1000FEFFA2242138E2002330E600348186A320
:10AB2000FF00C630FFFFA2249E00C21400A0023C1A
:10AB300000A0023C7C0947909900E01000A0023C74
:10AB40007D09422400A0033C2008632421186500ED
:10AB5000FFFFE424FF00843000A0063C7E09C624E9
:10AB60002130C40000004490000064A00100422491
:10AB7000FCFF4614010063242128A700FFFFA52441
:10AB8000682B400B348185A30100022485006214E8
:10AB900000A0023C02000224682B400B358182A3F6
:10ABA00000A0033C7A09639001000424450064502E
:10ABB000010002240600601000A0083C800002246E
:10ABC0007800621400A0023C632B400B3681839313
:10ABD0007809082503000391009D043C005F85244B
:10ABE000212865002C8185AFAC8285AF0000A7903D
:10ABF0009C8387A3015F8524212865002C8185AF74
:10AC0000AC8285AF0000A6909D8386A3025F852459
:10AC1000212865002C8185AFAC8285AF0000A5900E
:10AC20009E8385A3035F8424212064002C8184AF4C
:10AC3000AC8284AF000084909F8384A300A0093C71
:10AC4000200D22A1200D2225EAFF0924010049A0A0
:10AC5000020043A004000391030043A0040047A0A6
:10AC6000050046A0060045A0070044A0080040A03B
:10AC7000090040A05481828F070040100300042483
:10AC80000000429080004230FF00423009004054F2
:10AC90009C8380A3030004240100052400A0063C3B
:10ACA000200DC6249E55400F0A000724548182AF10
:10ACB0009C8380A39D8380A39E8380A3682B400BED
:10ACC0009F8380A3368182A300A0023C7B0945902C
:10ACD0001900A01000A0023C34818693FFFFA2243B
:10ACE0001400C2100100C724FF00E7302B10E5005C
:10ACF0002B0040102110E00000A0043C2008842418
:10AD00002118440001004224FF004230FCFF45149A
:10AD1000000060A0FEFFA224233046002138E60098
:10AD2000348187A3FF00E730FFFFA2241D00E21457
:10AD300000A0023C00A0023C7C0947901800E010F3
:10AD400000A0023C7D09422400A0033C20086324AB
:10AD500021186500FFFFE424FF00843000A0063CBA
:10AD60007E09C6242130C40000004490000064A085
:10AD700001004224FCFF4614010063242128E50061
:10AD8000FFFFA524682B400B348185A3010002241A
:10AD90000400621400A0023C02000224368182A357
:10ADA00000A0023C780940AC78094224040040AC81
:10ADB000080040AC0C0040AC100040AC1C00BF8F41
:10ADC0001800B18F1400B08F0800E0032000BD27E9
:10ADD000D18483930100022425006254648380A3FC
:10ADE00064838293090040140100032404000324B7
:10ADF00088BF023C386143AC2083828F548382AF8A
:10AE0000010002240800E003648382A30E004314BF
:10AE1000020003242083828F5483838F23184300EE
:10AE2000F401632C120060140000000004000424EC
:10AE300088BF033C346164AC02000324648383A3B1
:10AE40000800E003548382AF0900431400000000AF
:10AE50005483828F2083838F23106200F401422C5D
:10AE600003004014000000000800E003648380A396
:10AE70000800E003000000000800E00300000000FC
:10AE800090FFBD276C00BFAF6800B5AF6400B4AFE2
:10AE90006000B3AF5C00B2AF5800B1AF5400B0AFC8
:10AEA000219080001000A0AF000102241400A2AF86
:10AEB000000202241800A2AF000402241C00A2AF6A
:10AEC000000802242000A2AF001002242400A2AF38
:10AED000001802242800A2AFFF1F02242C00A2AFFA
:10AEE0003000A0AF920103243400A3AFDF0203249B
:10AEF0003800A3AF3F0503243C00A3AF9609032409
:10AF00004000A3AF841103244400A3AFEB18032433
:10AF10004800A3AF4C00A2AF1000B1272180000071
:10AF2000070015240000338E2B1072021E00401003
:10AF3000211800020400348E2B1092021A004014D3
:10AF400001000426801803001000A22721184300E6
:10AF50002000708C80200400212044002000848C7C
:10AF60002320900023905302F472400F022092702D
:10AF700021884000F472400F2320930221202002F8
:10AF8000B56D400F2128400021884000F472400F29
:10AF90002120000221202002FB6B400F21284000CD
:10AFA000EF2B400B00000000F472400F2120400204
:10AFB00001001026DBFF1516040031265872400FE1
:10AFC000212040006C00BF8F6800B58F6400B48FF3
:10AFD0006000B38F5C00B28F5800B18F5400B08F07
:10AFE0000800E0037000BD27D8FFBD272400BFAFD5
:10AFF0002000B4AF1C00B3AF1800B2AF1400B1AF63
:10B000001000B0AF1084838F010002244D03621042
:10B010002400BF8F516E400F000000000400032485
:10B020000600431000000000516E400F00000000B9
:10B0300005000324040043145081828FAF24400F85
:10B04000000000005081828F0600401000000000C8
:10B050000000429080004230FF0042300B0040145C
:10B06000368183938428400F0000000003000424ED
:10B070002128000000A0063C7809C6249E55400FF8
:10B0800014000724508182AF36818393020002248A
:10B09000330062143581839334818293FF0003244B
:10B0A0000D004310010042240001432C0A006010EF
:10B0B00000A0053C2008A5242118A200000060A0E3
:10B0C000FF004430010042240001432CFBFF6014C8
:10B0D0002118A200348184A3009D113C8B6D400F88
:10B0E000005F242600A0103C23081026005F3136A4
:10B0F00000A0123C7C105226FF62133C00A1733664
:10B10000009D143C0060942600000592002A050072
:10B11000FFFF02922528A200002A0500FEFF0292EE
:10B120002528A200002A0500FDFF02922528A20082
:10B130002110510221105300000045AC956D400FC5
:10B140002120200204003126EFFF341604001026CF
:10B15000368180A3348180A3358183930200022449
:10B16000320062148381829334818293FF0003242E
:10B170000D004310010042240001432C0A0060101E
:10B1800000A0053C2008A5242118A200000060A012
:10B19000FF004430010042240001432CFBFF6014F7
:10B1A0002118A200348184A3019D113C8B6D400FB6
:10B1B00000E4243600A0103C2308102600E43136B9
:10B1C00000A0123C7C105226FE62133C001C732629
:10B1D000019D143C00E5943600000592002A05000C
:10B1E000FFFF02922528A200002A0500FEFF02921E
:10B1F0002528A200002A0500FDFF02922528A200B2
:10B200002110510221105300000045AC956D400FF4
:10B210002120200204003126EFFF341604001026FE
:10B22000358180A3348180A3838182930A004010FA
:10B2300000A0023C7A0946902014067C06004304D4
:10B24000838180A3019D043C04E084346D28400F79
:10B2500000FF0524838180A33484838F02000224AD
:10B26000130062140483828F3081828F0100422494
:10B27000308182AF7017422C0D0040140483828FFE
:10B2800088BF023C8050438C0400037C805043AC58
:10B29000019D043C00E08434956D400F121205249A
:10B2A000C0BF023C09F84000000000000483828F08
:10B2B00006004010C88484930000439080006330EF
:10B2C000FF006330EC006014000000000300032462
:10B2D000E70083148482838F0400632CE4006010F1
:10B2E000C086838FE20060140400032488BF023C00
:10B2F000386143ACD18480A32C8582930700422C13
:10B30000C5004050388680A72C85839380180300A1
:10B31000019D023C28B34224211043000000428CCE
:10B32000080040000000000014B6009D44B3009DDA
:10B3300044B4009D14B6009D54B5009DF4B5009D25
:10B3400008B6009D00A0023C09000324200D43A084
:10B35000F88580A3200D4224010040A03C83839304
:10B3600001000224180062145881838F048483939F
:10B37000FF00633002000224130062145881838F9F
:10B380005881848F5C81858F271E400F258386938B
:10B390003881838FFF00643000A0023C200D4224DE
:10B3A000020044A0003A637C030043A03C81838FE9
:10B3B000FF006430040044A0003A637C050043A011
:10B3C000FE2C400B00A0103CFF00643000A0023CAB
:10B3D000200D4224020044A0003A637C030043A0F5
:10B3E0005C81838FFF006430040044A0003A637CDA
:10B3F000050043A000A0103C200D1026060000A26E
:10B40000070000A208000224898382A3010004240B
:10B4100001000524213000029E55400F080007243A
:10B42000048382AF00000000C88480A30100029260
:10B43000FF0042307700401003000224852D400BAE
:10B44000C88482A300A0033C07000224200D62A050
:10B45000C0FF0224F88582A3200D6324010062A0AE
:10B460003C83839301000224180062145881838F67
:10B4700004848393FF0063300200022413006214EB
:10B480005881838F5881848F5C81858F271E400F60
:10B49000258386933881838FFF00643000A0023CAF
:10B4A000200D4224020044A0003A637C030043A024
:10B4B0003C81838FFF006430040044A0003A637C29
:10B4C000050043A03F2D400B00A0103CFF0064305E
:10B4D00000A0023C200D4224020044A0003A637CFC
:10B4E000030043A05C81838FFF006430040044A00C
:10B4F000003A637C050043A000A0103C200D1026FC
:10B50000060000A2070000A2080000A2090000A295
:10B510000A000224898382A3020004240100052476
:10B52000213000029E55400F0A000724048382AF99
:10B5300000000000C88480A301000392FF00633074
:10B54000C00002243300621003000224852D400B4A
:10B55000C88482A300A0103C02000224200D02A295
:10B56000C0FF0224F88582A3200D1026010002A24C
:10B570005881828FFF004330020003A2003A427CD0
:10B58000030002A25C81828FFF004330040003A20B
:10B59000003A427C050002A2060000A2070000A2B9
:10B5A000080000A2090000A20A0000A20B0000A2ED
:10B5B0000C000224898382A30300042401000524D3
:10B5C000213000029E55400F0C000724048382AFF7
:10B5D00000000000C88480A301000392FF006330D4
:10B5E000C00002240B00621003000224852D400BD2
:10B5F000C88482A301000224BD26400F288382AFA5
:10B60000862D400B388680A7010002244927400F71
:10B61000288382AF388680A7E48580A7248680AF00
:10B62000188580AF6C8580AF508680AF00A0033C4A
:10B63000A00D63240C0060AC00A0043C840E8224A6
:10B64000080040AC040060AC840E80AC080060AC24
:10B65000040040AC0C0040AC100040AC140040AC06
:10B66000180040A0190040A0502F400BC88680A3AE
:10B67000060040504D858293000042908000423089
:10B68000FF004230AE0140144D8582930200422CEF
:10B69000AB01401458868293FF000324A801431095
:10B6A00001000324C086848FA60183142400BF8F69
:10B6B00000A0033CAC0D638C0D0060140400032457
:10B6C00005004050D18482930400032409004314F0
:10B6D00088BF023CD1848293110040144D8583932E
:10B6E00001000224D18482A3BF2D400B648380A378
:10B6F00088BF023C346143ACD18480A300A0023CEB
:10B70000AC0D448C060080104D858393A02B400F18
:10B710000000000000A0033CAC0D62AC4D8583939B
:10B7200003000224420062543C8383935486828F38
:10B73000110040100886828F358580A3368580A34E
:10B740003C8383930100022425006214C085828F0C
:10B7500004848393FF0063300200022420006214FB
:10B76000C085828FFFFF0224358582A37F000224DB
:10B77000F72D400B368582A319004010C085828FBB
:10B780002C8583930400022406006214FFFF022428
:10B790009884828F358582A303120200EC2D400B22
:10B7A000368582A3358582A37F000224368582A355
:10B7B0003C8383930100022409006214C085828FB8
:10B7C00004848393FF0063300200022404006214A7
:10B7D000C085828F358580A3368580A3C085828F02
:10B7E000040040106485828F338580A30B2E400BAC
:10B7F000348580A30E0040103C8383932C85839373
:10B800000400022406006214FFFF02249084828F49
:10B81000338582A3031202000B2E400B348582A3D2
:10B82000338582A37F000224348582A33C838393E3
:10B8300001000224110062142C85829304848393F6
:10B84000FF006330020002240C0062142C858293F6
:10B85000FF7F02245C81838F231843005C8183AFC8
:10B860005086838F23104300248582AF358582A3C1
:10B8700002120200368582A32C8582930700422C97
:10B88000090140102C85839380180300019D023C20
:10B89000A4B84224211043000000428C080040005C
:10B8A00000000000A8BC009DC0B8009D18BA009D13
:10B8B000A8BC009DA4BB009D90BC009DA0BC009DA9
:10B8C00000A0023CAC0D428C05004014C884829359
:10B8D0005886829340100200422E400BF88582A3C6
:10B8E000060040145886829340100200F88582A317
:10B8F00000A0023C422E400BAC0D40AC40100200B8
:10B9000001004224F88582A300A0023C0900032420
:10B91000200D43A0F8858393200D4224010043A00D
:10B920003C838393010002242200621433858393B5
:10B9300004848393FF006330020002241D0062141C
:10B940003385839334858393001A03003385829370
:10B9500021106200388182AF36858393001A03007C
:10B9600035858293211062003C8182AF5881848F9B
:10B970005C81858F271E400F258386933881838FB6
:10B98000FF00643000A0023C200D4224020044A0CD
:10B99000003A637C030043A03C81838FFF00643046
:10B9A000040044A0003A637C050043A0772E400BBE
:10B9B00000A0023C00A0023C200D4224020043A053
:10B9C00034858393030043A035858393040043A00B
:10B9D00036858393050043A000A0023CAC0D428C49
:10B9E000FF00433000A0063C200DC6240600C3A083
:10B9F000003A427C0700C2A008000224898382A387
:10BA000001000424010005249E55400F080007246E
:10BA10002A2F400B048382AF00A0023CAC0D428C65
:10BA2000070040140100022458868293401002004F
:10BA3000A0FF4224F88582A39D2E400BB48680A3EC
:10BA4000B48682A3C88482930700401458868293E8
:10BA500040100200A0FF4224F88582A300A0023C0F
:10BA60009D2E400BAC0D40AC40100200A1FF4224C3
:10BA7000F88582A3F8858393A90002240400621448
:10BA800000A0023CA4FF0224F88582A300A0023C8F
:10BA900007000324200D43A0F8858393200D422442
:10BAA000010043A03C838393010002242000621420
:10BAB0003385839304848393FF0063300200022460
:10BAC0001B00621433858393348584930022040021
:10BAD0003385829321208200388184AF3685859317
:10BAE000002A0500358582932128A2003C8185AF7C
:10BAF000271E400F258386933881838FFF00643093
:10BB000000A0023C200D4224020044A0003A637CC5
:10BB1000030043A03C81838FFF006430040044A0F5
:10BB2000003A637C050043A0D62E400B00A0023CE7
:10BB300000A0023C200D4224020043A034858393E0
:10BB4000030043A035858393040043A03685839387
:10BB5000050043A000A0023CAC0D428CFF00433026
:10BB600000A0063C200DC6240600C3A0003A427C7B
:10BB70000700C2A0618582930800C2A091858293CC
:10BB80000900C2A00A000224898382A302000424BF
:10BB9000010005249E55400F0A0007242A2F400B60
:10BBA000048382AF00A0023CAC0D428C070040141D
:10BBB000010002245886829340100200A0FF422414
:10BBC000F88582A3002F400BB48680A3B48682A39D
:10BBD000C884829307004014588682934010020064
:10BBE000A0FF4224F88582A300A0023C002F400B56
:10BBF000AC0D40AC40100200A1FF4224F88582A3A6
:10BC000000A0103C02000224200D02A2F8858293BD
:10BC1000200D1026010002A233858293020002A2A9
:10BC200034858293030002A235858293040002A228
:10BC300036858293050002A200A0023CAC0D428C26
:10BC4000FF004330060003A2003A427C070002A234
:10BC500061858293080002A291858293090002A265
:10BC60000A0000A22126400F0B0000A20C000224B3
:10BC7000898382A3030004240100052421300002EB
:10BC80009E55400F0C0007242A2F400B048382AFDF
:10BC9000BD26400F288380AF2A2F400B00000000F4
:10BCA0004927400F288380AF4000000021868293FF
:10BCB0002D8582A334858393001A030033858293F4
:10BCC00021106200588182AF36858393001A0300E9
:10BCD00035858293211062005C8182AF61858293F9
:10BCE0002C8682A3918582930D8682A34086828FC3
:10BCF0000000437CA08583A34000427CAE8582A3E4
:10BD00002C858393050002240C0062140300022496
:10BD10006C85828F001A020021106200021202005C
:10BD2000608182AF5086828F001A0200211062006B
:10BD300002120200648182AF03000224C88482A33D
:10BD40002400BF8F2000B48F1C00B38F1800B28F67
:10BD50001400B18F1000B08F0800E0032800BD2749
:10BD6000E8FFBD271400BFAF8882829306004050D1
:10BD70008982829301000324470043141400BF8F7B
:10BD8000792F400B8482828F430040541400BF8F70
:10BD9000761E400F0000000020FF023488BF033CE5
:10BDA000146162AC88BF033C046162AC7F0302246F
:10BDB00088BF033C146362AC88BF033C046362AC7D
:10BDC0004373400F00000000A08280A30100022402
:10BDD000888282A3D08380AF588480AFA62F400B87
:10BDE0001400BF8F0400422C05004010000000002A
:10BDF000C05F400F00000000962F400BC083828F71
:10BE0000D083828F0B0040144D858293050040142F
:10BE100000000000A143400F00000000962F400BDF
:10BE2000C083828F583F400F00000000962F400BC8
:10BE3000C083828F01000424D08384AF88BF023C7A
:10BE40008050438C4408837C805043AC5F5F400F3C
:10BE500000000000C083828F0F0040101400BF8FCD
:10BE6000742B400F00000000241D400F0000000054
:10BE7000010003240500431400000000EC23400FE0
:10BE800000000000A62F400B1400BF8FFA2B400FBC
:10BE9000000000001400BF8F0800E0031800BD2759
:10BEA000E0FFBD271C00BFAF1800B2AF1400B1AF58
:10BEB0008973400F1000B0AF4000042488BF033CDA
:10BEC000042064AC81BF033C00F0638C6E73400FB0
:10BED00021204000048380AFFFFF023488BF033C71
:10BEE000186162AC88BF113C046122AE88BF033C7C
:10BEF000186262AC88BF033C046262AC88BF033C3A
:10BF0000186362AC88BF033C046362AC88BF033C27
:10BF1000186462AC88BF033C046462AC88BF033C15
:10BF2000186562AC88BF033C046562AC88BF033C03
:10BF3000186662AC88BF033C046662AC0F00032441
:10BF400088BF023C506143AC88BF023C506240ACA9
:10BF50000007032488BF023C506343ACBF000324A6
:10BF600088BF023C506443AC0300052488BF023CF8
:10BF7000506545AC0003032488BF023C506643ACC7
:10BF800080BF023C000E40AC80BF023C100E40ACB3
:10BF90007017032480BF023C200E43AC00800334A2
:10BFA00080BF023C080E43AC0001023C88BF033C4A
:10BFB000341062AC88BF043C1C000324E41083AC42
:10BFC00088BF033C10000624E81066ACE41085AC82
:10BFD000E81060AC88BF033C641062AC88BF033CCF
:10BFE000681062ACD08380AF5E70400F04001024F4
:10BFF0003C73400F0000000088BF023C146150AC4D
:10C00000046130AE416E400F00000000281D400F5B
:10C01000000000004F6E400F010004244F70400FDD
:10C02000000000007A70400F000000001970400FFF
:10C03000000000002080033481BF023C009843AC24
:10C040005140032481BF023C20A043ACFF54400F69
:10C0500000000000C51D400F000000009D56400F6D
:10C06000000000000800032488BF023C346543AC94
:10C0700088BF023C346150ACF401032430750224C3
:10C08000FFFF4224FFFF4014FFFF4224FFFF632411
:10C09000FBFF601430750224488382AFF401022450
:10C0A000508382AF0400032488BF023C386143AC54
:10C0B000D21E400F01001024FB20400F0200042478
:10C0C0000200112403001224F882829310005014FD
:10C0D00000000000DC83828F2000422C050040100D
:10C0E00000000000582F400F000000006030400B9F
:10C0F000B083848FFB20400F212020025F5F400F20
:10C1000000000000888280A35F30400B898280A3FA
:10C110001000511400000000DC83828F2000422CAC
:10C120000800401000000000FB20400F212000020A
:10C130005F5F400F00000000888280A35F30400BEB
:10C14000898280A3582F400F000000006030400B10
:10C15000B083848FDC83828F2000422C080040143F
:10C16000B083848FFB20400F212020025F5F400FAF
:10C1700000000000888280A3898280A3B083848F1E
:10C180000400801000000000D21F400F00000000DB
:10C19000B08380AF5D6E400F0000000001004230B0
:10C1A0000F00401400000000516E400F000000001E
:10C1B0000500501400000000916E400F0800042498
:10C1C0007830400B00000000516E400F000000006E
:10C1D0000300521400000000916E400F0900042477
:10C1E0002722400F000000003330400BF88282937A
:10C1F00000A0033CB00E6224B00E658C0400448C99
:10C200000800438C540045AC580044AC5C0043AC7F
:10C210000C00458C1000448C1400438C600045AC2D
:10C22000640044AC680043AC1800458C1C00448C8E
:10C230002000438C6C0045AC700044AC740043ACEF
:10C240002400458C2800448C2C00438C780045AC9D
:10C250007C0044AC800043AC3000458C3400448CFE
:10C260003800438C840045AC880044AC8C0043AC5F
:10C270003C00458C4000448C4400438C900045AC0D
:10C28000940044AC980043AC4800458C4C00448C6E
:10C290005000438C9C0045ACA00044ACA40043ACCF
:10C2A00000A0033C640F6224640F658C0400448C7E
:10C2B0000800438C540045AC580044AC5C0043ACCF
:10C2C0000C00458C1000448C1400438C600045AC7D
:10C2D000640044AC680043AC1800458C1C00448CDE
:10C2E0002000438C6C0045AC700044AC740043AC3F
:10C2F0002400458C2800448C2C00438C780045ACED
:10C300007C0044AC800043AC3000458C3400448C4D
:10C310003800438C840045AC880044AC8C0043ACAE
:10C320003C00458C4000448C4400438C900045AC5C
:10C33000940044AC980043AC4800458C4C00448CBD
:10C340005000438C9C0045ACA00044ACA40043AC1E
:10C3500007000B2400A00D3C00A00C3C00A0053CF5
:10C36000B00EA524AC00A7241131400B00A00A3C5C
:10C370000000468C0C00448C2B20C400140080501C
:10C380000000668C0800488C0C00468C1000448C21
:10C39000A800A8ACAC00A6ACB000A4ACFCFF488CD4
:10C3A0000000468C0400448C080048AC0C0046ACED
:10C3B000100044ACA800A88CAC00A68CB000A48CE3
:10C3C000FCFF48AC000046AC040044AC0000668CA6
:10C3D0000C00648C2B20C400140080100C0042243C
:10C3E000640F44250800698C0C00688C1000668C72
:10C3F000A80089ACAC0088ACB00086ACFCFF698CAE
:10C400000000688C0400668C080069AC0C0068AC05
:10C41000100066ACA800888CAC00868CB000848CC0
:10C42000FCFF68AC000066AC040064ACD0FF4714AD
:10C430000C006324FFFF6B25FF006B3104006011CB
:10C4400000000000080FA225DC30400BBC0F832544
:10C450000800E003000000002C808397D81302241A
:10C4600001006250402004002C85829304000324C4
:10C4700006004310C01B0400232064009084858FB5
:10C480001B008500F401A000122000006C85858F40
:10C490002486898F5086868F18858A8F2338CA0014
:10C4A000C31F0700263867002318E3002340A900B4
:10C4B000C33F08002640E800233807012138670001
:10C4C0002B20E400480080140400032421004314BE
:10C4D00000800334BE8483979084828F2110620091
:10C4E0002B1045000C004014BC848397338585A332
:10C4F00002120500348582A3021C050030858227C4
:10C500000A0043A0F48585AF2128250142280500B3
:10C51000248685AFBC8483979884828F2110620023
:10C520002B1046004600401402120600358586A3F3
:10C53000368582A3021C0600308582270B0043A0AB
:10C54000248586AF21304601423006000800E00312
:10C55000188586AF2B18A30009006010948183977B
:10C56000338585A3021A0500348583A3F48585AF3E
:10C570002128250142280500248685AF94818397D0
:10C580000500605000800234010003240C004314B5
:10C590002880828F008002342B10C20028004010B7
:10C5A00002120600358586A3368582A3248586AFD0
:10C5B00021304601423006000800E003188586AFAE
:10C5C0002B1046001E00401402120600358586A37B
:10C5D000368582A3248586AF21304601423006008D
:10C5E0000800E003188586AF0E004314F485828F9F
:10C5F000338582A3021A0200348583A33085832702
:10C60000021402000A0062A02485828F358582A36D
:10C6100002220200368584A3021402000800E0030F
:10C620000B0062A0338582A302120200348582A32C
:10C630002485828F358582A302120200368582A36B
:10C640000800E00300000000E8FFBD271400BFAFB2
:10C650003886828FC880838F2B206200060080146A
:10C66000E485848FD08084972B20440017008010AD
:10C67000D0808497E485848FDC80858F2B28A4006C
:10C680001000A054020002242B2862000400A01015
:10C69000E48085972B2085000A0080540200022444
:10C6A000D08084972B2844000800A010E48086974F
:10C6B000E485858F2B28A6000500A0102B186200AA
:10C6C00002000224C431400B0C8682A32B186200A6
:10C6D0000E006054010002242B1044000B00401493
:10C6E00001000224E485828FDC80838F2B18620096
:10C6F0000600605401000224E48083972B1043005D
:10C70000030040500C8680A3010002240C8682A303
:10C710004C8580A300A0023CAC0D428C9C004010D4
:10C720000C86829302000324330043140100032487
:10C73000248182979C85838F1B006200F401400056
:10C7400012180000FF0062300F00432C0500601437
:10C750004C8582A300A0023CD7074290DE31400BFB
:10C76000408582AF00A0033CC8076324211043002A
:10C7700000004290408582AF2C8583930400022400
:10C780000D00621058868393170062147082828FA6
:10C79000F119422C140040147482828F401A422CEA
:10C7A000110040107C82828F4085838F21106200AF
:10C7B000FA31400B408582AF040002240A00621463
:10C7C0007082828FF119422C070040147482828F8C
:10C7D000401A422C040040107882828F4085838F5B
:10C7E00021106200408582AF1631400F4085848F52
:10C7F0000033400B1400BF8F320043149C85838F9D
:10C80000228182971B006200F40140001218000090
:10C81000FF0062300F00432C050060144C8582A39A
:10C8200000A0023CD70742901132400B408582AFF6
:10C8300000A0033CC807632421104300000042907D
:10C84000408582AF2C858393040002240D00621082
:10C8500058868393170062147082828FF119422CDC
:10C86000140040147482828F401A422C1100401030
:10C870007C82828F4085838F211062002D32400B95
:10C88000408582AF040002240A0062147082828F05
:10C89000F119422C070040147482828F401A422CF6
:10C8A000040040107882828F4085838F21106200BF
:10C8B000408582AF1631400F4085848F0033400B96
:10C8C0001400BF8FCD004014208182979C85838FF8
:10C8D0001B006200F401400012180000FF006230EB
:10C8E0000F00432C050060144C8582A300A0023C7D
:10C8F000D70742904432400B408582AF00A0033CF2
:10C90000C80763242110430000004290408582AF95
:10C910002C858393040002240D00621058868393B3
:10C92000170062147082828FF119422C1400401497
:10C930007482828F401A422C110040107C82828FB8
:10C940004085838F211062006032400B408582AFAA
:10C95000040002240A0062147082828FF119422CB2
:10C96000070040147482828F401A422C0400401049
:10C970007882828F4085838F21106200408582AF4C
:10C980001631400F4085848F0033400B1400BF8F59
:10C9900002000324330043140100032424818297FE
:10C9A0009C85838F1B006200F40140001218000078
:10C9B000FF0062300F00432C050060144C8582A3F9
:10C9C00000A0023CD70742907932400B408582AFED
:10C9D00000A0033CC80763242110430000004290DC
:10C9E000408582AF2C858393040002240D006210E1
:10C9F00058868393170062147082828FF119422C3B
:10CA0000140040147482828F401A422C110040108E
:10CA10007C82828F4085838F211062009532400B8B
:10CA2000408582AF040002240A0062147082828F63
:10CA3000F119422C070040147482828F401A422C54
:10CA4000040040107882828F4085838F211062001D
:10CA5000408582AF1631400F4085848F0033400BF4
:10CA60001400BF8F320043149C85838F22818297EC
:10CA70001B006200F401400012180000FF00623049
:10CA80000F00432C050060144C8582A300A0023CDB
:10CA9000D7074290AC32400B408582AF00A0033CE8
:10CAA000C80763242110430000004290408582AFF4
:10CAB0002C858393040002240D0062105886839312
:10CAC000170062147082828FF119422C14004014F6
:10CAD0007482828F401A422C110040107C82828F17
:10CAE0004085838F21106200C832400B408582AFA1
:10CAF000040002240A0062147082828FF119422C11
:10CB0000070040147482828F401A422C04004010A7
:10CB10007882828F4085838F21106200408582AFAA
:10CB20001631400F4085848F0033400B1400BF8FB7
:10CB300032004014208182979C85838F1B00620005
:10CB4000F401400012180000FF0062300F00432C77
:10CB5000050060144C8582A300A0023CD7074290D8
:10CB6000DF32400B408582AF00A0033CC80763243E
:10CB70002110430000004290408582AF2C858393B2
:10CB8000040002240D00621058868393170062147B
:10CB90007082828FF119422C140040147482828FAB
:10CBA000401A422C110040107C82828F4085838F76
:10CBB00021106200FB32400B408582AF040002244A
:10CBC0000A0062147082828FF119422C070040140F
:10CBD0007482828F401A422C040040107882828F27
:10CBE0004085838F21106200408582AF1631400F4F
:10CBF0004085848F0033400B1400BF8F1400BF8F1B
:10CC00000800E0031800BD2758868393040002241F
:10CC10001F0062145A8082936886828F7082838F8D
:10CC20002B1862001A0060505A8082937482838F9E
:10CC30002B1843000A0060107482838F2C85849324
:10CC400004000324050083105A8083937C82828F22
:10CC5000211062002533400B408582AF7482838FA0
:10CC60002B1043000A0040105A8082932C85839336
:10CC700004000224060062145A8082935A8083932F
:10CC80007882828F211062002533400B408582AF6D
:10CC9000408582AF2C8584930400022436008210E4
:10CCA0006C85838F2486888F5086828F1885878F26
:10CCB00023284700C33705002628C5002348A600BF
:10CCC00023306800C32F06002630A6002328C500A5
:10CCD000212825014085898F2B28A9005E00A014FA
:10CCE000008005342B2865000900A05094818397AB
:10CCF000338583A3022A0300348585A3F48583AF9B
:10CD00002118030142180300248683AF948183977E
:10CD10000500601000800334010003240C0083141C
:10CD20002880838F008003342B1843004A00601052
:10CD3000021A0200358582A3368583A3248582AF3B
:10CD40002110E200421002000800E003188582AFC3
:10CD50002B18620040006014021A0200358582A37D
:10CD6000368583A3248582AF2110E20042100200A1
:10CD70000800E003188582AF2486878F5086828F53
:10CD80001885868F23284600C3270500262885009E
:10CD90002340A40023286700C32705002628850018
:10CDA0002320A400212004014085888F2B208800A7
:10CDB0001D008054F485828F9084848F2B20830003
:10CDC0000C0080549884838F338583A30222030050
:10CDD000348584A3022C0300308584270A0085A0B3
:10CDE000F48583AF2118E30042180300248683AF43
:10CDF0009884838F2B18620017006014021A0200B7
:10CE0000358582A3368583A30224020030858327DB
:10CE10000B0064A0248582AF2110C20042100200E2
:10CE20000800E003188582AF338582A3021A02004E
:10CE3000348583A330858327021402000A0062A090
:10CE40002485828F358582A302220200368584A341
:10CE5000021402000B0062A00800E00300000000C2
:10CE600000A0023C840E438CBE8482972B2043009A
:10CE7000080080149084848F030002244D8582A3CF
:10CE800001000224C08582AF648580AFB333400BBC
:10CE90006C8580AF212844002B28A3000800A050F7
:10CEA000648580AF030002244D8582A30100022423
:10CEB000648582AFC08580AFB333400B6C8584AF8F
:10CEC000C08580AF231062006C8582AF00A0023C59
:10CED000880E438CBC8482972B204300080080542A
:10CEE0009884848F030002244D8582A301000224CC
:10CEF000548682AF088680AF0800E003508680AF7A
:10CF0000212844002B28A3000800A050548680AF9D
:10CF1000030002244D8582A301000224088682AF0B
:10CF2000548680AF0800E003508684AF088680AF47
:10CF3000231062000800E003508682AF8082829353
:10CF400006004010818282936C85828F9084838F4B
:10CF5000231062006C8582AF8182829304004010AE
:10CF60005086828F9884838F23106200508682AF10
:10CF70000800E003000000001E80839301000224EB
:10CF80001B006214E485828FE48083972B18620073
:10CF900004006014DC80838F01000224EE33400B18
:10CFA000638582A32B10430003004054638580A354
:10CFB00001000224638582A33886828FD080839704
:10CFC0002B18620004006054C880838F0100022483
:10CFD0000800E003448582A32B1043000400405462
:10CFE000448580A3010002240800E003448582A355
:10CFF0000800E00300000000C0FFBD273C00BFAFF9
:10D000003800BEAF3400B7AF3000B6AF2C00B5AFBC
:10D010002800B4AF2400B3AF2000B2AF1C00B1AF02
:10D020001800B0AFEC85828F1604401400A0053CB8
:10D03000B00EA5240400A48C1000A68C1C00B48C97
:10D040002800BE8C3400B58C4000A38C4C00A28C10
:10D0500000A0053C640FA5240400B08C1000B38C24
:10D060001C00B68C2800A78C1000A7AF3400B78C2A
:10D070004000B28C4C00B18C4086858F288685AFED
:10D080002B2882000E00A0142B2866002B28C3003A
:10D090000800A0142B2844002B2895020500A0109E
:10D0A0002B2844004086858F0400057C4634400BC5
:10D0B000408685AF0C00A0142138C4002B286600E0
:10D0C0000900A0142138C4002B28B4020700A010C6
:10D0D0002138F4004086858F010007240400E57C98
:10D0E0004634400B408685AF2138F4002128750076
:10D0F0002128A2002B28A7000400A0104086858FBD
:10D100000400057C4634400B408685AF01000724AF
:10D110000400E57C408685AF2B2811020E00A01488
:10D120002B2853022B2872020800A0142B2830024F
:10D130002B28D7020500A0102B2830024086858FAF
:10D140004408057C6C34400B408685AF0C00A0146D
:10D15000213870022B2853020900A01421387002D4
:10D160002B28F6020700A0102138F6004086858F94
:10D17000010007244408E57C6C34400B408685AFF1
:10D180002138F600212857022128B1002B28A700BA
:10D190000400A0104086858F4408057C6C34400B49
:10D1A000408685AF010007244408E57C408685AFB2
:10D1B0002886858F4086878F0900E5108E858793A6
:10D1C0000100E724FF00E7308E8587A31F00E72CCE
:10D1D0000500E0508E8580A37A34400B408685AFF1
:10D1E0008E8580A3408685AF4086858F0100A5305F
:10D1F0001D00A054211843002130C4002110430019
:10D200001B00C200F4014000123000003C8686AFD3
:10D21000F472400F40200400CD72400F21204000E6
:10D220001400A2AF21A0D403F472400F2120950274
:10D23000CD72400F2120400021A040001400A48F97
:10D24000029D023C3F6F400F2C97458C21204000EF
:10D25000B56D400F212880027872400F21204000D8
:10D26000B434400BB88582AF2120C4001B00640099
:10D27000F4018000122000003C8684AFF472400F5D
:10D2800040200200CD72400F212040001400A2AFC8
:10D2900021A0D403F472400F21209502CD72400FDB
:10D2A0002120400021A040001400A48F029D023CD8
:10D2B0003F6F400F2C97458C21204000B56D400FEB
:10D2C000212880027872400F21204000B88582AF6B
:10D2D0004086828F020042301E004054219032026C
:10D2E00021987002218832021B007102F401200291
:10D2F00012880000488591AFF472400F4020100062
:10D30000CD72400F21204000218840001000A28FE4
:10D3100021B05600F472400F2120D702CD72400F89
:10D32000212040002180400021202002029D023C5B
:10D330003F6F400F2C97458C21204000B56D400F6A
:10D34000212800027872400F21204000F034400B69
:10D35000FC8582AF218070021B005002F4010002A4
:10D3600012800000488590AFF472400F40201100F9
:10D37000CD72400F21204000218840001000A28F74
:10D3800021B05600F472400F2120D702CD72400F19
:10D39000212040002180400021202002029D023CEB
:10D3A0003F6F400F2C97458C21204000B56D400FFA
:10D3B000212800027872400F21204000FC8582AFB6
:10D3C000F472400F1085848F029D113C2120400093
:10D3D0003F6F400F3097258E21804000F472400F40
:10D3E000B885848F029D123C212040003F6F400F82
:10D3F0003497458E21200002FB6B400F212840000E
:10D400007872400F2120400021804000288582AFA3
:10D41000F472400FDC85848F212040003F6F400F65
:10D420003097258E21884000F472400FFC85848F50
:10D43000212040003F6F400F3497458E212020026D
:10D44000FB6B400F212840007872400F21204000E4
:10D45000688582AF108590AFDC8582AF2200022EF6
:10D4600003004010230002244236400B228680A392
:10D470000400021624000224010002244236400B5C
:10D48000228682A304000216250002240200022440
:10D490004236400B228682A3040002162600022494
:10D4A000030002244236400B228682A304000216A7
:10D4B00027000224040002244236400B228682A365
:10D4C0000400021628000224050002244236400B04
:10D4D000228682A3040002162900022406000224E8
:10D4E0004236400B228682A3040002162A00022440
:10D4F000070002244236400B228682A30400021653
:10D500002B000224080002244236400B228682A30C
:10D51000040002162C000224090002244236400BAB
:10D52000228682A3040002162D0002240A0002248F
:10D530004236400B228682A3040002162E000224EB
:10D540000B0002244236400B228682A304000216FE
:10D550002F0002240C0002244236400B228682A3B4
:10D5600004000216300002240D0002244236400B53
:10D57000228682A304000216310002240E00022437
:10D580004236400B228682A3040002163200022497
:10D590000F0002244236400B228682A304000216AA
:10D5A00033000224100002244236400B228682A35C
:10D5B0000400021634000224110002244236400BFB
:10D5C000228682A3040002163500022412000224DF
:10D5D0004236400B228682A3040002163600022443
:10D5E000130002244236400B228682A30400021656
:10D5F00037000224140002244236400B228682A304
:10D600000400021638000224150002244236400BA2
:10D61000228682A304000216390002241600022486
:10D620004236400B228682A3040002163A000224EE
:10D63000170002244236400B228682A30400021601
:10D640003B000224180002244236400B228682A3AB
:10D65000040002163C000224190002244236400B4A
:10D66000228682A3040002163D0002241A0002242E
:10D670004236400B228682A3040002163E0002249A
:10D680001B0002244236400B228682A304000216AD
:10D690003F0002241C0002244236400B228682A353
:10D6A00004000216400002241D0002244236400BF2
:10D6B000228682A304000216410002241E000224D6
:10D6C0004236400B228682A3040002164200022446
:10D6D0001F0002244236400B228682A30400021659
:10D6E00043000224200002244236400B228682A3FB
:10D6F0000400021644000224210002244236400B9A
:10D70000228682A30400021645000224220002247D
:10D710004236400B228682A30400021646000224F1
:10D72000230002244236400B228682A30400021604
:10D7300047000224240002244236400B228682A3A2
:10D740000400021648000224250002244236400B41
:10D75000228682A304000216490002242600022425
:10D760004236400B228682A3040002164A0002249D
:10D77000270002244236400B228682A304000216B0
:10D780004B000224280002244236400B228682A34A
:10D79000040002164C000224290002244236400BE9
:10D7A000228682A3040002164D0002242A000224CD
:10D7B0004236400B228682A3040002164E00022449
:10D7C0002B0002244236400B228682A3040002165C
:10D7D0004F0002242C0002244236400B228682A3F2
:10D7E00004000216500002242D0002244236400B91
:10D7F000228682A304000216510002242E00022475
:10D800004236400B228682A30400021652000224F4
:10D810002F0002244236400B228682A30400021607
:10D8200053000224300002244236400B228682A399
:10D830000400021654000224310002244236400B38
:10D84000228682A30400021655000224320002241C
:10D850004236400B228682A30400021656000224A0
:10D86000350002244236400B228682A304000216B1
:10D8700057000224360002244236400B228682A33F
:10D880000400021658000224370002244236400BDE
:10D89000228682A3040002165900022438000224C2
:10D8A0004236400B228682A3040002165A0002244C
:10D8B000390002244236400B228682A3040002165D
:10D8C0005B0002243A0002244236400B228682A3E7
:10D8D000040002165C0002243B0002244236400B86
:10D8E000228682A3040002565D00102E3C00022412
:10D8F0004236400B228682A3040000166885828F80
:10D900003C000224228682A36885828F2200432C59
:10D9100003006010230003246E37400BB48580A3FE
:10D920000400431424000324010002246E37400B3A
:10D93000B48582A3040043142500032402000224BA
:10D940006E37400BB48582A30400431426000324E1
:10D95000030002246E37400BB48582A304004314F5
:10D9600027000324040002246E37400BB48582A3F1
:10D970000400431428000324050002246E37400BE2
:10D98000B48582A304004314290003240600022462
:10D990006E37400BB48582A3040043142A0003248D
:10D9A000070002246E37400BB48582A304004314A1
:10D9B0002B000324080002246E37400BB48582A399
:10D9C000040043142C000324090002246E37400B8A
:10D9D000B48582A3040043142D0003240A0002240A
:10D9E0006E37400BB48582A3040043142E00032439
:10D9F0000B0002246E37400BB48582A3040043144D
:10DA00002F0003240C0002246E37400BB48582A340
:10DA100004004314300003240D0002246E37400B31
:10DA2000B48582A304004314310003240E000224B1
:10DA30006E37400BB48582A30400431432000324E4
:10DA40000F0002246E37400BB48582A304004314F8
:10DA500033000324100002246E37400BB48582A3E8
:10DA60000400431434000324110002246E37400BD9
:10DA7000B48582A304004314350003241200022459
:10DA80006E37400BB48582A3040043143600032490
:10DA9000130002246E37400BB48582A304004314A4
:10DAA00037000324140002246E37400BB48582A390
:10DAB0000400431438000324150002246E37400B81
:10DAC000B48582A304004314390003241600022401
:10DAD0006E37400BB48582A3040043143A0003243C
:10DAE000170002246E37400BB48582A30400431450
:10DAF0003B000324180002246E37400BB48582A338
:10DB0000040043143C000324190002246E37400B28
:10DB1000B48582A3040043143D0003241A000224A8
:10DB20006E37400BB48582A3040043143E000324E7
:10DB30001B0002246E37400BB48582A304004314FB
:10DB40003F0003241C0002246E37400BB48582A3DF
:10DB500004004314400003241D0002246E37400BD0
:10DB6000B48582A304004314410003241E00022450
:10DB70006E37400BB48582A3040043144200032493
:10DB80001F0002246E37400BB48582A304004314A7
:10DB900043000324200002246E37400BB48582A387
:10DBA0000400431444000324210002246E37400B78
:10DBB000B48582A3040043144500032422000224F8
:10DBC0006E37400BB48582A304004314460003243F
:10DBD000230002246E37400BB48582A30400431453
:10DBE00047000324240002246E37400BB48582A32F
:10DBF0000400431448000324250002246E37400B20
:10DC0000B48582A30400431449000324260002249F
:10DC10006E37400BB48582A3040043144A000324EA
:10DC2000270002246E37400BB48582A304004314FE
:10DC30004B000324280002246E37400BB48582A3D6
:10DC4000040043144C000324290002246E37400BC7
:10DC5000B48582A3040043144D0003242A00022447
:10DC60006E37400BB48582A3040043144E00032496
:10DC70002B0002246E37400BB48582A304004314AA
:10DC80004F0003242C0002246E37400BB48582A37E
:10DC900004004314500003242D0002246E37400B6F
:10DCA000B48582A304004314510003242E000224EF
:10DCB0006E37400BB48582A3040043145200032442
:10DCC0002F0002246E37400BB48582A30400431456
:10DCD00053000324300002246E37400BB48582A326
:10DCE0000400431454000324310002246E37400B17
:10DCF000B48582A304004314550003243200022497
:10DD00006E37400BB48582A30400431456000324ED
:10DD1000350002246E37400BB48582A304004314FF
:10DD200057000324360002246E37400BB48582A3CB
:10DD30000400431458000324370002246E37400BBC
:10DD4000B48582A30400431459000324380002243C
:10DD50006E37400BB48582A3040043145A00032499
:10DD6000390002246E37400BB48582A304004314AB
:10DD70005B0003243A0002246E37400BB48582A373
:10DD8000040043145C0003243B0002246E37400B64
:10DD9000B48582A3040043145D00422C3C0002249D
:10DDA0006E37400BB48582A3040040148885828FAF
:10DDB0003C000224B48582A38885828F260040100F
:10DDC0007C85828F1086828F230040147C85828F11
:10DDD000458582930B00432C150060149085839336
:10DDE000B48583932B2043000D008014010042244E
:10DDF0004086828F0200423005004010908580A34B
:10DE0000888580AF458580A3AC37400B918583A37F
:10DE1000888580AF458580A3AC37400B918583A36F
:10DE2000FF004230458582A3AC37400B918582A329
:10DE30001500642C1F0080500486828F010042244C
:10DE4000FF004230458582A3918582A301006324AF
:10DE5000AC37400B908583A305004014EC85828F7E
:10DE60004486828F11004010B4858293EC85828FA6
:10DE70000E004014B4858293918580A300A0023CDB
:10DE80006C0F42946100422C040040144086828F43
:10DE90004408027CAC37400B408682AF010003246B
:10DEA0004408627CAC37400B408682AF918582A3E8
:10DEB0000486828F260040101C85828F1086828FF8
:10DEC000230040141C85828F158682930B00432CFF
:10DED00015006014D0858393228683932B20430002
:10DEE0000D008014010042244086828F01004230E0
:10DEF00005004010D08580A3048680AF158680A3DE
:10DF0000EA37400B618583A3048680AF158680A322
:10DF1000EA37400B618583A3FF004230158682A358
:10DF2000EA37400B618582A31500642C1F008050E6
:10DF30001C85828F01004224FF004230158682A397
:10DF4000618582A301006324EA37400BD08583A357
:10DF500005004014EC85828FC885828F1100401027
:10DF600022868293EC85828F0E0040142286829353
:10DF7000618580A300A0023CB80E42946100422C4F
:10DF8000040040144086828F0400027CEA37400B74
:10DF9000408682AF010003240400627CEA37400B14
:10DFA000408682AF618582A31C85828F0500401464
:10DFB0004486828FC885828F0A0040104885828FF0
:10DFC0004486828F05004054618580A37C85828FC2
:10DFD000040040104885828F618580A3918580A3CD
:10DFE0004885828F0300422C0800401000A0023CAC
:10DFF0003C86828F0300422C0400401000A0023CAB
:10E000002886828F408682AF00A0023CAC0D428CF5
:10E010000700401422868293808580A3EC8580AF20
:10E02000888580AF048680AF108680AF2286829379
:10E030000B004010B48582934086828F01004230ED
:10E0400007004014B48582936185829327100200F3
:10E0500080FF032425104300618582A3B485829349
:10E06000080040104086828F0200423005004014B4
:10E07000918582932710020080FF0324251043001E
:10E08000918582A33C00BF8F3800BE8F3400B78FCC
:10E090003000B68F2C00B58F2800B48F2400B38FCA
:10E0A0002000B28F1C00B18F1800B08F0800E00371
:10E0B0004000BD271E80849301000324390083148F
:10E0C000AC8582933886838FCC8084972B20640024
:10E0D0000F00805402000324C080848F2B20830013
:10E0E0000B00805402000324E485848FE080859730
:10E0F0002B2885000600A05402000324D480858FBD
:10E100002B28A4000400A010CE80869702000324D0
:10E110006A38400BAC8583A3BE8085972338C50041
:10E120002B3867001100E05401000324C480878F5E
:10E130002140A7002B4003010C00005501000324DF
:10E14000E2808897234805012B4889000700205565
:10E1500001000324D880898F2128A9002B28A4003E
:10E160000400A0502B30C300010003246A38400B88
:10E17000AC8583A30D00C050020003242B18670058
:10E180000A006010020003242B4004010700001164
:10E190002B20890005008054AC8580A36B38400B90
:10E1A00000000000AC8580A3020003240700431494
:10E1B00001000324AC858493040083140000000054
:10E1C000210003248238400BD88583A30600431422
:10E1D000AC8583930400601400000000100002244A
:10E1E0008538400BD88582A307004014AC85849302
:10E1F0000100032405008314000000000100022434
:10E200008B38400BD88582A30100032408004314F7
:10E2100080858293AC8583930200022404006214FB
:10E220008085829312000224D88582A38085829300
:10E23000738582A3948282930500432C05006010AD
:10E240002E80839301000224C88582AF9C38400B46
:10E250001C8580AFFCFF63242A106200050040107B
:10E2600095828293C88580AF010002241C8582AF0D
:10E27000958282930500432C050060102F808393C4
:10E2800001000224448682AFAB38400B7C8580AF0E
:10E29000FCFF63242A1062000500401094828293E0
:10E2A000448680AF010002247C8582AF94828293F1
:10E2B0002E808393FCFF63242A20620014008014C4
:10E2C000958284930500442C110080549582849398
:10E2D000958282932F808393FCFF63242A18620027
:10E2E00013006054030002240500422C1000401467
:10E2F0000300022401000224808582A3C88580AF28
:10E300001C8580AF448680AFD538400B7C8580AFBC
:10E310002F808593FCFFA5242A28A4000300A014C5
:10E320000500842C040080102A18620003000224D7
:10E33000D538400B808582A305006054020002247A
:10E340000500422C040040107385839302000224D0
:10E35000808582A373858393010002240B006214DD
:10E360007385839380858293FEFF4224FF004230B1
:10E370000200422C06004010030002240100022487
:10E38000EC8582AF108682AF7385839303000224ED
:10E3900008006214738583938085839301000224AF
:10E3A0000400621473858393888582AFEC8580AF07
:10E3B0007385839302000224060062148085839390
:10E3C000010002240300621400000000048682AFF2
:10E3D000EC8580AF0800E003000000006C85838FAF
:10E3E0000D0060506C8580AF9084848F2B1083006B
:10E3F00008004014FF7F0224C013030023104300D1
:10E400001B004400F4018000122000000639400B7C
:10E410006C8584AF6C8582AF948182970500401033
:10E420005086838F2C858393010002241000621490
:10E430005086838F1B006050508680AF9884848FF5
:10E440002B10830008004014FF7F0224C013030038
:10E45000231043001B004400F40180001220000040
:10E460002939400B508684AF2939400B508682AF42
:10E470000C006050508680AF9884848F2B108300EE
:10E48000070040142880828F021062701B00440035
:10E49000F4018000122000002939400B508684AF1F
:10E4A000508682AF808282930600401094818297CA
:10E4B0006C85828FFF7F0324231062006C8582AFFE
:10E4C0009481829705004010818282932C858393EA
:10E4D0000100022407006214818282930A00401026
:10E4E0005086828FFF7F0324231062000800E00320
:10E4F000508682AF040040105086828F2880838F20
:10E5000023106200508682AF0800E0030000000084
:10E5100000A0023CA40D428C00A0033C840E638C3E
:10E520002B2062000400805023106200231043005F
:10E530004F39400BD48582AFD48582AF00A0023C16
:10E54000A80D428C00A0033C880E638C2B20620037
:10E5500005008010D485848F2110440023184300C7
:10E560005D39400BD48583AF21186400231062000D
:10E57000D48582AFD485828F3200432C0300601093
:10E58000010003246439400BE88580AFE88583AF40
:10E5900000A0033CAC0D638C83006010FA8083976D
:10E5A0004485839342006014FA8083976385839344
:10E5B0003F006014FA8083972B18620004006010FB
:10E5C000F88083971A818297033A400B588582AF6F
:10E5D0002B18620004006010F680839718818297E0
:10E5E000033A400B588582AF2B186200040060107C
:10E5F000F480839716818297033A400B588582AF47
:10E600002B18620004006010F280839714818297B7
:10E61000033A400B588582AF2B186200040060104B
:10E62000F080839712818297033A400B588582AF1E
:10E630002B18620004006010EE808397108182978F
:10E64000033A400B588582AF2B186200040060101B
:10E65000EC8083970E818297033A400B588582AFF6
:10E660002B18620004006010EA8083970C81829767
:10E67000033A400B588582AF2B18620004006010EB
:10E68000E88083970A818297033A400B588582AFCE
:10E690002B10620004004010068182970881829747
:10E6A000033A400B588582AF033A400B588582AF3E
:10E6B0002B18620004006010F88083971A818297FB
:10E6C000033A400B588582AF2B186200040060109B
:10E6D000F680839718818297033A400B588582AF62
:10E6E0002B18620004006010F480839716818297D3
:10E6F000033A400B588582AF2B186200040060106B
:10E70000F280839714818297033A400B588582AF39
:10E710002B18620004006010F080839712818297AA
:10E72000033A400B588582AF2B186200040060103A
:10E73000EE80839710818297033A400B588582AF11
:10E740002B18620004006010EC8083970E81829782
:10E75000033A400B588582AF2B186200040060100A
:10E76000EA8083970C818297033A400B588582AFE9
:10E770002B18620004006010E88083970A8182975A
:10E78000033A400B588582AF2B1062000400401002
:10E790000681829708818297033A400B588582AFA1
:10E7A000033A400B588582AF2B18620004006010BA
:10E7B000F480839704818297033A400B588582AF97
:10E7C0002B18620004006010F2808397008182970A
:10E7D000033A400B588582AF2B186200040060108A
:10E7E000E880839702818297033A400B588582AF75
:10E7F0002B10620004004010FC808297FE808297FC
:10E80000033A400B588582AF588582AF5885868F72
:10E81000010002240700C21000A0023CAC0E42908E
:10E820002B1846000900601000A0033C263A400B5C
:10E8300000A0023C00A0023C840E42241C0040AC1C
:10E84000200040AC253A400B280040A0840E688C84
:10E85000840E63240400678C1C00648C2000638C8D
:10E86000234008002338070021208800FFFF4224AE
:10E87000FF0042302B284600FBFFA0102118670044
:10E8800000A0053C840EA5241C00A4AC2000A3AC71
:10E890002800A2A000A0023CA00D42240400478C46
:10E8A00000A0043C840E84241C00858C2128E500F3
:10E8B0001C0085AC0800468C2000838C2118C30006
:10E8C000200083AC2800829001004224FF004230E7
:10E8D0000C004010280082A000A0043C1B00A200F5
:10E8E000F401400012280000840E85AC840E8424BC
:10E8F0001B006200F4014000121800000800E00351
:10E90000040083AC00A0023C840E47AC840E422479
:10E91000040046AC0800E003280040A0D8FFBD2753
:10E920002400BFAF2000B3AF1C00B2AF1800B1AFDE
:10E930001400B0AF3800B28F80100500408804008A
:10E94000218824022388510023882602C31711003E
:10E95000268851002388220240800500238004027B
:10E9600023800602C3171000268050002380020275
:10E9700002000016FF00E73001001024F472400F7F
:10E980000220477221984000F472400F422012008A
:10E9900021904000F472400F212020022188400085
:10E9A000F472400F2120000221202002B56D400F9B
:10E9B00021284000212040023F6F400F21284000C5
:10E9C00021206002FB6B400F212840007872400F2D
:10E9D000212040002400BF8F2000B38F1C00B28F85
:10E9E0001800B18F1400B08F0800E0032800BD2785
:10E9F000E0FFBD271C00BFAF1800B0AF00A0103C67
:10EA0000640F102654000292C48482A3FFFF4524A1
:10EA1000B085848F8030050000190500231866003A
:10EA2000211803020400658C2328A400040065ACAF
:10EA300080280200003102002328C5002128050299
:10EA40000400A68C2330C4000400A6AC01004224BC
:10EA50008030020000110200231046002110020243
:10EA60000400468C2330C400040046AC0400648CCF
:10EA70000400A58C0100679032808297473A400FCE
:10EA80001000A2AF00A0033CA80D62AC540002929B
:10EA90008018020000110200231043002180500062
:10EAA00001000292728582A31C00BF8F1800B08FF4
:10EAB0000800E0032000BD27E0FFBD271C00BFAF1A
:10EAC0001800B0AF00A0103CB00E10265400029207
:10EAD000C48482A3FFFF4524B085848F8030050065
:10EAE0000019050023186600211803020400658C34
:10EAF0002328A400040065AC802802000031020035
:10EB00002328C500212805020400A68C2330C40058
:10EB10000400A6AC01004224803002000011020073
:10EB200023104600211002020400468C2330C4004A
:10EB3000040046AC0400648C0400A58C01006790BE
:10EB400030808297473A400F1000A2AF00A0033CEC
:10EB5000A40D62AC54000292801802000011020061
:10EB6000231043002180500001000292628582A39D
:10EB70001C00BF8F1800B08F0800E0032000BD27E5
:10EB8000D0FFBD272C00BFAF2800B5AF2400B4AF25
:10EB90002000B3AF1C00B2AF1800B1AF1400B0AF8B
:10EBA00000A0023CB00E422454005090C48490A3B4
:10EBB000FEFF0326802003000019030023186400D1
:10EBC00021184300FFFF04268028040000210400D0
:10EBD00023208500212044000400918C8020100017
:10EBE000002910002320A400212044000400938C5D
:10EBF0000100042680280400002104002320850051
:10EC0000212044000400928C232833022328B200E0
:10EC10000200042680300400002104002320860026
:10EC2000211044000400428C2128A2002A00A010D8
:10EC30000400638C231871002318730021187200DC
:10EC400026006050409813002A1051021200401410
:10EC50003080829723183202021862701A00650011
:10EC6000F401A000122800008018100000211000FC
:10EC70002318830000A0043CB00E842421186400F3
:10EC80000100649002184470B572400F21206500A5
:10EC9000363B400B21A84000232032020220827024
:10ECA0001A008300F4016000122000008018100098
:10ECB000002910002318A30000A0053CB00EA524D5
:10ECC000211865000100639002284370B572400F5F
:10ECD0002120A40021A8400040981300239871022D
:10ECE0002398720240981300130060522120800282
:10ECF0003080839780101000008110002380020272
:10ED000000A0023CB00E42242180020201000292C7
:10ED10000210627023883202021823721A007300F4
:10ED2000F401600212980000B572400F23205300D6
:10ED300021A0400021208002F96B400F2128A00271
:10ED40005872400F21204000C31F020026106200AD
:10ED500023184300308084972A188300070060102E
:10ED6000E68083935872400F21208002B572400FD5
:10ED700021204000713B400B212040000100022473
:10ED80000B0062142120A002FB6B400F212880029F
:10ED90005872400F21204000C2270200212082002B
:10EDA000B572400F43200400713B400B212040000E
:10EDB0005872400F2120A002B572400F2120400060
:10EDC000212040005872400F000000002C00BF8F2F
:10EDD0002800B58F2400B48F2000B38F1C00B28FA1
:10EDE0001800B18F1400B08F0800E0033000BD2779
:10EDF000D0FFBD272C00BFAF2800B5AF2400B4AFB3
:10EE00002000B3AF1C00B2AF1800B1AF1400B0AF18
:10EE100000A0023C640F422454005090C48490A38C
:10EE2000FEFF03268020030000190300231864005E
:10EE300021184300FFFF042680280400002104005D
:10EE400023208500212044000400918C80201000A4
:10EE5000002910002320A400212044000400938CEA
:10EE600001000426802804000021040023208500DE
:10EE7000212044000400928C232833022328B2006E
:10EE800002000426803004000021040023208600B4
:10EE9000211044000400428C2128A2002A00A01066
:10EEA0000400638C2318710023187300211872006A
:10EEB00026006050409813002A105102120040149E
:10EEC0003280829723183202021862701A0065009D
:10EED000F401A0001228000080181000002110008A
:10EEE0002318830000A0043C640F842421186400CC
:10EEF0000100649002184470B572400F2120650033
:10EF0000D23B400B21A84000232032020220827015
:10EF10001A008300F4016000122000008018100025
:10EF2000002910002318A30000A0053C640FA524AD
:10EF3000211865000100639002284370B572400FEC
:10EF40002120A40021A840004098130023987102BA
:10EF5000239872024098130013006052212080020F
:10EF600032808397801010000081100023800202FD
:10EF700000A0023C640F42242180020201000292A0
:10EF80000210627023883202021823721A00730082
:10EF9000F401600212980000B572400F2320530064
:10EFA00021A0400021208002F96B400F2128A002FF
:10EFB0005872400F21204000C31F0200261062003B
:10EFC00023184300328084972A18830007006010BA
:10EFD000E68083935872400F21208002B572400F63
:10EFE000212040000D3C400B212040000100022464
:10EFF0000B0062142120A002FB6B400F212880022D
:10F000005872400F21204000C227020021208200B8
:10F01000B572400F432004000D3C400B21204000FE
:10F020005872400F2120A002B572400F21204000ED
:10F03000212040005872400F000000002C00BF8FBC
:10F040002800B58F2400B48F2000B38F1C00B28F2E
:10F050001800B18F1400B08F0800E0033000BD2706
:10F0600000A0023C900E478C2885828F2B18E2006E
:10F07000040060502310E20023104700223C400BA4
:10F080003C8582AF3C8582AF00A0023C940E468C4A
:10F090006885828F2B18C200050060103C85838F25
:10F0A00021104300231046002F3C400B3C8582AFCB
:10F0B0002118C300231062003C8582AF00A0023CEF
:10F0C000AC0D428C0A004010010002240A00022408
:10F0D000008682AF00A0023CAE0E42900A00432C94
:10F0E0000A00601000A0033C543C400B2885878F29
:10F0F000008682AF00A0023C840E4224140040AC83
:10F10000180040AC533C400B2A0040A0840E6324FE
:10F110001400648C1800638C233807002330060029
:10F1200021208700FFFF4224FF0042300A00452CC7
:10F13000FBFFA0102118660000A0053C840EA5244A
:10F140001400A4AC1800A3AC2A00A2A02885878FC5
:10F1500000A0043C840E84241400858C2128E50042
:10F16000140085AC6885868F1800838C2118C30035
:10F17000180083AC2A00829001004224FF00423034
:10F180000C0040102A0082A000A0043C840E8424BD
:10F190001B00A200F4014000122800000C0085AC06
:10F1A0001B006200F4014000121800000800E00398
:10F1B000100083AC00A0023C840E42240C0047AC3B
:10F1C000100046AC0800E0032A0040A0E0FFBD2785
:10F1D0001C00BFAF1800B2AF1400B1AF1000B0AF49
:10F1E000EC85828FD8024014808282930800401000
:10F1F00000A0023CB00E42244C00458C34004B8CE5
:10F200002800478C1C004A8C8A3C400B0400448C2C
:10F21000B00E42240400458C1C004B8C2800478C07
:10F2200034004A8C4C00448C818282930800401048
:10F2300000A0023C640F42244C00438C3400498CF3
:10F240002800468C1C00488C9A3C400B0400428CE1
:10F25000640F42240400438C1C00498C2800468C17
:10F260003400488C4C00428C40868C8F28868CAFB2
:10F270002B608500050080112B60A40040868C8FD8
:10F2800004000C7CA93C400B40868CAF060080112A
:10F290002B60430040868C8F01000D240400AC7D60
:10F2A00040868CAF2B604300050080112B6062000C
:10F2B00040868C8F44080C7CB63C400B40868CAF5B
:10F2C0000600801128868C8F40868C8F01000D24CB
:10F2D0004408AC7D40868CAF28868C8F40868D8F0D
:10F2E0000900AC118E858D930100AD25FF00AD3175
:10F2F0008E858DA31F00AD2D0500A0518E8580A3A6
:10F30000C43C400B40868CAF8E8580A340868CAF7A
:10F3100040868C8F01008C311500801500000000A4
:10F3200005008010000000001B00A400F401800014
:10F33000122000003C8684AF2100E0104086848FBC
:10F34000C0200500402905002128850080200500F7
:10F350002120A400002904002320A4001B00870012
:10F36000F401E00012380000EF3C400BB88587AF95
:10F370000500A010000000001B008500F401A000A3
:10F38000122800003C8685AF0D00E0504086848F37
:10F39000C0280400402104002120A400802804008B
:10F3A00021208500002904002320A4001B008700E1
:10F3B000F401E00012380000B88587AF4086848FE2
:10F3C0000200843015008014000000000500401089
:10F3D000000000001B006200F40140001210000059
:10F3E000488582AF2100C0107480828FC010030056
:10F3F000401903002118430080100300211062000F
:10F4000000190200231062001B004600F401C00036
:10F41000123000001A3D400BFC8586AF05006010DD
:10F42000000000001B004300F401600012180000FF
:10F43000488583AF0D00C0507480828FC0180200D1
:10F4400040110200211062008018020021104300C8
:10F4500000190200231062001B004600F401C000E6
:10F4600012300000FC8586AF7480828F23506A01C1
:10F47000C31F0A0026506A00231843012B1862009C
:10F4800006006014B885838F2D85849302000324C1
:10F490000400835423402801B885838F288583AFD7
:10F4A00023402801C31F08002640680023180301D9
:10F4B0002B10620005004014FC85828F2D858393FC
:10F4C0000200022402006214FC85828F688582AFEC
:10F4D000F472400F1085848F029D113C2120400062
:10F4E0003F6F400F3897258E21804000F472400F07
:10F4F0002885848F029D123C212040003F6F400FE1
:10F500003C97458E21200002FB6B400F21284000D4
:10F510007872400F2120400021804000288582AF72
:10F52000F472400FDC85848F212040003F6F400F34
:10F530003897258E21884000F472400F6885848FAB
:10F54000212040003F6F400F3C97458E2120200234
:10F55000FB6B400F212840007872400F21204000B3
:10F56000688582AF108590AF183C400FDC8582AF74
:10F5700000A0023C840E42240C00448C288584AFF9
:10F580001000428C688582AF7C80908F2B10900099
:10F59000030040108080918FE13D400B228680A3C4
:10F5A0002B109100BE0140508480908FF472400F68
:10F5B0002320900021904000238030020A00022482
:10F5C0001B000202F4014000F472400F1220000000
:10F5D00021204002B56D400F21284000212040002D
:10F5E000FB6B400F212800007872400F2120400063
:10F5F000E13D400B228682A3F472400F232091004C
:10F6000021904000238011020A0002241B00020204
:10F61000F4014000F472400F12200000212040024B
:10F62000B56D400F2128400021204000029D023C82
:10F63000FB6B400F4097458C7872400F21204000B3
:10F64000E13D400B228682A3F472400F23209000FC
:10F6500021904000238030020A0002241B00020295
:10F66000F4014000F472400F1220000021204002FB
:10F67000B56D400F2128400021204000029D023C32
:10F68000FB6B400F4497458C7872400F212040005F
:10F69000E13D400B228682A3F472400F23209100AB
:10F6A00021904000238011020A0002241B00020264
:10F6B000F4014000F472400F1220000021204002AB
:10F6C000B56D400F2128400021204000029D023CE2
:10F6D000FB6B400F4897458C7872400F212040000B
:10F6E000E13D400B228682A3F472400F232090005C
:10F6F00021904000238030020A0002241B000202F5
:10F70000F4014000F472400F12200000212040025A
:10F71000B56D400F2128400021204000029D023C91
:10F72000FB6B400F4C97458C7872400F21204000B6
:10F73000E13D400B228682A3F472400F232091000A
:10F7400021904000238011020A0002241B000202C3
:10F75000F4014000F472400F12200000212040020A
:10F76000B56D400F2128400021204000029D023C41
:10F77000FB6B400F5097458C7872400F2120400062
:10F78000228682A300A0023C940E448C9880908F25
:10F790002B109000030040109C80918F623E400B24
:10F7A000B48580A32B10910052014050A080908F0F
:10F7B000F472400F232090002190400023803002FB
:10F7C0000A0002241B000202F4014000F472400F00
:10F7D0001220000021204002B56D400F212840007A
:10F7E00021204000FB6B400F212800007872400F61
:10F7F00021204000623E400BB48582A3F472400F8A
:10F800002320910021904000238011020A0002244D
:10F810001B000202F4014000F472400F12200000AD
:10F8200021204002B56D400F2128400021204000DA
:10F83000029D023CFB6B400F4097458C7872400F55
:10F8400021204000623E400BB48582A3F472400F39
:10F850002320900021904000238030020A000224DF
:10F860001B000202F4014000F472400F122000005D
:10F8700021204002B56D400F21284000212040008A
:10F88000029D023CFB6B400F4497458C7872400F01
:10F8900021204000623E400BB48582A3F472400FE9
:10F8A0002320910021904000238011020A000224AD
:10F8B0001B000202F4014000F472400F122000000D
:10F8C00021204002B56D400F21284000212040003A
:10F8D000029D023CFB6B400F4897458C7872400FAD
:10F8E00021204000623E400BB48582A3F472400F99
:10F8F0002320900021904000238030020A0002243F
:10F900001B000202F4014000F472400F12200000BC
:10F9100021204002B56D400F2128400021204000E9
:10F92000029D023CFB6B400F4C97458C7872400F58
:10F9300021204000623E400BB48582A3F472400F48
:10F940002320910021904000238011020A0002240C
:10F950001B000202F4014000F472400F122000006C
:10F9600021204002B56D400F212840002120400099
:10F97000029D023CFB6B400F5097458C7872400F04
:10F9800021204000B48582A38885828F1F0040100B
:10F990007C85828F1086828F1C0040147C85828F2C
:10F9A000458582930B00432C0E0060149085839351
:10F9B000B48583932B204300060080140100422469
:10F9C000908580A3888580AF458580A38E3E400BBF
:10F9D000918583A3FF004230458582A38E3E400B74
:10F9E000918582A31500642C140080500486828FB8
:10F9F00001004224FF004230458582A3918582A305
:10FA0000010063248E3E400B908583A305004014C3
:10FA1000EC85828F4486828F06004010B4858293E5
:10FA2000EC85828F03004014B48582938E3E400B98
:10FA3000918580A3918582A30486828F1F00401048
:10FA40001C85828F1086828F1C0040141C85828F3B
:10FA5000158682930B00432C0E006014D08583938F
:10FA6000228683932B204300060080140100422449
:10FA7000D08580A3048680AF158680A3BA3E400B54
:10FA8000618583A3FF004230158682A3BA3E400BF6
:10FA9000618582A31500642C140080501C85828F20
:10FAA00001004224FF004230158682A3618582A3B3
:10FAB00001006324BA3E400BD08583A305004014A7
:10FAC000EC85828FC885828F060040102286829343
:10FAD000EC85828F0300401422868293BA3E400B4D
:10FAE000618580A3618582A31C85828F05004014F7
:10FAF0004486828FC885828F0A0040104885828F95
:10FB00004486828F05004054618580A37C85828F66
:10FB1000040040104885828F618580A3918580A371
:10FB20004885828F0300422C080040106185838342
:10FB30003C86828F0300422C050040107880828F23
:10FB40002886828F408682AF618583837880828F0A
:10FB50002B2062000500805000A0023C9185848328
:10FB60002B1082000300401400A0023CE03E400B3A
:10FB7000AC0D40ACAC0D428C070040142286829341
:10FB8000808580A3EC8580AF888580AF048680AFB8
:10FB9000108680AF2286829308004010B48582933D
:10FBA0004086828F0100423004004014B485829365
:10FBB00023180300618583A3B48582930900401054
:10FBC0004086838F4086828F0200423006004014B8
:10FBD000010063309185829323100200918582A3F6
:10FBE0004086838F01006330A085829314006250A9
:10FBF0004086838F090060102C8682930200422485
:10FC00002014027C0D004104618582A34086828F0E
:10FC10000400027C0F3F400B408682AFFEFF42246F
:10FC20002014027C05004018618582A34086828FE3
:10FC3000010003240400627C408682AF4086838FEB
:10FC40004000637CAE8582933F0062104086828FC5
:10FC500002004230090040100D86829302004224C7
:10FC60002014027C38004104918582A34086828F53
:10FC70004408027C523F400B408682AFFEFF422484
:10FC80002014027C30004018918582A34086828F28
:10FC9000010003244408627C523F400B408682AF3F
:10FCA0002B10900054FE4014000000008880918FBB
:10FCB0002B10910064FE4014000000008C80908F97
:10FCC0002B10900074FE4014000000009080918F73
:10FCD0002B10910084FE4014000000009480908F4F
:10FCE0002B10900094FE40143C000224E13D400B98
:10FCF000228682A32B109000C0FE4014000000005A
:10FD0000A480918F2B109100D0FE401400000000C1
:10FD1000A880908F2B109000E0FE4014000000009F
:10FD2000AC80918F2B109100F0FE40140000000079
:10FD3000B080908F2B10900000FF40143C000224F4
:10FD4000623E400BB48582A31C00BF8F1800B28FA7
:10FD50001400B18F1000B08F0800E0032000BD2711
:10FD6000E8FFBD271400BFAF1000B0AF2D8682930F
:10FD70000800422C0D0440501400BF8F2D86839341
:10FD800080180300019D023C9CFD42242110430089
:10FD90000000428C0800400000000000BCFD009DF7
:10FDA00018FF009DF000019D7802019DA403019DB4
:10FDB0007C05019DC806019D300D019D00A0103CF1
:10FDC000B00E102655000292948282A300A0023C3D
:10FDD000B90F4290958282A301000424E766400F88
:10FDE000010005245800028E188083931A8084979E
:10FDF000022064702B208200040080101C808497F5
:10FE0000010002249A3F400BBC8582A30218837034
:10FE10002B10430007004010BC858393010002248F
:10FE20000C0062148F858293708582A39E3F400BE5
:10FE3000BC8580A301000224060062148F85829392
:10FE4000908182938F85839323106200963F400BAD
:10FE5000708582A3708582A3BC85839301000224F0
:10FE60000600621494828293908182938F8583939B
:10FE700023106200708582A394828293201C027CEE
:10FE8000060060042E8083932B1862000300601428
:10FE90000000000004004054308680AF5F5F400FD8
:10FEA00000000000308680AF00A0023C0C0F42949E
:10FEB000628084976480838F212883002B28A2008E
:10FEC0000A00A01023188300F085828F01004224CD
:10FED000F08582AF618083932B1062000B00405449
:10FEE000F08583AFC43F400BF085828F2B10430019
:10FEF00006004010F085828F04004010FFFF42246E
:10FF000002004014F08582AFF08580AFF085828FCB
:10FF10006A43400B388582AF9681839301000224A7
:10FF2000040062143D8082933885828FCE3F400B5F
:10FF3000AF8582A3AF8582A33C808293148582AF74
:10FF400001000424E766400F020005249482839395
:10FF50004018030000A0023CC006422421186200A1
:10FF6000958284934020040000A0023C4407422470
:10FF70002110820000006494D565400F0000459474
:10FF80004F70400F000000001C8680AF5B808293A2
:10FF90000400032428004314060003246C86828F87
:10FFA0000D0040140100032470858293029D033CE0
:10FFB000F48F63242118430000006390608683A3BC
:10FFC000029D033C009063242110430000004290F6
:10FFD0003340400B958682A30C00431470858293B6
:10FFE000029D033C3090632421184300000063907D
:10FFF000608683A3029D033C3C9063242110430050
:020000041D01DC
:10000000000042903340400B958682A3029D033C42
:100010006C9063242118430000006390608683A3E2
:10002000029D033C7890632421104300000042901D
:100030003340400B958682A30D0043140500032432
:1000400070858293029D033C908F632421184300A6
:1000500000006390608683A3029D033CB08F6324FD
:1000600021104300000042903340400B958682A34C
:100070000C00431470858293029D033C508F6324CF
:100080002118430000006390608683A3029D033C17
:10009000708F632421104300000042903340400BD6
:1000A000958682A3029D033C108F63242118430090
:1000B00000006390608683A3029D033C308F63241D
:1000C0002110430000004290958682A30002022482
:1000D00088BF033C341062AC88BF033C641062AC40
:1000E00088BF033C681062AC6B43400B1400BF8FA9
:1000F000B5858393010002242C0362141400BF8F82
:1001000002000224B58582A33086838F0100632418
:10011000308683AF188084932B1064004000401415
:1001200001000224040062145085828FA885828F0A
:100130005440400B508582AFA885838F2110620008
:100140001B004400F401800012200000508584AFA1
:10015000E8848393801003000021030023108200B1
:1001600000A0043CB00E84242110440094828493A7
:10017000010044A05085848F040044AC000043A0DB
:10018000E0858497080044A4488684970A0044A424
:100190004084828F04004054788580AF010063243E
:1001A000E88483A3788580AF508580AF00A0023CAF
:1001B000050F4290948282A3E88482930700422C28
:1001C0000E004054308680AFE88480A34084828F44
:1001D0000500401401000424E766400F03000524D5
:1001E0006A43400BA88580AFE766400F01000524F5
:1001F000408480AF6A43400BA88580AF010004248F
:10020000E766400F010005244084838F010002242B
:1002100017006250408480AF6A43400BA88580AFCE
:1002200000A0023C050F4290948282A301000424A6
:10023000E766400F01000524010002243086838F09
:10024000040062145085828FA885828F9C40400BE9
:10025000508582AFA885838F211862001880829311
:100260001B006200F401400012180000508583AFAB
:100270006A43400BA88580AF00A0103C640F102695
:1002800055000292958282A302000424E766400F83
:10029000040005245800038E188084931A808297E6
:1002A000021082702B204300040080102B1062008B
:1002B00001000224BD40400B8D8582A30800401040
:1002C0008F8582938D85839301000224040062143C
:1002D0008F858293C48582A3C140400B8D8580A306
:1002E000C48582A38D8583930100022406006214D5
:1002F00095828293908182938F85839323106200ED
:10030000C48582A395828293201C027C060060042F
:100310002F8083932B1862000300601400000000FC
:1003200004004054308680AF5F5F400F0000000043
:10033000308680AF00A0023CC00F42946280849758
:100340006480838F212883002B28A2000A00A0103C
:10035000231883009485828F01004224948582AF04
:10036000618083932B1062000B004054948583AF0F
:10037000E740400B9485828F2B104300060040100D
:100380009485828F04004010FFFF42240200401435
:10039000948582AF948580AF9485828F6A43400BA9
:1003A000388582AF96818393010002240400621491
:1003B0003D8082933885828FF140400BAF8582A3C8
:1003C000AF8582A33C808293148582AF020004240F
:1003D000E766400F050005249482839340180300CC
:1003E00000A0023CC006422421186200958284933A
:1003F0004020040000A0023C440742242110820057
:1004000000006494D565400F000045944F70400F84
:10041000000000001C8680AF5B80829304000324F0
:1004200028004314060003246C86828F0D004014BC
:1004300001000324C4858293029D033CF48F63244E
:100440002118430000006390608683A3029D033C53
:100450000090632421104300000042905641400B5D
:10046000958682A30C004314C4858293029D033CAD
:10047000309063242118430000006390608683A3BA
:10048000029D033C3C9063242110430000004290F5
:100490005641400B958682A3029D033C6C906324D9
:1004A0002118430000006390608683A3029D033CF3
:1004B0007890632421104300000042905641400B85
:1004C000958682A30D00431405000324C4858293FE
:1004D000029D033C908F6324211843000000639029
:1004E000608683A3029D033CB08F632421104300E8
:1004F000000042905641400B958682A30C004314A5
:10050000C4858293029D033C508F632421184300CD
:1005100000006390608683A3029D033C708F632478
:1005200021104300000042905641400B958682A363
:10053000029D033C108F6324211843000000639048
:10054000608683A3029D033C308F63242110430007
:1005500000004290958682A30002022488BF033CDB
:10056000341062AC88BF033C641062AC88BF033CAB
:10057000681062AC6B43400B1400BF8FB58583934A
:1005800001000224090262141400BF8F0200022439
:10059000B58582A33086838F01006324308683AFC4
:1005A000188084932B106400310040140100022451
:1005B000040062147885828FA885828F7741400B72
:1005C000788582AFA885838F211062001B004400CC
:1005D000F401800012200000788584AFE8848393C2
:1005E00080100300002103002310820000A0043CBF
:1005F000640F84242110440095828593010045A056
:100600007885858F040045AC000043A0E085859780
:10061000080045A4488685970A0045A40100632484
:10062000FF006330E88483A3788580AF508580AF76
:10063000550082900700632C07006014958282A306
:10064000E88480A302000424E766400F0600052426
:100650006A43400BA88580AF308680AF0200042437
:10066000E766400F040005246A43400BA88580AF6D
:1006700000A0023CB90F4290958282A3020004249C
:10068000E766400F04000524010002243086838FB2
:10069000040062147885828FA885828FB041400B58
:1006A000788582AFA885838F211862001880829395
:1006B0001B006200F401400012180000788583AF2F
:1006C0006A43400BA88580AF7C30400F00000000DB
:1006D00017808393B085828F2110620000A0033CB5
:1006E0000C0F63942B1843000500601000A0033C1E
:1006F000C00F63942B10430005004014E6808293E2
:100700005F5F400F000000006B43400B1400BF8F81
:100710000700401401000324AE3A400F000000001F
:100720007C3A400F000000000242400B9881829307
:100730001A00431402000324E03A400F00A0103CCA
:10074000A00D10267C3B400F040002AE080002AE54
:1007500000A0023CB00E42245400439080200300CD
:100760000019030023186400211062000100429068
:10077000628582A300A0023C640F4224540043908F
:100780008020030000190300231864002110620078
:10079000010042900142400B728582A31A0043146B
:1007A00098818293E03A400F00A0103CA00D1026E3
:1007B0007C3B400F040002AE080002AE00A0023CE9
:1007C000B00E42245400439080200300001903001F
:1007D000231864002110620001004290628582A308
:1007E00000A0023C640F4224540043908020030088
:1007F00000190300231864002110620001004290D8
:10080000728582A3988182930900401000A0023C67
:10081000918182930600401400A0023C7F70400F3B
:1008200000000000B270400F0000000000A0023C79
:10083000A00D42240400438C388683AF0800428C0C
:10084000E48582AF608582932F80839305006210D8
:10085000010003240400431000A0023CDE33400FDB
:100860000000000000A0023CBC0F438CC218030033
:1008700000A0023C080F428CC2100200211062004E
:100880009C8582AF208682936285839323204300D8
:10089000010085240300A52C0300A0502E80839323
:1008A0003A42400B208683A3030062100100032418
:1008B0000E0043146085829300A0023CAC0D428C74
:1008C0000A00401060858293C3170400262044006C
:1008D00023108200030042280400401460858293A4
:1008E00001000224748582A36085829372858393BC
:1008F00023204300010085240300A52C0300A05001
:100900002F8083935342400B608583A303006210C2
:10091000010003240E0043141F80829300A0023CB8
:10092000AC0D428C0A0040101F808293C317040054
:1009300026204400231082000300422804004014B3
:100940001F80829301000224748582A31F808293FA
:100950001F00401401000324CF33400F00000000AB
:1009600000A0023CA00D42240400438C6C8583AFA0
:100970000800428C508682AF2C85839304000224A9
:10098000040062106C85838FF738400F0000000070
:100990006C85838F338583A302120300348582A381
:1009A0005086828F358582A302220200368584A379
:1009B00030858427022C03000A0085A0022C020047
:1009C0000B0085A0248683AFEC42400B188582AFD4
:1009D0002200431402000324CF33400F0000000024
:1009E00000A0033C00A0023CA00D42240400448C63
:1009F000840E64AC840E63240800428C9833400F4C
:100A0000040062AC2C85839304000224040062106D
:100A10006C85838FF738400F000000006C85838F52
:100A2000338583A302120300348582A35086828F0C
:100A3000358582A302220200368584A3308584276F
:100A4000022C03000A0085A0022C02000B0085A0E6
:100A5000248683AFEC42400B188582AF54004314C8
:100A6000000000004439400F000000009833400FA0
:100A7000000000002C858393040002240E00621005
:100A800000000000F738400F0000000059808293FA
:100A900005004010000000009231400F00000000EF
:100AA000BA42400BE885828F0233400F00000000FD
:100AB000BA42400BE885828FCF33400F0000000020
:100AC0005980829305004010000000009231400FD1
:100AD00000000000BA42400BE885828F0233400FCD
:100AE00000000000E885828F13004054218680A317
:100AF0002D85829306004014010003240100022486
:100B0000218682A32083828FCE42400BCC8582AF88
:100B10000A00431474858393CC85828F2083838F4E
:100B2000231062001E00422C04004014748583933D
:100B300002000224218682A374858393010002248B
:100B40001800621400A0023CE485828F6E808497B6
:100B5000E4808397211883002B184300140060144D
:100B60006C808397DC80848F231883002B106200B5
:100B70000F0040143886828F6A808497D0808397D4
:100B8000211883002B1843000900601468808397A4
:100B9000C880848F231883002B1062000400401447
:100BA00000A0023CAC0D428C01004050748580A333
:100BB0002D38400F00000000718082930100032453
:100BC0000500435402000324733C400F0000000062
:100BD000FE42400B4D85839305004354618580A3FD
:100BE000FE33400F00000000FE42400B4D85839312
:100BF000918580A34D858393010002241600621421
:100C0000C085838F00A0023CB90F42901000405075
:100C1000718580A32F8083932B1062000C004054B9
:100C2000718580A300A0023C050F4290080040504F
:100C3000718580A32E8083932B10620004004054A2
:100C4000718580A3020002244D8582A3718580A353
:100C500001000224C085838F070062106485838FA2
:100C6000050062105486838F030062100886838F0C
:100C70000C0062142D8682937185829301004224B8
:100C8000FF004230718582A3C800422C0500401449
:100C90002D8682930A000224718582A3748580A325
:100CA0002D868293010042242D8682A300A0023C5F
:100CB000050F4290FFFF4324FF0063300200632CC6
:100CC000110060142E808393FFFF64240F004450B2
:100CD000F88582930C00431000A0023CB90F4290AB
:100CE00001000324080043100200032406004310FF
:100CF0002F808393FFFF642404004450F88582937F
:100D00002A0043141400BF8FF8858293C000032487
:100D10000300431080000324240043141400BF8FF9
:100D200000A0023CAC0D40AC6A43400BC88680A3D7
:100D30002D8680A34D8580A300A0023C440E4294E2
:100D4000628084976480838F212883002B28A200EF
:100D50000A00A01023188300A485828F010042247A
:100D6000A48582AF608083932B1062000C004054F6
:100D7000A48583AF6943400BA485828F2B10430069
:100D800008004010A485828F07004050388582AF4C
:100D9000FFFF422402004014A48582AFA48580AFE7
:100DA000A485828F388582AF1400BF8F1000B08F6A
:100DB0000800E0031800BD271C818597010002246C
:100DC0000700A21000A0023CAD0E42902B18450077
:100DD0000800601000A0033C8B43400B00A0023CC5
:100DE00000A0023C840E4224240040AC8A43400B05
:100DF000290040A0840E63240800668C2400638CC4
:100E000023300600FFFF4224FF0042302B20450024
:100E1000FCFF80102118660000A0043C840E84248E
:100E2000240083AC290082A000A0023CAC0D458CBC
:100E300000A0033C840E63242400648C2120A400C1
:100E4000240064AC2900629001004224FF0042307B
:100E500007004010290062A01B008200F40140003E
:100E60001220000000A0033C0800E0038C0E64ACDC
:100E700000A0023C840E4224080045AC0800E003B8
:100E8000290040A0E0FFBD271C00BFAF98828293DD
:100E90000100032450004310B5858393090040509E
:100EA000A0828293020003248500431000A0033C2B
:100EB00003000324180343141C00BF8FC245400BDA
:100EC000588682932000422C05004014588082935B
:100ED0005F5F400F00000000C646400B1C00BF8F44
:100EE000148582AF97818393020002240600621466
:100EF0000200042401000424E766400F21280000BA
:100F0000C543400B00A0023CE766400F21280000CB
:100F100000A0023C050F4390948283A300A0023CF2
:100F2000B90F4290958282A34018030000A0043CB0
:100F3000C0068424211864004010020000A0043C74
:100F4000440784242110440000006494D565400FB8
:100F5000000045944F70400F000000001C8680AFD9
:100F6000A0828293029D033C108F632421184300CA
:100F700000006390608683A3029D033C308F63244E
:100F80002110430000004290958682A396818393AE
:100F900001000224040062143D8082933885828F10
:100FA000EB43400BAF8582A3AF8582A300020224EE
:100FB00088BF033C341062AC88BF033C641062AC51
:100FC00088BF033C681062AC98828293010042247F
:100FD000C546400B988282A301000224CE0262140F
:100FE0001C00BF8FC084828F1400401402000324B1
:100FF0007C868393A08285938020030000310300C8
:101000002330C40000A0043C000E84242120C4002E
:10101000010085A0A885868F040086ACE0858697B0
:10102000080086A4000083A00100A524A08285A357
:10103000010063247C8683A302000324B58583A377
:101040007C8683930500632C1B006054988280A3E8
:10105000070040140100032401000224C08482AF71
:1010600005000224A08282A32E44400B988280A314
:10107000090043140200032402000224C08482AF4A
:101080000A000224A08282A3A885828F948482AF62
:101090002E44400B988280A39E024354A88580AFC3
:1010A000A885828F748482AF7C8680A3020002248C
:1010B000988282A3C08480AFC546400BA88580AFCC
:1010C000000E6224000E658C0400448C0800438CE2
:1010D0003C0045AC400044AC440043AC0C00458CA3
:1010E0001000448C1400438C480045AC4C0044ACC8
:1010F000500043AC1800458C1C00448C2000438CED
:10110000540045AC580044AC5C0043AC2400458C12
:101110002800448C2C00438C600045AC640044AC37
:10112000680043AC3000458C3400448C3800438C5C
:101130006C0045AC700044AC740043AC050008245E
:1011400000A0093C211840007244400B7C0046245A
:101150000000458C0C00448C2B20A400140080500F
:101160000C0042240800478C0C00458C1000448C75
:10117000780067AC7C0065AC800064ACFCFF478CF9
:101180000000458C0400448C080047AC0C0045ACC2
:10119000100044AC7800678C7C00658C8000648C07
:1011A000FCFF47AC000045AC040044AC0C004224FA
:1011B000E8FF46540000458CFFFF0825FF0008317A
:1011C0000300005100A0023C5444400B400E222575
:1011D000400E428C9484838F2B2062000B00801081
:1011E0002B2043007484848F2B2082000700801002
:1011F0002B20430000A0023C3D0E42908F8582A32D
:10120000FEFF42249744400BA08282A30900801075
:101210007484848F2B208300060080107484848F54
:10122000050002248F8582A3030002249744400B0B
:10123000A08282A32B1044000900401000A0023CB1
:101240002B18640007006010440E42940A00022428
:101250008F8582A308000224A08282A300A0023C02
:10126000440E4294B68084972B18820007006010C9
:10127000C086838F0100052407006510B88085971C
:1012800001000224B444400BC08682AF0200052452
:101290000B006510B88085972B28A2000600A010CF
:1012A0002B208200040080140000000002000224B1
:1012B000B444400BC08682AF0600605000A0023CE0
:1012C000B88083972B10620001004050C08680AF29
:1012D00000A0023C400E428C2F00401000A0023CB7
:1012E00001000224C086838F2B00621400A0023C00
:1012F00000A0023C3C0E42900D004014C48482A326
:1013000000A0023C000E4224F8FF448C0400458CEF
:101310001000468C0100479014808297473A400F96
:101320001000A2AF00A0033CE744400BAC0D62AC40
:10133000FFFF442400A0033C000E63248028040027
:10134000003904002338E500213867000400E48CEC
:1013500080280200003102002328C50021286500F2
:101360000400A58C0100422480300200001102001C
:1013700023104600211862000400668C0100E790EB
:1013800014808297473A400F1000A2AF00A0033CA0
:10139000E744400BAC0D62ACAC0D40AC9C81828F3D
:1013A00002000324130043140100032400A0023CA4
:1013B000440E4394A081828F2B1043001C004014E4
:1013C00000A0023CAC0D428CFFFF033C3F25632490
:1013D000211843000F27632C1500605000A0023C29
:1013E000A481838F2310430000A0033C0B45400BD6
:1013F000AC0D62AC0E00431400A0023C00A0023C05
:10140000440E4394A081828F2B1062000800401488
:1014100000A0023C00A0023CA00D42240C00438C22
:10142000A481848F211883000C0043AC00A0023CEF
:10143000AC0D428C0600033C60C6633421184300A7
:101440000A0004241B006400F40180001220000044
:10145000688684AFC081838F2B1843001700601407
:10146000C481838F2B206200180080540100043C4B
:101470007886828F010042240A004010788682AF6D
:10148000588680A301000224788682AF988680AFB8
:10149000848680AFCC8680AFA88680AFBE45400BE7
:1014A0008C8680AF988680AF848680AFCC8680AFF4
:1014B000A88680AFBE45400B8C8680AF2B20620093
:1014C0001A008010A881848F0100043C00778424D6
:1014D0002B20440015008050A881848F9886828F2D
:1014E00001004224988682AF0400422C0A00405436
:1014F000788680AF588680A3788680AF0400022467
:10150000988682AF848680AFCC8680AFA88680AF75
:10151000BE45400B8C8680AF848680AFCC8680AF82
:10152000A88680AFBE45400B8C8680AF2B20440040
:1015300019008014AC81848F2B2082001900805404
:10154000B481848F8486828F01004224848682AF96
:101550000300422C0B004054788680AF0100022427
:10156000588682A3788680AF988680AF03000224D5
:10157000848682AFCC8680AFA88680AFBE45400B04
:101580008C8680AF988680AFCC8680AFA88680AFEF
:10159000BE45400B8C8680AF2B2082001900801046
:1015A000B481848F2B20440019008050B881848F2F
:1015B000CC86828F01004224CC8682AF0300422C6D
:1015C0000B004054788680AF01000224588682A325
:1015D000788680AF988680AF848680AF030002242F
:1015E000CC8682AFA88680AFBE45400B8C8680AF8C
:1015F000988680AF848680AFA88680AFBE45400BBA
:101600008C8680AF2B20440019008014B881848F11
:101610002B2082001A0080142B104300A886828F92
:1016200001004224A88682AF0300422C0B004054E4
:10163000788680AF02000224588682A3788680AF25
:10164000988680AF848680AFCC8680AF030002246A
:10165000A88682AFBE45400B8C8680AF988680AF4F
:10166000848680AFCC8680AFBE45400B8C8680AF31
:101670002B20820019008050FFFF02242B10430012
:1016800016004010FFFF02248C86828F0100422446
:101690008C8682AF0300422C0B004054788680AFCA
:1016A00002000224588682A3788680AF988680AF95
:1016B000848680AFCC8680AFA88680AF03000224EA
:1016C000BE45400B8C8682AF988680AF848680AF03
:1016D000CC8680AFBE45400BA88680AF588682A3DB
:1016E000788680AF988680AF848680AFCC8680AFC6
:1016F000A88680AF8C8680AF9882829301004224B6
:10170000C546400B988282A32500401400A0023CED
:10171000AC0D438CC481828F2B10620008004050B6
:10172000648680AF6486828F010042240200432CCD
:101730000F006010648682AFD245400BA086838F75
:1017400021100000A086838FE903632C0900601438
:101750000400422C6E43400F0000000000A0023C39
:101760008C0E438C00A0023CE845400BAC0D43AC12
:101770000400422C08004010040002246E43400F75
:101780000000000000A0023C8C0E438C00A0023C34
:10179000E845400BAC0D43AC648682AF00A0023C30
:1017A000AC0D438CBC8683AF588682937B0040147B
:1017B00001000424010002247886848F0400821032
:1017C000040002249886848FC400821400A0023C86
:1017D00000A0023C400E428C0001422C6A004014E2
:1017E000B4868293C081828F2B1062003000401437
:1017F000C481848F2B108300310040140100023C0F
:10180000C88683930100022425006254948680A335
:101810004080838F22006254948680A394868393B1
:1018200001006324FF006330948683A34480828F89
:10183000010044242B206400070080542B10620018
:10184000948682A3588680A300A0023CAC0D40ACD5
:101850004646400BC88680A308004014A086828FAD
:10186000D101422C05004014A086828FD0010324B0
:1018700000A0023C4646400BAC0D43AC4880838F31
:1018800002186270640002241B006200F401400030
:101890001218000000A0043C4646400BAC0D83AC7F
:1018A000588680A300A0023C4646400BAC0D40ACDD
:1018B0002B108300190040109086828F0100023C9B
:1018C000017742242B106200140040109086828F12
:1018D000231864005C80828F02106270C881838F3D
:1018E000232064001B004400F4018000122000004B
:1018F00000A0033CAC0D64AC00A0023C3C0E439045
:1019000002000224050062149086828F01000224E6
:10191000C88682A3948680A39086828F0D00405053
:10192000C081828FBC86838F39F904342B206400F8
:1019300009008054C081828FC481848F2B18640079
:1019400004006050C081828F00A0033CAC0D62ACEB
:10195000C081828FBC86838F2B10620001004054AF
:10196000908680AF5C80828F00A0033CAC0D638CBE
:101970002B1862005B0060145886839300A0033C20
:10198000B846400BAC0D62AC5600401458868393A9
:1019900000A0023CB846400BAC0D40AC27004414FC
:1019A00002000424030002248486848F0300821032
:1019B000CC86848F4900821400A0023CA881828FCB
:1019C0002B10620007004014AC81848F2B10830021
:1019D000080040142318640000A0023C8646400B17
:1019E000AC0D40AC2B1083000C0040105C80828F4B
:1019F000231864005C80828F02106270B081838F34
:101A0000232064001B004400F40180001220000029
:101A100000A0033CAC0D64AC5C80828F00A0033C52
:101A2000AC0D638C2B1862002E00601458868393D3
:101A300000A0033CB846400BAC0D62AC2600441439
:101A400003000224A886848F030082108C86848F72
:101A50002200821400A0023CB481828F2B1062000D
:101A600007004014B881848F2B10830008004014B5
:101A70002318640000A0023CAD46400BAC0D40AC06
:101A80002B1083000C0040105C80828F23186400B0
:101A90005C80828F02106270BC81838F232064007F
:101AA0001B004400F40180001220000000A0033C51
:101AB000AC0D64AC5C80828F00A0033CAC0D638CE9
:101AC0002B186200070060145886839300A0033C23
:101AD000B846400BAC0D62AC00A0023CAC0D40AC73
:101AE00058868393FF00022407006210010002243D
:101AF0004080838F04006254A08680AF00A0023C27
:101B0000AC0D428CA08682AF988280A30100022493
:101B10004D8582A31C00BF8F0800E0032000BD2775
:101B2000E8FFBD271400BFAF00A0053C000EA524B0
:101B30003D00A9903C00A690FFFFC3248010030045
:101B400000190300231862002118A3000400688C08
:101B50000100C72480100700003907002338E20085
:101B60002138A7000400E78C801006000031060031
:101B70002330C2002128A6000400A58C40280500BF
:101B80002328A8001300A71080110900004A0900AB
:101B9000214849000011090023484900A0F62225E8
:101BA0002340E80040190800C041080021186800DF
:101BB00000410300231803012338A7001A0067001F
:101BC000F401E00012380000B572400F21204700F8
:101BD000212040005872400F00000000B572400FF5
:101BE000212040005872400F212040001400BF8F78
:101BF0000800E0031800BD27E8FFBD271400BFAFB1
:101C000098828293010003246B004310B58583936F
:101C100009004050A08282930200032487004310F1
:101C200000A0033C030003241A0343141400BF8FD5
:101C30002449400B000000000900422C050040141C
:101C4000588082935F5F400F00000000254A400BE0
:101C50001400BF8F148582AF978183930200022402
:101C6000060062140200042401000424E766400F09
:101C7000212800002247400B00A0023CE766400FED
:101C80002128000000A0023C050F4390948283A30A
:101C900000A0023CB90F4290958282A34018030035
:101CA00000A0043CC00684242118640040100200F7
:101CB00000A0043C440784242110440000006494E4
:101CC000D565400F000045944F70400F00000000A4
:101CD0001C8680AF6C86828F0D00401401000324A7
:101CE000A0828293029D033CF48F63242118430059
:101CF00000006390608683A3029D033C00906324F0
:101D000021104300000042905B47400B958682A360
:101D10000C004314A0828293029D033C3090632404
:101D20002118430000006390608683A3029D033C5A
:101D30003C90632421104300000042905B47400B1D
:101D4000958682A3029D033C6C9063242118430076
:101D500000006390608683A3029D033C7890632417
:101D60002110430000004290958682A396818393C0
:101D700001000224040062143D8082933885828F22
:101D80006347400BAF8582A3AF8582A30002022484
:101D900088BF033C341062AC88BF033C641062AC63
:101DA00088BF033C681062AC988282930100422491
:101DB000244A400B988282A301000224B5026214D7
:101DC0001400BF8F7C868293A082849380180200C7
:101DD000002902002328A30000A0033C000E632476
:101DE0002118A300010064A0A885858F040065ACBC
:101DF000E0858597080065A4000062A001008424A6
:101E0000A08284A301004224FF0042307C8682A38A
:101E1000020003240500422C05004014B58583A36D
:101E20007C8680A3020002248D47400B988282A307
:101E3000988280A3244A400BA88580AF000E6224BC
:101E4000000E658C0400448C0800438C3C0045ACBB
:101E5000400044AC440043AC0C00458C1000448C62
:101E60001400438C480045AC4C0044AC500043ACDB
:101E70001800458C1C00448C2000438C540045AC59
:101E8000580044AC5C0043AC2400458C2800448CD2
:101E90002C00438C600045AC640044AC680043AC4B
:101EA0003000458C3400448C3800438C6C0045ACC9
:101EB000700044AC740043AC0500082400A00A3C48
:101EC000211840007C004624D247400B0A00092418
:101ED0000000458C0C00448C2B20A4001400805082
:101EE0000C0042240800478C0C00458C1000448CE8
:101EF000780067AC7C0065AC800064ACFCFF478C6C
:101F00000000458C0400448C080047AC0C0045AC34
:101F1000100044AC7800678C7C00658C8000648C79
:101F2000FCFF47AC000045AC040044AC0C0042246C
:101F3000E8FF46540000458C01000825FF000831E9
:101F40000300095100A0023CB447400B400E42255B
:101F5000000E42243D0043908F8583A3FEFF63243F
:101F6000A08283A344004294B68083972B1862001A
:101F70000A006010C086838F0900601401000424E9
:101F8000020003246C86848F04008310C086838F34
:101F9000010002240948400BC08682AF01000424DE
:101FA0000B006414BA808497B88084972B20820039
:101FB00007008014BA808497020004246C86858F01
:101FC0000300A410BA8084970948400BC08680AFF4
:101FD0002B208200090080100100042407006014F7
:101FE0006C86858F020004240400A41401000424DC
:101FF000010002240948400BC08682AF0A006454E5
:1020000000A0023CBC8083972B10620006004014A5
:1020100000A0023C020002246C86838F0100625003
:10202000C08680AF00A0023C400E428C0A004010E7
:1020300000A0023C01000224C086838F06006214C7
:1020400000A0023CC846400F0000000000A0033C76
:102050001748400BAC0D62ACAC0D40AC00A0023C8C
:10206000AC0D428C648482AF600903241B004300E2
:10207000F401600012200000788484AF6C86838FA6
:102080001A0060140100052480180400029D063C1B
:10209000F096C624212866000000A58C0100842447
:1020A000029D073C3C96E724211867000000638CE2
:1020B00080200400213887000000E78C2338E300EB
:1020C000231045000210E270212086000000848C5D
:1020D000232085001B004400F40180001220000032
:1020E000211883006C48400B6C8483AF1900651481
:1020F00080180400029D063CF096C6242128660044
:102100000000A58C01008424029D073C7896E724FA
:10211000211867000000638C8020040021388700AC
:102120000000E78C2338E300231045000210E27022
:10213000212086000000848C232085001B004400A1
:10214000F401800012200000211883006C48400B2D
:102150006C8483AF029D063CF096C624212866005D
:102160000000A58C01008424029D073CB496E7245E
:10217000211867000000638C80200400213887004C
:102180000000E78C2338E300231045000210E270C2
:10219000212086000000848C232085001B00440041
:1021A000F401800012200000211883006C8483AFAA
:1021B0006C84828F00A0033CAC0D62AC64000324ED
:1021C0001B004300F401600012180000688683AF12
:1021D000E481838F2B206200180080100700043CEC
:1021E000E881848F2B208200140080540700043C77
:1021F0007886828F010042240A004010788682AFE0
:10220000588680A301000224788682AF988680AF2A
:10221000848680AFCC8680AFA88680AF2049400BF3
:102220008C8680AF988680AF848680AFCC8680AF66
:10223000A88680AF2049400B8C8680AF107A84241A
:102240002B20440018008054CC81838F2B1862000F
:1022500015006054CC81838F9886828F01004224C0
:10226000988682AF0300422C0A004054788680AFE3
:10227000588680A3788680AF03000224988682AFB8
:10228000848680AFCC8680AFA88680AF2049400B83
:102290008C8680AF848680AFCC8680AFA88680AFE6
:1022A0002049400B8C8680AF2B2062001A008010E2
:1022B0000500043CD081848F2B20820016008054BE
:1022C0000500043C8486828F01004224848682AF0C
:1022D0000300422C0B004054788680AF010002249A
:1022E000588682A3788680AF988680AF0300022448
:1022F000848682AFCC8680AFA88680AF2049400B11
:102300008C8680AF988680AFCC8680AFA88680AF61
:102310002049400B8C8680AF70F384342B2044001E
:1023200019008054D881838F2B18620016006054E6
:10233000D881838FCC86828F01004224CC8682AFE5
:102340000300422C0B004054788680AF0100022429
:10235000588682A3788680AF988680AF848680AFC7
:1023600003000224CC8682AFA88680AF2049400BB0
:102370008C8680AF988680AF848680AFA88680AF39
:102380002049400B8C8680AF2B2062001900801002
:102390000900043CDC81848F2B20820015008054CE
:1023A0000900043CA886828F010042240B004010E3
:1023B000A88682AF04000224588682A3788680AF64
:1023C000988680AF848680AFCC8680AF01000224DF
:1023D000A88682AF2049400B8C8680AF788680AF7C
:1023E000988680AF848680AFCC8680AF2049400B32
:1023F0008C8680AF10EB84342B204400190080546D
:10240000FFFF02242B10430016004010FFFF0224A0
:102410008C86828F010042248C8682AF0200422C7F
:102420000A00401404000224588682A3788680AFF4
:10243000988680AF848680AFCC8680AFA88680AF38
:10244000020002242049400B8C8682AF788680AF40
:10245000988680AF848680AFCC8680AF2049400BC1
:10246000A88680AF588682A3788680AF988680AF92
:10247000848680AFCC8680AFA88680AF8C8680AF04
:102480009882829301004224244A400B988282A3BE
:102490006E43400F000000006C84858F00A0023C5A
:1024A0008C0E448C2318A400C31703002618430085
:1024B00023106200411F42280900401400A0023C82
:1024C00000A0023C840E4224240040AC080040AC32
:1024D000290040A000A0023C3A49400BAC0D45AC9D
:1024E000AC0D44AC00A0023CAC0D438CBC8683AF69
:1024F00058868293670040140100042401000224DE
:102500007886848F04008210030002249886848FCA
:10251000D100821400A0023C00A0023C400E428C7C
:102520000001422C56004014B4868293E481848FCB
:102530002B108300310040100700023CE881828F9D
:102540002B1043002D0040140700023CC8868393E3
:102550000100022425006254948680A34080838F6A
:1025600022006254948680A394868393010063249E
:10257000FF006330948683A34480828F010044244B
:102580002B206400070080542B106200948682A3E5
:10259000588680A300A0023CAC0D40AC9749400B8C
:1025A000C88680A308004014A086828FD101422CE7
:1025B00005004014A086828FD001032400A0023CB5
:1025C0009749400BAC0D43AC4880838F0218627072
:1025D000640002241B006200F40140001218000095
:1025E00000A0043C9749400BAC0D83AC588680A3F7
:1025F00000A0023C9749400BAC0D40AC107A42243D
:102600002B106200160040145C80828F2B10830018
:10261000130040145C80828F2318830002106270C4
:10262000EC81838F232083001B004400F401800091
:102630001220000000A0033CAC0D64AC00A0023CE2
:102640003C0E439002000224050062145C80828FDD
:1026500001000224C88682A3948680A35C80828FB6
:1026600000A0033CAC0D638C2B1862007C0060144E
:102670005886839300A0033C174A400BAC0D62AC14
:10268000770040145886839300A0023C174A400B01
:10269000AC0D40AC240044140400042403000224C4
:1026A0008486848F03008210CC86848F6A00821413
:1026B00000A0023CCC81848F2B1083000800405086
:1026C00023188300D081828F2B1843000E006014E2
:1026D0005C80828F00A0023CC149400BAC0D40AC35
:1026E0005C80828F02106270D481838F23208300EC
:1026F0001B004400F40180001220000000A0033CF5
:10270000AC0D64AC5C80828F00A0033CAC0D638C8C
:102710002B186200520060145886839300A0033C7B
:10272000174A400BAC0D62AC4A004414010002246D
:10273000A886848F04008210020002248C86848F75
:1027400041008254A086838FD881848F2B10830010
:102750002900405023188300DC81828F2B1843000E
:10276000310060145C80828FAC8683930100022468
:102770001C006254948680A34080838F19006254A9
:10278000948680A39486839301006324FF006330C2
:10279000948683A34480828F2B18620008006054C3
:1027A000A086828F948682A304000224588682A386
:1027B00000A0023CAC0D40AC094A400BAC8680A3A3
:1027C0004880838F02186270640002241B0062003C
:1027D000F40140001218000000A0043C094A400B1C
:1027E000AC0D83AC04000224588682A300A0023CF6
:1027F000094A400BAC0D40AC5C80828F02106270C5
:10280000E081838F232083001B004400F4018000BB
:102810001220000000A0033CAC0D64AC01000224B7
:10282000C88682A35C80828F00A0033CAC0D638CC1
:102830002B1862000A0060145886839300A0033CA2
:10284000174A400BAC0D62AC00A0023C174A400B8B
:10285000AC0D43AC00A0023CAC0D40AC5886839359
:10286000FF00022407006210010002244080838FD1
:1028700004006254A08680AF00A0023CAC0D428CE4
:10288000A08682AF988280A3010002244D8582A396
:102890001400BF8F0800E0031800BD27E8FFBD2724
:1028A0001400BFAF988282930100032450004310AC
:1028B000B585839309004050A082829302000324CF
:1028C0008500431000A0033C03000324B403431419
:1028D0001400BF8F944C400B588682932000422CEA
:1028E00005004014588082935F5F400F0000000095
:1028F000E84D400B1400BF8F148582AF97818393FE
:1029000002000224060062140200042401000424D0
:10291000E766400F212800004B4A400B00A0023C14
:10292000E766400F2128000000A0023C050F4390FD
:10293000948283A300A0023CB90F4290958282A3A7
:102940004018030000A0043CC00684242118640041
:102950004010020000A0043C4407842421104400DD
:1029600000006494D565400F000045944F70400FFF
:10297000000000001C8680AFA0828293029D033C71
:10298000908F63242118430000006390608683A326
:10299000029D033CB08F632421104300000042904D
:1029A000958682A396818393010002240400621419
:1029B0003D8082933885828F714A400BAF8582A318
:1029C000AF8582A30002022488BF033C341062ACAE
:1029D00088BF033C641062AC88BF033C681062ACE3
:1029E0009882829301004224E74D400B988282A393
:1029F000010002246A0362141400BF8FC084828F16
:102A000014004014020003247C868393A0828593E3
:102A100080200300003103002330C40000A0043CE8
:102A2000000E84242120C400010085A0A885868F83
:102A3000040086ACE0858697080086A4000083A089
:102A40000100A524A08285A3010063247C8683A3C2
:102A500002000324B58583A37C8683930500632C41
:102A60001B006054988280A30700401401000324D7
:102A700001000224C08482AF11000224A08282A33C
:102A8000B44A400B988280A3090043140200032437
:102A900002000224C08482AF0C000224A08282A320
:102AA000A885828F948482AFB44A400B988280A319
:102AB0003A034354A88580AFA885828F748482AF7F
:102AC0007C8680A302000224988282A3C08480AF07
:102AD000E74D400BA88580AF000E6224000E658C88
:102AE0000400448C0800438C3C0045AC400044ACDE
:102AF000440043AC0C00458C1000448C1400438C03
:102B0000480045AC4C0044AC500043AC1800458C28
:102B10001C00448C2000438C540045AC580044AC4D
:102B20005C0043AC2400458C2800448C2C00438C72
:102B3000600045AC640044AC680043AC3000458C98
:102B40003400448C3800438C6C0045AC700044ACBD
:102B5000740043AC0500082400A0093C2118400083
:102B6000F84A400B7C0046240000458C0C00448C45
:102B70002B20A400140080500C0042240800478C35
:102B80000C00458C1000448C780067AC7C0065AC70
:102B9000800064ACFCFF478C0000458C0400448C32
:102BA000080047AC0C0045AC100044AC7800678CC2
:102BB0007C00658C8000648CFCFF47AC000045AC59
:102BC000040044AC0C004224E8FF46540000458C4D
:102BD000FFFF0825FF0008310300005100A0023C60
:102BE000DA4A400B400E2225400E428C9484838F9B
:102BF0002B2062000B0080102B2043007484848FF4
:102C00002B208200070080102B20430000A0023CF4
:102C10003D0E42908F8582A3FEFF42241D4B400B48
:102C2000A08282A3090080107484848F2B208300EB
:102C3000060080107484848F110002248F8582A383
:102C40000F0002241D4B400BA08282A32B104400D6
:102C50000900401000A0023C2B186400070060101F
:102C6000440E42940C0002248F8582A30A000224A1
:102C7000A08282A300A0023C440E4294B6808397B7
:102C80002B1862000700601001000324C086838FA8
:102C9000040060140100032401000224304B400BA7
:102CA000C08682AFC086848F0600835400A0023C99
:102CB000B88083972B10620001004050C08680AF1F
:102CC00000A0023C400E428C0A00401000A0023CD2
:102CD00001000224C086838F0600621400A0023C1B
:102CE000C846400F0000000000A0033C3E4B400BD4
:102CF000AC0D62ACAC0D40AC00A0033CA00D632455
:102D00000C00628C648482AF600904241B004400C0
:102D1000F401800012280000788485AF8048050007
:102D2000029D073C4895E724212027010000868C5E
:102D30000100A524029D083C54940825214828013F
:102D40000000248D802805002140A8000000088D87
:102D50002340040123104600021002712128A7001D
:102D60000000A58C2328A6001B004500F401A0004C
:102D7000122800002120A4006C8484AFF9FF053CD8
:102D8000908FA534212885000C0065AC9C81828F32
:102D900002000324140043140100032400A0023C99
:102DA000440E4394A081828F2B1043001D004014D9
:102DB0006C84838FFEFF023C4FCF42342110A2006F
:102DC0000F27422C180040100A000224A481828F91
:102DD0002328A20000A0033CAC0D65AC2320820098
:102DE000884B400B6C8484AF0E0043146C84838F3B
:102DF00000A0023C440E4394A081828F2B106200FD
:102E0000080040146C84838FA481828F2128A20043
:102E100000A0033CAC0D65AC212082006C8484AF23
:102E20006C84838F0A0002241B006200F4014000BE
:102E300012180000688683AF00A0023CAC0D428CE3
:102E40002082838F2B2043001B0080142482848FD8
:102E50002B2082001C0080540200043C7886828F64
:102E6000010042240C004010788682AF588680A36F
:102E700001000224788682AF988680AF848680AF76
:102E8000CC8680AFA88680AF8C8680AF9C8680AFD2
:102E9000904C400BB08680AF988680AF848680AF20
:102EA000CC8680AFA88680AF8C8680AF9C8680AFB2
:102EB000904C400BB08680AF2B2082001D0080100C
:102EC0002C82848F0200043C803284242B20440016
:102ED000180080502C82848F9886828F01004224B3
:102EE0000C004010988682AF588680A3788680AF09
:102EF00001000224988682AF848680AFCC8680AFA2
:102F0000A88680AF8C8680AF9C8680AF904C400BAB
:102F1000B08680AF788680AF848680AFCC8680AF65
:102F2000A88680AF8C8680AF9C8680AF904C400B8B
:102F3000B08680AF2B2844001D00A0143082858FFE
:102F40002B28A2001D00A0544482858F8486828F86
:102F500001004224848682AF0300422C0D004054BD
:102F6000788680AF01000224588682A3788680AFDD
:102F7000988680AF03000224848682AFCC8680AF1F
:102F8000A88680AF8C8680AF9C8680AF904C400B2B
:102F9000B08680AF988680AFCC8680AFA88680AFA1
:102FA0008C8680AF9C8680AF904C400BB08680AF03
:102FB0002B28A2001D00A0104482858F2B284500DD
:102FC0001D00A0504882858FCC86828F010042244C
:102FD000CC8682AF0300422C0D004054788680AF2F
:102FE00001000224588682A3788680AF988680AF3D
:102FF000848680AF03000224CC8682AFA88680AF8F
:103000008C8680AF9C8680AF904C400BB08680AFA2
:10301000988680AF848680AFA88680AF8C8680AF8C
:103020009C8680AF904C400BB08680AF2B2845002B
:103030001D00A0144882858F2B28A2001E00A054DA
:103040002B184300A886828F01004224A88682AFF5
:103050000300422C0D004054788680AF0200022409
:10306000588682A3788680AF988680AF848680AFAA
:10307000CC8680AF03000224A88682AF8C8680AF06
:103080009C8680AF904C400BB08680AF988680AF16
:10309000848680AFCC8680AF8C8680AF9C8680AFE4
:1030A000904C400BB08680AF2B28A2001D00A05092
:1030B0003882838F2B1843001A0060503882838F28
:1030C0008C86828F010042248C8682AF0300422CC2
:1030D0000D004054788680AF02000224588682A3F7
:1030E000788680AF988680AF848680AFCC8680AFAC
:1030F000A88680AF030002248C8682AF9C8680AFB6
:10310000904C400BB08680AF988680AF848680AFAD
:10311000CC8680AFA88680AF9C8680AF904C400B59
:10312000B08680AF2B1843001D0060143C82838F53
:103130002B1862001E0060142B1044009C86828FA6
:10314000010042249C8682AF0300422C0D004054B3
:10315000788680AF04000224588682A3788680AFE8
:10316000988680AF848680AFCC8680AFA88680AFFB
:103170008C8680AF030002249C8682AF904C400B6B
:10318000B08680AF988680AF848680AFCC8680AFD3
:10319000A88680AF8C8680AF904C400BB08680AF05
:1031A0002B1862001D006050FFFF02242B1044000A
:1031B0001A004010FFFF0224B086828F01004224D3
:1031C000B08682AF0300422C0D004054788680AF59
:1031D00004000224588682A3788680AF988680AF48
:1031E000848680AFCC8680AFA88680AF8C8680AF87
:1031F0009C8680AF03000224904C400BB08682AFC7
:10320000988680AF848680AFCC8680AFA88680AF5A
:103210008C8680AF904C400B9C8680AF588682A3F2
:10322000788680AF988680AF848680AFCC8680AF6A
:10323000A88680AF8C8680AF9C8680AFB08680AF3A
:103240009882829301004224E74D400B988282A32A
:103250002A0040145886839300A0023CAC0D438C96
:103260002482828F2B10620004004050648680AF5D
:103270006486828F01004224648682AF6E43400FD1
:10328000000000006486828F0200432C0E00601054
:103290000400422CA086838FD007632C0A006010A4
:1032A00000000000010003249886848F0600831428
:1032B0000000000000A0023C8C0E438C00A0023CE9
:1032C000BE4C400BAC0D43AC0A004010040002247D
:1032D000A086828FD007422C0600401404000224EE
:1032E00000A0023C8C0E438C00A0023CBE4C400B64
:1032F000AC0D43AC648682AF5886839304000224ED
:103300002900621400A0023CAC0D438C3C82828FE9
:103310002B10620004004050748680AF7486828F48
:1033200001004224748682AF6E43400F000000000B
:103330007486828F0200432C0E0060100400422C21
:10334000A086838FD007632C0A0060100000000065
:1033500003000324B086848F06008314000000005D
:1033600000A0023C8C0E438C00A0023CEA4C400BB7
:10337000AC0D43AC0A00401004000224A086828FEA
:10338000D007422C060040140400022400A0023C96
:103390008C0E438C00A0023CEA4C400BAC0D43ACBD
:1033A000748682AF00A0023CAC0D438CBC8683AF18
:1033B000588682936E004014010004247886858F1D
:1033C0000300A4109886858FB900A4140400042477
:1033D00000A0023C400E428C0001422C5F004014D1
:1033E000B48682932082828F2B10620030004014BA
:1033F0002482848F2B108300310040140200023C91
:10340000C88683930100022425006254948680A319
:103410004080838F22006254948680A39486839395
:1034200001006324FF006330948683A34480828F6D
:10343000010044242B206400070080542B106200FC
:10344000948682A3588680A300A0023CAC0D40ACB9
:10345000484D400BC88680A308004014A086828F88
:10346000D101422C05004014A086828F590103240B
:1034700000A0023C484D400BAC0D43AC4880838F0C
:1034800002186270640002241B006200F401400014
:103490001218000000A0043C484D400BAC0D83AC5A
:1034A000588680A300A0023C484D400BAC0D40ACB8
:1034B0002B10830020004050908680AF0200023C19
:1034C000813242242B106200160040102082828F2D
:1034D000231864005C80828F021062702882838FC0
:1034E000232064001B004400F401800000A0023C83
:1034F0003C0E4390020002240400621412200000DB
:1035000001000224C88682A3948680A3A086838FAC
:10351000211883004218030000A0023CAC0D43AC0C
:103520002082828FBC86838F2B10620003004010A4
:103530005C80828F908680AF5C80828F00A0033C8D
:10354000AC0D638C2B18620088006014588683933E
:1035500000A0033CDA4D400BAC0D62AC830040147C
:103560005886839300A0023CDA4D400BAC0D40AC72
:103570002700441402000424030002248486848F5C
:1035800003008210CC86848F71008254401F632C0C
:103590002C82828F2B106200070040143082848FAF
:1035A0002B108300080040142318640000A0023C84
:1035B0007B4D400BAC0D40AC2B1083000C00401039
:1035C0005C80828F231864005C80828F021062709E
:1035D0003482838F232064001B004400F4018000A8
:1035E0001220000000A0033CAC0D64AC5C80828F14
:1035F00000A0033CAC0D638C2B1862005B006014D0
:103600005886839300A0033CDA4D400BAC0D62ACAE
:1036100026004414A886848F03000224030082102D
:103620008C86848F4A008254401F632C4482828F90
:103630002B106200070040144882848F2B108300F7
:10364000080040142318640000A0023CA24D400B67
:10365000AC0D40AC2B1083000C0040105C80828FBE
:10366000231864005C80828F021062704C82838F0A
:10367000232064001B004400F4018000122000009D
:1036800000A0033CAC0D64AC5C80828F00A0033CC6
:10369000AC0D638C2B186200340060145886839341
:1036A00000A0033CDA4D400BAC0D62AC04000424D6
:1036B00027004454401F632C030002249C86848FFF
:1036C00003008210B086848F21008254401F632C37
:1036D0003882828F2B106200070040143C82848F56
:1036E0002B108300080040142318640000A0023C43
:1036F000CB4D400BAC0D40AC2B1083000C004010A8
:103700005C80828F231864005C80828F021062705C
:103710004082838F232064001B004400F40180005A
:103720001220000000A0033CAC0D64AC5C80828FD2
:1037300000A0033CAC0D638C2B1862000B006014DE
:103740005886839300A0033CDA4D400BAC0D62AC6D
:103750000400601000A0023CA086838FDA4D400B6D
:10376000AC0D43ACAC0D40AC58868393FF000224F3
:1037700007006210010002244080838F040062541D
:10378000A08680AF00A0023CAC0D428CA08682AF28
:10379000988280A3010002244D8582A31400BF8F6C
:1037A0000800E0031800BD27E8FFBD271400BFAFE5
:1037B000988282930100032450004310B5858393BF
:1037C00009004050A0828293020003248500431028
:1037D00000A0033C03000324700343141400BF8FB4
:1037E0005750400B588682932000422C050040140D
:1037F000588082935F5F400F000000006751400BCC
:103800001400BF8F148582AF978183930200022436
:10381000060062140200042401000424E766400F3D
:10382000212800000E4E400B00A0023CE766400F2E
:103830002128000000A0023C050F4390948283A33E
:1038400000A0023CB90F4290958282A34018030069
:1038500000A0043CC006842421186400401002002B
:1038600000A0043C44078424211044000000649418
:10387000D565400F000045944F70400F00000000D8
:103880001C8680AFA0828293029D033C508F6324EC
:103890002118430000006390608683A3029D033CCF
:1038A000708F63242110430000004290958682A30C
:1038B0009681839301000224040062143D80829368
:1038C0003885828F344E400BAF8582A3AF8582A3AB
:1038D0000002022488BF033C341062AC88BF033C62
:1038E000641062AC88BF033C681062AC988282931B
:1038F000010042246651400B988282A301000224F9
:10390000260362141400BF8FC084828F14004014F9
:10391000020003247C868393A08285938020030089
:10392000003103002330C40000A0043C000E8424B6
:103930002120C400010085A0A885868F040086ACE4
:10394000E0858697080086A4000083A00100A524D6
:10395000A08285A3010063247C8683A30200032444
:10396000B58583A37C8683930500632C1B0060547C
:10397000988280A307004014010003240100022460
:10398000C08482AF14000224A08282A3774E400B31
:10399000988280A309004314020003240200022439
:1039A000C08482AF0E000224A08282A3A885828FE9
:1039B000948482AF774E400B988280A3F6024354E2
:1039C000A88580AFA885828F748482AF7C8680A30F
:1039D00002000224988282A3C08480AF6651400B0B
:1039E000A88580AF000E6224000E658C0400448C14
:1039F0000800438C3C0045AC400044AC440043AC60
:103A00000C00458C1000448C1400438C480045ACDD
:103A10004C0044AC500043AC1800458C1C00448C56
:103A20002000438C540045AC580044AC5C0043ACCF
:103A30002400458C2800448C2C00438C600045AC4D
:103A4000640044AC680043AC3000458C3400448CC6
:103A50003800438C6C0045AC700044AC740043AC3F
:103A60000500082400A00A3C211840007C004624E0
:103A7000BC4E400B0A0009240000458C0C00448C0D
:103A80002B20A400140080500C0042240800478C16
:103A90000C00458C1000448C780067AC7C0065AC51
:103AA000800064ACFCFF478C0000458C0400448C13
:103AB000080047AC0C0045AC100044AC7800678CA3
:103AC0007C00658C8000648CFCFF47AC000045AC3A
:103AD000040044AC0C004224E8FF46540000458C2E
:103AE00001000825FF0008310300095100A0023C35
:103AF0009E4E400B400E4225400E428C9484838F94
:103B00002B2062000B0080102B2043007484848FD4
:103B10002B208200070080102B20430000A0023CD5
:103B20003D0E42908F8582A3FEFF4224E14E400B62
:103B3000A08282A3090080107484848F2B208300CC
:103B4000060080107484848F140002248F8582A361
:103B500012000224E14E400BA08282A32B104400ED
:103B60000900401000A0023C2B1864000700601000
:103B7000440E42940E0002248F8582A30C0002247E
:103B8000A08282A300A0023C440E4294B680839798
:103B90002B1862000700601001000324C086838F89
:103BA000040060140100032401000224F44E400BC1
:103BB000C08682AFC086848F0600835400A0023C7A
:103BC000B88083972B10620001004050C08680AF00
:103BD00000A0023C400E428C0A00401000A0023CB3
:103BE00001000224C086838F0600621400A0023CFC
:103BF000C846400F0000000000A0033C024F400BED
:103C0000AC0D62ACAC0D40AC00A0033CA00D632435
:103C10000C00628C648482AF600904241B004400A1
:103C2000F401800012280000788485AF80480500E8
:103C3000029D073C6093E724212027010000868C29
:103C40000100A524029D083C6C920825214828010A
:103C50000000248D802805002140A8000000088D68
:103C60002340040123104600021002712128A700FE
:103C70000000A58C2328A6001B004500F401A0002D
:103C8000122800002120A4006C8484AFF9FF053CB9
:103C9000D883A534212885000C0065AC9C81828FD7
:103CA00002000324140043140100032400A0023C7A
:103CB000440E4394A081828F2B1043001D004014BA
:103CC0006C84838FFEFF023C4FCF42342110A20050
:103CD0000F27422C180040100A000224A481828F72
:103CE0002328A20000A0033CAC0D65AC2320820079
:103CF0004C4F400B6C8484AF0E0043146C84838F54
:103D000000A0023C440E4394A081828F2B106200DD
:103D1000080040146C84838FA481828F2128A20024
:103D200000A0033CAC0D65AC212082006C8484AF04
:103D30006C84838F0A0002241B006200F40140009F
:103D400012180000688683AF00A0023CAC0D428CC4
:103D5000F081838F2B2043001D0080140082848F0C
:103D60000200043C813284242B204400180080503F
:103D70000082848F7886828F010042240C004010DC
:103D8000788682AF588680A301000224788682AFAD
:103D9000988680AF848680AFCC8680AFA88680AFBF
:103DA0008C8680AF9C8680AF5350400BB08680AF2E
:103DB000988680AF848680AFCC8680AFA88680AF9F
:103DC0008C8680AF9C8680AF5350400BB08680AF0E
:103DD0002B2882001B00A050FC81838F2B184300EE
:103DE00018006050FC81838F9886828F01004224E6
:103DF0000C004010988682AF588680A3788680AFEA
:103E000001000224988682AF848680AFCC8680AF82
:103E1000A88680AF8C8680AF9C8680AF5350400BC5
:103E2000B08680AF788680AF848680AFCC8680AF46
:103E3000A88680AF8C8680AF9C8680AF5350400BA5
:103E4000B08680AF2B2843001D00A0541882848FB9
:103E50002B2082001A0080541882848F8486828FDF
:103E600001004224848682AF0300422C0D0040549E
:103E7000788680AF01000224588682A3788680AFBE
:103E8000988680AF03000224848682AFCC8680AF00
:103E9000A88680AF8C8680AF9C8680AF5350400B45
:103EA000B08680AF988680AFCC8680AFA88680AF82
:103EB0008C8680AF9C8680AF5350400BB08680AF1D
:103EC0002B2882001D00A0501482838F2B184300E2
:103ED0001A0060501482838FCC86828F01004224A6
:103EE000CC8682AF0300422C0D004054788680AF10
:103EF00001000224588682A3788680AF988680AF1E
:103F0000848680AF03000224CC8682AFA88680AF6F
:103F10008C8680AF9C8680AF5350400BB08680AFBC
:103F2000988680AF848680AFA88680AF8C8680AF6D
:103F30009C8680AF5350400BB08680AF2B28430047
:103F40001D00A0540C82848F2B2082001A00805404
:103F50000C82848FA886828F01004224A88682AFBB
:103F60000300422C0D004054788680AF02000224EA
:103F7000588682A3788680AF988680AF848680AF8B
:103F8000CC8680AF03000224A88682AF8C8680AFE7
:103F90009C8680AF5350400BB08680AF988680AF30
:103FA000848680AFCC8680AF8C8680AF9C8680AFC5
:103FB0005350400BB08680AF2B2882001D00A050CC
:103FC0000882838F2B1843001A0060500882838F69
:103FD0008C86828F010042248C8682AF0300422CA3
:103FE0000D004054788680AF02000224588682A3D8
:103FF000788680AF988680AF848680AFCC8680AF8D
:10400000A88680AF030002248C8682AF9C8680AF96
:104010005350400BB08680AF988680AF848680AFC7
:10402000CC8680AFA88680AF9C8680AF5350400B73
:10403000B08680AF2B2862001D00A050C112442C16
:104040002B2044001A008050C112442C9C86828F81
:10405000010042249C8682AF0300422C0D00405494
:10406000788680AF04000224588682A3788680AFC9
:10407000988680AF848680AFCC8680AFA88680AFDC
:104080008C8680AF030002249C8682AF5350400B85
:10409000B08680AF988680AF848680AFCC8680AFB4
:1040A000A88680AF8C8680AF5350400BB08680AF1F
:1040B0001D008054FFFF02242B1043001A00401003
:1040C000FFFF0224B086828F01004224B08682AFB7
:1040D0000300422C0D004054788680AF0400022477
:1040E000588682A3788680AF988680AF848680AF1A
:1040F000CC8680AFA88680AF8C8680AF9C8680AF50
:10410000030002245350400BB08682AF988680AFE4
:10411000848680AFCC8680AFA88680AF8C8680AF47
:104120005350400B9C8680AF588682A3788680AF20
:10413000988680AF848680AFCC8680AFA88680AF1B
:104140008C8680AF9C8680AFB08680AF9882829349
:10415000010042246651400B988282A30E00401455
:10416000588683936E43400F0000000000A0023C7D
:10417000AC0D438CF081828F2B1062000600401042
:104180005886839300A0023C8C0E438C00A0023C16
:10419000AC0D43AC58868393040002240E006214D5
:1041A00000A0023C6E43400F0000000000A0023C53
:1041B000AC0D438C3882828F2B10620006004010B9
:1041C00000A0023C00A0023C8C0E438C00A0023CEC
:1041D000AC0D43AC00A0023CAC0D438CBC8683AF5D
:1041E000588682936A004014010004247886858FE3
:1041F0000300A4109886858FAF00A4140400042443
:1042000000A0023C400E428C0001422C5B00401496
:10421000B4868293F081848F2B10640031004014A7
:104220000082828FF481828F2B1043002D00401476
:104230000082828FC8868393010002242500625485
:10424000948680A34080838F22006254948680A34A
:104250009486839301006324FF006330948683A3D4
:104260004480828F010044242B2064000700805486
:104270002B106200948682A3588680A300A0023C83
:10428000AC0D40ACD150400BC88680A30800401450
:10429000A086828F5A01422C05004014A086828F8E
:1042A0005901032400A0023CD150400BAC0D43AC9B
:1042B0004880838F02186270640002241B00620031
:1042C000F40140001218000000A0043CD150400B43
:1042D000AC0D83AC588680A300A0023CD150400BAB
:1042E000AC0D40AC2B10430017004010C081828FF2
:1042F0002B10830014004014C081828F2318830088
:104300005C80828F02106270F881838F232083008B
:104310001B004400F40180001220000000A0033CB8
:10432000AC0D64AC00A0023C3C0E439002000224A1
:1043300005006214C081828F01000224C88682A316
:10434000948680A3C081828FBC86838F2B106200ED
:1043500001004054908680AF5C80828F00A0033CB7
:10436000AC0D638C2B1862007F0060145886839319
:1043700000A0033C5951400BAC0D62AC7A004014D4
:104380005886839300A0023C5951400BAC0D40ACC1
:104390002400441402000424030002248486848F31
:1043A00003008210CC86848F680082548813632CAB
:1043B000FC81848F2B106400080040542318830074
:1043C0000082828F2B1843000E0060145C80828F65
:1043D00000A0023C0051400BAC0D40AC5C80828FD1
:1043E000021062700482838F232083001B0044002C
:1043F000F40180001220000000A0033CAC0D64AC6E
:104400005C80828F00A0033CAC0D638C2B18620093
:10441000550060145886839300A0033C5951400B0B
:10442000AC0D62AC23004414A886848F03000224E0
:10443000030082108C86848F440082548813632C7E
:104440001482848F2B1064000800405423188300CA
:104450001882828F2B1843000E0060145C80828FBC
:1044600000A0023C2451400BAC0D40AC5C80828F1C
:10447000021062701C82838F232083001B00440083
:10448000F40180001220000000A0033CAC0D64ACDD
:104490005C80828F00A0033CAC0D638C2B18620003
:1044A000310060145886839300A0033C5951400B9F
:1044B000AC0D62AC04000424240044548813632C23
:1044C000030002249C86848F03008210B086848FB0
:1044D0001E0082548813632C0882848F2B10640082
:1044E00008004054231883000C82828F2B1843004D
:1044F0000E0060145C80828F00A0023C4A51400B89
:10450000AC0D40AC5C80828F021062701082838F91
:10451000232083001B004400F401800012200000CF
:1045200000A0033CAC0D64AC5C80828F00A0033C17
:10453000AC0D638C2B1862000B00601458868393BB
:1045400000A0033C5951400BAC0D62AC040060105C
:1045500000A0023CA086838F5951400BAC0D43ACA8
:10456000AC0D40AC58868393FF0002240700621014
:10457000010002244080838F04006254A08680AF33
:1045800000A0023CAC0D428CA08682AF988280A332
:10459000010002244D8582A31400BF8F0800E003B0
:1045A0001800BD27E8FFBD271400BFAF9882829393
:1045B0000100032450004310B58583930900405047
:1045C000A0828293020003248500431000A0033CD4
:1045D00003000324170343141400BF8F7F53400BC1
:1045E000588682932000422C050040145880829304
:1045F0005F5F400F000000008D54400B1400BF8F20
:10460000148582AF9781839302000224060062140E
:104610000200042401000424E766400F2128000062
:104620008D51400B00A0023CE766400F212800009E
:1046300000A0023C050F4390948283A300A0023C9B
:10464000B90F4290958282A34018030000A0043C59
:10465000C0068424211864004010020000A0043C1D
:10466000440784242110440000006494D565400F61
:10467000000045944F70400F000000001C8680AF82
:10468000A0828293029D033C108F63242118430073
:1046900000006390608683A3029D033C308F6324F7
:1046A0002110430000004290958682A39681839357
:1046B00001000224040062143D8082933885828FB9
:1046C000B351400BAF8582A3AF8582A300020224C1
:1046D00088BF033C341062AC88BF033C641062ACFA
:1046E00088BF033C681062AC988282930100422428
:1046F0008C54400B988282A301000224CD026214E4
:104700001400BF8FC084828F140040140200032461
:104710007C868393A0828593802003000031030070
:104720002330C40000A0043C000E84242120C400D7
:10473000010085A0A885868F040086ACE085869759
:10474000080086A4000083A00100A524A08285A300
:10475000010063247C8683A302000324B58583A320
:104760007C8683930500632C1B006054988280A391
:10477000070040140100032401000224C08482AF1A
:1047800005000224A08282A3F651400B988280A3E8
:10479000090043140200032402000224C08482AFF3
:1047A0000A000224A08282A3A885828F948482AF0B
:1047B000F651400B988280A39D024354A88580AF98
:1047C000A885828F748482AF7C8680A30200022435
:1047D000988282A3C08480AF8C54400BA88580AFA0
:1047E000000E6224000E658C0400448C0800438C8B
:1047F0003C0045AC400044AC440043AC0C00458C4C
:104800001000448C1400438C480045AC4C0044AC70
:10481000500043AC1800458C1C00448C2000438C95
:10482000540045AC580044AC5C0043AC2400458CBB
:104830002800448C2C00438C600045AC640044ACE0
:10484000680043AC3000458C3400448C3800438C05
:104850006C0045AC700044AC740043AC0500082407
:1048600000A0093C211840003A52400B7C0046242D
:104870000000458C0C00448C2B20A40014008050B8
:104880000C0042240800478C0C00458C1000448C1E
:10489000780067AC7C0065AC800064ACFCFF478CA2
:1048A0000000458C0400448C080047AC0C0045AC6B
:1048B000100044AC7800678C7C00658C8000648CB0
:1048C000FCFF47AC000045AC040044AC0C004224A3
:1048D000E8FF46540000458CFFFF0825FF00083123
:1048E0000300005100A0023C1C52400B400E222548
:1048F000400E428C9484838F2B2062000B0080102A
:104900002B2043007484848F2B20820007008010AA
:104910002B20430000A0023C3D0E42908F8582A3D5
:10492000FEFF42245F52400BA08282A30900801048
:104930007484848F2B208300060080107484848FFD
:10494000050002248F8582A3030002245F52400BDE
:10495000A08282A32B1044000900401000A0023C5A
:104960002B18640007006010440E42940A000224D1
:104970008F8582A308000224A08282A300A0023CAB
:10498000440E4294B68083972B1862000700601093
:1049900001000324C086838F0400601401000324F7
:1049A000010002247252400BC08682AFC086848F01
:1049B0000600835400A0023CB88083972B1062004D
:1049C00001004050C08680AF00A0023C400E428CE7
:1049D0000A00401000A0023C01000224C086838F20
:1049E0000600621400A0023CC846400F0000000010
:1049F00000A0033C8052400BAC0D62ACAC0D40AC4F
:104A000000A0033CA00D63240C00628C648482AF80
:104A1000600904241B004400F401800012280000F7
:104A2000788485AF80480500029D073C7891E72493
:104A3000212027010000868C0100A524029D083C4E
:104A400084900825214828010000248D8028050035
:104A50002140A8000000088D2340040123104600D7
:104A6000021002712128A7000000A58C2328A600AF
:104A70001B004500F401A000122800002120A40022
:104A80006C8484AFF9FF053CA039A524212885005A
:104A90000C0065AC9C81828F020003241400431437
:104AA0000100032400A0023C440E4394A081828FA5
:104AB0002B1043001D0040146C84838FFFFF023CC9
:104AC0003F2542242110A2000F27422C180040103D
:104AD0000A000224A481828F2328A20000A0033CA4
:104AE000AC0D65AC23208200CA52400B6C8484AFAD
:104AF0000E0043146C84838F00A0023C440E439448
:104B0000A081828F2B106200080040146C84838F78
:104B1000A481828F2128A20000A0033CAC0D65ACCB
:104B2000212082006C8484AF6C84838F0A0002246D
:104B30001B006200F401400012180000688683AF79
:104B400000A0023CAC0D428CC081838F2B18430027
:104B500017006014C481838F2B20620018008054DA
:104B60000100043C7886828F010042240A00401034
:104B7000788682AF588680A301000224788682AFAF
:104B8000988680AF848680AFCC8680AFA88680AFC1
:104B90007B53400B8C8680AF988680AF848680AF35
:104BA000CC8680AFA88680AF7B53400B8C8680AFCD
:104BB0002B2062001A008010A881848F0100043C21
:104BC000007784242B20440015008050A881848F16
:104BD0009886828F01004224988682AF0400422C7E
:104BE0000A004054788680AF588680A3788680AFCC
:104BF00004000224988682AF848680AFCC8680AF82
:104C0000A88680AF7B53400B8C8680AF848680AFB4
:104C1000CC8680AFA88680AF7B53400B8C8680AF5C
:104C20002B20440019008014AC81848F2B2082003B
:104C300019008054B481848F8486828F01004224BD
:104C4000848682AF0300422C0B004054788680AFEC
:104C500001000224588682A3788680AF988680AFB0
:104C600003000224848682AFCC8680AFA88680AF02
:104C70007B53400B8C8680AF988680AFCC8680AF0C
:104C8000A88680AF7B53400B8C8680AF2B208200A0
:104C900019008010B481848F2B20440019008050AB
:104CA000B881848FCC86828F01004224CC8682AF6B
:104CB0000300422C0B004054788680AF0100022490
:104CC000588682A3788680AF988680AF848680AF2E
:104CD00003000224CC8682AFA88680AF7B53400BB2
:104CE0008C8680AF988680AF848680AFA88680AFA0
:104CF0007B53400B8C8680AF2B204400190080141E
:104D0000B881848F2B2082001A0080142B1043005E
:104D1000A886828F01004224A88682AF0300422C1D
:104D20000B004054788680AF02000224588682A38C
:104D3000788680AF988680AF848680AFCC8680AF3F
:104D400003000224A88682AF7B53400B8C8680AF81
:104D5000988680AF848680AFCC8680AF7B53400B33
:104D60008C8680AF2B20820019008050FFFF022428
:104D70002B10430016004010FFFF02248C86828F08
:104D8000010042248C8682AF0300422C0B00405469
:104D9000788680AF02000224588682A3788680AF8E
:104DA000988680AF848680AFCC8680AFA88680AF9F
:104DB000030002247B53400B8C8682AF988680AF21
:104DC000848680AFCC8680AF7B53400BA88680AFB3
:104DD000588682A3788680AF988680AF848680AF1D
:104DE000CC8680AFA88680AF8C8680AF9882829375
:104DF000010042248C54400B988282A32D00401461
:104E000000A0023CAC0D438CC481828F2B10620049
:104E100008004050648680AF6486828F010042247F
:104E20000200432C13006010648682AF8F53400B46
:104E3000A086838F21100000A086838FD007632C6B
:104E40000D0060100400422C040003249886848F17
:104E500009008314000000006E43400F00000000B2
:104E600000A0023C8C0E438C00A0023CAD53400BD2
:104E7000AC0D43AC0400422C0C0040100400022492
:104E8000A086828FD007422C080040140400022420
:104E90006E43400F0000000000A0023C8C0E438CCB
:104EA00000A0023CAD53400BAC0D43AC648682AF16
:104EB00000A0023CAC0D438CBC8683AF5886829325
:104EC0007D00401401000424010002247886848FB0
:104ED00004008210040002249886848FC600821485
:104EE00000A0023C00A0023C400E428C0001422C7B
:104EF0006C004014B4868293C081828F2B106200B4
:104F000030004014C481848F2B1083003100401482
:104F10000100023CC88683930100022425006254EC
:104F2000948680A34080838F22006254948680A35D
:104F30009486839301006324FF006330948683A3E7
:104F40004480828F010044242B2064000700805499
:104F50002B106200948682A3588680A300A0023C96
:104F6000AC0D40AC0D54400BC88680A30800401423
:104F7000A086828FD101422C05004014A086828F2A
:104F8000D001032400A0023C0D54400BAC0D43ACF7
:104F90004880838F02186270640002241B00620044
:104FA000F40140001218000000A0043C0D54400B16
:104FB000AC0D83AC588680A300A0023C0D54400B7E
:104FC000AC0D40AC2B1083001B0040109086828FEC
:104FD0000100023C017742242B10620016004010B1
:104FE0009086828F231864005C80828F021062702A
:104FF000C881838F232064001B004400F4018000DB
:1050000000A0023C3C0E4390020002240400621403
:105010001220000001000224C88682A3948680A387
:10502000A086838F211883004218030000A0023C51
:10503000AC0D43AC9086828F0D004050C081828FB2
:10504000BC86838F39F904342B2064000900805416
:10505000C081828FC481848F2B186400040060504B
:10506000C081828F00A0033CAC0D62ACC081828FF6
:10507000BC86838F2B10620001004054908680AF65
:105080005C80828F00A0033CAC0D638C2B18620007
:105090005B0060145886839300A0033C7F54400B50
:1050A000AC0D62AC560040145886839300A0023CBD
:1050B0007F54400BAC0D40AC270044140200042484
:1050C000030002248486848F03008210CC86848FA0
:1050D0004900821400A0023CA881828F2B1062003C
:1050E00007004014AC81848F2B108300080040140B
:1050F0002318640000A0023C4D54400BAC0D40ACA2
:105100002B1083000C0040105C80828F23186400F9
:105110005C80828F02106270B081838F23206400D4
:105120001B004400F40180001220000000A0033C9A
:10513000AC0D64AC5C80828F00A0033CAC0D638C32
:105140002B1862002E0060145886839300A0033C45
:105150007F54400BAC0D62AC2600441403000224C3
:10516000A886848F030082108C86848F220082148C
:1051700000A0023CB481828F2B1062000700401413
:10518000B881848F2B10830008004014231864001A
:1051900000A0023C7454400BAC0D40AC2B108300BB
:1051A0000C0040105C80828F231864005C80828F2A
:1051B00002106270BC81838F232064001B004400B6
:1051C000F40180001220000000A0033CAC0D64AC90
:1051D0005C80828F00A0033CAC0D638C2B186200B6
:1051E000070060145886839300A0033C7F54400B53
:1051F000AC0D62AC00A0023CAC0D40AC5886839371
:10520000FF00022407006210010002244080838F07
:1052100004006254A08680AF00A0023CAC0D428C1A
:10522000A08682AF988280A3010002244D8582A3CC
:105230001400BF8F0800E0031800BD2740180400C9
:105240002118A3000019030000A0023C000C422416
:105250002110430000004390C439037C000043A0A8
:105260000600A0148020040000A0033C600D63240D
:1052700021208300A354400B000082AC00A0033C1B
:10528000100D632421208300000082AC00004390B5
:105290008431037C000043A00800439001000424F3
:1052A0008431837C080043A00800E0030000000074
:1052B00000A0023C000D422408004294FFFF42304F
:1052C0004000422C150040104000022400A0023C87
:1052D000000D422408004294FF0042302C84839346
:1052E000FF00633004006014010003242C8483A3B6
:1052F000C854400B00A0043C2C848493FF008430ED
:10530000010003240600835400A0043C020003248F
:105310002C8483A3C854400B00A0043C00A0043C90
:10532000000D84240800839423186200FFFF63307B
:10533000080083A400A0033C100D638CFF004530DF
:1053400002006690020065A003006590FCFF062441
:105350002428C500030065A000A0033C800C632442
:10536000CC8383AF0400838C0100633005006010A0
:10537000000000001300401400A0053C0800E003FA
:1053800000000000FDFF401000A0053CCC83848F8E
:10539000000DA38C00006690000086A0010084240C
:1053A000CC8384AF01006324000DA3ACFFFF422433
:1053B000FF004230F6FF4014CC83848F0800E003E6
:1053C00000000000CC83848F000DA38C0000669049
:1053D000000086A001008424CC8384AF01006324F4
:1053E000000DA3ACFFFF4224FF004230F6FF401443
:1053F000CC83848F0800E0030000000088BF023CDB
:105400007010438C8410037C701043ACFF000224A6
:1054100088BF033C205262AC88BF033C005262ACA0
:1054200088BF023C005340AC88BF023C105340ACE4
:1054300088BF023C20534324205340AC100060AC92
:1054400088BF023CE05240AC9F00022488BF033C6E
:10545000305262AC88BF033C105262AC88BF023C41
:105460007050438C0F006330705043AC7050438CCD
:10547000705043AC88BF023C8050438C0100042430
:105480000400837C805043AC00A0023C000C42240A
:1054900000E0427C0226020088BF033CD05264AC8C
:1054A0000224020088BF033CC05264AC0212020016
:1054B00088BF033C705262AC2110000000A0053C84
:1054C000000CA52410000424C01802002118650057
:1054D0002130000021380000000066AC040067ACF9
:1054E00001004224F9FF4414C018020088BF023CA6
:1054F0005052438C010004244408837C505243AC36
:1055000088BF033C605260AC5052438C4429037CFA
:10551000505243AC5052438C4408037C505243AC2D
:1055200088BF023C0052428C0800423011004010FB
:1055300088BF043C88BF083C0800072400A0063C44
:1055400000A0053C005207AD000DC224040040A09D
:10555000700DA224040040A00400438C04BA037C14
:10556000040043AC0052828C08004230F5FF401426
:105570000000000001000224F48382AF008482AFA7
:10558000D48380AFD88380AF108480AF00A0023C6A
:10559000600D40AC00A0043C100D8324040060ACFE
:1055A000600D4224040040AC080060AC080040AC30
:1055B0000C0060AC0C0040AC00A0023C100C42247B
:1055C000100D82AC0D00032488BF023C005343AC95
:1055D00000A0023C000C43242084842700E0847C4B
:1055E000040064AC000C438C4000042404CC837C95
:1055F000000C43AC84000324000C43A4388480A333
:10560000DC8380AF0800E00300000000E0FFBD275E
:105610001C00BFAF1800B1AF1400B0AFFF00B03036
:105620000800023204004010FF00913021202002C7
:105630008F54400F21280000040002320500405022
:1056400000891100212020028F54400F0100052401
:105650000089110088BF023C005342242188510078
:10566000000030A21C00BF8F1800B18F1400B08F53
:105670000800E0032000BD27FF008430FF00A530B4
:105680000700A010FF00E7308018040000A0023CD3
:10569000100D422421106200AD55400B0000428CD9
:1056A0008018040000A0023C600D4224211062001A
:1056B0000000428C3A00401000E0C37CFF00C6307E
:1056C00004004890040046A0003A667C050048901B
:1056D000050046A0003C667C06004890060046A0F7
:1056E000021E030007004690070043A0FF00E730BA
:1056F00002004390020047A003004390FCFF0624F1
:105700002418C300030043A000004390010046900A
:1057100040006330FFFF6330FF00633000004690BD
:10572000000043A001004390010040A0000046900B
:10573000FF00C63001004390FF006330001A0300F1
:105740002518660080006334FF0066300000479033
:10575000000046A0021A030001004690010043A089
:105760000800A0108020040000A0033C100D63245A
:105770002120640000008390080063380800E003E3
:10578000000083A000A0033C600D6324212064007E
:1057900000008390080063380800E003000083A045
:1057A0000800E00321100000FF0084302600801470
:1057B000FF00A5300C84828F020043904000032438
:1057C000020043A003004490FCFF0324241883003C
:1057D000030043A00C84828F2084842700E0837C14
:1057E000FF00843004004590040044A0003A647C2B
:1057F00005004590050044A0003C647C06004590EF
:10580000060044A0021E030007004490070043A0C6
:10581000000043908CFF0324000043A0010043904C
:10582000010040A000A0023C100D428C00004390FB
:1058300084FF0324000043A001004390010040A026
:105840000800E00300000000402004002120A40024
:105850000021040000A0033C000C6324211064001C
:105860000000469001004590002A05002528A6006A
:105870008400A534000045A0022A0500010045A0CF
:10588000080084242120640000008390010082909D
:10589000001202002510430084004234000082A060
:1058A000021202000800E003010082A0FF00843021
:1058B00088BF023C5052428C2000423064004010AD
:1058C0002014047C33004104801804007F008430DD
:1058D0008018040000A0023C100D42242110620038
:1058E0000000428C0000439080006330FF00633072
:1058F0000B0060500100052400004390010045901A
:1059000040006330FFFF6330FF00633000004590CC
:10591000000043A001004390010040A021280000A6
:105920008018040000A0023C100D422421184300FE
:10593000000066900800C638000066A00000628C77
:105940000000449080008430FF0084300B00801001
:10595000000000000100A52C0000449001004690CA
:1059600040008430FFFF8430FF0084300000469008
:10597000000044A001004490010040A03400A010A9
:105980000000000000006290080042380800E003B8
:10599000000062A000A0023C600D422421106200C1
:1059A0000000428C0000439080006330FF006330B1
:1059B0000B00605001000524000043900100459059
:1059C00040006330FFFF6330FF006330000045900C
:1059D000000043A001004390010040A021280000E6
:1059E0008018040000A0023C600D422421184300EE
:1059F000000066900800C638000066A00000628CB7
:105A00000000449080008430FF0084300B00801040
:105A1000000000000100A52C000044900100469009
:105A200040008430FFFF8430FF0084300000469047
:105A3000000044A001004490010040A00400A01018
:105A4000000000000000629008004238000062A0E0
:105A50000800E0030000000088BF023C505240AC48
:105A600088BF023C105240ACDC8380AF0800E003EA
:105A700000000000E8FFBD271400BFAFDC83828F69
:105A8000300040141400BF8F88BF023C505240AC1D
:105A900088BF023C105240AC88BF033CE05260AC6F
:105AA0009F00032488BF043C305283AC105243ACA7
:105AB00088BF023C7050438C0F006330705043AC81
:105AC0007050438C705043AC88BF023C7010438CC4
:105AD000010004248410837C701043AC00FF033465
:105AE00088BF023C041143AC0007032488BF023C7A
:105AF000081143AC5973400F000000008773400F3A
:105B00000000000088BF023C5052428C010042302D
:105B10000900401488BF023C010004245052438C09
:105B20000400837C505243AC5052438C01006330DC
:105B3000FAFF60100000000001000224DC8382AF45
:105B40001400BF8F0800E0031800BD27F483828F84
:105B50001800401401000224F48382AF0084828F75
:105B60001400401401000224008482AFE083839378
:105B7000FF006330020002241000621400A0033C06
:105B8000100D628C02004490020040A0030045907A
:105B9000FCFF04242420A400030044A0100D628C08
:105BA00000004390C8FF0324000043A0010043907D
:105BB000010040A00800E00300000000E0838393A0
:105BC000FF00633001000224340062140000000072
:105BD000088480AF3084828F020043904000082404
:105BE000020048A003004390FCFF0724241867002C
:105BF000030043A03084828F2084862700E0C37C8A
:105C0000FF00C63004004490040046A0003A657CC2
:105C100005004490050045A0003C647C06004990C6
:105C2000060044A0021E030007004990070043A09D
:105C30000000499084FF0924000049A00100499018
:105C4000010040A001000224088482AF0C84828FEE
:105C500002004990020048A0030048902438070140
:105C6000030047A00C84828F04004790040046A0E4
:105C700005004690050045A006004590060044A09A
:105C800007004490070043A00000439080FF0324D6
:105C9000000043A001004390010040A00800E00381
:105CA00000000000E8FFBD271400BFAFD48380AF21
:105CB000D88380AFE0838393FF0063300200022427
:105CC0001F0062140C84828F020043904000032462
:105CD000020043A003004490FCFF03242418830027
:105CE000030043A00C84828F00A0043C800C842419
:105CF00000E0837CFF00843004004590040044A051
:105D0000003A647C05004590050044A0003C647C9A
:105D100006004590060044A0021E030007004490C0
:105D2000070043A000004390C8FF0324000043A0E5
:105D300001004390010040A07757400B1400BF8F33
:105D400026848397FFFF633000A0023C000D4224AD
:105D500008004294FFFF42302B1062000600401002
:105D60000000000026848397FFFF633000A0023C00
:105D7000000D4224080043A4AC54400F0000000072
:105D800000A0023C100D428C00A0043C800C842436
:105D900000E0837CFF00843004004590040044A0B0
:105DA000003A647C05004590050044A0003C647CFA
:105DB00006004590060044A0021E03000700449020
:105DC000070043A000004390C8FF0324000043A045
:105DD00001004390010040A01400BF8F0800E003C1
:105DE0001800BD2700E85D4100701B4002601A40AA
:105DF00058FFBD27A400BBAF00601B40A000BAAF96
:105E000000681A409C00BBAF82D21A00847A5B7F84
:105E100044201B7C00609B402C00A3AF2800A2AF55
:105E2000A000A38F0F0063301A0060140000000070
:105E30008C00BFAF8800BEAF8400B9AF8000B8AFA0
:105E40007C00B7AF7800B6AF7400B5AF7000B4AFE8
:105E50006C00B3AF6800B2AF6400B1AF6000B0AF28
:105E60005C00AFAF5800AEAF5400ADAF5000ACAF68
:105E70004C00ABAF4800AAAF4400A9AF4000A8AFA8
:105E80003C00A7AF3800A6AF3400A5AF3000A4AFE8
:105E90002400A1AF121000009400A2AF101800005F
:105EA0009000A3AF7C83828F6400422C010040509D
:105EB0007C8380AFDC83838F010002240F00621497
:105EC00088BF023CFF00032488BF023C005243AC61
:105ED00088BF023C1052438C010004240400837CE0
:105EE000105243AC1052438C0421837C105243ACBB
:105EF00002000224DC8382AF88BF023C0052428C45
:105F0000200042301A00401088BF023C88BF023C8B
:105F10001052428C200042301500401088BF023CD5
:105F200088BF113C20001024005230AE108480AF96
:105F30007400042421280000AE1D400F2130000011
:105F400001000224588482AF88BF023C8050438CF9
:105F50004408037C805043AC88BF023C1052438C01
:105F60004429037C105243AC005230AE88BF023C3F
:105F70008050428C020042300700401088BF023C33
:105F800088BF023C4010438C8410037C401043AC1B
:105F90002A5F400B000000000052428C010042309A
:105FA0001200401088BF023C88BF023C1052428C55
:105FB000010042300D00401088BF023CFF54400FEA
:105FC0000000000088BF033C7010648C01000224B4
:105FD0008410447C701064AC04000324DC8383AF21
:105FE00088BF033C005262AC88BF023C0052428C26
:105FF000100042301500401088BF023C88BF023CB0
:106000001052428C100042301000401088BF023CF9
:1060100088BF033C1052648C010002244429447C54
:10602000105264AC88BF113C10001024005230AEF6
:10603000108482AF7500042421280000AE1D400F9B
:1060400021300000005230AE88BF023C0052428C2A
:10605000040042300E00401088BF023C88BF023C62
:106060001052428C04004230060040100400032409
:106070007300042421280000AE1D400F01000624F7
:106080000400032488BF023C005243AC88BF023C9A
:106090000052428C800042302C00401088BF023CED
:1060A00088BF023C1052428C8000423027004010D2
:1060B00088BF023C88BF023C0053428C0200423041
:1060C0001E0040103084828F00004390FF00633038
:1060D00001004490FF00843000220400252083004A
:1060E000800003241200835488BF023C00A0033CBC
:1060F000100D638C00006590FF00A53001006490D6
:10610000FF00843000220400252085008400032441
:106110000700835488BF023C000043908CFF032497
:10612000000043A001004390010040A088BF023C52
:106130000053438C4408037C005343AC8000032489
:1061400088BF023C005243AC88BF023C0052428CE4
:10615000020042300F00401088BF023C1052428CB7
:10616000020042300B00401000000000FFFF04243A
:1061700021280000AE1D400F01000624FF0003246B
:1061800088BF023C205243AC0200032488BF023C7B
:10619000005243ACDC83828F0400422C0700401085
:1061A00088BF023C88BF023C4010438C8410037CB3
:1061B000401043AC2A5F400B000000001052428C9C
:1061C00008004230B506401088BF023C88BF023C40
:1061D0000052428C0800423009004054040011244F
:1061E000275F400B88BF023C0052428C08004230BF
:1061F0000E00405488BF023C275F400B88BF023C22
:1062000088BF143C080012242198400200A0163CCC
:10621000800CD52600E0B77E003AE27E1800A2AFDF
:1062200000A01E3C000CDE2788BF023C4052428C7E
:10623000FF004230448482A3448482930019427C4C
:10624000E88382A3005293AE4484829308004230D4
:10625000FF0042300D00401400000000E8838293EC
:10626000FF004230EC83832721106200000044903D
:106270000100843001008438000043900400837CD6
:10628000000043A0AE58400B00000000E88382935A
:10629000FF004230288483272110620000004490D0
:1062A0000100843001008438000043900400837CA6
:1062B000000043A0E8838293E8838293FF0042308A
:1062C000630640140000000044848293FB004230C7
:1062D000F305401400000000448483938028637C0D
:1062E000C01003002110C203308482AF0C8482AF3F
:1062F000080044380C8484A3000045903C00A5307D
:10630000340004243305A4140000000021280000F8
:106310002084892700A0083C04004A90FF004A31ED
:1063200005004790FF00E730003A07002538EA00F3
:1063300006004490FF0084300024040025208700DC
:1063400007004690003606002530C40021202501B4
:106350002530C8000000C690000086A004004A90C6
:10636000FF004A3105004790FF00E730003A070080
:106370002538EA0006004690FF00C63000340600CB
:106380002530C70007004490002604002520860021
:1063900001008424FF00863004004790040046A0DA
:1063A000003A867C05004790050046A0003C867CAC
:1063B00006004790060046A002260400070046900B
:1063C000070044A00100A524D3FFB2140000000080
:1063D0002084852700E0A27CC018030021187E00DD
:1063E000040062AC2C8480A3548480AFD48380AF3B
:1063F000D88380AF088480AFE08380A300A0023CF4
:10640000100D438C00006490FF0084300100669002
:10641000FF00C630003206002530C4007FFF042490
:106420002430C400FF00C73000006890000067A05F
:106430000232060001006790010066A0100D439033
:1064400008006338100D43A0100D438C00006790C6
:10645000FF00E73001006690FF00C6300032060002
:106460002530C7002430C400FF00C730000068900A
:10647000000067A00232060001006790010066A0DC
:10648000100D439008006338100D43A00C84828FD8
:1064900000004690FF00C63001004390FF006330CB
:1064A000001A03002518660024206400FF008330D2
:1064B00000004690000043A0022204000100439027
:1064C000010044A000A0023C000D4224040040A0B2
:1064D000080040A400A0023C700D4224040040A02B
:1064E0000400438C04BA037C040043AC0000A29077
:1064F000600042303A044054030004242184829313
:10650000FF0042300C00432C35046050030004248B
:1065100080100200019D033C2C6563242110620061
:106520000000428C08004000000000004070019D07
:106530008871019DDC75019D8871019DDC75019D4F
:106540005C65019D8065019DCC75019D0870019D74
:10655000146F019D4C75019D9075019D00A0023C3A
:10656000000D42240400438C01000424C439837CC0
:10657000040043ACDC8393AF785D400B030004243C
:1065800020848393FF00633080000224140462148B
:1065900003000424C0FF032400A0023C000D422499
:1065A000040043A023848293FF00423002000324AE
:1065B0000D004310030003242500431001000324B1
:1065C0005002431400A0023C029D033CC4A063247B
:1065D000000D43AC000D422412000324080043A424
:1065E000785D400B0300042422848293FF00423034
:1065F0000500401000A0023C000D4224040040A011
:10660000785D400B0300042422848393FF006330F1
:1066100080180300029D023C78A4422421106200ED
:106620000000438C00A0023C000D43AC000D438CE5
:1066300002006490000D4324080064A0000D428C09
:1066400003004290090062A0785D400B030004241F
:1066500026848397FFFF6330FF0002240400621446
:1066600001000224F88382AF9D59400B0000000016
:10667000F88380AF22848293FF0042300300422CD3
:10668000230040102284822700004490FF008430C1
:1066900080200400029D033C7CA463242118830015
:1066A0000000648C00A0033C000D64AC000D648C01
:1066B00000008490000D6324080064A4268484975D
:1066C0000000459000004690FFFF8430FF00A53099
:1066D000575F400FFF00C630FF0042301B8482A38B
:1066E0001B848393FF006330020002240100625088
:1066F000048482A31B848393FF006330010002247F
:10670000B6036250048482A3785D400B0300042426
:1067100022848393FF006330030002242700621465
:10672000009D023C005F4324AC8283AF005F428C3B
:10673000C48382AFC483838FFFFF02341500625489
:10674000029D023C4C84822706000324000043A0E3
:10675000030003244D8483A3C483838F4E8483A3C7
:10676000C483838F021A03004F8483A3C483838F5F
:10677000021C0300508483A3C483838F021E030082
:10678000518483A300A0033C000D62ACE959400B87
:1067900000A0023C88A4438C00A0023C000D43AC46
:1067A00000A0023C000D438C00006390000D4224C9
:1067B000080043A4785D400B0300042422848393E3
:1067C000FF006330040002240A006214029D023CB0
:1067D0008CA4438C00A0023C000D43AC000D438C04
:1067E00000006390000D4224080043A4785D400B34
:1067F0000300042422848393FF00633005000224F5
:106800000A006214029D023C90A4438C00A0023C4A
:10681000000D43AC000D438C00006390000D42243A
:10682000080043A4785D400B030004242284839372
:10683000FF006330620002240A006214029D023CE1
:1068400094A4438C00A0023C000D43AC000D438C8B
:1068500000006390000D4224080043A4785D400BC3
:106860000300042422848393FF0063306400022425
:106870000C006214029D023C98A4438C00A0023CD0
:10688000000D43AC000D438C00006390000D4224CA
:10689000080043A401000224FC8382AF785D400B12
:1068A0000300042422848393FF00633065000224E4
:1068B0000A006214029D023C9CA4438C00A0023C8E
:1068C000000D43AC000D438C00006390000D42248A
:1068D000080043A4785D400B0300042422848393C2
:1068E000FF006330660002240A006214029D023C2D
:1068F000A0A4438C00A0023C000D43AC000D438CCF
:1069000000006390000D4224080043A4785D400B12
:106910000300042422848393FF0063306800022470
:106920000A006214029D023CF0A4438C00A0023CC9
:10693000000D43AC000D438C00006390000D422419
:10694000080043A4785D400B030004242284839351
:10695000FF006330690002240A006214029D023CB9
:10696000F4A4438C00A0023C000D43AC000D438C0A
:1069700000006390000D4224080043A4785D400BA2
:106980000300042422848393FF0063306D000224FB
:106990000F0062141484832704000224000062A004
:1069A00003000224158482A364000224168482A3B7
:1069B00000A0023C000D43AC000D438C000063902E
:1069C000000D4224080043A4785D400B030004241A
:1069D00022848393FF00633078000224280062142D
:1069E00000000000516E400F000000000200032470
:1069F0001300435400A0023C00A0023C18000324F2
:106A0000880D43A0880D422403000324010043A005
:106A100028000324020043A0BDFF0324030043A079
:106A200009000324040043A031000324050043A00F
:106A300000A0033C000D62AC9A5A400B00A0023C3F
:106A4000040003247C0D43A07C0D42240300032496
:106A5000010043A0020040A0030040A000A0033CAE
:106A6000000D62AC00A0023C000D438C000063905E
:106A7000000D4224080043A4785D400B0300042469
:106A800022848393FF0063306E0002240A006214A4
:106A9000029D023CA8A4438C00A0023C000D43AC24
:106AA000000D438C00006390000D4224080043A4B5
:106AB000785D400B0300042422848393FF0063303D
:106AC0006F0002240A006214029D023CACA4438CB5
:106AD00000A0023C000D43AC000D438C000063900D
:106AE000000D4224080043A4785D400B03000424F9
:106AF00022848393FF006330790002240A00621429
:106B0000029D023CB0A4438C00A0023C000D43ACAB
:106B1000000D438C00006390000D4224080043A444
:106B2000785D400B0300042422848393FF006330CC
:106B30007A0002240A006214029D023CB4A4438C31
:106B400000A0023C000D43AC000D438C000063909C
:106B5000000D4224080043A4785D400B0300042488
:106B600022848393FF0063307B0002240C006214B4
:106B7000029D023CB8A4438C00A0023C000D43AC33
:106B8000000D438C00006390000D4224080043A4D4
:106B900001000224C88382AF785D400B0300042407
:106BA00022848393FF0063307C0002240B00621474
:106BB000029D023CBCA4438C00A0023C000D43ACEF
:106BC000000D438C00006390000D4224080043A494
:106BD000C88380AF785D400B030004242284839334
:106BE000FF006330830002240A006214029D023C0D
:106BF000C0A4438C00A0023C000D43AC000D438CAC
:106C000000006390000D4224080043A4785D400B0F
:106C10000300042422848393FF006330A80002242D
:106C20000A006214029D023CC4A4438C00A0023CF2
:106C3000000D43AC000D438C00006390000D422416
:106C4000080043A4785D400B03000424228483934E
:106C5000FF006330140002240A006214029D023C0B
:106C6000C8A4438C00A0023C000D43AC000D438C33
:106C700000006390000D4224080043A4775D400BA0
:106C8000B08280AF22848393FF006330150002241A
:106C90000B006214029D023CCCA4438C00A0023C79
:106CA000000D43AC000D438C00006390000D4224A6
:106CB000080043A401000224775D400BB08282AF3C
:106CC00022848393FF006330160002240B006214B9
:106CD000029D023CD0A4438C00A0023C000D43ACBA
:106CE000000D438C00006390000D4224080043A473
:106CF00002000224775D400BB08282AF228483932E
:106D0000FF006330170002240B006214029D023C56
:106D1000D4A4438C00A0023C000D43AC000D438C76
:106D200000006390000D4224080043A403000224E5
:106D3000775D400BB08282AF22848393FF00633083
:106D4000180002240B006214029D023CD8A4438C5C
:106D500000A0023C000D43AC000D438C000063908A
:106D6000000D4224080043A404000224775D400B78
:106D7000B08282AF22848393FF0063301900022423
:106D80000B006214029D023CDCA4438C00A0023C78
:106D9000000D43AC000D438C00006390000D4224B5
:106DA000080043A405000224775D400BB08282AF47
:106DB00022848393FF0063301A0002240B006214C4
:106DC000029D023CE0A4438C00A0023C000D43ACB9
:106DD000000D438C00006390000D4224080043A482
:106DE00006000224775D400BB08282AF2284839339
:106DF000FF0063301B0002240B006214029D023C62
:106E0000E4A4438C00A0023C000D43AC000D438C75
:106E100000006390000D4224080043A407000224F0
:106E2000775D400BB08282AF22848393FF00633092
:106E30001C0002240A006214029D023CE8A4438C58
:106E400000A0023C000D43AC000D438C0000639099
:106E5000000D4224080043A4775D400BB08293AF3D
:106E600022848393FF0063301D0002240B00621410
:106E7000029D023CECA4438C00A0023C000D43ACFC
:106E8000000D438C00006390000D4224080043A4D1
:106E900009000224775D400BB08282AF2284839385
:106EA000FF006330C80002241200621400A0023CFC
:106EB000071F400F0000000088BF023C8050438C39
:106EC0000400037C805043AC019D103C8B6D400F4F
:106ED00000E0043600E00436956D400F12120524E0
:106EE000C0BF023C09F8400000000000785D400B84
:106EF00003000424000D4224040040A0785D400BF0
:106F000003000424000D4224040040A0785D400BDF
:106F10000300042422848293FF0042300200422CAA
:106F2000AF0140100300042400A0023C000D4224E5
:106F30000400438C01000424C439837C040043AC66
:106F400088BF023C105340AC88BF023C205343240E
:106F5000205340AC100060AC21100000100004244D
:106F6000C018020021187E002130000021380000E6
:106F7000000066AC040067AC01004224F9FF441431
:106F8000C018020088BF023C5052438C0100042408
:106F90004408837C505243AC488480A35052438CB5
:106FA0004408037C505243AC00A0033C100C632403
:106FB00000A0023C100D43AC30849EAF0C849EAF09
:106FC00022848293FF004230388482A338848293E3
:106FD000FF0042300400401410000224DC8382AF22
:106FE000785D400B030004240100042438848527C5
:106FF000AE1D400F0100062420000224DC8382AF76
:10700000785D400B0300042400A0023C38848327F1
:10701000000D43AC000D42240400448C0100032405
:107020000400647C040044AC080043A00400448CC9
:10703000C439647C040044AC785D400B0300042434
:10704000800CC0A20100A0A22084828F1F004230C9
:107050000100032414004310020003241A004350CB
:1070600000A0023C3900401400A0023C00A0033CF8
:10707000000D63240400648C01000224C439447CA4
:10708000040064AC3C84838F3000625400A0023C56
:10709000800CC292FF00423002004234800CC2A237
:1070A000535C400B00A0023C00A0023C000D4224B7
:1070B0000400438C01000424C439837C040043ACE5
:1070C000535C400B00A0023C000D42240400438CA2
:1070D00001000424C439837C040043AC24848293DB
:1070E00080004230FF0042300900401400000000E0
:1070F0002484838F0F0063308018030000A0023CBB
:10710000600D4224211062004B5C400B0000428C59
:107110002484838F0F0063308018030000A0023C9A
:10712000100D4224211062000000428C00004390A8
:1071300084006330840002240400621400A0023C36
:1071400001000224800CC2A200A0023C000D4224D7
:107150000400428C800042302001401000A0023C1C
:10716000000D55AC000D42240400438C01000424A2
:107170000400837C040043AC02000324080043A005
:10718000785D400B0300042422848393FF00633066
:107190000100022413006214000000002084829386
:1071A0001F0042300F00401400A0023C000D42249A
:1071B0000400438C01000424C439837C040043ACE4
:1071C00021848393FF0063300300022404006214CF
:1071D000010002243C8482AF795C400B0000000077
:1071E0003C8480AF22848293FF004230FC00401434
:1071F00003000424208483931F00633002000224D0
:10720000F800621421280000248482930F00423089
:10721000F4004010000000002484828F0F004230F0
:1072200004004228EF00401000000000DC83838F40
:1072300020000224EB00621400A0023C000D422456
:107240000400438C01000424C439837C040043AC53
:107250002484829380004230FF0042300A004014B0
:10726000000000002484838F0F0063308018030027
:1072700000A0023C600D4224211062000000428CFC
:10728000AA5C400B1000A2AF2484838F0F006330F0
:107290008018030000A0023C100D4224211062005F
:1072A0000000428C1000A2AF1000A293F700423001
:1072B0001000A2A32484829380004230FF00423059
:1072C0000A004014000000002484838F0F00633004
:1072D0008018030000A0023C600D422421106200CF
:1072E0001000A38FC35C400B000043AC2484838F49
:1072F0000F0063308018030000A0023C100D4224F0
:10730000211062001000A38F000043AC21848393FE
:10731000FF00633003000224280062141000A293CF
:107320001000A28F0000429080004230FF004230E7
:10733000190040101000A28F2484829380004230F4
:10734000FF0042300B004014000000002484828FB4
:107350000F004230EC83832721106200000043902D
:10736000010004244408837C000043A0E65C400B39
:107370001000A28F2484828F0F004230288483273C
:107380002110620000004390010004244408837C23
:10739000000043A01000A28F000044900100439021
:1073A000001A03002518640084006334000043A021
:1073B000021A0300775D400B010043A00800423829
:1073C0001000A2A31000A28F000043908000633041
:1073D000FF006330170060100000449001004390EC
:1073E000001A0300251864007FFF6330000043A0EB
:1073F000021A0300010043A01000A28F0000449075
:1074000001004390001A0300251864004000633413
:10741000000043A0021A0300010043A00500042459
:107420001000A58FAE1D400F04000624155D400B13
:107430001000A29301004390001A03002518640075
:1074400040006334000043A0021A0300010043A07F
:107450001000A293080042381000A2A31000A28FCF
:107460000000439080006330FF00633025006050CF
:10747000000044902484829380004230FF00423018
:107480000A004014000000002484828F0F00423064
:10749000EC83832721106200000043904408037CA2
:1074A000000043A0335D400B1000A28F2484828F24
:1074B0000F0042302884832721106200000043908F
:1074C0004408037C000043A01000A28F00004490F9
:1074D00001004390001A0300251864003BFF63304D
:1074E000000043A0021A0300010043A00500042489
:1074F0001000A58FAE1D400F04000624485D400B10
:107500000000000001004390001A030025186400E9
:107510003BFF6330000043A0021A0300010043A0B8
:107520002484838F0F0063300019030088BF023C5E
:1075300000534224211043000000448CFDFF03242B
:1075400024188300775D400B000043AC24848293B1
:10755000FF004230488483272118620000A0023CCB
:10756000000D43AC000D42240400448C01000324B0
:107570000400647C040044AC080043A00400448C74
:10758000C439647C040044AC785D400B03000424DF
:1075900000A0023C000D42240400438C010004249E
:1075A000C439837C040043AC24848293FF004230BE
:1075B00022848393FF006330488484272110820053
:1075C000000043A0785D400B030004240200042463
:1075D00021280000AE1D400F2130000003000424CC
:1075E00021280000AE1D400F2130000088BF023C62
:1075F0005052438C4429037C505243AC00A0023CBF
:10760000000D42240400428C8000423036004014B9
:1076100000A0023C700D42240400429080004230E1
:10762000FF0042300B00401002000224E08382A3DE
:10763000D883828F03004014000000002957400FB8
:1076400000000000008480AFF48380AF235F400B14
:10765000FFFF31260C84828F0200439040000324F8
:10766000020043A003004490FCFF0324241883007D
:10767000030043A00C84828F2084842700E0837C55
:10768000FF00843004004590040044A0003A647C6C
:1076900005004590050044A0003C647C0600459030
:1076A000060044A0021E030007004490070043A008
:1076B000000043908CFF0324000043A0010043908E
:1076C000010040A000A0023C100D428C000043903D
:1076D00084FF0324000043A001004390010040A068
:1076E000235F400BFFFF31262084829380004230CD
:1076F000FF00423011004010020002240100022469
:10770000E08382A3D483828F030040140000000032
:107710002957400F00000000008480AFF48380AF41
:107720005484828F59014014FFFF3126D356400FF5
:1077300000000000245F400BFF003132E08382A391
:107740000C84828F0200439040000324020043A077
:1077500003004490FCFF032424188300030043A08B
:107760000C84828F2084842700E0837CFF00843097
:1077700004004590040044A0003A647C0500459054
:10778000050044A0003C647C06004590060044A02F
:10779000021E030007004490070043A0000043902E
:1077A00084FF0324000043A001004390010040A097
:1077B000008480AFF48380AF5484828F33014014FF
:1077C000FFFF3126D356400F00000000245F400B1E
:1077D000FF003132E0838493FF00843002000224F2
:1077E0008B008214C018030021187E000000668CF4
:1077F000003CC67C00A0023C700D42240400428C78
:10780000007A427C2B1046000500401000A0023C8C
:10781000700D42240400468C003AC67C00A0023C55
:10782000700D42240400448C007A847C232086005E
:10783000FFFF84300400438C04BA837C040043AC13
:107840000D00C0102110000000A0043C700D838CBE
:10785000212855000000A590000065A001006324C8
:10786000700D83AC01004224FF0043302B186600EA
:10787000F6FF60140000000000A0023C700D4224DE
:107880000400428C007A427C290040100C84828FD4
:107890000200439040000324020043A003004490F0
:1078A000FCFF032424188300030043A00C84828F70
:1078B000FF00A33204004490040043A0050043905D
:1078C0001800A78F050047A0003CE37E0600449007
:1078D000060043A0021E170007004490070043A0C3
:1078E0003084838F0000639040006330FF0063307A
:1078F000080060140000000000004390C8FF03244B
:10790000000043A001004390010040A0235F400B12
:10791000FFFF31260000439088FF0324000043A0AE
:1079200001004390010040A0235F400BFFFF312680
:107930000200439040000324020043A0030044904F
:10794000FCFF032424188300030043A00C84828FCF
:107950002084842700E0837CFF008430040045906D
:10796000040044A0003A647C05004590050044A052
:10797000003C647C06004590060044A0021E030003
:1079800007004490070043A00000439084FF0324B5
:10799000000043A001004390010040A000A0023C71
:1079A000700D42240400438C021E03000800428C28
:1079B00000120200251043000900401000A0033C03
:1079C000700D63240400648C022604000800628C9D
:1079D000001202002510440009F8400000000000D9
:1079E00000A0023C700D42240400438CC439037C87
:1079F000040043AC5484828FA4004014FFFF31265E
:107A0000D356400F00000000245F400BFF003132CE
:107A1000E08380A30884828F1E0040140C84828F30
:107A20000200439040000324020043A0030044905E
:107A3000FCFF032424188300030043A00C84828FDE
:107A40002084842700E0837CFF008430040045907C
:107A5000040044A0003A647C05004590050044A061
:107A6000003C647C06004590060044A0021E030012
:107A700007004490070043A0000043908CFF0324BC
:107A8000000043A001004390010040A0235F400B91
:107A9000FFFF3126088480AF235F400BFFFF3126B4
:107AA00044848293FB00423078005254FFFF312619
:107AB00000A0023C100D438C000070908001107EED
:107AC000100D439008006338100D43A0DC83828FB3
:107AD0000D0052140000000022848393FF006330E5
:107AE00088BF023C605243AC6052428C050040109B
:107AF0000400022410000224DC8382AFC25E400B2B
:107B000000000000DC8382AFE0838393FF006330DA
:107B1000010002243000621400A0023C00A0023CDC
:107B2000100D428CFF00A33204004490040043A0D7
:107B3000050043901800A38F050043A0003CE37E9E
:107B400006004490060043A0021E17000700449060
:107B5000070043A0AC54400F000000002C84839326
:107B6000FF006330020002240900621400A0023CFE
:107B7000100D428C0000439084FF0324000043A0BA
:107B800001004390010040A0235F400BFFFF31261E
:107B90000A000016100D428C00A0023C100D428C11
:107BA00000004390C8FF0324000043A0010043905D
:107BB000010040A0235F400BFFFF312600004390EF
:107BC00088FF0324000043A001004390010040A06F
:107BD000235F400BFFFF3126700D422404004290CA
:107BE00080004230FF0042301600401000A0023CEE
:107BF000700D42240400438C021E03000800428CD6
:107C000000120200251043000900401000A0033CB0
:107C1000700D63240400648C022604000800628C4A
:107C2000001202002510440009F840000000000086
:107C300000A0023C700D42240400438CC439037C34
:107C4000040043ACE08380A3235F400BFFFF312699
:107C50004484829308004230FF0042300500401007
:107C600000000000E88382937F00423080004234AD
:107C7000E88382A3E88386937200042444848527E2
:107C8000AE1D400FFF00C630FFFF3126FF0031322E
:107C900055F9201688BF023C88BF023C4010438C37
:107CA0008410037C401043AC9400A28F130040006A
:107CB0009000A38FA000A28F0F0042301C00401440
:107CC000110060008C00BF8F8800BE8F8400B98FC8
:107CD0008000B88F7C00B78F7800B68F7400B58FA6
:107CE0007000B48F6C00B38F6800B28F6400B18FE6
:107CF0006000B08F5C00AF8F5800AE8F5400AD8F26
:107D00005000AC8F4C00AB8F4800AA8F4400A98F65
:107D10004000A88F3C00A78F3800A68F3400A58FA5
:107D20003000A48F2C00A38F2800A28F2400A18FE5
:107D300000606041C0000000A400BA8F9C00BB8FAF
:107D400000709A40A000BA8FA800BD2702609A4038
:107D500000E8DD4100609B4018000042FF008430D5
:107D6000FE00022403008254010002240800E00304
:107D7000020002240800E00300000000C08680AF7B
:107D8000F08580AF948580AFA48580AFD18480A337
:107D9000248680AF188580AF6C8580AF508680AF19
:107DA000718580A3FFFF0224588682A3B08580AF2F
:107DB000618580A3918580A3988280A3948280A30B
:107DC00001000224958282A3788580AF508580AF20
:107DD000A08280A3848280AF8F8580A32D8580A31D
:107DE000218680A34D8580A300A0023C040E42247E
:107DF00000A0033C700E6324000040ACFDFF40A0D7
:107E00000C004224FDFF4354000040AC00A0023CA3
:107E1000B10E422400A0033C650F632400A0043C83
:107E20004D0F8424000040A0030040AC000060A07F
:107E3000030060AC0C004224FAFF44140C006324DD
:107E400000A0033CA00D6324040060AC00A0023C31
:107E5000840E40AC080060AC840E4224040040ACA8
:107E60000C0060AC080040AC1C0040AC200040ACF2
:107E7000240040AC280040A0290040A0908680AF9C
:107E8000BC8680AFC08480AF1C8580AFC88580AFC2
:107E9000448680AF7C8580AFD08580A3908580A309
:107EA000888580AF048680AF458580A3158680A332
:107EB000EC8580AF228680A3B48580A3408680AF06
:107EC0000C0040AC100040AC140040AC180040ACBA
:107ED0002A0040A0108580AFDC8580AF288580AF68
:107EE000688580AFB88580AFFC8580AF3C8680AF69
:107EF000488580AF2C8680A30800E0030D8680A310
:107F0000D8FFBD272400BFAF009D023C035B45881E
:107F1000005B4598075B4488045B44980B5B43888F
:107F2000085B43980F5B46880C5B46981000A5AF32
:107F30001400A4AF1800A3AF1C00A6AF1000A42724
:107F4000029D053CECCDA5243272400F10000624A2
:107F5000C60240148482828F0100032489004310EA
:107F6000B5858393080040503C808293020003242F
:107F70003B01431003000324BD0243142400BF8FC0
:107F80007861400BB5858393148582AF9781839385
:107F900002000224130062140200042401000424DD
:107FA000E766400F0900052494828393401803007C
:107FB00000A0023CC00642242118620095828493EE
:107FC0004020040000A0023C44074224211082000B
:107FD00000006494D565400F000045940860400B94
:107FE00000000000E766400F090005249482839397
:107FF0004018030000A0023CC00642242118620081
:10800000958284934020040000A0023C440742244F
:108010002110820000006494D565400F0000459453
:108020004F70400F1C8680AF5B8082930300032457
:108030000D00431404000324A0828293029D033C9C
:10804000A4CA63242118430000006390608683A3C0
:10805000029D033CACCA63242110430000004290FF
:108060004D60400B958682A30D0043140500032448
:10807000A0828293029D033CBCCA63242118430062
:1080800000006390608683A3029D033CC4CA6324FE
:1080900021104300000042904D60400B958682A362
:1080A0000D00431406000324A0828293029D033C2A
:1080B00074CA63242118430000006390608683A380
:1080C000029D033C7CCA63242110430000004290BF
:1080D0004D60400B958682A30C004314A0828293CE
:1080E000029D033C8CCA6324211843000000639066
:1080F000608683A3029D033C94CA6324211043003D
:10810000000042904D60400B958682A3029D033C87
:108110005CCA63242118430000006390608683A337
:10812000029D033C64CA6324211043000000429076
:10813000958682A35B808293FBFF4224FF0042303E
:108140000200422C04004010060002240800022411
:108150005760400BD08482A3D08482A30002022403
:1081600088BF033C341062AC88BF033C641062AC2F
:1081700088BF033C681062AC010002249B62400B84
:10818000848282AF01000224390262142400BF8F6E
:1081900002000224B58582A3978183930200022402
:1081A0000500621495828293948282930100422496
:1081B0007060400B948282A301004224958282A3C6
:1081C000A885828F00A0033CBC0F638C2B18620033
:1081D0001000605097818293B085838F2B184300E5
:1081E0000C0060549781829300A0033C640F6324C9
:1081F000580062AC95828293FFFF4224550062A032
:10820000A08282938F8582A3E08582975C0062A41E
:10821000978182930200032446004314958284933D
:10822000948283932E808293010042242A1062005C
:1082300089004054848280AF01000224948282A38A
:10824000A0828393D08482932B10620082004054DA
:10825000848280AF17808393B085828F2110620063
:1082600000A0033CBC0F638C2B1043001300401094
:1082700000A0023CB90F4290100040100000000026
:10828000958282A3708082930A004010020002242B
:10829000D083828F05004010020002245F5F400FF0
:1082A000000000009B62400BA88580AF1661400B68
:1082B000848282AF1661400B848282AF5F5F400F81
:1082C0000000000070808293E8014050A88580AFD4
:1082D000D083828F0B004010000000005884828FF2
:1082E0000800401401000424D08384AF88BF023CFE
:1082F0008050438C4408837C805043AC9B62400B8D
:10830000A88580AFD083828FD8014050A88580AFE8
:108310005884838F01000224D4016254A88580AF61
:10832000888280A3898280A3588480AF9B62400B9F
:10833000A88580AF2F808393010063242A188300CF
:1083400045006054848280AF01000324040040147F
:10835000958283A3A082829301004224A08282A3FB
:10836000A0828393D08482932B1062003A00405401
:10837000848280AF17808393B085828F2110620042
:1083800000A0033CBC0F638C2B1043001400401072
:1083900000A0023CB90F42901100401001000324DC
:1083A000948283A3958282A3708082930A004010F6
:1083B00002000224D083828F0500401002000224B4
:1083C0005F5F400F000000009B62400BA88580AFFC
:1083D0001661400B848282AF1661400B848282AFAB
:1083E0005F5F400F00000000708082939F0140504B
:1083F000A88580AFD083828F0B0040100000000062
:108400005884828F0800401401000424D08384AF74
:1084100088BF023C8050438C4408837C805043AC2E
:108420009B62400BA88580AFD083828F8F01405024
:10843000A88580AF5884838F010002248B01625489
:10844000A88580AF888280A3898280A3588480AF6A
:108450009B62400BA88580AF9B62400BA88580AFD4
:1084600001000424E766400F0900052494828393E9
:108470004018030000A0023CC006422421186200FC
:10848000958284934020040000A0023C44074224CB
:108490002110820000006494D565400F00004594CF
:1084A0004F70400F000000001C8680AF5B808293FD
:1084B000030003240D004314040003248F858293DA
:1084C000029D033CA4CA632421184300000063906A
:1084D000608683A3029D033CACCA63242110430041
:1084E000000042906E61400B958682A30D004314FC
:1084F000050003248F858293029D033CBCCA63243C
:108500002118430000006390608683A3029D033C12
:10851000C4CA632421104300000042906E61400BE6
:10852000958682A30D004314060003248F85829351
:10853000029D033C74CA6324211843000000639029
:10854000608683A3029D033C7CCA63242110430000
:10855000000042906E61400B958682A30C0043148C
:108560008F858293029D033C8CCA632421184300AB
:1085700000006390608683A3029D033C94CA632439
:1085800021104300000042906E61400B958682A34B
:10859000029D033C5CCA63242118430000006390E1
:1085A000608683A3029D033C64CA632421104300B8
:1085B00000004290958682A30002022488BF033CFB
:1085C000341062AC88BF033C641062AC88BF033CCB
:1085D000681062AC030002249B62400B848282AF6D
:1085E00001000224220162142400BF8F0200022431
:1085F000B58582A39482839301006224948282A32E
:10860000A885828F00A0043C080F848C2B20820058
:108610000C00805094828393B085848F2B2044007B
:10862000080080549482839300A0043CB00E8424FC
:10863000580082AC550083A0E08582975C0082A43C
:10864000948283932E808293010042242A10620038
:10865000040140140200022401000224948282A337
:1086600017808393B085828F2110620000A0033CA5
:10867000080F638C2B104300F600401000A0023C52
:10868000050F4290F300401003000324208682A3CC
:1086900000A0023CB90F4290608582A38482828F41
:1086A00001004224848282AFC88480A35B808293CD
:1086B00029004354040003248F858293050040144D
:1086C00001000324029D023CB4CA4290D261400BD7
:1086D0008F8582A30500431402000324029D023CFF
:1086E000B5CA4290D261400B8F8582A30500431426
:1086F00003000324029D023CB6CA4290D261400BA3
:108700008F8582A30500431404000324029D023CCC
:10871000B7CA4290D261400B8F8582A305004314F3
:1087200005000324029D023CB8CA4290D261400B6E
:108730008F8582A3050043148F858293029D023C9E
:10874000B9CA42908F8582A38F858293FEFF42240F
:108750009062400BA08282A32800435405000324AA
:108760008F85829305004014010003246C8680AF3E
:10877000010002249062400BA08282A305004314F2
:10878000020003246C8680AF030002249062400B39
:10879000A08282A3050043140300032401000224E5
:1087A0006C8682AF9062400BA08282A306004314C5
:1087B00004000324010002246C8682AF030002241B
:1087C0009062400BA08282A305004314050003249D
:1087D000020002246C8682AF9062400BA08282A3CA
:1087E00098004354F08580AF020002246C8682AF6B
:1087F000030002249062400BA08282A33500435400
:10880000060003248F858293050040140100032491
:10881000029D023C84CA42903162400B8F8582A344
:108820000500431402000324029D023C85CA4290C5
:108830003162400B8F8582A305004314030003249B
:10884000029D023C86CA42903162400B8F8582A312
:108850000500431404000324029D023C87CA429091
:108860003162400B8F8582A3050043140500032469
:10887000029D023C88CA42903162400B8F8582A3E0
:108880000500431406000324029D023C89CA42905D
:108890003162400B8F8582A3050043140700032437
:1088A000029D023C8ACA42903162400B8F8582A3AE
:1088B000050043148F858293029D023C8BCA42902F
:1088C0008F8582A38F858293FEFF42249062400BA6
:1088D000A08282A3340043148F8582930500401444
:1088E00001000324029D023C9CCA42906662400B38
:1088F0008F8582A30500431402000324029D023CDD
:108900009DCA42906662400B8F8582A30500431486
:1089100003000324029D023C9ECA42906662400B03
:108920008F8582A30500431404000324029D023CAA
:108930009FCA42906662400B8F8582A30500431454
:1089400005000324029D023CA0CA42906662400BCF
:108950008F8582A30500431406000324029D023C78
:10896000A1CA42906662400B8F8582A30500431422
:1089700007000324029D023CA2CA42906662400B9B
:108980008F8582A3050043148F858293029D023C4C
:10899000A3CA42908F8582A38F858293FEFF4224D3
:1089A0009062400BA08282A30500401401000324C2
:1089B000029D023C6CCA42908D62400B8F8582A35F
:1089C0000500431402000324029D023C6DCA42903C
:1089D0008D62400B8F8582A305004314030003249E
:1089E000029D023C6ECA42908D62400B8F8582A32D
:1089F0000500431404000324029D023C6FCA429008
:108A00008D62400B8F8582A305004314050003246B
:108A1000029D023C70CA42908D62400B8F8582A3FA
:108A2000050043148F858293029D023C71CA4290D7
:108A30008F8582A38F858293FEFF4224A08282A32A
:108A4000F08580AF948580AFA48580AF9A62400B9B
:108A5000388580AF5F5F400F000000009B62400BD5
:108A6000A88580AF848282AFA88580AF2400BF8FA5
:108A70000800E0032800BD27E8FFBD271400BFAFB2
:108A800080BF023C203040AC0002032488BF023C7F
:108A9000641043AC88BF023C681040AC8482828F73
:108AA0000400422CA0004014978182934D8583934B
:108AB000010002249C006214978182934373400F4B
:108AC000000000002D868293020003244B00431413
:108AD00005000324E88482930D0040140100032460
:108AE00099818393010002240500621400A0023CD6
:108AF000050F4290FDFF4224F362400B948282A353
:108B0000050F4290FCFF4224F362400B948282A343
:108B1000060043140200032400A0023C050F42900B
:108B2000FEFF4224F362400B948282A306004314AA
:108B30000300032400A0023C050F4290FFFF4224E3
:108B4000F362400B948282A30500431404000324C3
:108B500000A0023C050F4290F362400B948282A376
:108B6000060043140500032400A0023C050F4290B8
:108B700001004224F362400B948282A30600431456
:108B80000600032400A0023C050F4290020042248C
:108B9000F362400B948282A30D004314948282936B
:108BA00099818393010002240500621400A0023C15
:108BB000050F429003004224F362400B948282A38B
:108BC000050F429004004224948282A394828293EF
:108BD000201C027C040060042E8083932B10620012
:108BE0000200401000000000948280A38B66400FBA
:108BF000000000005563400B0000000055004314C6
:108C0000E88482930D00401401000324998183932A
:108C1000010002240500621400A0023CB90F42903A
:108C2000FDFF42243E63400B958282A3B90F429020
:108C3000FCFF42243E63400B958282A3060043144E
:108C40000200032400A0023CB90F4290FEFF422420
:108C50003E63400B958282A3060043140300032465
:108C600000A0023CB90F4290FFFF42243E63400B3C
:108C7000958282A3050043140400032400A0023C53
:108C8000B90F42903E63400B958282A306004314C5
:108C90000500032400A0023CB90F429001004224C9
:108CA0003E63400B958282A3060043140600032412
:108CB00000A0023CB90F4290020042243E63400BE8
:108CC000958282A30D0043149582829399818393A8
:108CD000010002240500621400A0023CB90F42907A
:108CE000030042243E63400B958282A3B90F429059
:108CF00004004224958282A395828293201C027CE8
:108D0000040060042F8083932B1062000200401047
:108D100000000000958280A3B166400F00000000B3
:108D20005563400B000000000100032405004314BC
:108D300002000324B166400F000000005563400BA1
:108D40000000000003004314000000008B66400F89
:108D5000000000001E70400F000000009681839309
:108D60000100022412006214000000008C8280AF17
:108D70003885858F0E00A0102120000080BF033CA5
:108D800088BF073C0800063C100C60AC3410E6AC11
:108D9000100C628C6E00422CFDFF4014000000009D
:108DA00001008424F8FF8514000000008C8285AF48
:108DB0002370400F000000008C8280AFA88580AF38
:108DC0009681899301000224050022553200022475
:108DD000320003243885828F23106200FF00423066
:108DE000320019243885838F23C82303FF003933C9
:108DF0008C82858F9082988FE0858E9748868F979A
:108E00002130000081BF033C0100072480BF043CE7
:108E100088BF0D3C08000C3C81BF083C02000B24BD
:108E2000A963400B0A000A240090628C4408E27C8B
:108E3000009062AC100C80AC3410ACAD100C828C85
:108E40000200422CFDFF4014000000000090628CE4
:108E50004408027C009062AC0090628C01004230B9
:108E6000FDFF4010000000007090028D0200AB1466
:108E70002130C2007090188D030027150100A52431
:108E8000A363400B21102003320002240300451489
:108E90000000000070900E8DFFFFCE310100AA503F
:108EA000FFFFCF302B10A200DFFF4014010002248F
:108EB0008C8285AFA88586AF908298AFE0858EA71B
:108EC00048868FA78482838F06006214FFFFC33118
:108ED0000A0002241B006200F40140001218000086
:108EE000B08583AF4F70400F000000001970400F35
:108EF000000000004373400F000000000100022446
:108F0000B58582A31400BF8F0800E0031800BD27B9
:108F10004242414140403F3F3E3E3D3D3C3C3B3B69
:108F20003A3A3939383837373636353534343333D9
:108F30008584838281807F7E7D7C7B7A7978777659
:108F40007574737271706F6E6D6C6B6A6968676649
:108F5000464545444443434242414140403F3F3EF1
:108F60003E3D3D3C3C3B3B3A3A3939383837373661
:108F70008C8B8A898887868584838281807F7E7DA9
:108F80007C7B7A797877767574737271706F6E6D99
:108F900046464545444443434242414140403F3FA9
:108FA0003E3E3D3D3C3C3B3B3A3A39393838373719
:108FB0008D8C8B8A898887868584838281807F7E59
:108FC0007D7C7B7A797877767574737271706F6E49
:108FD0007B01000080010000850100008A01000083
:108FE00090010000950100009B010000A00100001D
:108FF000A60100004E4D4C4B4A4948474600000030
:109000009D9B99979593918F8D000000E40100003E
:10901000E8010000EC010000F0010000F401000094
:10902000F8010000FC010000000200000502000041
:109030003D3D3C3C3B3B3A3A390000007B7A797835
:109040007776757473000000770200007E020000DE
:10905000850200008C020000930200009A020000CA
:10906000A2020000AA020000B10200002F2E2E2D45
:109070002D2C2C2B2B0000005E5D5C5B5A59585741
:1090800056000000A6DB060046E20600E6E8060001
:10909000A0EF06005AF606002EFD060003040700A6
:1090A000F20A0700E1110700EC180700F71F07009C
:1090B0001E270700452E070089350700CE3C070014
:1090C0002F440700914B070011530700915A0700E6
:1090D00031620700D06907008F7107004E790700E1
:1090E0002E8107000D8907000F91070010990700D6
:1090F00033A1070057A907009EB10700E4B9070094
:109100004FC20700BACA070049D30700D9DB0700DE
:109110008FE4070044ED070021F60700FEFE07007C
:109120000208080007110800341A0800622308002A
:10913000BA2C080012360800953F080018490800AC
:10914000C7520800775C08005466080031700800B8
:109150003E7A08004A840800868E0800C3980800FA
:1091600031A308009FAD080041B80800E2C2080022
:10917000B8CD08008ED8080000000000600900008B
:10918000C0120000201C000080250000E02E00001E
:1091900040380000A0410000004B00006054000077
:1091A000C05D00002067000080700000E0790000D2
:1091B00040830000A08C000000960000609F00002B
:1091C000C0A8000020B2000080BB0000E0C4000086
:1091D00040CE0000A0D7000000E1000060EA0000DF
:1091E000C0F3000020FD000080060100E00F010038
:1091F00040190100A0220100002C0100603501008F
:10920000C03E01002048010080510100E05A0100E9
:1092100040640100A06D0100007701006080010042
:10922000C089010020930100809C0100E0A501009D
:1092300040AF0100A0B8010000C2010060CB0100F6
:10924000C0D4010020DE010080E70100E0F0010051
:1092500040FA0100A0030200000D020060160200A7
:10926000C01F020020290200803202002C84060068
:10927000268A06002190060032960600439C0600CE
:109280006AA2060092A80600D0AE06000EB506003F
:1092900064BB0600BAC1060028C8060097CE0600C7
:1092A0001ED50600A6DB060046E20600E6E806003C
:1092B000A0EF06005AF606002EFD06000304070084
:1092C000F20A0700E1110700EC180700F71F07007A
:1092D0001E270700452E070089350700CE3C0700F2
:1092E0002F440700914B070011530700915A0700C4
:1092F00031620700D06907008F7107004E790700BF
:109300002E8107000D8907000F91070010990700B3
:1093100033A1070057A907009EB10700E4B9070071
:109320004FC20700BACA070049D30700D9DB0700BC
:109330008FE4070044ED070021F60700FEFE07005A
:109340000208080007110800341A08006223080008
:10935000BA2C080012360800953F0800184908008A
:109360000000000060090000C0120000201C000086
:1093700080250000E02E000040380000A0410000E1
:10938000004B000060540000C05D0000206700003A
:1093900080700000E079000040830000A08C000095
:1093A00000960000609F0000C0A8000020B20000EE
:1093B00080BB0000E0C4000040CE0000A0D7000049
:1093C00000E1000060EA0000C0F3000020FD0000A2
:1093D00080060100E00F010040190100A0220100F9
:1093E000002C010060350100C03E01002048010052
:1093F00080510100E05A010040640100A06D0100AD
:109400000077010060800100C08901002093010005
:10941000809C0100E0A5010040AF0100A0B8010060
:1094200000C2010060CB0100C0D4010020DE0100B9
:1094300080E70100E0F0010040FA0100A003020013
:10944000000D020060160200C01F02002029020069
:109450008032020062780600477E06002C840600F7
:10946000268A06002190060032960600439C0600DC
:109470006AA2060092A80600D0AE06000EB506004D
:1094800064BB0600BAC1060028C8060097CE0600D5
:109490001ED50600A6DB060046E20600E6E806004A
:1094A000A0EF06005AF606002EFD06000304070092
:1094B000F20A0700E1110700EC180700F71F070088
:1094C0001E270700452E070089350700CE3C070000
:1094D0002F440700914B070011530700915A0700D2
:1094E00031620700D06907008F7107004E790700CD
:1094F0002E8107000D8907000F91070010990700C2
:1095000033A1070057A907009EB10700E4B907007F
:109510004FC20700BACA070049D30700D9DB0700CA
:109520008FE4070044ED070021F60700FEFE070068
:109530000208080007110800341A08006223080016
:10954000BA2C080012360800000000006009000074
:10955000C0120000201C000080250000E02E00004A
:1095600040380000A0410000004B000060540000A3
:10957000C05D00002067000080700000E0790000FE
:1095800040830000A08C000000960000609F000057
:10959000C0A8000020B2000080BB0000E0C40000B2
:1095A00040CE0000A0D7000000E1000060EA00000B
:1095B000C0F3000020FD000080060100E00F010064
:1095C00040190100A0220100002C010060350100BB
:1095D000C03E01002048010080510100E05A010016
:1095E00040640100A06D010000770100608001006F
:1095F000C089010020930100809C0100E0A50100CA
:1096000040AF0100A0B8010000C2010060CB010022
:10961000C0D4010020DE010080E70100E0F001007D
:1096200040FA0100A0030200000D020060160200D3
:10963000C01F02002029020080320200E5D405008C
:1096400087DE050029E805000BF20500EEFB0500AA
:109650001306060039100600A41A06000F2506009E
:10966000C22F0600763A06007645060075500600C1
:10967000C35B060011670600CE6907008D71070005
:109680004C7907002C8107000C8907000D91070019
:109690000E99070032A1070055A907009BB10700EA
:1096A000E1B907004CC20700B7CA070047D307005B
:1096B000D7DB070053AC090096B90900DAC60900E8
:1096C0005BD60900DCE50900B5F309008E010A004C
:1096D000B50F0A00DC1D0A00542C0A00CC3A0A001F
:1096E00098490A0064580A0086670A00A9760A00A9
:1096F0000000000060090000C0120000201C0000F3
:1097000080250000E02E000040380000A04100004D
:10971000004B000060540000C05D000020670000A6
:1097200080700000E0790000408300000000F042FB
:109730006666663FCDCCCC3DCDCC4C3FCDCC4C3ECF
:10974000000020410000A0410000F0410000204244
:1097500000004842FFFF8430FFFFA53088BF023C75
:109760002061428CFC8482AF88BF023C2063428C23
:10977000EC8482AFB48082930500422C0600401432
:1097800082190400C2190400FC84828FC47B627CAD
:10979000FC8482AF82190400FC84828F8473627C13
:1097A00042190400446B627C021904000463627C69
:1097B000C2180400C45A627C821804008452627C7D
:1097C00042180400444A627C0442827CFC8482AFDA
:1097D000B58082930500432C0A0060140400032422
:1097E000C2210500EC84838FC439837C822105006B
:1097F0008431837C422105004429837CEC8483AF3F
:109800000400032408004314030003248219050004
:10981000EC84828F8431627C421905004429627C89
:109820000F66400BEC8482AF04004314421905001C
:10983000EC84828F4429627CEC8482AF021905009B
:10984000EC84828F0421627CC2180500C418627CFB
:10985000821805008410627C421805004408627C6E
:109860000400A27CEC8482AF88BF033CFC84848F1C
:10987000306164AC88BF033C306362AC0800E00335
:10988000000000009A81829304004014F800032431
:1098900000A0023C2966400BC00643A400A0023C85
:1098A000C00643A4B4808D932300A01900A0073CF8
:1098B000C00DE72401000B242130000000A00E3C65
:1098C000C006CE25FFFFA925E0848C27D4848A27F3
:1098D0004A66400B08000824060026112120420198
:1098E000000085900000E4942120A4004266400B13
:1098F000000064A421208201000085900000E4940F
:109900002120A400000064A401004224F2FF4814B6
:10991000020063240100C62408006B252A10CD0034
:10992000050040100200E72440180B002118C30175
:109930003666400B211000000800E0030000000024
:109940009B81829304004014F800032400A0023C91
:109950005866400B440743A400A0023C440743A4BC
:10996000B5808C932F00801921C08001FFFF8B25CB
:1099700000A0093CE00D292521400000010006243B
:1099800004858E2700A00F3C4407EF250800CA2558
:109990008366400B01000D240700681100000000E1
:1099A00000004790000026952130E600000066A4E4
:1099B0007A66400B2130800007008D550000A7908B
:1099C00000004790000026952130E600000066A4C4
:1099D0007A66400B21308000000026952130E60099
:1099E000000066A42130800001008424010042248C
:1099F00002006324E8FF4A140100A52401000825A1
:109A00002A10180107004010020029250100C42473
:109A10002110C001401806002118E3016666400BC2
:109A2000F48485270800E00300000000FF00032401
:109A300088BF023C386343AC948283934018030090
:109A400000A0023CC00642242110620000004294A3
:109A500088BF033C2061638CFC8483AFB480839314
:109A60000500632C04006014C2210200FC84838F73
:109A7000C47B837CFC8483AF82210200FC84838FBF
:109A80008473837C42210200446B837C02210200A8
:109A90000463837CC2200200C45A837C82200200BB
:109AA0008452837C42200200444A837C0442437CEB
:109AB000FC8483AF88BF023C306143AC0800E00304
:109AC0000000000000FF033488BF023C386143AC53
:109AD000958283934018030000A0023C440742246F
:109AE000211062000000429488BF033C2063638C15
:109AF000EC8483AFB58083930500642C0A00801446
:109B000004000424C2290200EC84848FC439A47C9C
:109B1000822902008431A47C422902004429A47CC9
:109B2000EC8484AF040004240800641403000424BB
:109B300082210200EC84838F8431837C42210200E5
:109B40004429837CD866400BEC8483AF0400641402
:109B500042210200EC84838F4429837CEC8483AF10
:109B600002210200EC84838F0421837CC220020046
:109B7000C418837C822002008410837C422002006F
:109B80004408837C0400437CEC8483AF88BF023CA0
:109B9000306343AC0800E00300000000FF00A53084
:109BA0000700A22C23004010DC8484A38028050039
:109BB000029D023CC89B4224212845000000A28C43
:109BC0000800400000000000E49B019DEC9B019D0B
:109BD000F89B019D049C019D109C019D1C9C019D76
:109BE000289C019D0800E0032D8680A3010002242B
:109BF0000800E0032D8682A3020002240800E0038F
:109C00002D8682A3030002240800E0032D8682A390
:109C1000040002240800E0032D8682A3050002242C
:109C20000800E0032D8682A3060002240800E0035A
:109C30002D8682A30800E0032D8680A39B180224B2
:109C4000248082A7600F0224268082A7D8130224D2
:109C50002C8082A701000224708082A3FE7C032452
:109C6000908483AF1A4E0324988483AF978180A396
:109C7000200003242E8083A3150003242F8083A3B8
:109C80005B8080A3FF1F03245C8083AF3804032420
:109C9000308083A7328083A71E0003243C8083A3E7
:109CA0003D8080A328000424588084A3010005245B
:109CB000408085AF02000424448084AF4200042425
:109CC000488084AF4C8085A303000624508086AF73
:109CD00011000424548084AF598082A31900042405
:109CE0005A8084A3608083A314000324618083A32B
:109CF000FF010324628083A7968182A3988182A3B7
:109D000004000324B48083A3B58086A39A8180A332
:109D10009B8180A363000324B68083A71E000324D5
:109D2000B88083A72D000424BA8084A7BC8083A7B1
:109D300050000324BE8083A7ED860324C08083A740
:109D400012840324C48083A77E7C0324C88083A755
:109D5000A7040324CC8083A792070324CE8083A783
:109D60005C0F0324D08083A7FB570324D48083A7F0
:109D70001C550324D88083A7A54D0324DC8083A72A
:109D800048040324E08083A7A1070324E28083A77B
:109D9000380F0324E48083A7E68082A3808280A317
:109DA000818280A364000324E88083A796000324B3
:109DB000EA8083A7C8000324EC8083A7FA00072465
:109DC000EE8087A72C010324F08083A79001032451
:109DD000F28083A758020324F48083A7E8030324B6
:109DE000F68083A7D0070324F88083A7A00F03245D
:109DF000FA8083A70A000324FC8083A705000824B7
:109E0000FE8088A703000424028186A7008184A71E
:109E1000048185A70D000524068185A70C00052473
:109E2000088185A70B0005240A8185A70C8183A7DB
:109E3000090005240E8185A707000524108185A748
:109E400006000524128185A7148188A70400052433
:109E5000168185A7188184A71A8184A71C8183A7EE
:109E6000010003241E8183A3F0000324208183A723
:109E7000E1000324228183A7248187A79C8180AFEE
:109E80002C010324A08183AFE8030324A48183AFC2
:109E9000C8320324A88183AF74590324AC8183AFF3
:109EA00018790324B08183AF948E0334B48183AFD7
:109EB000D4AD0434B88184AFF0D20334BC8183AF15
:109EC00014E60734C08187AF52FD0634C48186AFE3
:109ED000F47E8524C88185AF0600053C941FA82424
:109EE000CC8188AF9041A824D08188AF9816A52452
:109EF000D48185AF0700053C08A5A534E48185AF72
:109F00002823A824E88188AF60F0A524EC8185AFE0
:109F10000A00053C6031A824D88188AF4060A8249D
:109F2000DC8188AF1414A524E08185AF18796524FD
:109F3000F08185AFB86FE724F48187AFA86165240D
:109F4000F88185AF6C6B8524FC8185AF3C738424DC
:109F5000008284AF00FA0434048284AFD8D604347B
:109F6000148284AFA8DE0734188287AF98B707340D
:109F70001C8287AFC05D0724088287AF90650724E5
:109F80000C8287AF803E0724108287AFA9616724C7
:109F9000208287AF4C7C6324248283AFC675C6249D
:109FA000288286AFB88803342C8283AFECA90334AF
:109FB000308283AFE0C40334348283AF90E2033451
:109FC000448283AFC8FA0334488283AF4C8285AFA2
:109FD000401F0324388283AF504603243C8283AF62
:109FE000D8590324408283AF508284AF48EE0334B3
:109FF000548283AFE0AB0434588284AFA08C053424
:10A000005C8285AF608285AF648284AF20CB0434EC
:10A01000688284AF6C8283AFF0190324708283AFAF
:10A02000401A0324748283AF32000324788283AF02
:10A03000640003247C8283AF718082A3998180A312
:10A0400088130224748082AF3C000224788082AF9F
:10A05000C80002247C8082AF18010224808082AF75
:10A060009A010224848082AF8A020224888082AF0F
:10A07000700302248C8082AFB0040224908082AFEF
:10A0800018060224948082AFEE000224988082AFEA
:10A090005E0102249C8082AFE0010224A08082AF96
:10A0A000A8020224A48082AF84030224A88082AF85
:10A0B00000050224AC8082AF2A0602240800E003D7
:10A0C000B08082AF1201100100000040BD283109AC
:10A0D000000001020301000009025B00030100A06F
:10A0E000230904000001030102000921000100010D
:10A0F00022B10007058103080004090401000103DF
:10A10000010200092100010001226D000705820300
:10A1100040000409040200020300000009210001BC
:10A120000001222400070583030C00040705030334
:10A1300014000A00040309041203550047005400E8
:10A14000410042004C00450054000000220336004C
:10A15000200069006E006300680020005000650068
:10A160006E005400610062006C0065007400000025
:10A170000E033000300030003000300030000000AE
:10A180002C03550047003900300031005F004200C9
:10A190005000550030003600310030004C005F00A8
:10A1A0004300000000000000000000002603320011
:10A1B00033002D00300038002D00310034005F00E6
:10A1C0007200650061006C007300650030003000B3
:10A1D0003100000016035400650073007400200075
:10A1E0004D006F006400650030000000160354004D
:10A1F00065007300740020004D006F00640065006E
:10A200003100000016035400650073007400200044
:10A210004D006F006400650032000000160354001A
:10A2200065007300740020004D006F00640065003D
:10A230003300000016035400650073007400200012
:10A240004D006F00640065003400000016035400E8
:10A2500065007300740020004D006F00640065000D
:10A2600035000000160354006500730074002000E0
:10A270004D006F00640065003600000016035400B6
:10A2800065007300740020004D006F0064006500DD
:10A2900037000000160354006500730074002000AE
:10A2A0004D006F0064006500380000001603540084
:10A2B00065007300740020004D006F0064006500AD
:10A2C0003900000020032000200020002000200092
:10A2D000200020002000200020002000200020007E
:10A2E000200020000E03FE7C1A4E0A00FF1FD81328
:10A2F00000000000040300672C03550047004500E0
:10A300004500200054006500630068006E006F0087
:10A310006C006F0067007900200043006F0072003E
:10A3200070002E0006030201010000000603040075
:10A330000000000006036400000000000B03001092
:10A3400000010A000000000005030500FF000000F6
:10A35000100320202020202020202020202020202A
:10A3600008030000000000000C0348004B00200020
:10A370004F006E000E0348004B0020004F006600A7
:10A380006600000006030104000100001203320011
:10A39000300031003800300031003000340000005F
:10A3A00005010902A10185090901A1000509190199
:10A3B0002903150025019503750181029505810189
:10A3C00005010930093126FF7F95027510810205CC
:10A3D0000D093026FF07950175108102C0C00501E7
:10A3E0000902A1010901A100850105091901290539
:10A3F000950575011500250181029503810105016F
:10A40000093009319502751016008026FF7F8106FC
:10A4100009381581257F950175088106050C0A38D4
:10A4200002950175088106C0C005010906A10185D4
:10A4300006050719E029E715002501750195088132
:10A44000020507190029FF26FF00750895068100FF
:10A45000C0000000060AFF0901A10185020902757A
:10A4600008950B150026FF00810209037508951455
:10A47000150026FF009102C0D8A0019D34A1019DC6
:10A4800038A1019D4CA1019D70A1019D80A1019D5C
:10A49000ACA1019DC4A2019DE4A2019DF4A2019D75
:10A4A000F8A2019D34A3019D3CA3019D48A3019DF9
:10A4B00050A3019D60A3019D68A3019D74A3019D0C
:10A4C00084A3019D8CA3019DD4A1019DECA1019DBC
:10A4D00004A2019D1CA2019D34A2019D4CA2019DDC
:10A4E00064A2019D7CA2019D94A2019DACA2019D4C
:10A4F00024A3019D2CA3019D10000224C68282A3E7
:10A5000000A0023C200D4224100040A0110040A0F9
:10A510008F858393120043A0A0828393130043A0EE
:10A5200058868393140043A0D082838F003C647CC0
:10A53000150044A0003A647C160044A0FF0063307C
:10A54000170043A000A0033C0C0F639402220300F9
:10A55000180044A0FF006330190043A000A0033C92
:10A56000C00F6394022203001A0044A0FF0063306E
:10A570001B0043A0718583931C0043A04D858393EA
:10A580001D0043A01E0040A01F0040A02000022488
:10A590000800E003898382A310000224C68282A3FC
:10A5A00000A0023C200D4224FAFF0324100043A027
:10A5B000110043A0120043A0130043A0140043A0C5
:10A5C00064000324150043A04B000324160043A09D
:10A5D00046000324170043A041000324180043A0B1
:10A5E0003C000324190043A02D0003241A0043A0BB
:10A5F0001B0043A01C0043A01E0003241D0043A019
:10A60000140003241E0043A00F0003241F0043A0D6
:10A610000C868393200043A04C858393210043A0A4
:10A6200040858393220043A0230040A09C85838F14
:10A63000003A647C240044A0FF006330250043A05E
:10A64000260002240800E003898382A300A0023CC4
:10A65000200D40A0200D4224010040A000A0033C9A
:10A66000440E639402220300020044A0FF00633002
:10A67000030043A000A0033C0C0F639402220300DC
:10A68000040044A0FF006330050043A000A0033C89
:10A69000C00F639402220300060044A0FF00633051
:10A6A000070043A038868397080040A002220300D9
:10A6B000090044A0FF0063300A0043A0E4858397AB
:10A6C0000B0040A0022203000C0044A0FF006330F6
:10A6D0000D0043A0448583930E0043A063858393BC
:10A6E0000F0043A0100002240800E003898382A326
:10A6F00020000224C68282A300A0033CB00E632483
:10A7000008006494022A040000A0023C200D4224A8
:10A71000200045A0FF008430210044A01400649470
:10A72000022A0400220045A0FF008430230044A038
:10A7300020006494022A0400240045A0FF00843015
:10A74000250044A02C006494022A0400260045A0A1
:10A75000FF008430270044A038006494022A0400DB
:10A76000280045A0FF008430290044A044006494E0
:10A77000022A04002A0045A0FF0084302B0044A0D8
:10A7800050006494022A04002C0045A0FF0084308D
:10A790002D0044A05C006394022203002E0044A01C
:10A7A000FF0063302F0043A000A0033C640F63242C
:10A7B00008006494022A0400300045A0FF008430A1
:10A7C000310044A014006494022A0400320045A021
:10A7D000FF008430330044A020006494022A040067
:10A7E000340045A0FF008430350044A02C00649460
:10A7F000022A0400360045A0FF008430370044A040
:10A8000038006494022A0400380045A0FF00843018
:10A81000390044A044006494022A04003A0045A090
:10A82000FF0084303B0044A050006494022A0400DE
:10A830003C0045A0FF0084303D0044A05C006394D0
:10A84000022203003E0044A0FF0063303F0043A00B
:10A850000800E0030000000010000224C68282A36A
:10A8600000A0033C000E632408006494022A040044
:10A8700000A0023C200D4224100045A0FF008430BF
:10A88000110044A014006494022A0400120045A0A0
:10A89000FF008430130044A020006494022A0400C6
:10A8A000140045A0FF008430150044A02C006494DF
:10A8B000022A0400160045A0FF008430170044A0BF
:10A8C00038006494022A0400180045A0FF00843078
:10A8D000190044A044006394022203001A0044A01B
:10A8E000FF0063301B0043A01C0040A01D0040A0DF
:10A8F0001E0040A01F0040A00800E0030000000070
:10A90000181000A0640100000100000033000102E3
:10A91000030405060708090A0B0C0D0E121242501B
:10A9200042303630355F32303230303331325F31A1
:10A930000000000055475441424C455400000000BF
:10A9400039303350656E5461626C657442505530D5
:10A950003930330000000000425055303930335F49
:10A960005230410032303139303731325F310000FE
:10A97000443322113412341288776655785678564B
:10A9800000000000000000000000000000000000C7
:10A9900000000000000000000000000000000000B7
:10A9A00000000000000000000000000000000000A7
:10A9B0000000000000000000000000000000000097
:10A9C0000000000000000000000000000000000087
:10A9D0000000000000000000000000000000000077
:10A9E0000000000000000000000000000000000067
:10A9F0000000000000000000000000000000000057
:10AA00000000000000000000000000000000000046
:10AA10000000000000000000000000000000000036
:10AA20000000000000000000000000000000000026
:10AA30000000000000000000000000000000000016
:10AA40000000000000000000000000000000000006
:10AA500000000000000000000000000000000000F6
:10AA600000000000000000000000000000000000E6
:10AA7000180100A06000000000000000000000A01D
:10AA8000040000000100000012030127000800A0DC
:10AA9000AD020000000000007C1100A0700000006A
:10AAA00001000000050D0902A10185070920A1018F
:10AAB000094209440945093C150025017501950421
:10AAC000810295018103093295018102950281037A
:10AAD000751095013500A4050109306513550D4623
:10AAE0009B1826FF7F8102093146600F26FF7F8178
:10AAF00002B40930450026FF1F8142093D1581251A
:10AB00007F750895018102093E1581257F8102C06C
:10AB1000C0000000000C00A07B010000000000004D
:10AB2000780100A008000000000000007C0D00A0DB
:10AB30002400000000000000040000A00E0000003F
:10AB400001000000A00F150F0100FFFFFFFF010231
:10AB500009000000800100A00200000000000000C9
:10AB6000140000A004010000010000006019D70FCC
:10AB7000FF7F0000D8131D13800280027440000084
:10AB80003C2800001C0A0000010000000300000037
:10AB900042000000010000000A0000000A0000005E
:10ABA00028011401FF1F00001E1494016C00000016
:10ABB000000100010001000101010000B80B0000CC
:10ABC000460000000002000060020000B002000029
:10ABD0002003000070040000B00600002007000001
:10ABE0000002000060020000B0020000200300002C
:10ABF00070040000B0060000200700000604680092
:10AC000030006800300050008947000076450000A1
:10AC10009742000081035E05A8080000912E000005
:10AC2000192D0000142A00005D030405C507020069
:10AC300064009600C800FA002C0190015802E80355
:10AC4000DC05D00719000F000800070005002800E8
:10AC50001E001E0014000F000F000C00080005006D
:10AC6000030001000A000100590159012C010000F4
:10AC7000840100A0F000000000000000740200A0A9
:10AC80001000000000000000C00600A00801000045
:10AC900000000000840200A002000000000000008C
:10ACA000A00D00A06000000000000000C80700A088
:10ACB000100000000100000050463232322D2D2DD0
:10ACC0002D2D2D231E19140F000E00A018020000B8
:10ACD00000000000880200A00C000000000000003E
:10ACE000D80700A0040000000100000001000000DF
:10ACF000940200A00400000000000000000000001A
:10AD0000208483931F00633001000224B300621487
:10AD10000000000024848293FF0042300B004010AA
:10AD20000000000024848393FF00633001000224AC
:10AD3000060062100000000024848393FF0063304B
:10AD400002000224A5006214000000002184839305
:10AD5000FF006330060002246C0062140000000053
:10AD600023848293FF0042302200032432004310E8
:10AD700023000324610043102100032463004314D3
:10AD80000000000038848393FF0063300100022438
:10AD90005E0062140000000024848293FF004230B1
:10ADA0000900401400A0023C029D033CEAA0632479
:10ADB000000D43AC000D422409000324080043A405
:10ADC000C0FF0324040043A024848393FF00633066
:10ADD000010002240900621400A0023C029D033C11
:10ADE00003A16324000D43AC000D42240900032499
:10ADF000080043A4C0FF0324040043A024848393D9
:10AE0000FF006330020002244000621400A0023CF4
:10AE1000029D033C1CA16324000D43AC000D4224A1
:10AE200009000324080043A4C0FF0324040043A036
:10AE3000C36B400B0000000038848393FF00633035
:10AE40000100022431006214000000002484829377
:10AE5000FF0042300B00401400A0023C029D033C66
:10AE6000A0A36324000D43AC000D4224B1000324D1
:10AE7000080043A4C0FF0324040043A0C36B400B9D
:10AE80000000000024848393FF006330010002244B
:10AE90000B00621400A0023C00A0033C7C11632460
:10AEA000000D43AC000D42246D000324080043A4B0
:10AEB000C0FF0324040043A0C36B400B000000004C
:10AEC00024848393FF006330020002240F00621485
:10AED00000A0023C029D033C54A46324000D43AC3B
:10AEE000000D422424000324080043A4C0FF0324CF
:10AEF000040043A0C36B400B0000000080FF03244C
:10AF000000A0023C000D4224040043A0208483934F
:10AF10006000633020000224300062140000000052
:10AF200021848293FF004230030003241D0043105C
:10AF30000400432C060060100A00032402000324CE
:10AF40000F00431400A0023CDA6B400B5D848327A2
:10AF50000D0043100B0003240900431480FF032459
:10AF6000F36B400B00A0023C000D43AC000D4224EB
:10AF700001000324080043A4C1FF0324040043A0EC
:10AF80000800E0030000000080FF032400A0023C52
:10AF9000000D4224040043A0238482930800E003B0
:10AFA0005D8482A300A0023C5C848327000D43AC37
:10AFB000000D422401000324080043A481FF032460
:10AFC000040043A00800E00300000000000D42243C
:10AFD000040043A0228482935C8482A30800E003DF
:10AFE000000000000080013C2628A100C24D0400A2
:10AFF000FF002931C25D0500FF006B310080073C76
:10B000000042040025400701005205002550470179
:10B01000FFFF2D25FE00A12D610020100000000083
:10B02000FFFF6D25FE00A12D77002010000000001D
:10B0300023602B010D008005000000002000812905
:10B0400003002014000000001500001002000A2474
:10B0500025300A0006508A0104688A011000A611F2
:10B06000000000000E00001002004A3525480B00C9
:10B0700023600C0020008129030020140000000040
:10B08000070000100200082425300800064088014F
:10B09000046888010200A6110000000002000835C3
:10B0A00024608700266885011000A00500000000CC
:10B0B00021400A012B680A011700A01100000000BE
:10B0C00001000D310200A01100000000020008354F
:10B0D0004240080001002925FF0001240E0021152F
:10B0E000000000000C000010000008242B680A017A
:10B0F0000400A01123400A012340080003000010AF
:10B100002660870150000011000000002030067109
:10B11000234826010440C8000E002019000000004A
:10B120008000082580000D2D21482D01026A0800AD
:10B130000100AD3123400D014040080042420800AB
:10B14000C06D090025400D0125100C010800E00329
:10B1500000000000010006242330C9002000C12C9B
:10B1600039002010000000000080013C2540010152
:10B1700020000D242368A6010448A8010200201124
:10B180000640C800010008350000092480000D2594
:10B19000E3FFA10500000000E1FF00100100092409
:10B1A0000E002015000000002140080105000011DC
:10B1B0000000000020600C7123482C0198FF001053
:10B1C00004408801FF0001240F006111000000000D
:10B1D0000080013C1800A114000000002168080153
:10B1E0001B00A01500000000FF00012414006115E1
:10B1F00000000000266885001500A0050000000082
:10B200000D000010000000000800601500000000A4
:10B2100021504A010A0040110000000020604C71DA
:10B2200023586C0182FF001004508A0121684A01F2
:10B230000700A01500000000C4FF00102510050045
:10B24000C2FF001025100400C0FF001000000224FF
:10B25000BEFF0010C0FF023C000000004A050000D5
:10B26000C70500007E0600009A07000015090000CF
:10B27000970A00002E0C0000C60D0000560F0000BB
:10B28000E91000007812000001140000A015000071
:10B290002A170000B5180000451A0000D51B000051
:10B2A000651D0000F51E000085200000152200002D
:10B2B000A523000035250000C52600005528000004
:10B2C000E5290000752B0000052D0000952E0000DB
:10B2D00025300000B531000045330000D5340000B2
:10B2E00065360000F537000085390000153B000089
:10B2F000A53C0000353E0000C53F00005541000060
:10B30000E542000075440000054600009547000036
:10B3100025490000B54A0000454C0000D54D00000D
:10B32000654F0000F55000008552000015540000E4
:10B33000A555000035570000C5580000775A000099
:10B34000E55B0000755D0000055F00009560000092
:10B3500025620000B563000045650000D566000069
:10B3600065680000F5690000856B0000156D000040
:10B37000A56E000035700000C57100005573000017
:10B38000E5740000757600000578000095790000EE
:10B39000257B0000B57C0000457E0000D57F0000C5
:10B3A0004C810000B9820000238400002085000049
:10B3B000AB8500001586000044050000CA050000AA
:10B3C00087060000BB070000200900009E0A00005D
:10B3D000170C00009C0D0000310F0000BE10000093
:10B3E0004B120000DE1300006E150000FE16000078
:10B3F0008E1800001E1A0000AE1B00003E1D00004B
:10B40000CE1E00005E200000EE2100007E23000022
:10B410000E2500009E2600002E280000BE290000F8
:10B420004E2B0000DE2C00006E2E0000FE2F0000D0
:10B430008E3100001E330000AE3400003E360000A6
:10B44000CE3700005E390000EE3A00007E3C00007E
:10B450000E3E00009E3F00002E410000BE42000054
:10B460004E440000DE4500006E470000FE4800002C
:10B470008E4A00001E4C0000AE4D00003E4F000002
:10B48000CE500000515200009853000007550000B4
:10B49000F856000089570000EF570000E0FFBD2775
:10B4A0001C00BFAF1800B2AF1400B1AF1000B0AFB6
:10B4B00015008010218880008373400F40811100A7
:10B4C0002190400040101100238002028573400F3C
:10B4D000212000008373400F000000002B1050005B
:10B4E000FCFF4014000000008573400F2120500233
:10B4F0001C00BF8F1800B28F1400B18F1000B08FE6
:10B500000800E0032000BD27426D400B0000000052
:10B51000E0FFBD271C00BFAF1800B2AF1400B1AFF1
:10B520001000B0AF8973400F21808000219040004F
:10B5300088BF023C0030518C0003317E0A00205647
:10B54000004010360010032488BF023C083043AC92
:10B5500088BF033C0030628C00084230FDFF40147D
:10B56000000000000040103681BF023C00F450ACE7
:10B57000276D400F0700042481BF023C99AA033CB9
:10B580005566632410F443AC6655033CAA996334B2
:10B5900010F443AC0080033481BF023C08F443AC98
:10B5A00081BF033C00F4628C00804230FDFF4014F8
:10B5B00081BF023C0040032404F443AC0E0020127F
:10B5C0000010032488BF023C0030428C0003427C00
:10B5D0000B00401488BF023C083043AC88BF033CDA
:10B5E0000030628C00084230FDFF40140000000073
:10B5F000806D400B0000000088BF023C043043AC6B
:10B600006E73400F2120400281BF023C00F4428C47
:10B61000003042301C00BF8F1800B28F1400B18F71
:10B620001000B08F0800E0032000BD27E8FFBD2711
:10B630001400BFAF00E0847C81BF023C20F444AC26
:10B64000446D400F044004241400BF8F0800E00341
:10B650001800BD27E8FFBD271400BFAF00E0847CC1
:10B6600081BF023C20F444AC81BF023C30F445ACC5
:10B67000446D400F014004241400BF8F0800E00314
:10B680001800BD27E8FFBD271400BFAF00E0847C91
:10B6900081BF023C20F444AC00E0A57C81BF023CA9
:10B6A00040F445AC446D400F034004241400BF8FA8
:10B6B0000800E0031800BD27E8FFBD271400BFAF56
:10B6C000446D400F004004241400BF8F0800E003C5
:10B6D0001800BD2700800B3CC2450400FF00083164
:10B6E000C2550500FF004A31003A04002538EB003E
:10B6F000004A050025482B012670850024586E015C
:10B70000FFFF0E25FE00C12D3F00201000000000AD
:10B71000FFFF4E25FE00C12D530020100000000049
:10B720002B08E90003002014000000004238070045
:10B730000100082582630900F40180011B00EC0070
:10B740001220000010300000FF3F2D311900A4012D
:10B7500012280000803306002B70C5000400C011C1
:10B760002330C500FFFF84242130C9002B70C9009D
:10B77000F40180011B00CC001238000010300000E2
:10B780001900A70112280000803306002B70C500A5
:10B790000400C0112330C500FFFFE7242130C90099
:10B7A0002B70C900807304002138EE000200C01025
:10B7B000003907000100E7347E000E242370CA011F
:10B7C00021400E01FFFF0E25FE00C12D3400201088
:10B7D000000000008000E7248000EE2C21400E01D4
:10B7E000027207000100CE312338EE004038070016
:10B7F000423A0700C07508002538EE002510EB001E
:10B800000800E00300000000080000150000000030
:10B810002138E7000500E010000000002060EC7017
:10B8200023400C01BAFF00100438870104004815BA
:10B8300000000000217029012F00C011000000004D
:10B84000FF00012408004111000000001200001157
:10B85000000000002170E7002700C0150000000074
:10B860002200001000000000080040150000000049
:10B87000214829011D0020110000000020602C71CA
:10B8800023504C01A6FF00100448890121702901B2
:10B890001900C01500000000D9FF001025100B0092
:10B8A0001200001D0000000001000C24236088012C
:10B8B0002000812DF8FF20100000000020000E2441
:10B8C0002370CC010440C701020000110638870133
:10B8D0000200E734000008248000EE24BDFFC1050B
:10B8E00000000000BBFF001001000824807F013C25
:10B8F000C3FF001025106101C1FF0010C0FF023C12
:10B900000000000000A0023C880D40AC880D4224DD
:10B91000040040AC080040AC0C0040AC100040AC4F
:10B92000140040AC888180A30800E003898180A3D3
:10B930002083828F0800E0038C8182AF0800E0033F
:10B94000888184A30800E00388818293898182939F
:10B95000251082000800E003898182A3FF00843063
:10B960002720040089818293242082000800E003BC
:10B97000898184A30800E00389818293D0FFBD27D9
:10B980002C00BFAF2800B5AF2400B4AF2000B3AF88
:10B990001C00B2AF1800B1AF1400B0AF21A08000FE
:10B9A0002180A000FFFFB324B471400F2128600262
:10B9B00021809002261D400FFFFF02A216006006A4
:10B9C000218840002190000080BF103C80BF153CC2
:10B9D0001060028E000142300700401421109202D4
:10B9E000261D400F00000000231051002800422CAB
:10B9F000F7FF401421109202000042902060A2AE96
:10BA00004000000001005226FF0052322A1072024C
:10BA1000EFFF4010000000002C00BF8F2800B58F02
:10BA20002400B48F2000B38F1C00B28F1800B18F98
:10BA30001400B08F0800E0033000BD270800E003C9
:10BA400000000000D8FFBD272400BFAF2000B0AF2A
:10BA5000FF0090301000A0AF1400A0AF1800A0AFFE
:10BA6000130002241000A2A3080002241100A2A3C4
:10BA70001200B0A31000A4275F6E400F0800052439
:10BA8000F8FF1026FF0010320200102E06000012F0
:10BA90002400BF8F4C6E400F00000000536E400F1B
:10BAA000010004242400BF8F2000B08F0800E003B1
:10BAB0002800BD27D8FFBD272400BFAF2000B0AFAE
:10BAC000211080001000A0AF1400A0AF1800A0AF9C
:10BAD000130003241000A3A30400A3241100A3A3B4
:10BAE0000A0003241200A3A30900A32C0500601080
:10BAF0002180A0001300A42721284000E470400FFB
:10BB0000213000021000A4275F6E400F04000526BC
:10BB10002400BF8F2000B08F0800E0032800BD275D
:10BB2000A00F0224148082A715000224168082A38D
:10BB30001F000224178082A3FF8F02241A8082A78D
:10BB40001C8082A7908180A3918180A3010008249A
:10BB50001E8088A3020007241F8087A309000224F7
:10BB6000208082A3AC090224BE8482A76E0902242D
:10BB7000BC8482A79A8180A39B8180A300A0023C01
:10BB8000F0010924C00D49A4C00D4224E801062497
:10BB9000020046A4D8010524040045A4B8010424E9
:10BBA000060044A478010324080043A4F8000A24F2
:10BBB0000A004AA400A0023CE00D49A4E00D422482
:10BBC000020046A4040045A4060044A4080043A4BF
:10BBD00004000624D48486A306000524D58485A306
:10BBE00007000424D68484A305000324D78483A3F8
:10BBF00003000224D88482A3D98480A3DA8488A392
:10BC0000DB8487A3048586A3058585A3068584A395
:10BC1000078583A3088582A3098580A30A8588A355
:10BC20000B8587A3E08486A3E18485A3E28484A3B3
:10BC3000E38483A3E48482A3E58480A3E68488A3C9
:10BC4000E78487A3F48486A3F58485A3F68484A37C
:10BC5000F78483A3F88482A3FFFF0224F98482A3DC
:10BC6000FA8482A3FB8482A3C4808297B48482A7CF
:10BC7000CE8082978A8482A7D8808297A88482A760
:10BC8000E2808297688482A700A0023CFAFF032426
:10BC9000C80743A0C8074224010043A0020043A0F4
:10BCA000030043A0040043A064000324050043A054
:10BCB0004B000324060043A046000324070043A0D2
:10BCC00041000324080043A03C000324090043A0D2
:10BCD0002D0003240A0043A00B0043A00C0043A046
:10BCE0001E0003240D0043A0140003240E0043A0F3
:10BCF0000F0003240800E0030F0043A0C23D04002E
:10BD0000FF00E730C24D0500FF00293100800A3CEA
:10BD1000003204002530CA000042050025400A0117
:10BD20002660850024504C01FFFFEC24FE00812D8D
:10BD30002100201000000000FFFF2C25FE00812DB7
:10BD400036002010000000001900C8001258000042
:10BD500002006011103000000100C6340300C0046E
:10BD60000000000040300600FFFFE72482FF2C2582
:10BD70002138EC00FFFFEC24FE00812D3A0020105A
:10BD8000000000008000C6248000CC2C2138EC008C
:10BD90000262060001008C312330CC0040300600E6
:10BDA00042320600C06507002530CC002510CA00CD
:10BDB0000800E003000000000D00E0140000000097
:10BDC0002130C6000500C010000000002058CB70D4
:10BDD0002338EB00D8FF001004306601FF00012477
:10BDE0001F002111000000001500001000000000DD
:10BDF0002160C6001A008015000000000400201514
:10BE00000000000021600801150080110000000002
:10BE1000FF0001240F002115000000000A0020157A
:10BE20000000000021400801050000110000000092
:10BE300020580B7123482B01C3FF001004406801F8
:10BE4000DBFF001025100A002160080104008015A6
:10BE500000000000807F013CD5FF0010251041014B
:10BE6000D3FF0010C0FF023CFAFFE01C00000000FE
:10BE700001000B24235867012000612DF0FF2010E2
:10BE80000000000020000C2423608B010438860190
:10BE90000200E010063066010200C63400000724EC
:10BEA0008000CC24B7FF810500000000B5FF001022
:10BEB0000100072400000000E8FFBD270000BFAF1D
:10BEC000C2450400003A04000080013C2538E1002E
:10BED000FFFF0D25FE00A12D4800201000000000EE
:10BEE0000400A4AF1000A7AF1400A8AF25200700DE
:10BEF0003E71400F252808002560180025580300D2
:10BF0000255002001400A88F1000A78F0400A48FF2
:10BF100001000D310200A0110000000042380700AE
:10BF200019004A0112300000102800002328A70041
:10BF30002568A6002700A011000000001200A00440
:10BF400000000000FFFF4A250100CD2CFFFFC624A2
:10BF50002328AD002B68CA002330CA002328AD0077
:10BF60002B68CA002330CA002328AD001900A004A2
:10BF7000000000002568A600F2FFA01500000000E8
:10BF8000140000100000000001004A2501004D2DA2
:10BF90000F00A015000000002130CA002B68CA0065
:10BFA0002128AD002130CA002B68CA002128AD002D
:10BFB0000100CD2CFFFFC6242328AD00F2FFA00412
:10BFC000000000002568A6000200A011000000008B
:10BFD000FFFF4A2580004A2580004D2D21586D0124
:10BFE00040100A0042120200C06D0B0025104D00E7
:10BFF0000000BF8F0800E0031800BD270600810481
:10C0000000000000406804001300A01500000000BC
:10C01000F7FF0010251004000A00001500000000C2
:10C020002138E7000500E010000000002028E5703E
:10C0300023400501AAFF00100438A700ECFF001000
:10C04000000002242168E7000300A01500000000A2
:10C05000E7FF001025100400E5FF0010C0FF023CC0
:10C06000000000008000032488BF023C386143AC1C
:10C070000800E003000000008000032488BF023CA9
:10C08000346143AC0800E0030000000080BF023CC4
:10C09000100C40AC0800033C88BF023C341043AC99
:10C0A000AF8584935480828F211082008018020013
:10C0B000802102002320830080BF033C100C628C8F
:10C0C0002B104400FDFF4014010002244C80839398
:10C0D000130062140002032488BF023C346343ACA3
:10C0E00080BF023C100C40AC0800033C88BF023CFF
:10C0F000341043AC5080828F8018020080210200EF
:10C100002320830080BF033C100C628C2B10440062
:10C11000FDFF4014000000004B70400B00010324A1
:10C1200088BF023C346343AC0001032488BF023C57
:10C13000346343AC0800E003000000000001032466
:10C1400088BF023C386343AC4C80839301000224D7
:10C15000050062140002032488BF023C386343AC2C
:10C160000800E0030000000088BF023C346343ACD9
:10C170000800E003000000000800022488BF033C20
:10C18000146562AC88BF033C046562AC88BF043CA4
:10C1900080000324146183AC88BF023C046143AC7B
:10C1A00040000324146183AC046143AC88BF043CA9
:10C1B00000010324146383AC88BF023C046343ACD6
:10C1C00000020324146383AC046343AC0800E0035F
:10C1D000000000000800032488BF023C346543AC23
:10C1E0000800E003000000000800032488BF023CB0
:10C1F000386543AC0800E0030000000000A0023CEA
:10C20000A40D478C4A05E22C050040101686023426
:10C210004A05032400A0023C0800E003A40D43AC3F
:10C220002B10E20005004014029D053CC18F033431
:10C2300000A0023C0800E003A40D43AC5CB2A524BE
:10C240002120000056000A240000A68C2B18C700ED
:10C2500019006050010084240400A98C2B102701D0
:10C2600015004054010084240011040080410400A2
:10C270002140480080100800211002014A05422494
:10C280002338E600001907008039070021186700ED
:10C290008020030021186400233026011B00660063
:10C2A000F401C000123000002110460000A0043C40
:10C2B0000800E003A40D82ACE3FF8A140400A52467
:10C2C0000800E0030000000000A0023CA80D478C1D
:10C2D0004405E22C05004010F057E22C44050324ED
:10C2E00000A0023C0800E003A80D43AC0500401488
:10C2F000029D053C5D61032400A0023C0800E003B0
:10C30000A80D43ACB8B3A5242120000038000A24AE
:10C310000000A68C2B18C70019006050010084246F
:10C320000400A98C2B10270115004054010084241F
:10C3300000110400804104002140480080100800E2
:10C3400021100201440542242338E60000190700A9
:10C35000803907002118670080200300211864003D
:10C36000233026011B006600F401C00012300000DB
:10C370002110460000A0043C0800E003A80D82AC98
:10C38000E3FF8A140400A5240800E0030000000075
:10C39000211080005600C0100C00CA2C4D00401522
:10C3A0002618A4000300633023380400290060101D
:10C3B0000300E7300600E0102330C7000000A39818
:10C3C0000300A3882128A700000083B8212087004C
:10C3D0000F00C3302338C3001100E010213060008B
:10C3E0002138E5000000A3980300A3880400A89862
:10C3F0000700A8880800A9980B00A9880C00AA9833
:10C400000F00AA88000083AC040088AC080089AC47
:10C410001000A52410008424F2FFA714FCFF8AACAE
:10C420000300C3302338C3002A00E010213060002D
:10C430002138E5000000A3980300A3880400A52488
:10C4400004008424FBFFA714FCFF83AC2100001030
:10C45000000000000500E0102330C7000000A39892
:10C460002128A700000083B8212087000F00C330D7
:10C470002338C3000D00E010213060002138E500B2
:10C480000000A38C0400A88C0800A98C0C00AA8CC6
:10C49000000083AC040088AC080089AC1000A5241F
:10C4A00010008424F6FFA714FCFF8AAC0300C330FD
:10C4B0002338C3000700E010213060002138E50078
:10C4C0000000A38C0400A52404008424FCFFA7140E
:10C4D000FCFF83AC0600C0102138C5000000A3900B
:10C4E0000100A52401008424FCFFA714FFFF83A002
:10C4F0000800E003000000003A0080100000000087
:10C500000100AD300B00A01100000000F267093CF3
:10C51000001829351900890010480000134D013C0E
:10C520000048213421482101422004000700001066
:10C530000100A5240093093C19008900104800005F
:10C54000FF6C013C00FC21342148210143380500E7
:10C550003F00E724C24B0900F40120011B008900C1
:10C5600012500000804B090000540A0021482A01A3
:10C570002B682A0123482D0100800A3C025C090037
:10C58000F40160011B004B011250000000540A002E
:10C590000200401500000000FFFF0A2419002A01D4
:10C5A0001058000023580B0019004B0110500000D8
:10C5B000190044011050000040500A004248090090
:10C5C00021482A012B682A0123482D012530090022
:10C5D000251006002518070025C008000800E00304
:10C5E0000000000000000724F9FF001025300700BC
:10C5F00000000000A8FFBD270400A1AF0800A2AF03
:10C600000C00A3AF1000A4AF1400A5AF1800A6AF94
:10C610001C00A7AF2000A8AF2400A9AF2800AAAF34
:10C620002C00ABAF3000ACAF3400ADAF3800AEAFD4
:10C630003C00AFAF4000B8AF4400B9AF4800BFAF57
:10C64000124000004C00A8AF104000005000A8AFFE
:10C65000029D1A3C64CC5A27000000000068044088
:10C660000060054009F84003000000005000A88F5A
:10C67000110000014C00A88F130000010400A18FDD
:10C680000800A28F0C00A38F1000A48F1400A58FA8
:10C690001800A68F1C00A78F2000A88F2400A98F48
:10C6A0002800AA8F2C00AB8F3000AC8F3400AD8FE8
:10C6B0003800AE8F3C00AF8F4000B88F4400B98F78
:10C6C0004800BF8F5800BD27C0000000180000427E
:10C6D0002118000021100000213083000000C690C6
:10C6E00021104600010063242B306500FBFFC0547D
:10C6F00021308300231002000800E003FF004230D5
:10C70000E8FFBD271400BFAF1000B0AF1800A4AF02
:10C710001C00A5AF2000A6AF2180E000120002247B
:10C720000000E2A0080002240100E2A01800A29389
:10C730000200E2A01900A2930300E2A01A00A29353
:10C740000400E2A01B00A2930500E2A01C00A2933B
:10C750000600E2A01D00A2930700E2A01E00A29323
:10C760000800E2A02120E000B471400F0900052478
:10C77000090002A21400BF8F1000B08F0800E00370
:10C780001800BD27211080002600C0101000CA2C00
:10C790001F004015FF00A530005205002528AA0003
:10C7A000005405002528AA0003008330050060100E
:10C7B000040007242338E3002330C700000085B8B5
:10C7C000212087000F00C3302338C3000800E01089
:10C7D000213060002138E400000085AC040085AC05
:10C7E000080085AC10008424FBFF8714FCFF85AC97
:10C7F0000300C3302338C3000500E010213060007F
:10C800002138E40004008424FEFF8714FCFF85AC7B
:10C810000400C0102138C40001008424FEFF8714E6
:10C82000FFFF85A00800E00300000000FEFF0824D1
:10C8300040300400403805002548C7001B00201187
:10C840000000000000FF013C010021342B08C10062
:10C850001A0020100000000000FF013C01002134FC
:10C860002B08E100150020100000000002008104E8
:10C8700042300600233006000200A10442380700BF
:10C88000233807002A08C70003002010000000001A
:10C8900007000010FFFF02242A08E6000300201012
:10C8A0000000000002000010010002240000022429
:10C8B0000800E0030000000000000000FCFF001082
:10C8C00025100800000000000400C9280500201100
:10C8D000213886001700C01C000000000800E0039B
:10C8E00021100000254085000300083103000011DD
:10C8F0000000000010000010000088900000888CEC
:10C900000000A98C04008424050009110400A5245A
:10C91000FCFFA524FCFF8424070000100000889081
:10C92000FCFFC624F5FFC01C000000000800E00367
:10C9300021100000000088900000A99001008424CC
:10C94000030009110100A5240800E00323100901D8
:10C95000F8FF8714000000000800E0032110000029
:10C96000002A04000080013C2528A100C23D0400EB
:10C97000FF00E7309E0006242330C7000D00C018DA
:10C98000000000002000C128030020140000000067
:10C990000500001000000224020081040628C500E2
:10C9A00023280500251005000800E0030000000012
:10C9B00000000000807F013C010021342B08810031
:10C9C0000300201400000000F7FF00100080023C6C
:10C9D000FF7F023CF4FF0010FFFF42340000000024
:10C9E000002A04000080013C2528A100C23D04006B
:10C9F000FF00E7309E0006242330C7000D00C0046E
:10CA0000000000002000C1280300201400000000E6
:10CA10000500001000000224020081040628C50061
:10CA200023280500251005000800E0030000000091
:10CA300000000000807F013C010021342B088100B0
:10CA40000300201400000000F7FF00100080023CEB
:10CA5000F5FF0010FFFF022400000000403E3D3BB8
:10CA60003A393736807D7B7775736E6C05080A0E10
:10CA7000101317194342413F3E3C3B398784827E65
:10CA80007C78767205080A0E1014161A4442413F4B
:10CA90003E3D3B398784817E7C79757206090C0F97
:10CAA0001114181B3D3C3C3B3B3A37367A7978777A
:10CAB00076756E6C0B0C0D0E0F1017194B4A3C3B24
:10CAC0002D2C0000969478765A5900000204090B28
:10CAD000101100000080013C120080102430810001
:10CAE0000200810400000000232004009E000524B1
:10CAF000203887702328A7000420E40080008424C5
:10CB00008000882C2128A80003420400010008317D
:10CB1000232088004020040042220400C045050074
:10CB200025208800251086000800E0030000000092
:10CB30000000000000A0023CD807428CE8FFBD279F
:10CB4000010042301000B0AF1400BFAF070040102A
:10CB5000218080000B72400F212800000300410457
:10CB60002100032400A0023C940243ACAE6F400FAE
:10CB7000212000021400BF8F1000B08F0800E003D6
:10CB80001800BD270000043CE8FFBD2700008424F6
:10CB9000030080101400BFAF09F8800000000000FF
:10CBA000000084300000A530A82F400F00000000D6
:10CBB0000000023C0000422403004010000000007E
:10CBC00009F8400000000000F9FF0010000000001C
:10CBD000E8FFBD271400BFAF0600800421108000CD
:10CBE000B572400F000000001400BF8F0800E00382
:10CBF0001800BD270100423042200400B572400FEA
:10CC00002520820021204000FB6B400F212840009E
:10CC10001400BF8F0800E0031800BD270000023C8D
:10CC2000E8FFBD2700004224060040101400BFAFFB
:10CC30000000023C0000422403004010029D023C20
:10CC40003F000070029D023CACCC42240300401027
:10CC50000000000009F84000000000001773400BBE
:10CC6000000000000000023CE8FFBD270000422455
:10CC7000060040101400BFAF0000023C0000422438
:10CC800003004010029D023C3F000070029D023CE8
:10CC9000ACCC4224030040100000000009F8400022
:10CCA000000000002973400B00000000006060419C
:10CCB000C000000099AA033C81BF023C5566632472
:10CCC00030F240AC30F243AC6655033CAA99633471
:10CCD00030F243AC81BF023C0100032418F643ACA0
:10CCE00081BF023C10F6428C2D73400B0000000007
:10CCF0000008022488BF033C146362AC88BF033C75
:10CD0000046362AC0800E00300000000FF0003249D
:10CD100088BF023C386343AC00FF033488BF023C49
:10CD2000386143AC0800E003000000000000023C52
:10CD300000004224050040100000023C0000422494
:10CD400003004010029D023C3F000070029D023C27
:10CD5000ACCC4224FDFF40100000000009F8400068
:10CD600000000000E8FFBD271400BFAF00680340CB
:10CD70008000023C251062000068824000100324FD
:10CD800088BF023C8773400F081043AC1400BF8F6C
:10CD90000800E0031800BD27050001080002000498
:10CDA000042C00081900101601201D0140110580F7
:10CDB0005701015601020000010084300300801475
:10CDC000000000000800E003006060410800E0038C
:10CDD0002060604100601A40BFFF1B3CFFFF7B37B3
:10CDE00024D05B0300609A401800004255676565D7
:10CDF0005F4C696272617279323031380000000034
:10CE00001011121314151620212223240800E00308
:10CE1000004802400800E003004884400800E003A6
:10CE2000206062410800E003006062410800E00306
:10CE3000000000000800E003000000001E000000E9
:10CE4000FFFFFFFFFFFFFFFFFFFFFFFFFFFFFFFFF2
:10CE5000FFFFFFFFFFFFFFFFFFFFFFFFFFFFFFFFE2
:10CE6000FFFFFFFFFFFFFFFFFFFFFFFFFFFFFFFFD2
:10CE7000FFFFFFFFFFFFFFFFFFFFFFFFFFFFFFFFC2
:10CE8000FFFFFFFFFFFFFFFFFFFFFFFFFFFFFFFFB2
:10CE9000FFFFFFFFFFFFFFFFFFFFFFFFFFFFFFFFA2
:10CEA000FFFFFFFFFFFFFFFFFFFFFFFFFFFFFFFF92
:10CEB000FFFFFFFFFFFFFFFFFFFFFFFFFFFFFFFF82
:10CEC000FFFFFFFFFFFFFFFFFFFFFFFFFFFFFFFF72
:10CED000FFFFFFFFFFFFFFFFFFFFFFFFFFFFFFFF62
:10CEE000FFFFFFFFFFFFFFFFFFFFFFFFFFFFFFFF52
:10CEF000FFFFFFFFFFFFFFFFFFFFFFFFFFFFFFFF42
:10CF0000FFFFFFFFFFFFFFFFFFFFFFFFFFFFFFFF31
:10CF1000FFFFFFFFFFFFFFFFFFFFFFFFFFFFFFFF21
:10CF2000FFFFFFFFFFFFFFFFFFFFFFFFFFFFFFFF11
:10CF3000FFFFFFFFFFFFFFFFFFFFFFFFFFFFFFFF01
:10CF4000FFFFFFFFFFFFFFFFFFFFFFFFFFFFFFFFF1
:10CF5000FFFFFFFFFFFFFFFFFFFFFFFFFFFFFFFFE1
:10CF6000FFFFFFFFFFFFFFFFFFFFFFFFFFFFFFFFD1
:10CF7000FFFFFFFFFFFFFFFFFFFFFFFFFFFFFFFFC1
:10CF8000FFFFFFFFFFFFFFFFFFFFFFFFFFFFFFFFB1
:10CF9000FFFFFFFFFFFFFFFFFFFFFFFFFFFFFFFFA1
:10CFA000FFFFFFFFFFFFFFFFFFFFFFFFFFFFFFFF91
:10CFB000FFFFFFFFFFFFFFFFFFFFFFFFFFFFFFFF81
:10CFC000FFFFFFFFFFFFFFFFFFFFFFFFFFFFFFFF71
:10CFD000FFFFFFFFFFFFFFFFFFFFFFFFFFFFFFFF61
:10CFE000FFFFFFFFFFFFFFFFFFFFFFFFFFFFFFFF51
:10CFF000FFFFFFFFFFFFFFFFFFFFFFFFFFFFFFFF41
:10D00000FFFFFFFFFFFFFFFFFFFFFFFFFFFFFFFF30
:10D01000FFFFFFFFFFFFFFFFFFFFFFFFFFFFFFFF20
:10D02000FFFFFFFFFFFFFFFFFFFFFFFFFFFFFFFF10
:10D03000FFFFFFFFFFFFFFFFFFFFFFFFFFFFFFFF00
:10D04000FFFFFFFFFFFFFFFFFFFFFFFFFFFFFFFFF0
:10D05000FFFFFFFFFFFFFFFFFFFFFFFFFFFFFFFFE0
:10D06000FFFFFFFFFFFFFFFFFFFFFFFFFFFFFFFFD0
:10D07000FFFFFFFFFFFFFFFFFFFFFFFFFFFFFFFFC0
:10D08000FFFFFFFFFFFFFFFFFFFFFFFFFFFFFFFFB0
:10D09000FFFFFFFFFFFFFFFFFFFFFFFFFFFFFFFFA0
:10D0A000FFFFFFFFFFFFFFFFFFFFFFFFFFFFFFFF90
:10D0B000FFFFFFFFFFFFFFFFFFFFFFFFFFFFFFFF80
:10D0C000FFFFFFFFFFFFFFFFFFFFFFFFFFFFFFFF70
:10D0D000FFFFFFFFFFFFFFFFFFFFFFFFFFFFFFFF60
:10D0E000FFFFFFFFFFFFFFFFFFFFFFFFFFFFFFFF50
:10D0F000FFFFFFFFFFFFFFFFFFFFFFFFFFFFFFFF40
:10D10000FFFFFFFFFFFFFFFFFFFFFFFFFFFFFFFF2F
:10D11000FFFFFFFFFFFFFFFFFFFFFFFFFFFFFFFF1F
:10D12000FFFFFFFFFFFFFFFFFFFFFFFFFFFFFFFF0F
:10D13000FFFFFFFFFFFFFFFFFFFFFFFFFFFFFFFFFF
:10D14000FFFFFFFFFFFFFFFFFFFFFFFFFFFFFFFFEF
:10D15000FFFFFFFFFFFFFFFFFFFFFFFFFFFFFFFFDF
:10D16000FFFFFFFFFFFFFFFFFFFFFFFFFFFFFFFFCF
:10D17000FFFFFFFFFFFFFFFFFFFFFFFFFFFFFFFFBF
:10D18000FFFFFFFFFFFFFFFFFFFFFFFFFFFFFFFFAF
:10D19000FFFFFFFFFFFFFFFFFFFFFFFFFFFFFFFF9F
:10D1A000FFFFFFFFFFFFFFFFFFFFFFFFFFFFFFFF8F
:10D1B000FFFFFFFFFFFFFFFFFFFFFFFFFFFFFFFF7F
:10D1C000FFFFFFFFFFFFFFFFFFFFFFFFFFFFFFFF6F
:10D1D000FFFFFFFFFFFFFFFFFFFFFFFFFFFFFFFF5F
:10D1E000FFFFFFFFFFFFFFFFFFFFFFFFFFFFFFFF4F
:10D1F000FFFFFFFFFFFFFFFFFFFFFFFFFFFFFFFF3F
:10D20000FFFFFFFFFFFFFFFFFFFFFFFFFFFFFFFF2E
:10D21000FFFFFFFFFFFFFFFFFFFFFFFFFFFFFFFF1E
:10D22000FFFFFFFFFFFFFFFFFFFFFFFFFFFFFFFF0E
:10D23000FFFFFFFFFFFFFFFFFFFFFFFFFFFFFFFFFE
:10D24000FFFFFFFFFFFFFFFFFFFFFFFFFFFFFFFFEE
:10D25000FFFFFFFFFFFFFFFFFFFFFFFFFFFFFFFFDE
:10D26000FFFFFFFFFFFFFFFFFFFFFFFFFFFFFFFFCE
:10D27000FFFFFFFFFFFFFFFFFFFFFFFFFFFFFFFFBE
:10D28000FFFFFFFFFFFFFFFFFFFFFFFFFFFFFFFFAE
:10D29000FFFFFFFFFFFFFFFFFFFFFFFFFFFFFFFF9E
:10D2A000FFFFFFFFFFFFFFFFFFFFFFFFFFFFFFFF8E
:10D2B000FFFFFFFFFFFFFFFFFFFFFFFFFFFFFFFF7E
:10D2C000FFFFFFFFFFFFFFFFFFFFFFFFFFFFFFFF6E
:10D2D000FFFFFFFFFFFFFFFFFFFFFFFFFFFFFFFF5E
:10D2E000FFFFFFFFFFFFFFFFFFFFFFFFFFFFFFFF4E
:10D2F000FFFFFFFFFFFFFFFFFFFFFFFFFFFFFFFF3E
:10D30000FFFFFFFFFFFFFFFFFFFFFFFFFFFFFFFF2D
:10D31000FFFFFFFFFFFFFFFFFFFFFFFFFFFFFFFF1D
:10D32000FFFFFFFFFFFFFFFFFFFFFFFFFFFFFFFF0D
:10D33000FFFFFFFFFFFFFFFFFFFFFFFFFFFFFFFFFD
:10D34000FFFFFFFFFFFFFFFFFFFFFFFFFFFFFFFFED
:10D35000FFFFFFFFFFFFFFFFFFFFFFFFFFFFFFFFDD
:10D36000FFFFFFFFFFFFFFFFFFFFFFFFFFFFFFFFCD
:10D37000FFFFFFFFFFFFFFFFFFFFFFFFFFFFFFFFBD
:10D38000FFFFFFFFFFFFFFFFFFFFFFFFFFFFFFFFAD
:10D39000FFFFFFFFFFFFFFFFFFFFFFFFFFFFFFFF9D
:10D3A000FFFFFFFFFFFFFFFFFFFFFFFFFFFFFFFF8D
:10D3B000FFFFFFFFFFFFFFFFFFFFFFFFFFFFFFFF7D
:10D3C000FFFFFFFFFFFFFFFFFFFFFFFFFFFFFFFF6D
:10D3D000FFFFFFFFFFFFFFFFFFFFFFFFFFFFFFFF5D
:10D3E000FFFFFFFFFFFFFFFFFFFFFFFFFFFFFFFF4D
:10D3F000FFFFFFFFFFFFFFFFFFFFFFFFFFFFFFFF3D
:10D40000FFFFFFFFFFFFFFFFFFFFFFFFFFFFFFFF2C
:10D41000FFFFFFFFFFFFFFFFFFFFFFFFFFFFFFFF1C
:10D42000FFFFFFFFFFFFFFFFFFFFFFFFFFFFFFFF0C
:10D43000FFFFFFFFFFFFFFFFFFFFFFFFFFFFFFFFFC
:10D44000FFFFFFFFFFFFFFFFFFFFFFFFFFFFFFFFEC
:10D45000FFFFFFFFFFFFFFFFFFFFFFFFFFFFFFFFDC
:10D46000FFFFFFFFFFFFFFFFFFFFFFFFFFFFFFFFCC
:10D47000FFFFFFFFFFFFFFFFFFFFFFFFFFFFFFFFBC
:10D48000FFFFFFFFFFFFFFFFFFFFFFFFFFFFFFFFAC
:10D49000FFFFFFFFFFFFFFFFFFFFFFFFFFFFFFFF9C
:10D4A000FFFFFFFFFFFFFFFFFFFFFFFFFFFFFFFF8C
:10D4B000FFFFFFFFFFFFFFFFFFFFFFFFFFFFFFFF7C
:10D4C000FFFFFFFFFFFFFFFFFFFFFFFFFFFFFFFF6C
:10D4D000FFFFFFFFFFFFFFFFFFFFFFFFFFFFFFFF5C
:10D4E000FFFFFFFFFFFFFFFFFFFFFFFFFFFFFFFF4C
:10D4F000FFFFFFFFFFFFFFFFFFFFFFFFFFFFFFFF3C
:10D50000FFFFFFFFFFFFFFFFFFFFFFFFFFFFFFFF2B
:10D51000FFFFFFFFFFFFFFFFFFFFFFFFFFFFFFFF1B
:10D52000FFFFFFFFFFFFFFFFFFFFFFFFFFFFFFFF0B
:10D53000FFFFFFFFFFFFFFFFFFFFFFFFFFFFFFFFFB
:10D54000FFFFFFFFFFFFFFFFFFFFFFFFFFFFFFFFEB
:10D55000FFFFFFFFFFFFFFFFFFFFFFFFFFFFFFFFDB
:10D56000FFFFFFFFFFFFFFFFFFFFFFFFFFFFFFFFCB
:10D57000FFFFFFFFFFFFFFFFFFFFFFFFFFFFFFFFBB
:10D58000FFFFFFFFFFFFFFFFFFFFFFFFFFFFFFFFAB
:10D59000FFFFFFFFFFFFFFFFFFFFFFFFFFFFFFFF9B
:10D5A000FFFFFFFFFFFFFFFFFFFFFFFFFFFFFFFF8B
:10D5B000FFFFFFFFFFFFFFFFFFFFFFFFFFFFFFFF7B
:10D5C000FFFFFFFFFFFFFFFFFFFFFFFFFFFFFFFF6B
:10D5D000FFFFFFFFFFFFFFFFFFFFFFFFFFFFFFFF5B
:10D5E000FFFFFFFFFFFFFFFFFFFFFFFFFFFFFFFF4B
:10D5F000FFFFFFFFFFFFFFFFFFFFFFFFFFFFFFFF3B
:10D60000FFFFFFFFFFFFFFFFFFFFFFFFFFFFFFFF2A
:10D61000FFFFFFFFFFFFFFFFFFFFFFFFFFFFFFFF1A
:10D62000FFFFFFFFFFFFFFFFFFFFFFFFFFFFFFFF0A
:10D63000FFFFFFFFFFFFFFFFFFFFFFFFFFFFFFFFFA
:10D64000FFFFFFFFFFFFFFFFFFFFFFFFFFFFFFFFEA
:10D65000FFFFFFFFFFFFFFFFFFFFFFFFFFFFFFFFDA
:10D66000FFFFFFFFFFFFFFFFFFFFFFFFFFFFFFFFCA
:10D67000FFFFFFFFFFFFFFFFFFFFFFFFFFFFFFFFBA
:10D68000FFFFFFFFFFFFFFFFFFFFFFFFFFFFFFFFAA
:10D69000FFFFFFFFFFFFFFFFFFFFFFFFFFFFFFFF9A
:10D6A000FFFFFFFFFFFFFFFFFFFFFFFFFFFFFFFF8A
:10D6B000FFFFFFFFFFFFFFFFFFFFFFFFFFFFFFFF7A
:10D6C000FFFFFFFFFFFFFFFFFFFFFFFFFFFFFFFF6A
:10D6D000FFFFFFFFFFFFFFFFFFFFFFFFFFFFFFFF5A
:10D6E000FFFFFFFFFFFFFFFFFFFFFFFFFFFFFFFF4A
:10D6F000FFFFFFFFFFFFFFFFFFFFFFFFFFFFFFFF3A
:10D70000FFFFFFFFFFFFFFFFFFFFFFFFFFFFFFFF29
:10D71000FFFFFFFFFFFFFFFFFFFFFFFFFFFFFFFF19
:10D72000FFFFFFFFFFFFFFFFFFFFFFFFFFFFFFFF09
:10D73000FFFFFFFFFFFFFFFFFFFFFFFFFFFFFFFFF9
:10D74000FFFFFFFFFFFFFFFFFFFFFFFFFFFFFFFFE9
:10D75000FFFFFFFFFFFFFFFFFFFFFFFFFFFFFFFFD9
:10D76000FFFFFFFFFFFFFFFFFFFFFFFFFFFFFFFFC9
:10D77000FFFFFFFFFFFFFFFFFFFFFFFFFFFFFFFFB9
:10D78000FFFFFFFFFFFFFFFFFFFFFFFFFFFFFFFFA9
:10D79000FFFFFFFFFFFFFFFFFFFFFFFFFFFFFFFF99
:10D7A000FFFFFFFFFFFFFFFFFFFFFFFFFFFFFFFF89
:10D7B000FFFFFFFFFFFFFFFFFFFFFFFFFFFFFFFF79
:10D7C000FFFFFFFFFFFFFFFFFFFFFFFFFFFFFFFF69
:10D7D000FFFFFFFFFFFFFFFFFFFFFFFFFFFFFFFF59
:10D7E000FFFFFFFFFFFFFFFFFFFFFFFFFFFFFFFF49
:10D7F000FFFFFFFFFFFFFFFFFFFFFFFFFFFFFFFF39
:10D80000FFFFFFFFFFFFFFFFFFFFFFFFFFFFFFFF28
:10D81000FFFFFFFFFFFFFFFFFFFFFFFFFFFFFFFF18
:10D82000FFFFFFFFFFFFFFFFFFFFFFFFFFFFFFFF08
:10D83000FFFFFFFFFFFFFFFFFFFFFFFFFFFFFFFFF8
:10D84000FFFFFFFFFFFFFFFFFFFFFFFFFFFFFFFFE8
:10D85000FFFFFFFFFFFFFFFFFFFFFFFFFFFFFFFFD8
:10D86000FFFFFFFFFFFFFFFFFFFFFFFFFFFFFFFFC8
:10D87000FFFFFFFFFFFFFFFFFFFFFFFFFFFFFFFFB8
:10D88000FFFFFFFFFFFFFFFFFFFFFFFFFFFFFFFFA8
:10D89000FFFFFFFFFFFFFFFFFFFFFFFFFFFFFFFF98
:10D8A000FFFFFFFFFFFFFFFFFFFFFFFFFFFFFFFF88
:10D8B000FFFFFFFFFFFFFFFFFFFFFFFFFFFFFFFF78
:10D8C000FFFFFFFFFFFFFFFFFFFFFFFFFFFFFFFF68
:10D8D000FFFFFFFFFFFFFFFFFFFFFFFFFFFFFFFF58
:10D8E000FFFFFFFFFFFFFFFFFFFFFFFFFFFFFFFF48
:10D8F000FFFFFFFFFFFFFFFFFFFFFFFFFFFFFFFF38
:10D90000FFFFFFFFFFFFFFFFFFFFFFFFFFFFFFFF27
:10D91000FFFFFFFFFFFFFFFFFFFFFFFFFFFFFFFF17
:10D92000FFFFFFFFFFFFFFFFFFFFFFFFFFFFFFFF07
:10D93000FFFFFFFFFFFFFFFFFFFFFFFFFFFFFFFFF7
:10D94000FFFFFFFFFFFFFFFFFFFFFFFFFFFFFFFFE7
:10D95000FFFFFFFFFFFFFFFFFFFFFFFFFFFFFFFFD7
:10D96000FFFFFFFFFFFFFFFFFFFFFFFFFFFFFFFFC7
:10D97000FFFFFFFFFFFFFFFFFFFFFFFFFFFFFFFFB7
:10D98000FFFFFFFFFFFFFFFFFFFFFFFFFFFFFFFFA7
:10D99000FFFFFFFFFFFFFFFFFFFFFFFFFFFFFFFF97
:10D9A000FFFFFFFFFFFFFFFFFFFFFFFFFFFFFFFF87
:10D9B000FFFFFFFFFFFFFFFFFFFFFFFFFFFFFFFF77
:10D9C000FFFFFFFFFFFFFFFFFFFFFFFFFFFFFFFF67
:10D9D000FFFFFFFFFFFFFFFFFFFFFFFFFFFFFFFF57
:10D9E000FFFFFFFFFFFFFFFFFFFFFFFFFFFFFFFF47
:10D9F000FFFFFFFFFFFFFFFFFFFFFFFFFFFFFFFF37
:10DA0000FFFFFFFFFFFFFFFFFFFFFFFFFFFFFFFF26
:10DA1000FFFFFFFFFFFFFFFFFFFFFFFFFFFFFFFF16
:10DA2000FFFFFFFFFFFFFFFFFFFFFFFFFFFFFFFF06
:10DA3000FFFFFFFFFFFFFFFFFFFFFFFFFFFFFFFFF6
:10DA4000FFFFFFFFFFFFFFFFFFFFFFFFFFFFFFFFE6
:10DA5000FFFFFFFFFFFFFFFFFFFFFFFFFFFFFFFFD6
:10DA6000FFFFFFFFFFFFFFFFFFFFFFFFFFFFFFFFC6
:10DA7000FFFFFFFFFFFFFFFFFFFFFFFFFFFFFFFFB6
:10DA8000FFFFFFFFFFFFFFFFFFFFFFFFFFFFFFFFA6
:10DA9000FFFFFFFFFFFFFFFFFFFFFFFFFFFFFFFF96
:10DAA000FFFFFFFFFFFFFFFFFFFFFFFFFFFFFFFF86
:10DAB000FFFFFFFFFFFFFFFFFFFFFFFFFFFFFFFF76
:10DAC000FFFFFFFFFFFFFFFFFFFFFFFFFFFFFFFF66
:10DAD000FFFFFFFFFFFFFFFFFFFFFFFFFFFFFFFF56
:10DAE000FFFFFFFFFFFFFFFFFFFFFFFFFFFFFFFF46
:10DAF000FFFFFFFFFFFFFFFFFFFFFFFFFFFFFFFF36
:10DB0000FFFFFFFFFFFFFFFFFFFFFFFFFFFFFFFF25
:10DB1000FFFFFFFFFFFFFFFFFFFFFFFFFFFFFFFF15
:10DB2000FFFFFFFFFFFFFFFFFFFFFFFFFFFFFFFF05
:10DB3000FFFFFFFFFFFFFFFFFFFFFFFFFFFFFFFFF5
:10DB4000FFFFFFFFFFFFFFFFFFFFFFFFFFFFFFFFE5
:10DB5000FFFFFFFFFFFFFFFFFFFFFFFFFFFFFFFFD5
:10DB6000FFFFFFFFFFFFFFFFFFFFFFFFFFFFFFFFC5
:10DB7000FFFFFFFFFFFFFFFFFFFFFFFFFFFFFFFFB5
:10DB8000FFFFFFFFFFFFFFFFFFFFFFFFFFFFFFFFA5
:10DB9000FFFFFFFFFFFFFFFFFFFFFFFFFFFFFFFF95
:10DBA000FFFFFFFFFFFFFFFFFFFFFFFFFFFFFFFF85
:10DBB000FFFFFFFFFFFFFFFFFFFFFFFFFFFFFFFF75
:10DBC000FFFFFFFFFFFFFFFFFFFFFFFFFFFFFFFF65
:10DBD000FFFFFFFFFFFFFFFFFFFFFFFFFFFFFFFF55
:10DBE000FFFFFFFFFFFFFFFFFFFFFFFFFFFFFFFF45
:10DBF000FFFFFFFFFFFFFFFFFFFFFFFFFFFFFFFF35
:10DC0000FFFFFFFFFFFFFFFFFFFFFFFFFFFFFFFF24
:10DC1000FFFFFFFFFFFFFFFFFFFFFFFFFFFFFFFF14
:10DC2000FFFFFFFFFFFFFFFFFFFFFFFFFFFFFFFF04
:10DC3000FFFFFFFFFFFFFFFFFFFFFFFFFFFFFFFFF4
:10DC4000FFFFFFFFFFFFFFFFFFFFFFFFFFFFFFFFE4
:10DC5000FFFFFFFFFFFFFFFFFFFFFFFFFFFFFFFFD4
:10DC6000FFFFFFFFFFFFFFFFFFFFFFFFFFFFFFFFC4
:10DC7000FFFFFFFFFFFFFFFFFFFFFFFFFFFFFFFFB4
:10DC8000FFFFFFFFFFFFFFFFFFFFFFFFFFFFFFFFA4
:10DC9000FFFFFFFFFFFFFFFFFFFFFFFFFFFFFFFF94
:10DCA000FFFFFFFFFFFFFFFFFFFFFFFFFFFFFFFF84
:10DCB000FFFFFFFFFFFFFFFFFFFFFFFFFFFFFFFF74
:10DCC000FFFFFFFFFFFFFFFFFFFFFFFFFFFFFFFF64
:10DCD000FFFFFFFFFFFFFFFFFFFFFFFFFFFFFFFF54
:10DCE000FFFFFFFFFFFFFFFFFFFFFFFFFFFFFFFF44
:10DCF000FFFFFFFFFFFFFFFFFFFFFFFFFFFFFFFF34
:10DD0000FFFFFFFFFFFFFFFFFFFFFFFFFFFFFFFF23
:10DD1000FFFFFFFFFFFFFFFFFFFFFFFFFFFFFFFF13
:10DD2000FFFFFFFFFFFFFFFFFFFFFFFFFFFFFFFF03
:10DD3000FFFFFFFFFFFFFFFFFFFFFFFFFFFFFFFFF3
:10DD4000FFFFFFFFFFFFFFFFFFFFFFFFFFFFFFFFE3
:10DD5000FFFFFFFFFFFFFFFFFFFFFFFFFFFFFFFFD3
:10DD6000FFFFFFFFFFFFFFFFFFFFFFFFFFFFFFFFC3
:10DD7000FFFFFFFFFFFFFFFFFFFFFFFFFFFFFFFFB3
:10DD8000FFFFFFFFFFFFFFFFFFFFFFFFFFFFFFFFA3
:10DD9000FFFFFFFFFFFFFFFFFFFFFFFFFFFFFFFF93
:10DDA000FFFFFFFFFFFFFFFFFFFFFFFFFFFFFFFF83
:10DDB000FFFFFFFFFFFFFFFFFFFFFFFFFFFFFFFF73
:10DDC000FFFFFFFFFFFFFFFFFFFFFFFFFFFFFFFF63
:10DDD000FFFFFFFFFFFFFFFFFFFFFFFFFFFFFFFF53
:10DDE000FFFFFFFFFFFFFFFFFFFFFFFFFFFFFFFF43
:10DDF000FFFFFFFFFFFFFFFFFFFFFFFFFFFFFFFF33
:10DE0000FFFFFFFFFFFFFFFFFFFFFFFFFFFFFFFF22
:10DE1000FFFFFFFFFFFFFFFFFFFFFFFFFFFFFFFF12
:10DE2000FFFFFFFFFFFFFFFFFFFFFFFFFFFFFFFF02
:10DE3000FFFFFFFFFFFFFFFFFFFFFFFFFFFFFFFFF2
:10DE4000FFFFFFFFFFFFFFFFFFFFFFFFFFFFFFFFE2
:10DE5000FFFFFFFFFFFFFFFFFFFFFFFFFFFFFFFFD2
:10DE6000FFFFFFFFFFFFFFFFFFFFFFFFFFFFFFFFC2
:10DE7000FFFFFFFFFFFFFFFFFFFFFFFFFFFFFFFFB2
:10DE8000FFFFFFFFFFFFFFFFFFFFFFFFFFFFFFFFA2
:10DE9000FFFFFFFFFFFFFFFFFFFFFFFFFFFFFFFF92
:10DEA000FFFFFFFFFFFFFFFFFFFFFFFFFFFFFFFF82
:10DEB000FFFFFFFFFFFFFFFFFFFFFFFFFFFFFFFF72
:10DEC000FFFFFFFFFFFFFFFFFFFFFFFFFFFFFFFF62
:10DED000FFFFFFFFFFFFFFFFFFFFFFFFFFFFFFFF52
:10DEE000FFFFFFFFFFFFFFFFFFFFFFFFFFFFFFFF42
:10DEF000FFFFFFFFFFFFFFFFFFFFFFFFFFFFFFFF32
:10DF0000FFFFFFFFFFFFFFFFFFFFFFFFFFFFFFFF21
:10DF1000FFFFFFFFFFFFFFFFFFFFFFFFFFFFFFFF11
:10DF2000FFFFFFFFFFFFFFFFFFFFFFFFFFFFFFFF01
:10DF3000FFFFFFFFFFFFFFFFFFFFFFFFFFFFFFFFF1
:10DF4000FFFFFFFFFFFFFFFFFFFFFFFFFFFFFFFFE1
:10DF5000FFFFFFFFFFFFFFFFFFFFFFFFFFFFFFFFD1
:10DF6000FFFFFFFFFFFFFFFFFFFFFFFFFFFFFFFFC1
:10DF7000FFFFFFFFFFFFFFFFFFFFFFFFFFFFFFFFB1
:10DF8000FFFFFFFFFFFFFFFFFFFFFFFFFFFFFFFFA1
:10DF9000FFFFFFFFFFFFFFFFFFFFFFFFFFFFFFFF91
:10DFA000FFFFFFFFFFFFFFFFFFFFFFFFFFFFFFFF81
:10DFB000FFFFFFFFFFFFFFFFFFFFFFFFFFFFFFFF71
:10DFC000FFFFFFFFFFFFFFFFFFFFFFFFFFFFFFFF61
:10DFD000FFFFFFFFFFFFFFFFFFFFFFFFFFFFFFFF51
:10DFE000FFFFFFFFFFFFFFFFFFFFFFFFFFFFFFFF41
:10DFF000FFFFFFFFFFFFFFFFFFFFFFFFFFFFFFFF31
:10E00000FFFF0000FFFFFFFFFFFFFFFFFFFFFFFF1E
:10E01000FFFFFFFFFFFFFFFFFFFFFFFFFFFFFFFF10
:10E02000FFFFFFFFFFFFFFFFFFFFFFFFFFFFFFFF00
:10E03000FFFFFFFFFFFFFFFFFFFFFFFFFFFFFFFFF0
:10E04000FFFFFFFFFFFFFFFFFFFFFFFFFFFFFFFFE0
:10E05000FFFFFFFFFFFFFFFFFFFFFFFFFFFFFFFFD0
:10E06000FFFFFFFFFFFFFFFFFFFFFFFFFFFFFFFFC0
:10E07000FFFFFFFFFFFFFFFFFFFFFFFFFFFFFFFFB0
:10E08000FFFFFFFFFFFFFFFFFFFFFFFFFFFFFFFFA0
:10E09000FFFFFFFFFFFFFFFFFFFFFFFFFFFFFFFF90
:10E0A000FFFFFFFFFFFFFFFFFFFFFFFFFFFFFFFF80
:10E0B000FFFFFFFFFFFFFFFFFFFFFFFFFFFFFFFF70
:10E0C000FFFFFFFFFFFFFFFFFFFFFFFFFFFFFFFF60
:10E0D000FFFFFFFFFFFFFFFFFFFFFFFFFFFFFFFF50
:10E0E000FFFFFFFFFFFFFFFFFFFFFFFFFFFFFFFF40
:10E0F000FFFFFFFFFFFFFFFFFFFFFFFFFFFFFFFF30
:10E10000FFFFFFFFFFFFFFFFFFFFFFFFFFFFFFFF1F
:10E11000FFFFFFFFFFFFFFFFFFFFFFFFFFFFFFFF0F
:10E12000FFFFFFFFFFFFFFFFFFFFFFFFFFFFFFFFFF
:10E13000FFFFFFFFFFFFFFFFFFFFFFFFFFFFFFFFEF
:10E14000FFFFFFFFFFFFFFFFFFFFFFFFFFFFFFFFDF
:10E15000FFFFFFFFFFFFFFFFFFFFFFFFFFFFFFFFCF
:10E16000FFFFFFFFFFFFFFFFFFFFFFFFFFFFFFFFBF
:10E17000FFFFFFFFFFFFFFFFFFFFFFFFFFFFFFFFAF
:10E18000FFFFFFFFFFFFFFFFFFFFFFFFFFFFFFFF9F
:10E19000FFFFFFFFFFFFFFFFFFFFFFFFFFFFFFFF8F
:10E1A000FFFFFFFFFFFFFFFFFFFFFFFFFFFFFFFF7F
:10E1B000FFFFFFFFFFFFFFFFFFFFFFFFFFFFFFFF6F
:10E1C000FFFFFFFFFFFFFFFFFFFFFFFFFFFFFFFF5F
:10E1D000FFFFFFFFFFFFFFFFFFFFFFFFFFFFFFFF4F
:10E1E000FFFFFFFFFFFFFFFFFFFFFFFFFFFFFFFF3F
:10E1F000FFFFFFFFFFFFFFFFFFFFFFFFFFFFFFFF2F
:10E20000FFFFFFFFFFFFFFFFFFFFFFFFFFFFFFFF1E
:10E21000FFFFFFFFFFFFFFFFFFFFFFFFFFFFFFFF0E
:10E22000FFFFFFFFFFFFFFFFFFFFFFFFFFFFFFFFFE
:10E23000FFFFFFFFFFFFFFFFFFFFFFFFFFFFFFFFEE
:10E24000FFFFFFFFFFFFFFFFFFFFFFFFFFFFFFFFDE
:10E25000FFFFFFFFFFFFFFFFFFFFFFFFFFFFFFFFCE
:10E26000FFFFFFFFFFFFFFFFFFFFFFFFFFFFFFFFBE
:10E27000FFFFFFFFFFFFFFFFFFFFFFFFFFFFFFFFAE
:10E28000FFFFFFFFFFFFFFFFFFFFFFFFFFFFFFFF9E
:10E29000FFFFFFFFFFFFFFFFFFFFFFFFFFFFFFFF8E
:10E2A000FFFFFFFFFFFFFFFFFFFFFFFFFFFFFFFF7E
:10E2B000FFFFFFFFFFFFFFFFFFFFFFFFFFFFFFFF6E
:10E2C000FFFFFFFFFFFFFFFFFFFFFFFFFFFFFFFF5E
:10E2D000FFFFFFFFFFFFFFFFFFFFFFFFFFFFFFFF4E
:10E2E000FFFFFFFFFFFFFFFFFFFFFFFFFFFFFFFF3E
:10E2F000FFFFFFFFFFFFFFFFFFFFFFFFFFFFFFFF2E
:10E30000FFFFFFFFFFFFFFFFFFFFFFFFFFFFFFFF1D
:10E31000FFFFFFFFFFFFFFFFFFFFFFFFFFFFFFFF0D
:10E32000FFFFFFFFFFFFFFFFFFFFFFFFFFFFFFFFFD
:10E33000FFFFFFFFFFFFFFFFFFFFFFFFFFFFFFFFED
:10E34000FFFFFFFFFFFFFFFFFFFFFFFFFFFFFFFFDD
:10E35000FFFFFFFFFFFFFFFFFFFFFFFFFFFFFFFFCD
:10E36000FFFFFFFFFFFFFFFFFFFFFFFFFFFFFFFFBD
:10E37000FFFFFFFFFFFFFFFFFFFFFFFFFFFFFFFFAD
:10E38000FFFFFFFFFFFFFFFFFFFFFFFFFFFFFFFF9D
:10E39000FFFFFFFFFFFFFFFFFFFFFFFFFFFFFFFF8D
:10E3A000FFFFFFFFFFFFFFFFFFFFFFFFFFFFFFFF7D
:10E3B000FFFFFFFFFFFFFFFFFFFFFFFFFFFFFFFF6D
:10E3C000FFFFFFFFFFFFFFFFFFFFFFFFFFFFFFFF5D
:10E3D000FFFFFFFFFFFFFFFFFFFFFFFFFFFFFFFF4D
:10E3E000FFFFFFFFFFFFFFFFFFFFFFFFFFFFFFFF3D
:10E3F000FFFFFFFFFFFFFFFFFFFFFFFFFFFFFFFF2D
:10E40000FFFFFFFFFFFFFFFFFFFFFFFFFFFFFFFF1C
:10E41000FFFFFFFFFFFFFFFFFFFFFFFFFFFFFFFF0C
:10E42000FFFFFFFFFFFFFFFFFFFFFFFFFFFFFFFFFC
:10E43000FFFFFFFFFFFFFFFFFFFFFFFFFFFFFFFFEC
:10E44000FFFFFFFFFFFFFFFFFFFFFFFFFFFFFFFFDC
:10E45000FFFFFFFFFFFFFFFFFFFFFFFFFFFFFFFFCC
:10E46000FFFFFFFFFFFFFFFFFFFFFFFFFFFFFFFFBC
:10E47000FFFFFFFFFFFFFFFFFFFFFFFFFFFFFFFFAC
:10E48000FFFFFFFFFFFFFFFFFFFFFFFFFFFFFFFF9C
:10E49000FFFFFFFFFFFFFFFFFFFFFFFFFFFFFFFF8C
:10E4A000FFFFFFFFFFFFFFFFFFFFFFFFFFFFFFFF7C
:10E4B000FFFFFFFFFFFFFFFFFFFFFFFFFFFFFFFF6C
:10E4C000FFFFFFFFFFFFFFFFFFFFFFFFFFFFFFFF5C
:10E4D000FFFFFFFFFFFFFFFFFFFFFFFFFFFFFFFF4C
:10E4E000FFFFFFFFFFFFFFFFFFFFFFFFFFFFFFFF3C
:10E4F000FFFFFFFFFFFFFFFFFFFFFFFFFFFFFFFF2C
:10E50000FFFFFFFFFFFFFFFFFFFFFFFFFFFFFFFF1B
:10E51000FFFFFFFFFFFFFFFFFFFFFFFFFFFFFFFF0B
:10E52000FFFFFFFFFFFFFFFFFFFFFFFFFFFFFFFFFB
:10E53000FFFFFFFFFFFFFFFFFFFFFFFFFFFFFFFFEB
:10E54000FFFFFFFFFFFFFFFFFFFFFFFFFFFFFFFFDB
:10E55000FFFFFFFFFFFFFFFFFFFFFFFFFFFFFFFFCB
:10E56000FFFFFFFFFFFFFFFFFFFFFFFFFFFFFFFFBB
:10E57000FFFFFFFFFFFFFFFFFFFFFFFFFFFFFFFFAB
:10E58000FFFFFFFFFFFFFFFFFFFFFFFFFFFFFFFF9B
:10E59000FFFFFFFFFFFFFFFFFFFFFFFFFFFFFFFF8B
:10E5A000FFFFFFFFFFFFFFFFFFFFFFFFFFFFFFFF7B
:10E5B000FFFFFFFFFFFFFFFFFFFFFFFFFFFFFFFF6B
:10E5C000FFFFFFFFFFFFFFFFFFFFFFFFFFFFFFFF5B
:10E5D000FFFFFFFFFFFFFFFFFFFFFFFFFFFFFFFF4B
:10E5E000FFFFFFFFFFFFFFFFFFFFFFFFFFFFFFFF3B
:10E5F000FFFFFFFFFFFFFFFFFFFFFFFFFFFFFFFF2B
:10E60000FFFFFFFFFFFFFFFFFFFFFFFFFFFFFFFF1A
:10E61000FFFFFFFFFFFFFFFFFFFFFFFFFFFFFFFF0A
:10E62000FFFFFFFFFFFFFFFFFFFFFFFFFFFFFFFFFA
:10E63000FFFFFFFFFFFFFFFFFFFFFFFFFFFFFFFFEA
:10E64000FFFFFFFFFFFFFFFFFFFFFFFFFFFFFFFFDA
:10E65000FFFFFFFFFFFFFFFFFFFFFFFFFFFFFFFFCA
:10E66000FFFFFFFFFFFFFFFFFFFFFFFFFFFFFFFFBA
:10E67000FFFFFFFFFFFFFFFFFFFFFFFFFFFFFFFFAA
:10E68000FFFFFFFFFFFFFFFFFFFFFFFFFFFFFFFF9A
:10E69000FFFFFFFFFFFFFFFFFFFFFFFFFFFFFFFF8A
:10E6A000FFFFFFFFFFFFFFFFFFFFFFFFFFFFFFFF7A
:10E6B000FFFFFFFFFFFFFFFFFFFFFFFFFFFFFFFF6A
:10E6C000FFFFFFFFFFFFFFFFFFFFFFFFFFFFFFFF5A
:10E6D000FFFFFFFFFFFFFFFFFFFFFFFFFFFFFFFF4A
:10E6E000FFFFFFFFFFFFFFFFFFFFFFFFFFFFFFFF3A
:10E6F000FFFFFFFFFFFFFFFFFFFFFFFFFFFFFFFF2A
:10E70000FFFFFFFFFFFFFFFFFFFFFFFFFFFFFFFF19
:10E71000FFFFFFFFFFFFFFFFFFFFFFFFFFFFFFFF09
:10E72000FFFFFFFFFFFFFFFFFFFFFFFFFFFFFFFFF9
:10E73000FFFFFFFFFFFFFFFFFFFFFFFFFFFFFFFFE9
:10E74000FFFFFFFFFFFFFFFFFFFFFFFFFFFFFFFFD9
:10E75000FFFFFFFFFFFFFFFFFFFFFFFFFFFFFFFFC9
:10E76000FFFFFFFFFFFFFFFFFFFFFFFFFFFFFFFFB9
:10E77000FFFFFFFFFFFFFFFFFFFFFFFFFFFFFFFFA9
:10E78000FFFFFFFFFFFFFFFFFFFFFFFFFFFFFFFF99
:10E79000FFFFFFFFFFFFFFFFFFFFFFFFFFFFFFFF89
:10E7A000FFFFFFFFFFFFFFFFFFFFFFFFFFFFFFFF79
:10E7B000FFFFFFFFFFFFFFFFFFFFFFFFFFFFFFFF69
:10E7C000FFFFFFFFFFFFFFFFFFFFFFFFFFFFFFFF59
:10E7D000FFFFFFFFFFFFFFFFFFFFFFFFFFFFFFFF49
:10E7E000FFFFFFFFFFFFFFFFFFFFFFFFFFFFFFFF39
:10E7F000FFFFFFFFFFFFFFFFFFFFFFFFFFFFFFFF29
:10E80000FFFFFFFFFFFFFFFFFFFFFFFFFFFFFFFF18
:10E81000FFFFFFFFFFFFFFFFFFFFFFFFFFFFFFFF08
:10E82000FFFFFFFFFFFFFFFFFFFFFFFFFFFFFFFFF8
:10E83000FFFFFFFFFFFFFFFFFFFFFFFFFFFFFFFFE8
:10E84000FFFFFFFFFFFFFFFFFFFFFFFFFFFFFFFFD8
:10E85000FFFFFFFFFFFFFFFFFFFFFFFFFFFFFFFFC8
:10E86000FFFFFFFFFFFFFFFFFFFFFFFFFFFFFFFFB8
:10E87000FFFFFFFFFFFFFFFFFFFFFFFFFFFFFFFFA8
:10E88000FFFFFFFFFFFFFFFFFFFFFFFFFFFFFFFF98
:10E89000FFFFFFFFFFFFFFFFFFFFFFFFFFFFFFFF88
:10E8A000FFFFFFFFFFFFFFFFFFFFFFFFFFFFFFFF78
:10E8B000FFFFFFFFFFFFFFFFFFFFFFFFFFFFFFFF68
:10E8C000FFFFFFFFFFFFFFFFFFFFFFFFFFFFFFFF58
:10E8D000FFFFFFFFFFFFFFFFFFFFFFFFFFFFFFFF48
:10E8E000FFFFFFFFFFFFFFFFFFFFFFFFFFFFFFFF38
:10E8F000FFFFFFFFFFFFFFFFFFFFFFFFFFFFFFFF28
:10E90000FFFFFFFFFFFFFFFFFFFFFFFFFFFFFFFF17
:10E91000FFFFFFFFFFFFFFFFFFFFFFFFFFFFFFFF07
:10E92000FFFFFFFFFFFFFFFFFFFFFFFFFFFFFFFFF7
:10E93000FFFFFFFFFFFFFFFFFFFFFFFFFFFFFFFFE7
:10E94000FFFFFFFFFFFFFFFFFFFFFFFFFFFFFFFFD7
:10E95000FFFFFFFFFFFFFFFFFFFFFFFFFFFFFFFFC7
:10E96000FFFFFFFFFFFFFFFFFFFFFFFFFFFFFFFFB7
:10E97000FFFFFFFFFFFFFFFFFFFFFFFFFFFFFFFFA7
:10E98000FFFFFFFFFFFFFFFFFFFFFFFFFFFFFFFF97
:10E99000FFFFFFFFFFFFFFFFFFFFFFFFFFFFFFFF87
:10E9A000FFFFFFFFFFFFFFFFFFFFFFFFFFFFFFFF77
:10E9B000FFFFFFFFFFFFFFFFFFFFFFFFFFFFFFFF67
:10E9C000FFFFFFFFFFFFFFFFFFFFFFFFFFFFFFFF57
:10E9D000FFFFFFFFFFFFFFFFFFFFFFFFFFFFFFFF47
:10E9E000FFFFFFFFFFFFFFFFFFFFFFFFFFFFFFFF37
:10E9F000FFFFFFFFFFFFFFFFFFFFFFFFFFFFFFFF27
:10EA0000FFFFFFFFFFFFFFFFFFFFFFFFFFFFFFFF16
:10EA1000FFFFFFFFFFFFFFFFFFFFFFFFFFFFFFFF06
:10EA2000FFFFFFFFFFFFFFFFFFFFFFFFFFFFFFFFF6
:10EA3000FFFFFFFFFFFFFFFFFFFFFFFFFFFFFFFFE6
:10EA4000FFFFFFFFFFFFFFFFFFFFFFFFFFFFFFFFD6
:10EA5000FFFFFFFFFFFFFFFFFFFFFFFFFFFFFFFFC6
:10EA6000FFFFFFFFFFFFFFFFFFFFFFFFFFFFFFFFB6
:10EA7000FFFFFFFFFFFFFFFFFFFFFFFFFFFFFFFFA6
:10EA8000FFFFFFFFFFFFFFFFFFFFFFFFFFFFFFFF96
:10EA9000FFFFFFFFFFFFFFFFFFFFFFFFFFFFFFFF86
:10EAA000FFFFFFFFFFFFFFFFFFFFFFFFFFFFFFFF76
:10EAB000FFFFFFFFFFFFFFFFFFFFFFFFFFFFFFFF66
:10EAC000FFFFFFFFFFFFFFFFFFFFFFFFFFFFFFFF56
:10EAD000FFFFFFFFFFFFFFFFFFFFFFFFFFFFFFFF46
:10EAE000FFFFFFFFFFFFFFFFFFFFFFFFFFFFFFFF36
:10EAF000FFFFFFFFFFFFFFFFFFFFFFFFFFFFFFFF26
:10EB0000FFFFFFFFFFFFFFFFFFFFFFFFFFFFFFFF15
:10EB1000FFFFFFFFFFFFFFFFFFFFFFFFFFFFFFFF05
:10EB2000FFFFFFFFFFFFFFFFFFFFFFFFFFFFFFFFF5
:10EB3000FFFFFFFFFFFFFFFFFFFFFFFFFFFFFFFFE5
:10EB4000FFFFFFFFFFFFFFFFFFFFFFFFFFFFFFFFD5
:10EB5000FFFFFFFFFFFFFFFFFFFFFFFFFFFFFFFFC5
:10EB6000FFFFFFFFFFFFFFFFFFFFFFFFFFFFFFFFB5
:10EB7000FFFFFFFFFFFFFFFFFFFFFFFFFFFFFFFFA5
:10EB8000FFFFFFFFFFFFFFFFFFFFFFFFFFFFFFFF95
:10EB9000FFFFFFFFFFFFFFFFFFFFFFFFFFFFFFFF85
:10EBA000FFFFFFFFFFFFFFFFFFFFFFFFFFFFFFFF75
:10EBB000FFFFFFFFFFFFFFFFFFFFFFFFFFFFFFFF65
:10EBC000FFFFFFFFFFFFFFFFFFFFFFFFFFFFFFFF55
:10EBD000FFFFFFFFFFFFFFFFFFFFFFFFFFFFFFFF45
:10EBE000FFFFFFFFFFFFFFFFFFFFFFFFFFFFFFFF35
:10EBF000FFFFFFFFFFFFFFFFFFFFFFFFFFFFFFFF25
:10EC0000FFFFFFFFFFFFFFFFFFFFFFFFFFFFFFFF14
:10EC1000FFFFFFFFFFFFFFFFFFFFFFFFFFFFFFFF04
:10EC2000FFFFFFFFFFFFFFFFFFFFFFFFFFFFFFFFF4
:10EC3000FFFFFFFFFFFFFFFFFFFFFFFFFFFFFFFFE4
:10EC4000FFFFFFFFFFFFFFFFFFFFFFFFFFFFFFFFD4
:10EC5000FFFFFFFFFFFFFFFFFFFFFFFFFFFFFFFFC4
:10EC6000FFFFFFFFFFFFFFFFFFFFFFFFFFFFFFFFB4
:10EC7000FFFFFFFFFFFFFFFFFFFFFFFFFFFFFFFFA4
:10EC8000FFFFFFFFFFFFFFFFFFFFFFFFFFFFFFFF94
:10EC9000FFFFFFFFFFFFFFFFFFFFFFFFFFFFFFFF84
:10ECA000FFFFFFFFFFFFFFFFFFFFFFFFFFFFFFFF74
:10ECB000FFFFFFFFFFFFFFFFFFFFFFFFFFFFFFFF64
:10ECC000FFFFFFFFFFFFFFFFFFFFFFFFFFFFFFFF54
:10ECD000FFFFFFFFFFFFFFFFFFFFFFFFFFFFFFFF44
:10ECE000FFFFFFFFFFFFFFFFFFFFFFFFFFFFFFFF34
:10ECF000FFFFFFFFFFFFFFFFFFFFFFFFFFFFFFFF24
:10ED0000FFFFFFFFFFFFFFFFFFFFFFFFFFFFFFFF13
:10ED1000FFFFFFFFFFFFFFFFFFFFFFFFFFFFFFFF03
:10ED2000FFFFFFFFFFFFFFFFFFFFFFFFFFFFFFFFF3
:10ED3000FFFFFFFFFFFFFFFFFFFFFFFFFFFFFFFFE3
:10ED4000FFFFFFFFFFFFFFFFFFFFFFFFFFFFFFFFD3
:10ED5000FFFFFFFFFFFFFFFFFFFFFFFFFFFFFFFFC3
:10ED6000FFFFFFFFFFFFFFFFFFFFFFFFFFFFFFFFB3
:10ED7000FFFFFFFFFFFFFFFFFFFFFFFFFFFFFFFFA3
:10ED8000FFFFFFFFFFFFFFFFFFFFFFFFFFFFFFFF93
:10ED9000FFFFFFFFFFFFFFFFFFFFFFFFFFFFFFFF83
:10EDA000FFFFFFFFFFFFFFFFFFFFFFFFFFFFFFFF73
:10EDB000FFFFFFFFFFFFFFFFFFFFFFFFFFFFFFFF63
:10EDC000FFFFFFFFFFFFFFFFFFFFFFFFFFFFFFFF53
:10EDD000FFFFFFFFFFFFFFFFFFFFFFFFFFFFFFFF43
:10EDE000FFFFFFFFFFFFFFFFFFFFFFFFFFFFFFFF33
:10EDF000FFFFFFFFFFFFFFFFFFFFFFFFFFFFFFFF23
:10EE0000FFFFFFFFFFFFFFFFFFFFFFFFFFFFFFFF12
:10EE1000FFFFFFFFFFFFFFFFFFFFFFFFFFFFFFFF02
:10EE2000FFFFFFFFFFFFFFFFFFFFFFFFFFFFFFFFF2
:10EE3000FFFFFFFFFFFFFFFFFFFFFFFFFFFFFFFFE2
:10EE4000FFFFFFFFFFFFFFFFFFFFFFFFFFFFFFFFD2
:10EE5000FFFFFFFFFFFFFFFFFFFFFFFFFFFFFFFFC2
:10EE6000FFFFFFFFFFFFFFFFFFFFFFFFFFFFFFFFB2
:10EE7000FFFFFFFFFFFFFFFFFFFFFFFFFFFFFFFFA2
:10EE8000FFFFFFFFFFFFFFFFFFFFFFFFFFFFFFFF92
:10EE9000FFFFFFFFFFFFFFFFFFFFFFFFFFFFFFFF82
:10EEA000FFFFFFFFFFFFFFFFFFFFFFFFFFFFFFFF72
:10EEB000FFFFFFFFFFFFFFFFFFFFFFFFFFFFFFFF62
:10EEC000FFFFFFFFFFFFFFFFFFFFFFFFFFFFFFFF52
:10EED000FFFFFFFFFFFFFFFFFFFFFFFFFFFFFFFF42
:10EEE000FFFFFFFFFFFFFFFFFFFFFFFFFFFFFFFF32
:10EEF000FFFFFFFFFFFFFFFFFFFFFFFFFFFFFFFF22
:10EF0000FFFFFFFFFFFFFFFFFFFFFFFFFFFFFFFF11
:10EF1000FFFFFFFFFFFFFFFFFFFFFFFFFFFFFFFF01
:10EF2000FFFFFFFFFFFFFFFFFFFFFFFFFFFFFFFFF1
:10EF3000FFFFFFFFFFFFFFFFFFFFFFFFFFFFFFFFE1
:10EF4000FFFFFFFFFFFFFFFFFFFFFFFFFFFFFFFFD1
:10EF5000FFFFFFFFFFFFFFFFFFFFFFFFFFFFFFFFC1
:10EF6000FFFFFFFFFFFFFFFFFFFFFFFFFFFFFFFFB1
:10EF7000FFFFFFFFFFFFFFFFFFFFFFFFFFFFFFFFA1
:10EF8000FFFFFFFFFFFFFFFFFFFFFFFFFFFFFFFF91
:10EF9000FFFFFFFFFFFFFFFFFFFFFFFFFFFFFFFF81
:10EFA000FFFFFFFFFFFFFFFFFFFFFFFFFFFFFFFF71
:10EFB000FFFFFFFFFFFFFFFFFFFFFFFFFFFFFFFF61
:10EFC000FFFFFFFFFFFFFFFFFFFFFFFFFFFFFFFF51
:10EFD000FFFFFFFFFFFFFFFFFFFFFFFFFFFFFFFF41
:10EFE000FFFFFFFFFFFFFFFFFFFFFFFFFFFFFFFF31
:10EFF000FFFFFFFFFFFFFFFFFFFFFFFFFFFFFFFF21
:00000001FF
