:020000040000FA
:10600000D81200206161000093610000456100002A
:1060100097610000996100009B6100000000000092
:106020000000000000000000000000009D61000072
:106030009F61000000000000A1610000A36100005A
:10604000A5610000A5610000A5610000A561000038
:10605000A5610000A5610000A5610000A561000028
:10606000A5610000A5610000A5610000A561000018
:10607000A5610000A5610000A5610000A561000008
:10608000A5610000A5610000A5610000A5610000F8
:10609000A5610000A5610000A5610000A5610000E8
:1060A000A5610000A5610000A5610000A5610000D8
:1060B000A5610000A5610000A5610000A5610000C8
:1060C000CF680000CDD50000A56100008F6A0000F8
:1060D000A561000087D50000A5610000A561000052
:1060E000F9D50000A5610000A5640000A5610000CD
:1060F000A5610000A5610000A5610000A561000088
:10610000A5610000A5610000A5610000A561000077
:10611000A561000049BD0000A5610000A561000067
:10612000A5610000A5610000A5610000DFF810D0A6
:106130000BF010FB00480047879E0000AFF3008083
:10614000D812002004207146084202D0EFF30980E3
:1061500001E0EFF308807146004A104713E30000A6
:1061600011484FF0590101604FF0160101604FF0E6
:10617000880101600D4A45F6A52111600C4A11689D
:1061800021F480511160002101600A4880470A48CB
:106190000047FEE7FEE7FEE7FEE7FEE7FEE7FEE775
:1061A000FEE7FEE7FEE7000000010040240000409B
:1061B00000020040076200002D61000070B500F091
:1061C00057F8414908604148006800F00705022D72
:1061D00002D10846046802E03D4850F825403B489B
:1061E0001030006800F00F00461CB4FBF6F039498F
:1061F000086008460068384908444900B0FBF1F0DF
:106200003649086070BD00BF00BF00BF5920344947
:10621000086016208905C1F800018820C1F8000136
:10622000C006D0F800010028F0D000BF0846006882
:1062300040F64511B1EB103F05D18807406940F0A9
:1062400080008907486121481038006820F4805098
:106250004FF08041C1F8000200BF002020490860D3
:1062600000BF2048006840F470001E490860704775
:10627000F8B500261CA00068009014483030016872
:1062800001F4A02008B10020F8BD01F4002008B1FD
:10629000164A00E0164A01F4003008B11046F3E750
:1062A000C1F381371DF80740C1F30800831CC1F317
:1062B0004420851C9008584315FB04F7B0FBF7F009
:1062C00086003046E0E70000080000201002004091
:1062D0000C0000200000002020A107000400002086
:1062E0000001004088ED00E001020204008051013D
:1062F000001BB70010B5002807DA0A07140EFE4A83
:1063000000F00F031B1FD45403E00A07130EFB4ACF
:10631000135410BDFA49096841434FF0E02251611E
:10632000002191610521116100BF4FF0E021096951
:1063300001F480310029F8D000214FF0E0221161F2
:10634000704710B5042009F087FD102009F007FC04
:106350000021072009F014FC012009F07DFD012037
:1063600009F0FDFBE74809F0F7FC042009F0F7FB12
:10637000E54809F069FB20220021E34809F03DFBD4
:10638000E24809F061FB0121022009F0F9FB00223B
:106390001146DE4809F031FBDD4809F055FB0022CB
:1063A0004FF04071DA4809F028FBDA4809F0D1FAD9
:1063B000FFF704FFD84809F047FB4FF40022002103
:1063C000D54809F01AFBD54809F03EFB00221146DA
:1063D000D24809F012FBD24809F036FBD14809F047
:1063E00033FBD14809F030FB00224FF40071CC4858
:1063F00009F003FB00224FF40051CA4809F0FDFAEE
:1064000000221146C84809F0F8FA012009F01CFBE7
:10641000C648806940F07000C4498861022009F0D4
:1064200098FA02200AF022FE4FF08040406D20F0E2
:10643000FF004FF0804148650846406D40F0110074
:1064400048650846006C20F0704040F0C040086489
:106450004FF04020006C20F440604FF04021086471
:106460000804806B20F47000090488630846806B80
:1064700040F4801088634FF04020406C40F40010DE
:106480004FF04021486410BD10B5A94809F061FAE9
:106490000121A84809F0CAFD4FF4E131A54809F0EF
:1064A000E4FD10BD0120A4490860A4480068401C18
:1064B000A24908600120A2490860704710B504464F
:1064C0002046FFF727FF10BD10B59E4804F09BFB48
:1064D00002219D480AF0DFF800BF9B489430006815
:1064E00080B20028F9D1022197480AF0E5F802218C
:1064F00095480AF000FA0020944908609448007812
:1065000003287DDD93480078012879D18F494439EB
:106510000860091D0860091D0860091D0860091D43
:106520000860091D0860091D086088492C31086051
:10653000091D0860091D0860091D0860834918319C
:10654000086082497C310860091D0860091D0860E7
:106550007F48007811285ED17F48007830B97F48A5
:1065600090F8D900001F7E4908703FE07A48007813
:10657000012806D1794890F8D900801E7849087022
:1065800034E075480078022806D1744890F8D900A4
:10659000401E7349087029E06F480078032805D130
:1065A0006E4890F8D9006E4908701FE06A4800787C
:1065B000042806D1694890F8D900401C6849087041
:1065C00014E065480078052806D1644890F8D900A1
:1065D000801C6349087009E05F480078062805D1EF
:1065E0005E4890F8D900001D5D4908705C4800784D
:1065F00000F0800018B95A480078302804DD00E027
:1066000069E00020564908705649554A1278885C5E
:1066100004F0B2FB5FE04E48007814285BD14E488E
:10662000007830B9504890F8D900001F4F490870E1
:106630003FE049480078012806D14B4890F8D9003E
:10664000801E4A49087034E043480078022806D189
:10665000454890F8D900401E4449087029E03E485A
:106660000078032805D1404890F8D9003F490870C8
:106670001FE039480078042806D13B4890F8D9003B
:10668000401C3A49087014E033480078052806D1C8
:10669000354890F8D900801C3449087009E02E482C
:1066A0000078062805D1304890F8D900001D2F4900
:1066B00008702E48007800F0800018B92B48007848
:1066C0001F2802DD0020294908702949274A12782D
:1066D000885C04F083FB2748006858B125490968A5
:1066E0008800FFF7EBFE0520FFF7E8FE00201749C2
:1066F000091F41E048E0000018ED00E000E400E080
:1067000004000020004495089B3C0040110010A2AA
:10671000113D8057110000081CFE03400400005F7B
:106720000200805E0300C05E0500405F00C00040C4
:106730001100000400100740180200201C02002075
:10674000F83004400000054000900540C448004077
:10675000D8000020300300208001002030090020F4
:106760008201002064080020200A0020840100200B
:10677000950800205401002008600520FFF79EFEC8
:106780000020FE4908600CE00520FFF797FE00207E
:10679000FA49643108600520FFF790FE0020F749B0
:1067A00008600020F6490860F6490860F64800785D
:1067B0000F2806DBF5480068C0F11900F4490860AD
:1067C00010E0F1480078032809DDF248007830B97C
:1067D000EE480068C0F10F00ED49086002E01920A2
:1067E000EB490860EC4804F00EFA36E00120EB4972
:1067F0000860EA49F839486500BFE848006800F0D9
:1068000001000028F9D0E548F838006880B2E44972
:106810000860DC48006809680844DA490860D8481C
:106820000068401CD649086008460068072803D164
:10683000D4480068DB490860D1480068D449096839
:10684000884203D1D6480068D7490860CC48006820
:10685000CF490968884200D300E0C7E700BFCE48AF
:1068600004F0CCF9C8480078012802D10020CF49B3
:1068700008600120C14964310860C0490860BF490F
:1068800024310860091D0860091D0860091D0860A1
:10689000091D0860091D0860091D0860B749943189
:1068A0000860091D0860091D0860091D0860B349DA
:1068B00080310860B149E4310860091D0860091D94
:1068C0000860BB4908700020BA49086010BD10B5C7
:1068D00000BFB1482038806800F0010028B1AE4800
:1068E000203804F09AF9FFF7EFFD10BD70B50446AB
:1068F0000D460120A149683108600221AE4809F027
:10690000CAFE0221AC4809F0F6FF322322460121DB
:10691000A94809F009FE0221A74809F0E6FF022173
:10692000A54809F0B4FE9C48203804F06CF99A4858
:106930002038456004F071F99748203804F05EF97A
:106940009E4804F05BF970BD00219D4A11709D4A7C
:1069500011709D4A11609D4A11609D4A11609D4AC7
:1069600011609D4A11609D4A11609D4A11609D4AC7
:1069700011609D4A11609D4A11609D4A11609D4AB7
:1069800011609D4A11609D4A11609D4A1160FF216E
:106990009C4A11700021854A11607B4A11709A4A05
:1069A00011700121994A11700021994A1170994A78
:1069B0001170994A1170774A117000200CE0002183
:1069C00000EB4002954B03EBC202516000EB40022A
:1069D00003EBC2025170401C0A28F0DB002017E0D4
:1069E000002100EB40028E4B03EBC202517000EB22
:1069F000400203EBC202516000EB4002894B03EB03
:106A0000C202517000EB400203EBC2025160401C15
:106A10000A28E5DB0021844A5160844A1160824AD9
:106A20009160824A5160804AD160804A9160D16011
:106A300011615161117651767D4A116001214F4AF1
:106A400024321160121D1160121D1160121D11609F
:106A5000121D1160121D1160121D1160474A9432FF
:106A60001160121D1160121D1160121D1160434A48
:106A700080321160414AE4321160121D1160121D12
:106A800011606C4A117000216B4A1170704710B58B
:106A900000BF4A48806800F0010000286AD04748DB
:106AA00004F0BBF863480078012863D100206149F5
:106AB00008704FF496704149203948623248007896
:106AC0000A2858D003DC38B1022855D138E0102804
:106AD00053D01328F9D14DE10120574908702D20DA
:106AE00056490860564A494B1B78D15C554A464B7B
:106AF0001B78D05C04F0BAF800202E490860524898
:106B00004349097850F821005049086050484049ED
:106B10000978405C4949096848434E4908600020AB
:106B20001A4908604B48016848480068FFF7DEFED4
:106B3000012015490870484800684849086048E144
:106B40002D203E4908603E4A304B1B78D15C3D4ABF
:106B50002D4B1B78D05C04F089F8002015490860A3
:106B60003549087038482B49097850F821003749D1
:106B7000086075E02EE18DE02AE1CDE05C48004040
:106B8000F40000206C010020D800002054010020F7
:106B9000580100203003002020000540F830044058
:106BA00020020020740100207001002068010020F4
:106BB0005C01002064010020009005402010054089
:106BC0005F01002058030020480100204C010020F4
:106BD000500100202403002028030020E4020020AC
:106BE000E8020020DC020020E0020020C4020020B5
:106BF000C8020020CC020020D0020020D4020020D5
:106C0000D80200205B0300208201002084010020C4
:106C10007D0100207E01002033030020100B0020A6
:106C200030090020200A002050050020140900200F
:106C300054030020950100200C0100204401002095
:106C40009508002064080020A4220100980200207A
:106C5000C42201009C02002038010020780100209D
:106C6000FD48FE490978405CFD4909684843FD49F3
:106C700008600020FC490860FA480168FB48006889
:106C8000FFF734FE0320FA490870FA480068FA4911
:106C900008609EE0F94800782A2802DDFFF754FEDC
:106CA00039E02820EE490860F54890F8D900F54908
:106CB0000870F54890F8D900F4490870F44A0B467A
:106CC0001B78D15CF34AEF4B1B78D05C03F0CEFF0E
:106CD0000020F1490860F148E849097850F821009E
:106CE000E2490860EE48E5490978405CDC490968FA
:106CF0004843DC490860DC480078EA490870D94814
:106D00000168DA480068FFF7F1FD0B20D8490870E8
:106D10000120E54908705CE0D3480078E14908703B
:106D20002420CF4908601120D1490870D84AD74B98
:106D30001B78D15CD74AD34B1B78D05C03F096FF0D
:106D40000020D5490860D548C449097850F8210089
:106D5000C6490860D248C1490978405CC049096801
:106D60004843C049086008460168C0480068FFF70A
:106D7000BDFD2EE0BC480078CA4908702420B849FF
:106D800008601420BA490870C14AC04B1B78D15C16
:106D9000C04ABC4B1B78D05C03F068FF0020BE49A2
:106DA0000860BE48AD49097850F82100AF49086035
:106DB000BB48AA490978405CA94909684843A949E0
:106DC000086008460168A9480068FFF78FFD00E0E9
:106DD00000BF00BF10BDA74800684FF6FA71884297
:106DE00002D30020A3490860B04800684FF6FA714A
:106DF000884202D30020AD490860704710B54FF0BB
:106E00000060AB4908606C204860084603F000FF52
:106E100002212020FFF76EFA0A224FF00061A448F9
:106E2000203009F0C2FFA248203003F0F1FE4FF0FD
:106E30000060A04908624FF4967048629D48203077
:106E400003F0E6FE18209B4948604FF0026008609E
:106E500002212220FFF74EFA202003F0C4FE212059
:106E600003F0C1FE232003F0BEFE9148203003F062
:106E7000C5FE9048203003F0C1FE322300220121DC
:106E80008D4809F051FB01218B4809F02EFD0021AE
:106E90008A4809F033FA0621884809F06BFA0D2375
:106EA00000221146854809F038FA01208349F8315B
:106EB00008608248D0F8D00040F001007F49D0310E
:106EC000086010BD10B501207D490860012208212D
:106ED0007C4809F06FFA0120794970390860012275
:106EE00080217848803809F065FA00207449083913
:106EF000086001220221734809F05CFA0120704900
:106F000024310860012201036E4809F053FA012080
:106F10006B4928310860012241036A4809F04AFAA6
:106F2000012067492C31086001228103654809F07E
:106F300041FA01206249303108600122C1036148F1
:106F400009F038FA01205E497431086001221146C7
:106F50005C48803009F02EFA0120594978310860E8
:106F6000012202215748803009F024FA01205449B7
:106F70007C310860012204215248803009F01AFA5D
:106F800001204F4910310860012280214D4809F04D
:106F900011FA01204A494C3908600122114649483A
:106FA000403809F007FA01204549483908600122B4
:106FB00002214448403809F0FDF901204049443994
:106FC0000860012204213F48403809F0F3F901200C
:106FD0003B4940390860012208213A48403809F00D
:106FE000E9F9012036493C39086001221021354871
:106FF000403809F0DFF901203149383908600122B1
:1070000020213048403809F0D5F901202C49343985
:107010000860012240212B48403809F0CBF90120BB
:107020002749503908600122C1032648803809F0F9
:10703000C1F9012022490C3908600122114621487A
:1070400009F0B8F901201E49703908601C490C3953
:10705000086000201A4937E0C42201007E010020A8
:10706000440100209C0200205401002098020020CE
:10707000D800002038010020780100207D01002088
:107080003009002082010020200A00208401002015
:1070900095080020640800206401002044260100B7
:1070A000EC260100350100200C0100203C010020ED
:1070B00000000540001005400090054000300440ED
:1070C000CC480040C0400040C0390860012208217F
:1070D0004FF0402009F06EF90020FE4908600122BF
:1070E000C914FD4809F066F903F0F8FD03F01DFE30
:1070F0004CF2FC70F949086047F65240F8490860C4
:107100000020F8490860F8490860F849086007203D
:10711000F74908700220F7490870F7490870022201
:10712000F649002005F087F8F4480068F449086043
:10713000F2484068F3490860F1480068401C18B9FB
:107140000120F149086003E0ED480078EE4908604D
:10715000EC480068401C18B90220EC49086003E0C4
:10716000E8480078E94908600122E449302005F048
:1071700062F8E2480068E349086008460068401C7D
:1071800040B940F65E20E249086040F61420E1492B
:1071900008600CE0DB48008880B2DD490860D9480F
:1071A00000684FF6FF7101EA1040DA490860C82014
:1071B000D94908704870B4208870A020C8708C200D
:1071C000087178204871642088715020C8713C2073
:1071D0000872282048728872C872087348738873CE
:1071E000C873C820CD4908804FF4966048804FF49A
:1071F000487088804FF41670C8804FF4FA70088188
:107200004FF4C87048814FF4967088814FF4FA505B
:10721000C881401008824010488205208882C882B8
:10722000088348838883C883088448848884C88402
:10723000088548858885C885088648860120B8491C
:10724000087002204870142088704FF4966088807F
:107250004FF47A70C88008814FF4966048814FF4EB
:107260007A708881C88110BD9A49EC390968AD4AA5
:1072700011729849E8390968CAB2AA490A7795494A
:10728000E4390968CAB2A74981F830209149E03948
:107290000968CAB2A34981F844208E49DC390968DB
:1072A000CAB2A04981F858208A49CC390968CAB2C3
:1072B0009C4981F86C208749C0390968CAB299494C
:1072C00081F88020834908310968CAB2954981F85C
:1072D0009420097A934A527A914243D00121924AEA
:1072E00011709049097A01290FD100218D4A11743A
:1072F0008E494A788E49097891438D4A1170002150
:10730000884A527C8B4B99542CE088490978854AED
:10731000117486494978864A12781143844A11705B
:107320000021854A117000201AE08249824A1278B1
:10733000895C71B98049097807290ADC7949097C97
:107340007C4A7D4B1B78D1547B490978754A51742E
:10735000082079490978491C774A1170411CC8B244
:107360000828E2DB6F49097A6E4A517211460A7F9A
:10737000497F8A4248D001216B4A11706949097FCF
:10738000012911D10022674981F824206B494A78EC
:10739000674909789143664A11700022614991F862
:1073A0002510644B5A542FE064490A785D4981F8EE
:1073B0002420624949785E4A127811435C4A117070
:1073C00000215D4A117000201CE05A495A4A127887
:1073D000895C81B95849097807290CDC514991F831
:1073E00024205449544B1B78CA5453490A784D49B8
:1073F00081F82520082050490978491C4E4A11700F
:10740000411CC8B20828E0DB46490A7F4A7791F858
:10741000302091F831108A4249D00121424A11703E
:10742000404991F83010012911D100223D4981F8DD
:10743000382043494A783E49097891433C4A1170C3
:107440000022384991F839103A4B5A542FE03C4900
:107450000A78344981F8382039494978344A127811
:107460001143334A11700021334A117000201CE08F
:107470003049314A1278895C81B92F490978072946
:107480000CDC284991F838102A4A2B4B1B78D15430
:1074900029490A78234981F83920082026490978A2
:1074A000491C254A1170411CC8B20828E0DB1D495F
:1074B00091F8302081F8312091F8442091F845105E
:1074C0008A4251D00121184A1170164991F844108E
:1074D000012937E02C4900400041004018010020FC
:1074E0001C010020480100204C0100205001002018
:1074F00081010020B7010020310300207C0600201C
:1075000034020020380200202C020020300200202B
:10751000EC020020F002002008030020C808002030
:10752000B808002088040020B40100209601002043
:10753000B501002070060020B6010020990100204E
:107540009C01002011D10022FE4981F84C20FE4907
:107550004A78FE4909789143FC4A11700022F949A2
:1075600091F84D10FA4B5A542FE0F7490A78F54933
:1075700081F84C20F4494978F44A12781143F34ACF
:1075800011700021F34A117000201CE0F049F14A0B
:107590001278895C81B9EF49097807290CDCE9493F
:1075A00091F84C10EA4AEB4B1B78D154E9490A7820
:1075B000E44981F84D200820E6490978491CE54A4C
:1075C0001170411CC8B20828E0DBDE4991F8442064
:1075D00081F8452091F8582091F859108A4249D0F5
:1075E0000121DD4A1170D74991F85810012911D1B4
:1075F0000022D44981F86020D8494A78D3490978D3
:107600009143D24A11700022CE4991F86110D04BBB
:107610005A542FE0D1490A78CA4981F86020CF49ED
:107620004978CA4A12781143C84A11700021C94AE0
:10763000117000201CE0C649C64A1278895C81B9E5
:10764000C449097807290CDCBE4991F86010C04A8A
:10765000C04B1B78D154BF490A78BA4981F86120E0
:107660000820BC490978491CBA4A1170411CC8B2AB
:107670000828E0DBB34991F8582081F8592091F8A7
:107680006C2091F86D108A4249D00121B24A1170E4
:10769000AC4991F86C10012911D10022A94981F857
:1076A0007420AF494A78A94909789143A74A1170D3
:1076B0000022A44991F87510A54B5A542FE0A8490F
:1076C0000A78A04981F87420A54949789F4A127820
:1076D00011439E4A117000219E4A117000201CE047
:1076E0009B499C4A1278895C81B99A490978072993
:1076F0000CDC944991F87410954A964B1B78D15440
:1077000094490A788F4981F87520082091490978B1
:10771000491C904A1170411CC8B20828E0DB894915
:1077200091F86C2081F86D2091F8802091F88110FB
:107730008A4249D00121884A1170824991F880100B
:10774000012911D100227F4981F8882085494A7892
:107750007E49097891437D4A11700022794991F858
:1077600089107B4B5A542FE07E490A78754981F87D
:1077700088207C494978754A12781143734A117000
:107780000021744A117000201CE07149714A12787E
:10779000895C81B96F49097807290CDC694991F83E
:1077A00088206B496B4B1B78CA546A490A78654933
:1077B00081F88920082067490978491C654A1170B9
:1077C000411CC8B20828E0DB5E4991F8802081F8AE
:1077D000812091F8942091F895108A4249D0012196
:1077E0005D4A1170574991F89410012911D1002276
:1077F000544981F89C205C494A785449097891435E
:10780000524A117000224F4991F89D10504B5A5422
:107810002FE055490A784B4981F89C205249497814
:107820004A4A12781143494A11700021494A11709D
:1078300000201CE04649474A1278895C81B94549D5
:10784000097807290CDC3F4991F89C204049414BBD
:107850001B78CA543F490A783A4981F89D2008208C
:107860003C490978491C3B4A1170411CC8B20828A0
:10787000E0DB344991F8942081F8952091F8A82014
:1078800091F8A9108A4249D00121334A11702D493B
:1078900091F8A810012911D100222A4981F8B020BD
:1078A00032494A78294909789143284A11700022BF
:1078B000244991F8B110264B5A542FE02B490A78ED
:1078C000204981F8B02029494978204A127811438B
:1078D0001E4A117000211F4A117000201CE01C4933
:1078E0001C4A1278895C81B91A49097807290CDC8D
:1078F000144991F8B010164A164B1B78D15415490B
:107900000A78104981F8B120082012490978491CE9
:10791000104A1170411CC8B20828E0DB094991F8EF
:10792000A82081F8A92091F8BC2091F8BD108A42C6
:1079300060D00121084A1170024991F8BC10012958
:1079400028D115E0880400209F010020B501002007
:1079500070060020B6010020B4010020A201002022
:10796000A5010020A8010020AB010020AE010020ED
:107970000022FB4981F8C420FA494A78FA4909787B
:107980009143F94A11700022F54991F8C510F74B5F
:107990005A542FE0F3490A78F14981F8C420F1499B
:1079A0004978F14A12781143EF4A11700021F04AE8
:1079B000117000201CE0ED49ED4A1278895C81B914
:1079C000EB49097807290CDCE54991F8C420E7491F
:1079D000E74B1B78CA54E6490A78E14981F8C5208B
:1079E0000820E3490978491CE14A1170411CC8B2DA
:1079F0000828E0DBDA4991F8BC2081F8BD20704707
:107A0000DC49096869B9DC49097B0170DA4989896F
:107A1000090A4170D94909788170D9490978C1703A
:107A2000BAE0D4490968012911D1D64991F8E0108A
:107A30000170D449B1F8E010090A4170D14991F8B8
:107A4000D9108170D04991F8D910C170A4E0C9490A
:107A50000968022911D1CC4991F8E0100170CA4996
:107A6000B1F8E010090A4170C64991F8D910817047
:107A7000C54991F8D910C1708EE0BE490968032943
:107A80000FD1C24991F880100170C049B1F880103F
:107A9000090A4170BE4909788170BE490978C170F0
:107AA0007AE0B449096804290FD1BB49097801700B
:107AB000B9490988090A4170B24991F8D910817011
:107AC000B14991F8D910C17066E0AA490968052941
:107AD0001BD1AC49B1F8E020AB49B1F8E01011443A
:107AE000C1F347010170A749D1F8E020A649D1F8B8
:107AF000E0101144490A4170A24991F8D9108170EF
:107B0000A14991F8D910C17046E09A49096806293F
:107B10000DD1A2490978017000214170994991F86D
:107B2000D9108170984991F8D910C17034E0914909
:107B3000096807290DD19A4909780170002141701F
:107B4000904991F8D91081708F4991F8D910C1707E
:107B500022E08849096808290DD192490978017005
:107B600090490988091241708449097881708449D3
:107B70000978C17010E07F49096809290CD18A4948
:107B80000978017088490988091241707B49097890
:107B900081707B490978C170704700B587B00020BB
:107BA0000490059006900190029003907F48007821
:107BB000032855D107208DF81000C0207C4908709B
:107BC000084600788DF811007A4800788DF8120088
:107BD00078480088000A8DF81300774800788DF8FF
:107BE000140075480088000A8DF8150000208DF8F3
:107BF00016008DF817008DF818008DF8190004A8EC
:107C000004F02EFA00BF02208DF80400C02068495D
:107C10000870084600788DF80500664800788DF8F1
:107C2000060064480088000A8DF807006248007862
:107C30008DF8080060480088000A8DF809000020CF
:107C40008DF80A008DF80B008DF80C008DF80D00F2
:107C500001A804F01BFA00BF0020544908706FE02F
:107C60004548C06838B955480078A02101EB40006C
:107C70004F49087014E04D48007850B94F480078DB
:107C8000A02101EB40004A49087000203A49C86031
:107C900006E04A480078A12101EB40004449087001
:107CA00007208DF81000424800788DF811004448F4
:107CB000C0788DF81200424800798DF813004048D2
:107CC00040798DF814003E4880798DF815002A48D7
:107CD000007B8DF8160028488089000A8DF817006F
:107CE00000208DF818008DF8190004A804F0B8F9E8
:107CF00002208DF804002E4800788DF805003048E9
:107D0000C0788DF806002E4800798DF807002C48C1
:107D100040798DF808002A4880798DF809001648C6
:107D2000007B8DF80A0014488089000A8DF80B004A
:107D300000208DF80C008DF80D0001A804F0A6F9C4
:107D400007B000BD10B50AB1042A00DD0222012AE5
:107D500038D0022A3BD0032A41D0042A52D149E02C
:107D600088040020B1010020B50100207006002029
:107D7000B60100202804002050050020BC0200208D
:107D8000BD02002030090020200A0020100B002036
:107D9000480100204C01002050030020FC0200207C
:107DA00090030020FA030020FC0300204001002083
:107DB00060010020D0000020D40000205B030020E0
:107DC000FE080020FE4B1860FE4B19601AE0FD4BC8
:107DD000186043F629635B1AF94C236012E046F2FF
:107DE000FE331B1AF64C236043F629635B1AF54CED
:107DF000236007E0F24B196043F629631B1AF14C2C
:107E0000236000BF00BF10BD30B591B0044620789C
:107E100002287DD16078B02804D0B22828D0B428B8
:107E200025D153E3A07800F07F00E7490870A078DF
:107E300000F07F00E549087020788DF80400607834
:107E4000401CC0B28DF80500A0788DF80600002017
:107E50008DF807008DF808008DF809008DF80A00EC
:107E60008DF80B0001A804F011F9002020704CE3FC
:107E7000A07818287BD008DC092854D2DFE800F06D
:107E8000FEFDAA53D6535353FC00402870D004DCA7
:107E9000202807D0212846D146E0482869D08028EC
:107EA000F9D1D8E1E078012810D1C94908602079DA
:107EB000C8490860C6480068C7490860C5480068E6
:107EC00048600222002004F022F90CE0E07850B96A
:107ED0000020BF49086008460068BF4908600122C9
:107EE000002004F014F900208DF808008DF8090036
:107EF0008DF80A008DF80B008DF80C008DF80D0040
:107F000020788DF8040060788DF80500A07800E0F6
:107F1000FCE28DF8060001208DF8070001A804F0AE
:107F2000B5F800202070CFE2E07818B901208DF874
:107F3000070022E0E07801281FD12079A7490870C6
:107F40006079A7490870A079A6490870E079A64928
:107F500008700120A5490870A0480078FF2809D1C1
:107F60009F480078FF2805D10020087005E004E252
:107F700093E02DE201209D49087020788DF80400DF
:107F800060788DF80500A0788DF80600E0788DF80F
:107F90000700924800788DF80800914800788DF825
:107FA0000900904800788DF80A008F4800788DF815
:107FB0000B0000208DF80C008DF80D008DF80E00E0
:107FC0008DF80F008DF810008DF8110001A804F055
:107FD0005DF879E2002507E0681D205CE17829441E
:107FE000834A5054681CC5B22079A842F4DC0020B2
:107FF0008DF808008DF809008DF80A008DF80B0047
:108000008DF80C008DF80D0020788DF80400607854
:108010008DF80500A0788DF8060001208DF8070086
:1080200001A804F033F8002020704DE2E07801222E
:10803000694904F023F9684800686E4908600846F9
:1080400000788DF8080008460088000A8DF80900BD
:1080500008460068000C8DF80A0008460068000E0B
:108060008DF80B0000208DF80C008DF80D002078A5
:108070008DF80400607802E04AE1C1E06AE08DF822
:108080000500A0788DF8060001208DF8070001A8F2
:1080900003F0FCFF0020207016E2002534E0564873
:1080A0000078C01C5249085C544941F825005248E8
:1080B0000078801C4E49085C504951F8251040EA70
:1080C00001204E4941F825004B480078401C4849A2
:1080D000085C4A4951F8251040EA0120474941F817
:1080E0002500454800784249085C444951F825106C
:1080F00040EA0120414941F825003F480078001D31
:108100003D490870681CC5B2402DC8DB40223B4980
:10811000002004F048F800208DF808008DF80900D0
:108120008DF80A008DF80B008DF80C008DF80D000D
:1081300020788DF8040060788DF80500A0788DF81F
:10814000060001208DF8070001A803F09FFF002022
:108150002070B9E1E17801F1100001221E4904F01C
:108160006AF81D48006823490860084600788DF8C1
:10817000080008460088000A8DF8090008460068D3
:10818000000C8DF80A0008460068000E8DF80B0000
:1081900000208DF80C008DF80D0020788DF804007B
:1081A00060788DF80500A0788DF8060001208DF824
:1081B000070001A803F06AFF0020207084E100009E
:1081C000880100208C01002031030020B70100202D
:1081D0002C020020300200207C06002090010020AC
:1081E00091010020920100209401002093010020C1
:1081F00070050020340200200D010020C40600207C
:10820000002507E0281D205CE1782944FD4A5054F0
:10821000681CC5B2042DF5DD00208DF808008DF82E
:1082200009008DF80A008DF80B008DF80C008DF810
:108230000D0020788DF8040060788DF80500A07896
:108240008DF8060001208DF8070001A803F01EFF3D
:108250000020207038E1002534E0EB480078C01C95
:10826000E849085CE94941F82500E7480078801CA6
:10827000E449085CE54951F8251040EA0120E3494A
:1082800041F82500E0480078401CDE49085CDF49E1
:1082900051F8251040EA0120DC4941F82500DA4870
:1082A0000078D849085CD94951F8251040EA0120E6
:1082B000D64941F82500D4480078001DD2490870FD
:1082C000681CC5B2042DC8DB0422D049102003F07D
:1082D0001EFF00208DF808008DF809008DF80A00B7
:1082E0008DF80B008DF80C008DF80D0020788DF8BE
:1082F000040060788DF80500A0788DF80600012054
:108300008DF8070001A803F0C1FE00202070DBE01B
:10831000E17801F130000122BD4903F08CFFBC4837
:108320000068BC490860084600788DF808000846D7
:108330000088000A8DF8090008460068000C8DF8D6
:108340000A0008460068000E8DF80B0000208DF82A
:108350000C008DF80D0020788DF8040060788DF801
:108360000500A0788DF8060001208DF8070001A80F
:1083700003F08CFE00202070A6E0002507E0281DF9
:10838000205CE17829449F4A5054681CC5B2042DF2
:10839000F5DD00208DF808008DF809008DF80A0041
:1083A0008DF80B008DF80C008DF80D0020788DF8FD
:1083B000040060788DF80500A0788DF80600012093
:1083C0008DF8070001A803F061FE002020707BE01B
:1083D00000252FE08C480078C01C8A49085C8E4933
:1083E00041F8250088480078801C8649085C8A4945
:1083F00051F8251040EA0120874941F825008248BC
:108400000078401C7F49085C834951F8251040EAF8
:108410000120814941F825007B4800787949085CB2
:108420007D4951F8251040EA01207B4941F825009B
:10843000681CC5B2012DCDDB01227749302003F045
:1084400066FE754800687349086000208DF80800D2
:108450008DF809008DF80A008DF80B008DF80C00DE
:108460008DF80D0008460068401C28B108460068D9
:108470004FF6FF71884208D140F65E2067490860D8
:1084800040F61420664908600CE06248008880B21B
:10849000624908605F4800684FF6FF7101EA1040CA
:1084A0005F49086020788DF8040060788DF8050039
:1084B000A0788DF8060001208DF8070001A803F0D0
:1084C000E5FD0020207000BF00BF1EE0A07810284E
:1084D0001AD1E078782817D1207A52490870607A4A
:1084E0004870A07A8870E07AC870207B0871607B41
:1084F000487104F0BBFC4C48FDF70CFF04F0E0FCB5
:108500004FF47A70FDF706FF00BF00BF11B030BD19
:1085100010B54648006818B101204549086010BDF3
:108520004448007828B14448FFF76EFC00204149D8
:10853000087042480078032862D141480078032837
:108540005EDC404800780028F6D13F4800780028DB
:1085500057D1012036490860002444F62064E7E042
:108560003A480078012806D002282CD003287DD074
:1085700004287CD1ACE00920354908700020354939
:10858000087008460078324948703348007888708F
:1085900031480088000AC8703048007808712F48B8
:1085A0000088000A487100208871C871084603F0ED
:1085B00024FD00BF0020214908702548407808B1FB
:1085C00003200870B3E0072021490870C02021492A
:1085D0000870084600781E49487021480078012834
:1085E00050D1204802781D4801681B480068FFF7F9
:1085F000A9FB1D480078164988701B48008837E0A1
:10860000C9E0F7E3700500200D010020C407002039
:108610007C06002034020020D4070020EC02002059
:10862000F0020020BD03002040420F004003002064
:108630007C48004037030020D00B00204001002080
:10864000D800002058030020CE0000203103002075
:10865000E407002060010020200100202401002008
:108660009301002030020020880100202DE05AE014
:10867000000AC870FB4800780871FA480088000AB0
:1086800048710EE0F8480078F8498870F64800888C
:10869000000AC870F64800780871F5480088000A9A
:1086A00048710020F1498871C87108724872084603
:1086B00003F0D6FC00BF0020EE490870EB4840787C
:1086C000C02801D00320087031E0FFF766FA2EE0E1
:1086D0000220E6490870C020E74908700846007883
:1086E000E2494870E04800788870DF480088000A56
:1086F000C870DF4800780871DD480088000A4871BA
:1087000000208871C87108724872084603F0BEFCE8
:1087100000BF0020D7490870D4484078C02801D055
:108720000320087003E00120D449087000BF00BF97
:10873000201EA4F101047FF413AFD1490860D14990
:108740000860C9490860CA490860CF490860CF4934
:108750000860CF490860CF490860CF490860CF4919
:108760000860CF490860CF490860CF490860CF4909
:108770000860CF49C860CF498860CD494860CD497D
:108780000860CB498860CB494860C860086148618F
:10879000087648768FE3C84800780228FADBC74895
:1087A0000078FF28F6D0C64800780128F2D1C048EA
:1087B000C06810B9C148007830B1BD48C06838B948
:1087C000BE480078042803D10120BE49087004E0A7
:1087D0000020BD490860BB490870BC4800780028EB
:1087E000D8D1B548007803283BD1B948007888B182
:1087F000A2480078042808D1B6480078B6494871E4
:10880000B4480088000A88710DE047F6FF709F4960
:10881000086008E0B148007828B10020AE494871EE
:1088200088719A490860AE48007830B10020AA49A2
:10883000C87008719449086013E0AA48007880B1B4
:108840008E480078042808D1A7480078A249C8704B
:10885000A5480088000A087103E047F6FF708A49BE
:10886000086086480078012806D0022841D00328F5
:1088700076D0042875D149E28D48C06838B98F4850
:108880000078002101EB40007B49087014E0794832
:10889000007850B989480078002101EB4000764902
:1088A000087000208249C86006E0844800780121F1
:1088B00001EB40007049087009206C4908706E484F
:1088C000007848708448C078887083480079C87000
:1088D0008148407908718048807948717448007BEC
:1088E000887173488089000AC871084603F085FBC7
:1088F000B7E26F48C06850B970480078A02101EB1A
:1089000040005D49087000207849087017E0012098
:10891000764908705748007850B968480078A02117
:1089200001EB40005449087000206149C86006E02E
:1089300062480078A12101EB40004F4908700720F0
:108940004A4908704C480078487069480078002807
:108950007ED068480078012804D16749086010E09B
:10896000D1E17AE263480078022803D1032062490A
:10897000086006E05F480078032802D102205E49C3
:1089800008605D480278414801683F480068FFF789
:10899000D9F958480078032834D158480078642120
:1089A00010FB01F05649097890FBF1F0A02805DA98
:1089B0006F2053490870B220504908705048007821
:1089C00042F25E7110FB01F04C49097890FBF1F026
:1089D0004C4991FBF0F04C49096848434A4908600A
:1089E000084600684FF47A71B0FBF1F04649086020
:1089F0000846006846F2FE31884202D308464249E2
:108A00000860F1E041480078012804D0022828D00D
:108A100003287FD1B4E03A48007841F6790110FB91
:108A200001F03649097890FBF1F0394991FBF0F0FB
:108A300035490968484334490860084600684FF4DE
:108A40007A71B0FBF1F0304908600846006800E038
:108A5000DAE046F2FE31884202D308462A4908602D
:108A6000C1E058E08C01002020010020E407002034
:108A7000240100204001002060010020310300207B
:108A80002403002028030020E4020020E802002044
:108A9000DC020020E0020020C4020020C802002006
:108AA000CC020020D0020020D4020020D8020020F6
:108AB0005005002014090020300300205B03002033
:108AC000580300205F0100207C480040CE000020B9
:108AD000BE0200201C010020FE080020BF02002072
:108AE000C0020020C1020020180100205C03002009
:108AF0009301002094010020300200209101002009
:108B000090010020A8985F008801002092010020B9
:108B100030C7990066E0FE48006842F2541188426E
:108B200003D20020FA49086006E0F9480068A0F581
:108B300004505438F6490860F648007841F6790147
:108B400010FB01F0F449097890FBF1F0F34991FB37
:108B5000F0F0EF4909684843ED49086008460068AD
:108B60004FF47A71B0FBF1F0E949086008460068FB
:108B700046F2FE31884202D30846E549086032E0F9
:108B8000E348006846F2FE31081AE1490860E1480E
:108B9000007841F6790110FB01F0DF49097890FB7C
:108BA000F1F0DE4991FBF0F0D94909684843D84912
:108BB0000860084600684FF47A71B0FBF1F0D449C0
:108BC00008600846006846F2FE31884202D3084633
:108BD000CF490860CE48006846F2FE31081ACC49F9
:108BE000086000E000BF00BFC9480078CC49887029
:108BF000C7480088000AC870CA4800780871C94888
:108C00000088000A48710EE0C7480078C44988709F
:108C1000C5480088000AC870C44800780871C34875
:108C20000088000A4871C248007BBD498871C0486D
:108C30008089000AC871BF4800780872BE48007871
:108C40004872BE48007898BBB948C06880B3BC4839
:108C50000078A02101EB4000B149487000208871E4
:108C6000C8710120B54908700020B6490860B649AE
:108C70000860AB48C078B349096800EB0120B149EE
:108C80000860A7488078096800EB0120AD490860BA
:108C9000A3484079AC49096800EB0120AA49086063
:108CA0009F480079096800EB0120A749086026E089
:108CB000FFE7A248007801281BD19D48C068C0B1D9
:108CC0009F480078A12101EB4000954948709D48DC
:108CD000007888709B480088000AC8709A4800781D
:108CE000087199480088000A487102209349087069
:108CF00005E08F48C06810B9002090490870884886
:108D000003F0AEF9ADE0FEF748FFAAE08848C0687E
:108D100050B98B480078A02101EB40008B490870C6
:108D200000208B49087017E00120894908708948A4
:108D3000007850B982480078A02101EB40008349B7
:108D4000087000207A49C86006E07D480078A121BB
:108D500001EB40007D4908700220714908707B4892
:108D6000007848707C48C07888707B480079C8706B
:108D7000794840790871784880794871881DFEF7F4
:108D80003FFE6E480078B0BB6948C06898B36C4835
:108D90000078A02101EB4000614948706F480068ED
:108DA000012801D16E48006800205D498871C871B2
:108DB0000120624908705A48C0786249096800EB8E
:108DC00001206049086056488078096800EB01205E
:108DD0005C490860524840795B49096800EB012012
:108DE000594908604E480079096800EB012056494E
:108DF00008602EE05FE0FFE750480078012822D1AC
:108E00004B48C068F8B14E480078A12101EB400002
:108E1000434948704B48007888704A480088000AE7
:108E2000C87049480078087147480088000A4871AE
:108E30003F48007B88713E488089000AC871022043
:108E40003E49087005E03A48C06810B900203B4927
:108E50000870334803F01AF903E001204149087013
:108E600000BF00BF00BF3C4800793F4908603A4856
:108E7000C078096800EB01203B49086036488079DA
:108E80003A49086034484079096800EB01203749C5
:108E900008602748C0683649086003202D490870DB
:108EA00000203449087000BF334800680028FBD018
:108EB00000203149086000BFFFF731BB10B52F48D3
:108EC000007801287ED100202D4908702D490870B6
:108ED0002D480068C043097860F3000129480170FB
:108EE0002948001D0068C0432649097860F3410104
:108EF00024480170244808300068C043214909789B
:108F000060F382011F4801701F480C3000683DE08B
:108F100088010020900100209101002030C79900B5
:108F2000E40700208C010020E4020020E802002079
:108F300050050020BC020020BD020020DA00002005
:108F40005B030020DC000020E00000206001002026
:108F50005C03002040010020FE0800202C020020BD
:108F60002C040020310300202001002024010020D7
:108F70002C0300200C01002038030020B401002045
:108F8000CD000020CC00002040480040C043FE49F6
:108F9000097860F3C301FC480170FC480068C043D5
:108FA000F949097860F30411F7480170F748103067
:108FB0000068C043F449097860F34511F248017034
:108FC000F24800E012E01C300068C043EE49097826
:108FD00060F38611EC480170EC48E4300068C0434F
:108FE000E949097860F3C711E74801700020E749B3
:108FF0002C310860E6480078012806D0022859D0B4
:1090000003287DD004287CD1ADE0E2480078012817
:109010001BD10620E0490870E04800784870E0481D
:1090200000788870DE484078C870DD488078087124
:10903000DB48C0784871DA4800798871D8484079AF
:10904000C871084602F0D9FF00BFD6480078012851
:109050002FD10620D0490870012048700020C87028
:10906000087148718871C871CF480078012805D10E
:10907000572088700020CC4908700EE0CB4800785B
:10908000012806D15620C44988700020C7490870BD
:1090900003E00020C04948708870BF4802F0ADFF6F
:1090A00000BF0020BF490870BB48807808B101208C
:1090B0000870AAE0B748007801281BD10620B649FD
:1090C0000870B64800784870B54800788870B44891
:1090D0004078C870B24880780871B148C07848714B
:1090E000AF4800798871AE484079C871084602F0EF
:1090F00084FF00BFAB480078012832D1062001E090
:1091000030E07EE0A4490870012048700020C8705B
:10911000087148718871C871A3480078012805D189
:10912000572088700020A04908700EE09F48007802
:10913000012806D156209849887000209B49087064
:1091400003E00020944948708870934802F055FF6E
:1091500000BF0020934908708F48807808B1012033
:10916000087052E051E08B480078012813D10220AA
:1091700089490870F0204870834800788870002082
:10918000C870087148718871C871087248720846C1
:1091900002F07CFF00BF83480078012830D182486C
:1091A0000078012805D17C49C87100207E490870EB
:1091B0000DE07E480078012806D102207649C8716A
:1091C00000207A49087002E000207349C87102202B
:1091D00071490870F020487000208870C8700871CC
:1091E0004871887108724872084602F04FFF00BF4C
:1091F00000206C4908706848C07908B101200870E7
:1092000003E002206249087000BF00BF5E4800789A
:1092100030B96448007818B901205C492C310860E5
:1092200010BD63480078012834D16248007858B9ED
:10923000002056492C3108605F4800685F4908608B
:1092400001205C49087028E05A480078012812D1B2
:109250005948006859490968401A02281DD301205D
:109260004A492C310860022052490870524800686F
:109270005249086011E04F48007802280DD14E484D
:1092800000684E490968401A0E2806D30020494953
:10929000087002E0002047490870704710B5484840
:1092A00000780F286AD00CDC0B2868D004DC012879
:1092B00012D0032864D1B9E00C2862D00D28F9D16E
:1092C000C0E2113806285BD2DFE810F06103D0035A
:1092D0005A00280497040D053A480078012851D116
:1092E00002203849087038480078401C3649087018
:1092F0000020364908703648D0F8DC003549096846
:1093000088421AD23348006833490968884214D326
:10931000304801682E48C0F8DC102B480078401E09
:10932000C1B22B4880F8D9102C4800782C4908701D
:109330002C4801682648C0F8E0102348007820280F
:1093400068DB01202049087024480078401C23492C
:10935000087008460078082858DB1D48D0F8E0104F
:109360001D480068B730814248D9194890F8D900A3
:1093700048B101201C490870154837E0A7E205E113
:109380002DE298E151E039E0CC0000205048004047
:10939000B7010020B4010020E4070020B50100203F
:1093A0007006002010020020BC010020BD0100203A
:1093B0005F0100203401002038010020300100202E
:1093C000D80000205C010020840100200C01002056
:1093D000200A00206C010020680100207D0100208F
:1093E0007E010020700100208201002090F8D90049
:1093F000FB4908700220FB4908700EE0FDF7A4FA53
:109400000020F9490870F949087006E00020F54984
:10941000087002E00020F34908700020F449086059
:10942000F44908600120F4490870D8E1F348007855
:1094300001286ED10220F1490870F1480078401CE3
:10944000EF4908700020E9490870EE48D0F8DC00C8
:10945000E7490968884216D2E5480068EA49096880
:10946000884210D3E2480168E648C0F8DC10E448BE
:109470000078401EC1B2E34880F8D910DD48016889
:10948000E048C0F8E010DE480078312874DB0120A5
:10949000DB490870DB48D0F8E010DB480068B730E3
:1094A000814262D9D74890F8D90000285DD00A20BF
:1094B000CC4908700020D5490870D548007820B9FB
:1094C000D4480078D24908703EE0D148007801289D
:1094D00004D1D0484078CE49087035E0CC480078B7
:1094E000022804D1CB488078C94908702CE0C848CC
:1094F0000078032804D1C748C078C549087023E024
:10950000C3480078042805D1C2480079C0490870D2
:109510001AE03AE0BE480078052804D1BD484079F9
:10952000BB49087010E0BA480078062804D1B94851
:109530008079B749087007E0B5480078072803D15B
:10954000B448C079B2490870B1480078801EB24969
:1095500008700020B1490870B1490860B14908603D
:10956000B1490860B149086009E0FDF7EDF9002054
:109570009E49087003E0FFE702209A490870002026
:109580009B49086001209C4908704EE79B48007881
:10959000012873D1A648006868BB9F4800789F499E
:1095A000097801EB4101A34A02EBC10148709048E0
:1095B00000689A49097801EB410102EBC10148605A
:1095C0008C4800689549097801EB410102EBC10123
:1095D0008860924800789149097801EB410102F8CE
:1095E00031008D480078401C8B4908708B4800780A
:1095F000401C8A490870022080490870874800781A
:1096000005284EDB8A480068B8BB012088490860FD
:109610008948006820B101280CD002281ED113E02F
:1096200010207D4908700A206E4908700120724997
:10963000087021E01D20784908700A2069490870E7
:1096400001206D49087017E01620734908700A2040
:10965000644908700120684908700DE000207649CF
:109660000860764908606D4908700C205D490870F3
:1096700000206F49086000BF19E000E01AE06C4864
:109680000068012813D15A4800686C49086000201E
:10969000624908700C205349087000206449086032
:1096A00005E00A204F490870012053490870002046
:1096B0004F4908606CE300215E48C167002415E053
:1096C00004EB44005B4901EBC00041685948C06F9E
:1096D000814209D904EB4400564A02EBC00118222A
:1096E0005448783007F0A6FE601CC4B2052CE7DBB6
:1096F000504890F87900464908704E4890F8790033
:10970000801E454908704B48C06F4C490968884223
:109710000BD9484890F879003D490870454890F8C1
:109720007900801E3C4908702FE04248C06F4349D1
:109730000968884229D24048006820B1012809D030
:10974000022815D10DE01020314908700E20324951
:10975000087019E01D202E4908701B202E49087042
:1097600012E016202A49087014202B4908700BE0DB
:10977000304890F87900264908702E4890F8790012
:10978000801E2549087000BF00BF2B480068401CA0
:109790002949086008460068022801D900200860AD
:1097A0002448D0F88000F82806D92548007818B950
:1097B0000120234908700BE021480078012807D1D7
:1097C0001C48D0F88000B72802D200201C4908703D
:1097D00002F08AFD02F030FE0D2002490870D7E247
:1097E00084010020D80000205E0100200C01002030
:1097F0006C01002070010020950100205C01002018
:109800008201002030090020680100204001002072
:109810007E010020CC2201007D0100205A0300209F
:10982000480100204C01002050010020540100207C
:10983000EC000020100B0020F0000020E4000020CD
:1098400058030020FA48007818B1F9480078042835
:109850001CD103F0EAF9F7480068F749884207D9B4
:10986000F348007820B9F5488068F249086011E0B3
:10987000F0480068F24988420CD9ED480078042885
:1098800008D1EE488068EB49086003E00020EB490E
:1098900048764861E74800680A21B0FBF1F0E949E1
:1098A0000860E4480068E849086002F0DBFFE74927
:1098B000C86803F061F9E549C8600F20E449087001
:1098C0000020E44908700120E349087060E2E348A1
:1098D00090F8D900E2490870E24890F8D900E249CE
:1098E0000870DF480078E1490870DF480078E049F7
:1098F00008701020D6490870D948007800F0800020
:1099000038B9D7480078302803DCD54800780128DA
:1099100001DAFDF719F8D148D0F8E000B0F51F6F73
:1099200019D9CE48D0F8E00040F6B861884205D990
:10993000D04800680A30CF49086004E0CD4800688C
:10994000401CCC490860CB480068142817D9142063
:10995000C849086013E0C148D0F8E00040F674112F
:1099600088420CD2C348006848B1C2480068401E13
:10997000C04908600846006808B900200860BD4872
:109980000068BD4908600120BC49087000E2BC487D
:109990000078012869D10220B9490870B0480078E0
:1099A000AC49097801EB4101AC4A02EBC1014870B6
:1099B000B4480068A749097801EB410102EBC101F5
:1099C0004860A4480078A349097801EB410102F8F6
:1099D0003100AD4800689F49097801EB410102EB75
:1099E000C101C860A94800689A49097801EB4101A2
:1099F00002EBC101886097480078401C95490870C7
:109A0000104690F8D90096490870924800780628C8
:109A100006DA90480078012802DD0520FCF74EFDAB
:109A20008C4800789A490978884215DB00208949DA
:109A300008708A48806BB7280AD88848006DB72814
:109A400006D88648806EB72802D8FCF77DFF09E06B
:109A500012207F49087005E010207D490870012020
:109A60008649087000208749086091E17B4890F89A
:109A7000D9007B4908707B4890F8D9007A49087072
:109A80001320734908707848007800F0800038B9D6
:109A9000754800781F2803DC73480078012801DA34
:109AA000FCF752FF6F48D0F8E000B0F51F6F19D9EE
:109AB0006C48D0F8E00040F6B861884205D9754896
:109AC00000680A307349086004E072480068401C6E
:109AD000704908606F480068142817D914206D4930
:109AE000086013E05F48D0F8E00040F67411884247
:109AF0000CD26848006848B166480068401E654955
:109B000008600846006808B90020086061480068DD
:109B10005949086001205949087039E158480078CE
:109B2000012869D10220564908704F4800784949F8
:109B3000097801EB41014B4A02EBC10148705148E1
:109B400000684449097801EB410102EBC10148601A
:109B5000404800783F49097801EB410102F83100A3
:109B6000494800683B49097801EB410102EBC1011A
:109B7000C860464800683749097801EB410102EBAB
:109B8000C101886033480078401C32490870104693
:109B900090F8D900344908702E480078062806DA73
:109BA0002C480078012802DD0520FCF787FC2948B5
:109BB000007837490978884215DB0020254908706C
:109BC0002848806BB7280AD82648006DB72806D8E1
:109BD0002448806EB72802D8FCF7B6FE09E01520AD
:109BE0001B49087005E0132019490870012023491A
:109BF0000870002023490860CAE001F0CFF901F0A5
:109C000007FA01F04CFA01F025F901F070F9224849
:109C100001682248006801F048FB01F028FF01F0CC
:109C200076FC1F48007804283CD001F0F0FA3BE0B5
:109C30005B030020440300206EC6070014090020C7
:109C400090BE060050030020540300205005002061
:109C5000D8000020800100203003002030090020BF
:109C600082010020200A00208401002083010020BE
:109C700085010020480100205401002095010020AA
:109C80005C0100206C0100207401002070010020A4
:109C9000810100204C010020C8020020C4020020E5
:109CA0003103002001F04CFF01F056FFFE48007820
:109CB000FE49C870FC480088000A0871FC4800781A
:109CC0004871FB480088000A8871FA48007801282A
:109CD00002D10220F74908700120F74908601620D8
:109CE000F649087054E00120F549087008460078EC
:109CF00001283DD10A20F14908700120F14908707E
:109D0000F148D0F88000B0F51F6F18D9EE48D0F8B0
:109D10008000B0F57A6F05D9EC4800680A30EB494D
:109D2000086004E0E9480068401CE8490860E7482A
:109D300000680F2817D90F20E449086013E0E248B3
:109D4000D0F8800040F6741188420CD2DF480068D9
:109D500048B1DE480068401EDC49086008460068DB
:109D600008B900200860D9480068D949086002E0B5
:109D70000C20D2490870D2480078042802DB002069
:109D8000CF4908700020CB490870FFF74AFA00BF9E
:109D900000BF10BD10B5FFF781FACE48007801284A
:109DA00009D1CD480068022803D1CC4800680128B9
:109DB00001D0C9480068CA48007801280DD100BF09
:109DC000C84800680028FBD00020C6490860FFF79B
:109DD00075F80020C249087001E0FEF799FBC248FF
:109DE000007808B9FDF740FA10BD10B50022012136
:109DF000BE4806F0DFFA00220221BC4806F0DAFA7B
:109E000000220421B94806F0D5FA00220821B748FB
:109E100006F0D0FA00221021B44806F0CBFA002256
:109E20004FF48071B14806F0C5FA00224FF400618A
:109E3000AE4806F0BFFA00224FF40051AB48C030E4
:109E400006F0B8FA0120AA49087248720121A84810
:109E50000177417780F8301080F8311080F8441095
:109E600080F8451080F8581080F8591080F86C1070
:109E700080F86D1080F8801080F8811080F89410C0
:109E800080F8951010BD00BF00BF00BF5920994950
:109E9000086016208905C1F800018820C1F800017A
:109EA000C006D0F800010028F0D000BFFCF749FA46
:109EB00000BF00208F49086000BFFFF796FFFDF745
:109EC00001F8FCF79BFF00228B498C4804F0E1FA73
:109ED00001F0FAFF04F0F6FA352000F084FE0321C9
:109EE0003520FCF707FA00207349C0310860724939
:109EF00070310860002404E04FF47A70FCF7DEFA59
:109F0000641CB4F5FA7FF7DB01206B4970310860FF
:109F10006C4908707A4800F071FE03E0FFF73AFFE1
:109F2000FCF759FFFAE77748007810B1012816D1FD
:109F300016E075480068754908600020744908609B
:109F4000744908607449086074490860744908706D
:109F5000744908706B480078401C6A49087055E1E4
:109F60006948006869490968401A022820D852489F
:109F700060300068012805D165480068401C6449CC
:109F8000086004E063480068401C624908604A4871
:109F900064300068012805D15F480068401C5E49B4
:109FA000086032E15D480068401C5C4908602CE1B3
:109FB0005748006857490968884203D901205A491F
:109FC000087008E05248006852490968884202D285
:109FD0000020554908705048006850490968884277
:109FE00003D901205149087008E04B4800684B49EB
:109FF0000968884202D200204C4908704A4800781B
:10A000004A490978884236D149480068401C484985
:10A01000086008460068022805D302200860012075
:10A0200044490870DCE0002042490870424800784A
:10A0300001280DD13D48007840490978884207D071
:10A0400002203D49087001203649087021490870F6
:10A050003B48007801280DD1334800783949097808
:10A06000884207D002203649087001202C49087028
:10A0700018490870B4E000202D4908602D48007888
:10A0800001286ED1284800782849097888426AD08A
:10A09000254800782C490978884264D02348007804
:10A0A00026490870002051E0E4020020FE0800204C
:10A0B000E8020020300300200C480040D8000020B7
:10A0C0003D02002095010020100B002050010020CF
:10A0D00054010020100200203C030020D80300207F
:10A0E000B4010020380300200C0100204040004053
:10A0F00088040020000100404BBF00008C220100BA
:10A1000020100540BA0100203C010020D4010020AD
:10A11000F0010020F4010020F8010020FC010020E3
:10A12000BD010020BC010020C0010020C2010020B0
:10A13000E0010020BB010020B8010020C90100207F
:10A14000B9010020C8010020C1010020FE490870AB
:10A150000120FE4908700020FD490870FD49086093
:10A160001CE01FE0FFE7FC480078FC4909788842C2
:10A1700014D0FA480078FA49097888420ED0F64897
:10A180000078F84908700020EF490870EF4908701E
:10A190000120EF4908700020F34908600020F349CE
:10A1A00008701DE0E948007802280AD1EA480078E2
:10A1B000EF490978884204D0E6480068401CE54928
:10A1C0000860E348007802280AD1E4480078E449AE
:10A1D0000978884204D0E4480068401CE2490860DD
:10A1E000DD480078E2490870DC480078DC490870F6
:10A1F0000020E0490860E0490860E0490860E04963
:10A200000860E0480068E049086000BF00BF704790
:10A2100010B5DE480078012852D10020DC490870D2
:10A22000DC490870DC480068C043097860F300012D
:10A23000D8480170D848001D0068C043D549097846
:10A2400060F34101D3480170D34808300068C0432F
:10A25000D049097860F38201CE480170CE480C30B5
:10A260000068C043CB49097860F3C301C948017055
:10A27000C94810300068C043C649097860F304112A
:10A28000C4480170C44820300068C043C1490978FF
:10A2900060F34511BF480170BF482C300068C043CF
:10A2A000BC49097860F38611BA480170BA48F430A5
:10A2B0000068C043B749097860F3C711B548017019
:10A2C0000020B5493C310860B4480078012806D028
:10A2D000022872D003286FD004286BD1DAE0AB4893
:10A2E0000078012826D15520AD49087056204870C5
:10A2F000F42088700A20C87006200871A9480078E8
:10A300004871A94800788871A7484078C871A64864
:10A3100080780872A448C0784872A348007988728F
:10A32000A1484079C8720020087348730F219C48E7
:10A3300002F01FFD9D48007801283BD15520984927
:10A34000087056204870F42088700A20C8700620D3
:10A350000871012048710020C87108724872887223
:10A36000C87293480078012805D1572088710020D1
:10A370008F4908700EE08F480078012806D15620DA
:10A380008749887100208B49087003E000208449C8
:10A390004871887100208249087348730F218048F2
:10A3A00002F0E7FC0020814908707D48807908B1FF
:10A3B0000120087006E100E06BE074480078012895
:10A3C00026D155207649087056204870F4208870B0
:10A3D0000A20C870062008717248007848717248D7
:10A3E0000078887170484078C8716F48807808722A
:10A3F0006D48C07848726C48007988726A48407924
:10A40000C8720020087348730F21654802F0B1FC40
:10A410006648007801283BD15520614908705620D4
:10A420004870F42088700A20C87006200871012046
:10A4300048710020C871087248728872C8725C48FE
:10A440000078012805D157208871002058490870EC
:10A450000EE058480078012806D1562050498871EE
:10A4600000205449087003E000204D49487188716C
:10A4700000204B49087348730F21494802F079FCCA
:10A4800000204A4908704648807908B101200870C8
:10A4900098E097E03D48007801281BD155204049BD
:10A4A000087056204870F42088700A20C870022076
:10A4B0000871F02048713748007888710020C87111
:10A4C000087248728872C872087348730F21344842
:10A4D00002F04FFC35480078012872D134480078EA
:10A4E000012805D12E49C8720020314908700DE0BD
:10A4F00030480078012806D102202949C87200207E
:10A500002C49087002E000202549C87255202449D2
:10A51000087056204870F42088700A20C870022005
:10A520000871F020487100208871C8710872487263
:10A530008872087348730F21194802F01AFC002032
:10A540001A490870164838E0BA010020B801002006
:10A55000B9010020CC010020C0010020C201002070
:10A56000C3010020C8010020D0010020BB01002051
:10A57000C1010020F0010020F4010020F8010020BA
:10A58000FC0100203C010020D4010020B401002087
:10A59000CD000020CC00002040480040B701002042
:10A5A00024080020B50100207006002010020020C1
:10A5B000BC010020BD01002003E0C07A08B10120E9
:10A5C000087000BF00BFFE48007828B9FD48007839
:10A5D00010B90120FC49086010BD10B5FB48007897
:10A5E00003287DD1FA480078032879DCF9480078FF
:10A5F0000028F6D10120F4490860F74800780128C6
:10A6000006D0022832D003286BD004286AD184E017
:10A610005520F249087056204870F42088700A20AE
:10A62000C8700920087100204871ED4800788871D1
:10A63000EB480088000AC871EA4800780872E948C7
:10A640000088000A487200208872C8720873487334
:10A650000F21E24802F08DFB00BF0020DB490870AB
:10A66000DE48407908B10320087089E0DE480068C0
:10A6700001281BD1DD480068022817D1DC48027888
:10A68000D8480168D6480068FDF75CFBD9480078D7
:10A69000D2498871D7480088000AC871D648007826
:10A6A0000872D5480088000A48720EE0CC4800784D
:10A6B000CA498871CA480088000AC871C948007828
:10A6C0000872C8480088000A48725520C3490870BB
:10A6D00056204870F42088700A20C870072002E0D5
:10A6E0007AE017E048E00871C020487100208872C5
:10A6F000C872087348730F21B84802F03AFB00BFD4
:10A700000020B2490870B5484079C02801D0032024
:10A71000087035E0FDF741FA32E05520AF49087086
:10A7200056204870F42088700A20C87002200871F2
:10A73000C0204871AA4800788871A9480088000A9A
:10A74000C871A84800780872A6480088000A4872B4
:10A7500000208872C872087348730F219F4802F066
:10A7600008FB00BF0020994908709C484079C02828
:10A7700001D00320087003E001209749087000BF52
:10A7800000BF00209D4908609D4908609D49086000
:10A790009D4908609D4908609D4908609D49086081
:10A7A0009D4908609D4908609D4908609D49086071
:10A7B0009D4908609D49C8609D4988609B494860E3
:10A7C0009B4908609949886099494860C860086158
:10A7D00048610876487605E2964800780228FADB58
:10A7E00095480078FF28F6D07A4800780128F2D101
:10A7F0008E48C06810B99048007830B18B48C06866
:10A8000038B98D480078042803D101208B4908709D
:10A8100004E000206C490860884908708548007889
:10A8200003283BD18648007888B16B48007804281B
:10A8300008D1844800788449487182480088000A19
:10A8400088710DE047F6FF706F49086008E07F48A7
:10A85000007828B100207C49487188716A490860F5
:10A860007B48007830B100207749C870087165498D
:10A87000086013E07748007880B1574800780428D2
:10A8800008D1754800787049C87073480088000A7C
:10A89000087103E047F6FF705A4908604E48007897
:10A8A000012806D002284AD003287DD004287CD174
:10A8B00020E15E48C06838B95F480078002101EBAC
:10A8C00040006649087014E04048007850B95A4882
:10A8D0000078002101EB40006049087000205349D6
:10A8E000C86006E054480078012101EB40005B4954
:10A8F000087055203949087056204870F420887037
:10A900000820C870092008715448007848714E48E2
:10A91000C07888714C480079C8714B4840790872FA
:10A920004948807948724148007B88723F48808955
:10A93000000AC8720F21294802F01BFA30E13B4897
:10A94000C06850B93C480078A02101EB4000434961
:10A95000087000204249087017E001204049087043
:10A960001A48007850B934480078A02101EB400023
:10A970003A49087000202D49C86006E02E4800784A
:10A98000A12101EB400035490870174800680128F3
:10A9900072D11648006802286ED1154802781A480C
:10A9A00001681848006801E0A1E0F5E0FDF7CAF988
:10A9B00010480078094988710E480088000A52E062
:10A9C000CC000020100200207C4800404001002004
:10A9D000D800002058030020310300202408002064
:10A9E00020010020240100202C0200202C04002043
:10A9F00030020020880100208C0100202403002068
:10AA000028030020E4020020E8020020DC020020ED
:10AA1000E0020020C4020020C8020020CC02002076
:10AA2000D0020020D4020020D802002050050020CF
:10AA300014090020300300205B0300205F01002088
:10AA4000BE0200201C010020FE080020BF020020E2
:10AA5000C0020020C1020020180100206001002077
:10AA60005C03002008E0C8716F48007808726E48E7
:10AA70000088000A48720EE06C4800786C498871C2
:10AA80006A480088000AC8716A48007808726948F4
:10AA90000088000A487255206549087056204870A1
:10AAA000F42088700A20C870072008716248007876
:10AAB00048716248C078887160480079C8715F4801
:10AAC000407908725D48807948725D48007B8872E1
:10AAD0005B488089000AC8725A48007808735A484F
:10AAE000007848730F21524802F043F958E0FDF70F
:10AAF00054F855E05248C06850B954480078A02135
:10AB000001EB40004C49087000205149087017E0E3
:10AB100001204F4908704F48007850B94B480078E1
:10AB2000A02101EB40004449087000204449C8605E
:10AB300006E046480078A12101EB40003E4908703C
:10AB400055203B49087056204870F42088700A2030
:10AB5000C870022008713848007848713748C078BA
:10AB6000887136480079C871344840790872334892
:10AB7000807948723248007B887231488089000AA7
:10AB8000C8723048007808732F48007848730F2146
:10AB9000274802F0EEF803E001202F49087000BFBB
:10ABA00000BF00BF254800792C4908602348C078C1
:10ABB000096800EB0120294908602048807928496C
:10ABC00008601E484079096800EB012024490860AC
:10ABD0001B48C0682349086003201E4908700020F4
:10ABE0002149087010BD00F01F0201219140420967
:10ABF000920002F1E022C2F800117047016841F0B2
:10AC0000804101607047016821F080410160704718
:10AC1000016841F0005101607047816821F0020134
:10AC200041F00101816070478C010020E4020020A6
:10AC300024080020E802002060010020FE08002017
:10AC400050050020BC020020BD0200205B03002054
:10AC50005C0300204001002031030020200100207F
:10AC6000240100202C0300200C010020C0F3C0129E
:10AC70006F4B1A60C0F380126D4B20331A60C0F323
:10AC800040121B1F1A60C0F300121B1F1A60C0F392
:10AC9000C0021B1F1A60C0F38002654B6C331A6040
:10ACA000C0F340021B1F1A6000F001021B1F1A6054
:10ACB0008A095F4B443B1A604A091B1F1A600A0944
:10ACC0001B1F1A60CA081B1F1A608A081B1F1A6004
:10ACD0004A081B1F1A601A1F1160704710B5002028
:10ACE00000210122F823534C237000BF1AE00021F9
:10ACF00015E0052809D0504B13F820304F4C645C08
:10AD000023444C4CA354521C08E04B4B13F8203006
:10AD10004B4C645C2344474CA354521C491C0729E8
:10AD2000E7DD401C0628E2DD10BD10B50020002143
:10AD30000122F823434C237000BF1AE0002115E0E4
:10AD4000032809D0404B13F82030404C645C234466
:10AD50003C4CA354521C08E03B4B13F820303C4CB5
:10AD6000645C2344374CA354521C491C0729E7DD7B
:10AD7000401C0428E2DD10BD01212D4A5C3A11601F
:10AD8000121D1160121D1160121D1160121D116043
:10AD9000121D1160121D1160C109254A1160C0F316
:10ADA0008011234A20321160C0F34011121F11603C
:10ADB000C0F30011121F1160C0F3C001121F116017
:10ADC000C0F380011A4A6C321160C0F34001121FB7
:10ADD000116000F00101121F116070470121144A37
:10ADE00014321160121D1160121D1160121D1160CC
:10ADF0000F4A11600E4A64321160121D1160121D5B
:10AE0000116081110A4A443A11604111121F116008
:10AE10000111121F1160C110121F11608110121F49
:10AE200011604110121F1160111F0860704700006F
:10AE3000DC48004064080020440200207802002022
:10AE40008802002095080020640200208002002073
:10AE5000900200204C4949684C4A1268914245D3FF
:10AE600049494968494AD2F8142291420ED94649C3
:10AE70004968464AD2F81422891A444A12684CF6A4
:10AE8000D0731A441144424A11602FE000202BE095
:10AE90003D4949683D4A52F82020914222D93A4919
:10AEA0003A4B4A68411C53F821108A421AD8364955
:10AEB00049681A4652F82020891A4FF4C872514343
:10AEC000421C53F8222053F82030D21AB1FBF2F181
:10AED0002E4A12684FF4C87303FB002211442C4A17
:10AEE00011608520411C88B28528D1DB7047264936
:10AEF0008968284A1268914245D323498968254ABE
:10AF0000D2F8542191420ED91F498968214AD2F8BA
:10AF10005421891A1F4A126848F2D0431A44114436
:10AF20001D4A11602FE000202BE017498968194A5B
:10AF300052F82020914222D91349164B8A68411CAD
:10AF400053F821108A421AD80F4989681A4652F8D4
:10AF50002020891A4FF4C8725143421C53F8222012
:10AF600053F82030D21AB1FBF2F10A4A12684FF4BA
:10AF7000C87303FB00221144074A11605520411C8D
:10AF800088B25528D1DB704750050020D42201003B
:10AF9000C4020020EC240100C802002010B50024E7
:10AFA0000021F848C0F8E010F748C0F8E01000BFF2
:10AFB0002BE004EB4400F34901EBC0008168F14849
:10AFC000D0F8E000814209D304EB4400ED4A02EBE3
:10AFD000C0011822EB48D83006F02CFA04EB4400EC
:10AFE000E94901EBC0008168E748D0F8E000814200
:10AFF00009D304EB4400E44A02EBC0011822E24802
:10B00000D83006F017FA601CC4B2092CD1DB10BD91
:10B010002DE9FE43DB4890F8D800DC49087008466B
:10B020000078801E00EB4000D64901EBC000846828
:10B03000D6480078401E00EB400001EBC000856858
:10B04000D248007800EB400001EBC0008668CF4892
:10B050000078401C00EB400001EBC0008768CB4843
:10B060000078801C00EB400001EBC000D0F80880A5
:10B0700040F26C41C548007800EB4000C14A02EB49
:10B08000C00040783B463246CDE900800291294617
:10B09000204606F090FBBE494860BDE8FE832DE9DE
:10B0A000FE43B94890F8D800B849087008460078BF
:10B0B000801E00EB4000B44901EBC0008468B34837
:10B0C0000078401E00EB400001EBC0008568AF48EF
:10B0D000007800EB400001EBC0008668AB480078C8
:10B0E000401C00EB400001EBC0008768A7480078D7
:10B0F000801C00EB400001EBC000D0F8088040F25B
:10B100006C41A248007800EB40009F4A02EBC0006F
:10B1100040783B463246CDE90080029129462046E0
:10B1200006F049FB9A498860BDE8FE8399480068AB
:10B1300040F6F61188420BD8032097490870012089
:10B14000964908700020964908709649086025E0E5
:10B15000904800684CF6D07188420DD903208E4982
:10B16000087001208E49087000208C4908704CF24C
:10B17000FC708C49086011E086480068A0F6F61063
:10B180004CF2FC7148434CF2DA51B0FBF1F08549C6
:10B190000860002081490870814908707D48406836
:10B1A00040F6543188420BD803207B4908700120B7
:10B1B0007D49087000207D4908707D49086025E0C0
:10B1C0007448406847F6A82188420DD90320724987
:10B1D000087001207549087000207349087047F60F
:10B1E00052407349086011E06A484068A0F6543044
:10B1F00047F65241484346F65471B0FBF1F06C49B2
:10B2000008600020684908706849087070476948FC
:10B21000006878B1674800684CF2FC71884209D830
:10B2200064480068491048434900B0FBF1F06249A6
:10B2300008600FE05F48006818B900205E490860A8
:10B2400008E05C4800684CF2FC71884202D9481062
:10B25000594908605948006878B15848006847F66D
:10B260005241884209D8554800684910484349006E
:10B27000B0FBF1F0524908600FE05048006818B97F
:10B2800000204F49086008E04C48006847F65241EA
:10B29000884202D948104A4908604948006843F684
:10B2A0002961081A46490860704738B504460D46BA
:10B2B0004448006838B93648C06820B10020354994
:10B2C000C86008610876404800903148314B2946F3
:10B2D000C268204606F048FB3A48006860B92C482E
:10B2E000C06848B13948006830B900202849C860B2
:10B2F00001203649086002E000203449086038BD6A
:10B300000A203349086027480068324909688842A2
:10B3100007D3244800682F490968401A2E4908605D
:10B3200006E02C4800681F490968401A2A4908604D
:10B330001F48006829490968884207D31C480068EB
:10B3400026490968401A2649086006E02348006833
:10B3500017490968401A224908601F4800681C49BB
:10B36000096888423ED30F4800684CF2FC7188425D
:10B370003CD80C4800680F4908600A480068154925
:10B38000086033E030090020200A0020F402002089
:10B39000500500201409002030030020C0020020C6
:10B3A000C1020020D4020020BE020020BF02002003
:10B3B000D8020020DC020020E4020020E00200208D
:10B3C000E80200202C030020C8080020B80200205A
:10B3D000FC0200202403002000030020280300209A
:10B3E00004030020FE480068FE490860FE4800682B
:10B3F000FE49096888420ED3FD48006847F652416D
:10B4000088420CD8FA480068FA490860F848006891
:10B41000F949086003E0F8480068F6490860704799
:10B42000F6490968EE4A1268914207D3F349096860
:10B43000EB4A1268891AF24A116006E0E849096885
:10B44000EE4A1268891AEE4A1160E9490968EA4A27
:10B450001268914207D3E6490968E74A1268891AD7
:10B46000E14A116006E0E4490968E14A1268891A74
:10B47000DD4A1160E2490968DB4A126811448142E1
:10B480003CD3DE4909684CF2FC72914217D8D4498A
:10B49000096861B1D9490968D14A1268114449085B
:10B4A000D04A1160D5490968CD4A116007E0D349F7
:10B4B0000968CC4A1160D1490968C94A1160CC4970
:10B4C000096847F65242914220D8CB49096861B1D8
:10B4D000C7490968C84A126811444908C54A116039
:10B4E000C3490968C44A116010E0C1490968C14AEA
:10B4F0001160BF490968C04A116007E0B84909688E
:10B50000B84A1160BC490968BA4A1160704700B571
:10B51000BA4800684CF22C01884205D9B44800684A
:10B5200047F2824188421FD8B4480068B0F5FA6FEC
:10B5300005D2AF48006847F28241884214D8AF482C
:10B5400000684CF22C01884204D9A9480068B0F583
:10B55000FA6F09D3A9480068B0F5FA6F17D2A4486A
:10B560000068B0F5FA6F12D20220A6490870A6480A
:10B57000D0F8E000B0F5487F05D9A448D0F8E00045
:10B58000B0F5487F2FD80020A14908702BE09B48D8
:10B5900000684CF22C0188420FD898480068B0F53A
:10B5A000FA6F0AD39248006847F28241884204D871
:10B5B0008F480068B0F5FA6F12D2012091490870E7
:10B5C0009148D0F8E000B0F5E17F05D98F48D0F878
:10B5D000E000B0F5E17F06D800208D49087002E058
:10B5E00000208849087000208A4908608548007852
:10B5F000022806D18848C06818B11C207B49086021
:10B6000074E080480078012806D18348C06818B1EA
:10B610001C207649086069E07F48C06818B11C208A
:10B620007249086062E07748007802281DD17648A8
:10B63000D0F8E0107548D0F8E000084440084FF416
:10B640009671B0FBF1F073490860084600680F2856
:10B6500004D37248C07B6549086047E06F486D4974
:10B660000968405C6149086040E06648007801284C
:10B670001DD16548D0F8E0106448D0F8E0000844D7
:10B6800040084FF49671B0FBF1F06249086008463B
:10B6900000680F2804D36148C07B5449086025E046
:10B6A0005E485C490968405C504908601EE05548A6
:10B6B0000078D8B95448D0F8E0105448D0F8E000E9
:10B6C00008444008FA21B0FBF1F0524908600846EE
:10B6D00000680F2804D35148C07B4449086005E046
:10B6E0004E484C490968405C404908603F49087829
:10B6F000FFF796FE00BD4A480068B0F5C86F10D944
:10B700004748006848F6103188420AD244484068E9
:10B71000B0F5C86F05D94248406845F630418842C7
:10B7200003D301203F49087002E000203D49087022
:10B730003B48006840F26C71884211D33848006879
:10B7400048F6801188420BD83548406840F29E7117
:10B75000884205D33248406845F6D221884202D952
:10B7600000202D49C86070472D4840682E4909685F
:10B77000884273D82D4800682B49096888426DD9E2
:10B780002548C06850B32A48006838BB01202849C2
:10B7900008602348406824490968081A254909684F
:10B7A000484301EE100AB8EE412A1D4840681F497F
:10B7B0000968081A01EE100AB8EE411AC2EE011A21
:10B7C0001A48006818490968401A15490968484329
:10B7D00001EE100AB8EE412A11482DE03EE00000CB
:10B7E00024030020DC02002004030020FC020020CF
:10B7F000D8020020E002002028030020D40200200C
:10B80000000300201803002030090020200A002037
:10B8100058030020F80200205005002008030020F3
:10B820001409002033030020F0020020B40200209D
:10B83000A0020020B00200204068DE490968081A12
:10B8400001EE100AB8EE411AC2EE012A71EEA20A08
:10B85000BCEEE01AD84880ED001A53E0D7484068A3
:10B86000D749096847F65242114488424AD3D4481E
:10B87000006811460844CF490968884242D9D14836
:10B88000C068E0B3D0480068C8BB0120CE4908605A
:10B89000CA484068CA4909681144401ACB49096836
:10B8A000484301EE100AB8EE412AC4484068C14935
:10B8B0000968401A01EE100AB8EE411AC2EE011AE8
:10B8C000BF48006811460844BA490968401ABB4994
:10B8D0000968484301EE100AB8EE412AB7484068AB
:10B8E000B4490968401A01EE100AB8EE411AC2EED6
:10B8F000012A71EEA20ABCEEE01AAF4800E001E0B6
:10B9000080ED001AB0480068012806D10220AE4937
:10B910000860A9480068A9490860A8480068AC49BF
:10B920000968884245D8A9480068A9490968884239
:10B930003FD9A448C068D8B3A6480068C0BB01205E
:10B94000A44908609D480068A1490968081A9949F6
:10B950000968484301EE100AB8EE412A974800688A
:10B960009A490968081A01EE100AB8EE411AC2EEA7
:10B97000011A9648006896490968401A8F49496833
:10B98000484301EE100AB8EE412A8C4800688F49FE
:10B990000968081A01EE100AB8EE411AC2EE012A2F
:10B9A00031EEA20ABCEEC01A8B4880ED001A52E0BC
:10B9B000FFE782480068864909684CF2FC7211442E
:10B9C000884248D382480068114608447F49096884
:10B9D000884240D97B48C068E8B37E480068D0BB45
:10B9E00001207C490860754800687949096811445C
:10B9F000401A70490968484301EE100AB8EE412A1E
:10BA00006E48006871490968401A01EE100AB8EEE4
:10BA1000411AC2EE011A6E480068114608446B498B
:10BA20000968401A65494968484301EE100AB8EEB2
:10BA3000412A6248006865490968401A01EE100A07
:10BA4000B8EE411AC2EE012A31EEA20ABCEEC01ACB
:10BA5000614880ED001A5F480068012806D1022085
:10BA60005C4908605C480068544948607047534826
:10BA700000685749096888420BD803205749087065
:10BA8000012057490870002056490870564908603F
:10BA900021E04A4800684E4909684CF2FC721144A2
:10BAA00088420CD303204D49087001204D4908708D
:10BAB00000204B49087010464B4908600BE00020FD
:10BAC00048490870464908703C4800684049096880
:10BAD000401A454908603948406839490968884230
:10BAE0000BD803203D490870012040490870002010
:10BAF0003F4908703F49086021E0304840683049BC
:10BB0000096847F65242114488420CD30320334956
:10BB1000087000203549087001203549087010462A
:10BB2000344908600BE00020304908703049087043
:10BB30002248406822490968401A2E490860704727
:10BB40002D4800682D4908602D48006847F652418D
:10BB5000081A2C490860704700B5ADF53D7D2A48AC
:10BB6000C0686A902848D0F89C10A0912748C06807
:10BB700010902648D0F89C10469125482549264A21
:10BB80000123CDE90432CDE9061000211F20302227
:10BB9000224B1B78CDE90032CDE902012048037821
:10BBA000084A0C3209A963A801F0D5FE0DF53D7DC8
:10BBB00000BD0000B4020020A802002014090020EB
:10BBC000F002002050050020A0020020B00200205A
:10BBD000EC020020A4020020AC0200203003002070
:10BBE000C0020020C1020020D4020020BE020020BA
:10BBF000BF020020D8020020DC020020E402002066
:10BC0000E0020020E802002030090020200A002085
:10BC1000BD020020BC020020B808002084010020E2
:10BC20008201002000BF5920FE49086016208905C6
:10BC3000C1F800018820C1F80001C006D0F8000159
:10BC40000028F0D0704710B503E011F8013B00F870
:10BC5000013B131EA2F10102F7D110BD10B503463E
:10BC6000002111E0F04C04EB0110026802F00F0417
:10BC70009C4208D1EC4C241D04EB0110026842F0F8
:10BC80000204046002E0491C0829EBDB00BF10BD80
:10BC90002122E64BDA601A465060916001221A6157
:10BCA00000BFE24A1269002AFBD17047014600201A
:10BCB000DE4AD06010464160002090600120106193
:10BCC00000BFDA4800690028FBD1D8488068704777
:10BCD00001462220D54AD060104641600120106103
:10BCE00000BFD24800690028FBD1D048006800F0AE
:10BCF000400040B1CD48006840F04000CB4A1060A1
:10BD00004FF0FF3070470020FCE710B5C6484830C0
:10BD10000068C74944180E222146C648FFF793FF22
:10BD20000E20C1494C3108600120C349087010BD84
:10BD30000120C249087070470120C149087070474E
:10BD40000120C0490870704770B5BF484468006959
:10BD500000F00F0504F0040098B10420BA494860CF
:10BD60000846406900F0010028B10846006940F02B
:10BD70009000086105E0B448006920F08000B249F5
:10BD8000086104F0100028B11020AF49486001207C
:10BD9000AE49086004F0010070B30120AA49486070
:10BDA00005F0010068B10120A9490860A6480069B2
:10BDB00040F09000A44908610020A649086003F003
:10BDC00040FD05F0020058B10220A14908609E48DC
:10BDD000006920F010009C49086101209D4908601D
:10BDE00005F0040040B19848006940F09000964981
:10BDF000086100209749086004F0080010B108208D
:10BE00009149486004F0020000285CD004F0004032
:10BE1000A8B14FF000408C4948608348001D00687D
:10BE200040F001008049091D08607F481430006817
:10BE300040F001007C491431086003F032FC04F446
:10BE4000803028B14FF480307F49486003F05EFCB9
:10BE500004F4003028B14FF400307B49486003F00F
:10BE6000B3FC04F4802028B14FF480207649486068
:10BE7000FFF766FF04F4002028B14FF40020724958
:10BE80004860FFF759FF04F4801028B14FF4801088
:10BE90006D494860FFF74CFF04F4001028B14FF4DF
:10BEA000001069494860FFF730FF04F4800018B1C2
:10BEB0004FF480006449486004F4000018B14FF466
:10BEC00000006149486070BD00205F4988614FF4FF
:10BED00010705549086008205349083908604FF42C
:10BEE000087051491031086008204F490831086036
:10BEF00041204D492031086010204B49183108601D
:10BF000042204949303108601820474928310860EB
:10BF10004320454940310860582043493831086082
:10BF200023204149503108606A203F494831086068
:10BF30000E20091D08600120424908704049087020
:10BF40003E4908703C49087070471CB5684602F0CD
:10BF5000E5FA9DF8000000F0800078B19DF801003E
:10BF6000012804D0022803D0032802D000BF00BF5C
:10BF700000BF0020FFF772FE00BF3DE09DF801000A
:10BF8000092804D00A2827D00B282FD12FE09DF8AC
:10BF9000030003280BD124481030006840F08000D3
:10BFA0002149103108600020091F086013E09DF846
:10BFB000030002280FD11C481030006840F08000B8
:10BFC0001949103108609DF80600091F086000211A
:10BFD000084602F0B7FA0EE01348006840F080000F
:10BFE000114908600020091F086004E000BF00201C
:10BFF000FFF734FE00BF00BF1CBD70B504461148FA
:10C00000007848B3084818300068094945180822E4
:10C0100021462846FFF717FE00200A49087008202D
:10C0200001491AE00001004008050C4000C0004032
:10C0300000010C40D00B0020370300203603002005
:10C04000350300203403002000000C40380300209A
:10C050003C0300204003002001E01C31086070BD5B
:10C0600070B504469948007878B1994800689949B4
:10C0700045180A2221462846FFF7E5FD002093498E
:10C0800008700A209249091D086070BD70B5044609
:10C090009148007880B18E48103000688D4945186D
:10C0A0000C2221462846FFF7CEFD00208A49087061
:10C0B0000C2087491431086070BD70B54FF4FC3412
:10C0C0004FF01235FFF7AEFD04F071FF04F051FFA1
:10C0D0002046FFF7FDFD29462046FFF7D9FD04F075
:10C0E00033FF00202E217D4AD16011464860012196
:10C0F000116100BF00BF794909690029FBD100BF68
:10C1000003F01EFC04F019FF00F0DCF870BDF0B580
:10C11000ADF5017D05460E4617464FF4007101A8A6
:10C1200005F0A1F9E819802804D94FF0FF300DF58A
:10C13000017DF0BDFFF776FD04F039FF04F027FF25
:10C14000002409E04FF4801101EB8400FFF7AEFDFD
:10C1500001A941F82400641C802CF3D34FF4801013
:10C16000FFF7B6FDAC0804E001CE01A941F82400B8
:10C17000641C07EB9500A042F6D8002409E001AA50
:10C1800052F824104FF4801202EB8400FFF780FD78
:10C19000641C802CF3D304F0E5FE04F0CEFE00F026
:10C1A00091F80020C3E72DE9F041ADF5007D05468B
:10C1B0000E461746DFF828814FF40071684605F0F7
:10C1C00052F9E819802805D94FF0FF300DF5007DB0
:10C1D000BDE8F081FFF726FD04F0E9FE04F0D7FE8C
:10C1E000002406E008EB8400FFF760FD4DF8240012
:10C1F000641C802CF6D34046FFF76AFDAC0803E0D0
:10C2000001CE4DF82400641C07EB9500A042F7D83E
:10C21000002406E05DF8241008EB8400FFF738FDE9
:10C22000641C802CF6D304F09DFE04F086FE00F022
:10C2300049F80020CAE72DE9F04706460F461446A4
:10C2400006F5801808EB84093019802803D94FF0CF
:10C25000FF30BDE8F087FFF7E5FC04F0A8FE454697
:10C2600004E02846FFF722FD01C72D1D4D45F8D3F8
:10C2700004F063FE00F026F80020EAE72DE9F0471D
:10C2800006460F461446164806EB000808EB8409DC
:10C290003019802803D94FF0FF30BDE8F087FFF751
:10C2A000C1FC04F084FE454604E02846FFF7FEFC8E
:10C2B00001C72D1D4D45F8D304F03FFE00F002F8F4
:10C2C0000020EAE700200749086070473503002096
:10C2D00030050C4000010C403603002000C0004037
:10C2E000000810000001004038B5F848C06F002871
:10C2F0005AD0F7480078012856D1F44890F87800D1
:10C30000F44908700846007830BB4FF496500C464C
:10C310000090247804EB4404EC4D05EBC4046378EE
:10C320000C462478641C04EB440405EBC4046268E6
:10C330000C46247804EB440405EBC4046168E54C26
:10C340002478641E04EB440405EBC404606805F023
:10C35000C6FAE149C8602AE04FF49650DD4C0090DF
:10C360002478641E04EB4404D84D05EBC4046378C0
:10C37000D84C2478641C04EB440405EBC4046268C4
:10C38000D44C247804EB440405EBC4046168D14C1C
:10C390002478641E04EB440405EBC404606805F0D3
:10C3A0009EFACD49C86002E00020CB49C860CA4867
:10C3B000C068C949C8600846C068C849884203D9EE
:10C3C000C7480068C449C860C348C068C449086019
:10C3D000084600684FF41661B0FBF1F0C1490860EF
:10C3E000C149C0480068401C51F82010BE48BD4AF1
:10C3F000126850F82200081ABC49BA4A126851F86B
:10C400002210B74A1268511A4843B84AB549096818
:10C41000491C52F82120B549B24B1B6851F8231032
:10C42000511AB0FBF1F0B049AE4A126851F822102F
:10C430000844AF49086038BDAD480068AD4988423E
:10C4400032D3AB480068AC4988422DD2AB48006873
:10C45000401CAA49086008460068A8B10020A84905
:10C4600008700120A54908600020A6490860A64977
:10C470000860A6490860A6490860A6490860A64960
:10C480000860A6490860ECE100209E4908609E49CA
:10C4900008609E4908609E4908609E4908609E4960
:10C4A00008609E490860DCE1914800689249884232
:10C4B00033D38F4800689A4988422ED29148006849
:10C4C000401C9049086008460068032815D30020E6
:10C4D0008B4908708949086003208A490860002058
:10C4E0008949086089490860894908608949086064
:10C4F0008949086089490860B3E100207F490860E4
:10C500008149086081490860814908608149086063
:10C510008149086081490860A3E175480068814944
:10C52000884234D3724800687F4988422FD27648C7
:10C530000068401C7449086008460068032816D348
:10C5400001206F49087000206C4908606D4908603F
:10C5500003206D49086000206C4908606C49086040
:10C560006C4908606C4908606C49086079E10020FA
:10C57000624908606349086064490860644908606A
:10C5800064490860644908606449086069E1584882
:10C5900000686549884234D3554800686349884239
:10C5A0002FD25A480068401C584908600846006865
:10C5B000032816D301205249087000204F49086013
:10C5C0005049086050490860032050490860002025
:10C5D0004F4908604F4908604F4908604F4908605B
:10C5E0003FE1002045490860464908604649086027
:10C5F000474908604749086047490860474908605B
:10C600002FE13B4800684949884234D338480068E4
:10C61000474988422FD23E480068401C3C49086088
:10C6200008460068032816D3022035490870002008
:10C63000324908603349086033490860334908606B
:10C6400003203349086000203249086032490860FD
:10C650003249086005E1002028490860294908603E
:10C6600029490860294908602A4908602A49086060
:10C670002A490860F5E01E4800682D49884269D3C0
:10C680001B4800681B49884264D222480068401C4D
:10C69000204908600846006803284BD30220184947
:10C6A000087000201549086016490860164908609E
:10C6B00016490860164908600320164908600020E2
:10C6C0001549086015490860CBE00000100B0020F8
:10C6D00058030020F40200205005002020BF020073
:10C6E000480300204C0300201827010058280100AF
:10C6F00044030020389D07006EC607006003002039
:10C700005B03002064030020680300206C0300200A
:10C710007003002074030020780300207C030020B5
:10C72000E850080028F90600F422070048470700EF
:10C73000F07607000020F7490860F7490860F749DC
:10C740000860F7490860F7490860F7490860F74949
:10C75000086086E0F6480068F649884234D3F44819
:10C760000068F54988422FD2EF480068401CEE4926
:10C77000086008460068032816D30420EF490870B3
:10C780000020E4490860E4490860E4490860E4499D
:10C790000860E4490860EA4908600320E24908604B
:10C7A0000020E24908605CE00020DA490860DA49CC
:10C7B0000860DA490860DA490860DA490860E04947
:10C7C0000860DA4908604CE0D9480068D9498842D5
:10C7D00033D3D7480068DB4988422ED2D34800685B
:10C7E000401CD249086008460068032815D304207D
:10C7F000D24908700020C7490860C7490860C74986
:10C800000860C7490860C7490860CD490860C64943
:10C8100008600320C549086023E00020BD49086086
:10C82000BD490860BD490860BD490860BD49086050
:10C83000C3490860BC49086013E0FF20BF49087085
:10C840000020B4490860B4490860B4490860B4499C
:10C850000860B4490860BA490860B3490860B34940
:10C8600008607047B548007800286ED1A948006874
:10C87000012803D0A84800680328F6D1B248C06F49
:10C88000FF287DD9B1480068B14988425ED3AF48DE
:10C890000068B049884259D2AF48007801284AD18F
:10C8A00000BFAE480078401CAC49087008460078CC
:10C8B000042809DB032008700020A0490870A8495B
:10C8C000C860A549087063E0A448007801280AD12F
:10C8D000A4480068A0EBD000A2490968A0EB1110A1
:10C8E0009F49C86054E09D48007802280AD19D48BD
:10C8F0000068A0EB90009B490968A0EBD100984923
:10C90000C86045E097480068C00896490968A0EBF0
:10C91000D1109449096888423AD292480068C821E7
:10C92000B0FBF1F08E49C8600846C06806282FD8D1
:10C930000620C8602CE000208749087087490870ED
:10C940007E4908708649C86022E02FE07F48006871
:10C950008049884219D37D4800688349884214D8A9
:10C960007A4800687B49401AC0EB803043F27E6110
:10C97000B0FBF1F07A49C86001207749087000E007
:10C9800010E000207549087002E000207449C8607A
:10C990007348C06843F6FF71884202D30846704965
:10C9A000C860AEE000206E49C860AAE06348007825
:10C9B000012833D159480068032803D0584800683B
:10C9C00003282BD1614800685E49884208D95F4836
:10C9D00000686649884203D200206149C86013E0BC
:10C9E0005A480068614988420BD358480068401A89
:10C9F000C0EB803041F69C01B0FBF1F05849C860B3
:10CA000002E000205649C8605548C06843F6FF71EF
:10CA1000884276D308465249C86072E04748007899
:10CA2000022833D13F480068032803D044480068F7
:10CA300003282BD1454800684D49884208D943480E
:10CA400000684C49884203D200204549C86013E081
:10CA50003E480068474988420BD33C480068401A6A
:10CA6000C0EB803041F2A861B0FBF1F03C49C860F6
:10CA700002E000203A49C8603948C06843F6FF71B7
:10CA800088423ED308463649C8603AE02B480078D1
:10CA9000042833D124480068032803D023480068C1
:10CAA00003282BD1294800682249884208D9274801
:10CAB00000682149884203D200202949C86013E058
:10CAC000224800681C4988420BD320480068401A5D
:10CAD000C0EB803041F27071B0FBF1F02049C860CA
:10CAE00002E000201E49C8601D48C06843F6FF717F
:10CAF000884206D308461A49C86002E00020184957
:10CB0000C8600E48007818B91548C0681549086013
:10CB100070470000600300206403002068030020C9
:10CB20006C03002070030020780300207C030020A9
:10CB300044030020B08F060090BE06005B03002077
:10CB40007403002028F90600100B00205403002075
:10CB5000389D07006EC60700890300208803002067
:10CB60005005002080030020E8500800F422070050
:10CB700048470700F076070030B52DED028B91B0E5
:10CB800005462022444909A804F054FC20224249C9
:10CB9000203101A804F04EFC00243CE009A850F824
:10CBA0002400A8422FD209A9601C51F82000A842F5
:10CBB00029D301A9601C51F8200051F82410401A13
:10CBC00009A951F82410691A484300EE100AF8EE3A
:10CBD000400A09A9601C51F8200051F82410401A9D
:10CBE00000EE100AB8EE400A80EE801A01A850F854
:10CBF000240000EE100AB8EE400A31EE000AB0EE52
:10CC0000408A072405E000EE105AB8EE400AB0EE64
:10CC1000408A601C84B2072CC0DBBDEEC80A10EE4F
:10CC2000100A11B0BDEC028B30BD00200520012898
:10CC300004D10021194A516151760FE00AE01749E9
:10CC40004969164A9268891A144A51611146497E07
:10CC5000491E51761149497E8142F0D20F494969F6
:10CC60000F4A126811440D4A51611146497E491C10
:10CC700051761146497E002907DD11464969527EE9
:10CC8000B1FBF2F1054A916005E005490968034AE4
:10CC90009160002151767047982901001409002005
:10CCA0004403002070B504460D462A462146FB4841
:10CCB00003F0DFFA70BD08B510220021012004F056
:10CCC000F3F94FF44060F54B0022F5490090012044
:10CCD00004F001FA00231A460521012004F01AFA93
:10CCE00000220421012004F099FAEE48006940F086
:10CCF0008000EC49086108BD70B504460D46FFF799
:10CD0000DAFF0021012004F011FB0020E649086051
:10CD1000282000F01F02012191404209920002F1F7
:10CD2000E022C2F8001100BFDC48406840F48040B7
:10CD3000DA49486070BD10B502460B46002000215C
:10CD400004E0545C0444E0B24C1CE1B29942F8DBCC
:10CD500010BD70B505460C46611E2846FFF7EBFF77
:10CD60000646601E2E54E1B22846FFF79BFF0020C6
:10CD700070BD70B505460C46611E2846FFF7DBFF07
:10CD80000646601E2E54C8480068012803D1E1B24F
:10CD90002846FFF7B1FF002070BD1CB500200090B1
:10CDA000019055208DF8000056208DF801000920D3
:10CDB0008DF8020000208DF8030005216846FFF77A
:10CDC000C8FF1CBD1CB500200090019055208DF8B7
:10CDD000000056208DF801000B208DF80200002085
:10CDE0008DF8030005216846FFF7B3FF1CBD1CB595
:10CDF00000200090019055208DF8000056208DF8FD
:10CE000001000D208DF8020000208DF8030005219F
:10CE10006846FFF79EFF1CBD1CB5002000900190E6
:10CE200055208DF8000056208DF8010013208DF854
:10CE3000020000208DF8030005216846FFF789FFF6
:10CE40001CBD1CB500200090019055208DF80000FD
:10CE500056208DF8010007208DF8020000208DF883
:10CE6000030005216846FFF774FF1CBD1CB50020B8
:10CE70000090019055208DF8000056208DF801009B
:10CE800016208DF8020000208DF803000521684669
:10CE9000FFF75FFF1CBD1CB50020009001905520DE
:10CEA0008DF8000056208DF801000F208DF802004B
:10CEB00000208DF8030005216846FFF74AFF1CBDDE
:10CEC0001FB50020009001900290039055208DF82E
:10CED000000056208DF8010011208DF80200062078
:10CEE0008DF80300714800788DF804006F48407891
:10CEF0008DF805006D4880788DF806006B48C07885
:10CF00008DF80700694800798DF808006748407976
:10CF10008DF809000B216846FFF71BFF1FBD10B5F8
:10CF200090B04021684604F09EFA61488078F2286B
:10CF30007DD060480068052879D15D480078552883
:10CF400050D15B4840785628FAD15948807801285A
:10CF500049D15748C078002845D104215448FFF7EB
:10CF6000EAFE554908705248007909788842E7D1AD
:10CF700055208DF8000056208DF8010002208DF814
:10CF800002000A208DF80300BD208DF8040028203F
:10CF90008DF8050047208DF8060009208DF8070060
:10CFA000FC208DF80800C7208DF8090052208DF86C
:10CFB0000A007C208DF80B00FF208DF80C003F202C
:10CFC0008DF80D000F216846FFF7C3FE0020394998
:10CFD0000860002404E0002035490855601CC4B2F4
:10CFE000042CF8DDCDE2324880780328FAD13048AD
:10CFF000C0780028F6D104212D48FFF79CFE2E4969
:10D0000008702B48007909788842EBD155208DF8BB
:10D01000000056208DF8010004208DF80200102039
:10D020008DF8030031208DF80400302000E054E03A
:10D030008DF8050069208DF806006E208DF8070038
:10D0400063208DF8080068208DF8090020208DF8F5
:10D050000A0050208DF80B0065208DF80C006E2022
:10D060008DF80D0054208DF80E0061208DF80F0012
:10D0700062208DF810006C208DF8110065208DF86D
:10D08000120074208DF8130015216846FFF761FE29
:10D09000002008490860002415E000000010074047
:10D0A0002408002000800040D8030020BD03002099
:10D0B000020C0020C4030020C80300200020F9490E
:10D0C0000855601CC4B2042CF8DD0120F649087034
:10D0D000F6490870F649087053E2F2488078F22861
:10D0E0007AD0F4480068062876D1EE4800785528B2
:10D0F000F2D1EC4840785628EED1EA4880781228E0
:10D1000024D1E848C078012820D10521E548FFF75F
:10D1100012FEE9490870E34840790978884208D14D
:10D12000E0480079012804D1E44908700020E4496E
:10D1300008700020DF490860002404E00020D9497D
:10D140000855601CC4B2052CF8DD1AE2D548807879
:10D150000A2822D1D348C07801281ED10521D14800
:10D16000FFF7E9FDD4490870CE4840790978884234
:10D1700006D1CC480079D34908700120D249087003
:10D180000020CC490860002404E00020C54908556F
:10D19000601CC4B2052CF8DDF3E1C24880780C288D
:10D1A00023D1C048C07801281FD10521BD48FFF711
:10D1B000C2FDC1490870BB4840790978884206D150
:10D1C000B8480079C14908700120BF4908700020A3
:10D1D000B8490860002405E02EE00020B149085558
:10D1E000601CC4B2052CF8DDCBE1AE488078142871
:10D1F000ABD1AC48C0780128A7D10521A948FFF7D9
:10D200009AFDAD490870A74840790978884206D14F
:10D21000A4480079AE4908700020A4490870002095
:10D22000A4490860002404E000209E490855601CC1
:10D23000C4B2052CF8DDA4E19A488078F22840D0E9
:10D240009C4800680B283CD1964800785528A3D10B
:10D250009448407856289FD1924880780E289BD1D8
:10D260009048C078062897D10A218E48FFF763FDC1
:10D27000914908708B48807A097888428CD1894816
:10D2800000799449087087484079487085488079CA
:10D2900088708448C079C8708248007A08718148D3
:10D2A000407A487100208049087082490860002453
:10D2B00004E000207B490855601CC4B20A2CF8DD4C
:10D2C0005FE178488078F22867D07A4800681828AB
:10D2D00063D174480078552886D172484078562822
:10D2E000A9D1704880780828A5D16E48C078132845
:10D2F000A1D117216B48FFF71EFD6F4908706948DF
:10D30000C07D0978884296D16648007972490870D4
:10D310006448407948706348807988706148C07972
:10D32000C8706048007A08715E48407A48715D486C
:10D33000807A88715B48C07AC8715A48007B08724D
:10D340005848407B48725748807B88725548C07B5C
:10D35000C8725448007C08735248407C4873514856
:10D36000807C88734F48C07CC8734E48007D087429
:10D370004C48407D48744B48807D887400204C495F
:10D3800008704C490860002404E000204549085515
:10D39000601CC4B2172CF8DDF3E042488078F22814
:10D3A0001BD1444800680F2817D10E213D48FFF7D4
:10D3B000C2FC414908703B48807B09788842EBD128
:10D3C00000203C490860002404E00020354908554D
:10D3D000601CC4B20E2CF8DDD3E032488078F2280D
:10D3E000DAD13448006819285AD12E4800785528D7
:10D3F00056D12C484078562852D12A480079022824
:10D4000070D128484079B0286CD118212548FFF701
:10D4100092FC294908702348007E097888423FD150
:10D420002048807900F07F002C4908701D488079E1
:10D4300000F07F002A49087055208DF80000562022
:10D440008DF80100F3208DF802000A208DF803000A
:10D4500002208DF80400B0208DF8050001208DF821
:10D46000060000208DF807008DF808008DF80900EF
:10D470008DF80A008DF80B008DF80C008DF80D006A
:10D480000E216846FFF765FC00200A490860002469
:10D4900004E0002003490855601CC4B2182CF8DDD4
:10D4A0006FE01FE0020C0020B2030020B303002055
:10D4B000B4030020C4030020C8030020B6030020EA
:10D4C000B5030020AF030020B0030020B10300200B
:10D4D000C3030020B7030020EE0B0020310300201F
:10D4E000B70100205748007902284AD155484079B1
:10D4F000B82846D153488079042842D11821514890
:10D50000FFF719FC504908704E48007E09788842A0
:10D5100037D155208DF8000056208DF80100F320FA
:10D520008DF802000A208DF8030002208DF8040017
:10D53000F2208DF8050001208DF8060043480078A0
:10D540008DF80700424800788DF8080000208DF81B
:10D5500009008DF80A008DF80B008DF80C008DF88D
:10D560000D000E216846FFF7F4FB002039490860E2
:10D57000002404E0002033490855601CC4B2182C74
:10D58000F8DD10B010BD70B5FF253348C46904F450
:10D59000807010B904F48050B8B1304800780A287F
:10D5A00002DB00202B4908602B480068C5B2002030
:10D5B0002A490870234827490968455425480068C6
:10D5C000401C24490860FFF7AAFC70BD00BF244836
:10D5D000806800F0010070B100BF2148806820F031
:10D5E000020040F001001E49886000BF1D4800682D
:10D5F000401C1C49086070471B49086800F0010185
:10D6000041B10221194A116040F6FF71164A121DFC
:10D61000116015E000F0020191B113490831096869
:10D6200001F0020161B102210F4A083211600A497A
:10D63000496821F48041084A516001210B4A116078
:10D6400070470000020C0020C8030020AF03002038
:10D65000B1030020C403002000100740C9030020CC
:10D6600020000540380100201C840040D803002021
:10D67000F0B505460C461F4600203FB9002103E0E7
:10D6800001F1010C0CF0FF019142F9D32B461E462B
:10D690002846002112E054F821C09C4501D954F8D5
:10D6A000213054F821C0B44501D254F8216054F817
:10D6B00021C0604401F1010C0CF0FF019142EAD35A
:10D6C000A0EB030CACEB0600A2F1010CB0FBFCF0EC
:10D6D000D1B209E004EB810C5CF804CC44F821C021
:10D6E000A1F1010C0CF0FF010029F3D12560F0BD80
:10D6F0002DE9F0410746BFB9002013E0DFF808C567
:10D70000BCF800C0DFF8048548F820C0DFF800C589
:10D71000BCF800C0DFF8FC8448F820C000F1010C20
:10D720000CF0FF000928E9DBDFF8DCC4BCF80030AE
:10D730001C46BCF80010DFF8D8C4BCF800502E46D8
:10D74000BCF80020002035E0DFF8C0C45CF820C041
:10D750009C4503D9DFF8B4C45CF82030DFF8ACC4D2
:10D760005CF820C0A44503D2DFF8A0C45CF82040D8
:10D77000DFF898C45CF820C06144DFF898C45CF816
:10D7800020C0AC4503D9DFF88CC45CF82050DFF82A
:10D7900084C45CF820C0B44503D2DFF878C45CF8D8
:10D7A0002060DFF870C45CF820C0624400F1010C16
:10D7B0000CF0FF000928C7DBA1EB030CACEB040164
:10D7C000C908A2EB050CACEB0602D208082013E056
:10D7D000A0F1010CDFF8348458F82CC048F820C0C0
:10D7E000A0F1010CDFF82C8458F82CC048F820C0B8
:10D7F000A0F1010C0CF0FF000028E9D1DFF808C40B
:10D80000BCF800C0DFF80484C8F800C0DFF800C42A
:10D81000BCF800C0DFF8FC83C8F800C0DFF8F8836C
:10D82000A8F80010DFF8F483A8F80020BDE8F08124
:10D8300010B50246F44B1B88F74C2488A34205DD43
:10D84000F14B1B88F44C2488181B04E0F24B1B8816
:10D85000ED4C2488181BEE4B1B88F04C2488A34207
:10D8600006DDEB4B1B88ED4C24881B1B184405E0A0
:10D87000EA4B1B88E64C24881B1B1844AAB1B0F560
:10D880007A7F01D903210EE0B0F5487F01D9042148
:10D8900009E0B0F5807F01D9052104E0642801D9B1
:10D8A0000A2100E00A211E2100E00A21012907D1F6
:10D8B0000023DB4C2360DB4C2360DB4C237017E040
:10D8C00012E0D74B1B68D44C24881B1BD44C23601C
:10D8D000D44B1B68D14C24881B1BD24C2360D24BE9
:10D8E0001B785B1ED04C2370CF4B1B788B42E8D249
:10D8F000CB4B1B68C44C24882344C94C2360C94BC0
:10D900001B68C34C24882344C64C2360C64B1B7839
:10D910005B1CC54C237023461B78002B0FDDC04BCE
:10D920001B682478B3FBF4F3BB4C2380BD4B1B680E
:10D93000BD4C2478B3FBF4F3B84C23800AE0B24B1F
:10D940001B88B54C2380B24B1B88B44C238000232A
:10D95000B54C237010BD2DE9FF4F82468B46129CBB
:10D96000B2480078B2490870B2480078B2490870ED
:10D97000B2480078B2490870B2480078B2490870DD
:10D9800000276078012801D1062708E06078022886
:10D9900001D1082703E06078032800D10A2707EBAC
:10D9A000D7720399B1EB620F11DC02209F49087016
:10D9B0000120A64908700020A54908701098F8B108
:10D9C0000020A24908700120A149087021E007EB5E
:10D9D000D7714A100E998A1A03998A4211DA0220E5
:10D9E00092490870002099490870012098490870F0
:10D9F000109828B1012095490870002094490870BA
:10DA000007E001208949087000209049087090497A
:10DA1000087007EBD7720D99B1EB620F11DC022091
:10DA20008449087001208B49087000208A490870D9
:10DA30001198F8B1002087490870012086490870C4
:10DA400021E007EBD7714A100F998A1A0D998A4283
:10DA500011DA02207749087000207E490870012001
:10DA60007D490870119828B101207A49087000207A
:10DA70007949087007E001206E4908700020754957
:10DA800008707549087007EBD771012202EB61023B
:10DA900003998A4203DB0220684908700FE007EB14
:10DAA000D7714910491C0E9A521A03998A4203DA17
:10DAB00002206249087002E001206049087007EB0B
:10DAC000D771012202EB61020D998A4203DB022029
:10DAD0005C4908700FE007EBD7714910491C0F9A99
:10DAE000521A0D998A4203DA02205649087002E060
:10DAF00001205449087000250026A846A946109820
:10DB000028B1F42050F80A50DAF81C6004E0DAF882
:10DB10001C50F42050F80A60119828B1F42050F8F5
:10DB20000B80DBF81C9004E0DBF81C80F42050F83C
:10DB30000B904A4800784A4908701098A8B1F42020
:10DB400050F80A00DAF81C10814206D943480078E0
:10DB500020F00100414908701CE04048007820F0A6
:10DB60000100401C3D49087014E0F42050F80A0000
:10DB7000DAF81C10814206D23848007820F0010003
:10DB80003649087006E03548007820F00100401C56
:10DB9000324908701198A8B1F42050F80B00DBF856
:10DBA0001C10814206D92D48007820F002002B4934
:10DBB00008701CE02948007820F00200801C2749EA
:10DBC000087014E0F42050F80B00DBF81C108142C0
:10DBD00006D22248007820F002002049087006E0B2
:10DBE0001E48007820F00200801C1C4908701C4868
:10DBF00000781A490978884236D01A480078401CC3
:10DC00001849087033E00000FA030020340E0020A9
:10DC1000FC030020580E0020020400200404002011
:10DC2000080400200C04002010040020E003002061
:10DC3000E1030020E2030020E3030020E4030020CE
:10DC4000E5030020E6030020E7030020E9030020AD
:10DC5000E8030020EA030020EB0300200604002074
:10DC600007040020EC0300200020FA490870F9485E
:10DC70000078032803DD0020F649087003E0F64829
:10DC80000078F6490870B0EE080AF0EE080AA078AD
:10DC900003EE100AB8EE433AF2EE043A83EE231A8A
:10DCA000A07803EE100AB8EE433AF2EE043AC3EE5F
:10DCB000231AA07803EE100AB8EE433AF2EE043AC3
:10DCC00083EE232AA07803EE100AB8EE433AF2EE70
:10DCD000043AC3EE232AE248007801287AD1AE4202
:10DCE0003CD3207801281CD1701B03EE100AB8EE3B
:10DCF000433AC3EE003ABCEEE33A13EE100AD949B8
:10DD00000880A08809880144B1EB400F02DDA0889B
:10DD1000400003E0A088D34909880844D14908801D
:10DD20000EE0207860B9701B03EE100AB8EE433A9B
:10DD3000C3EE003ABCEEE33A13EE100AC94908807C
:10DD4000701B03EE100AB8EE433AC3EE003ABCEE85
:10DD5000E33A13EE100AC44908803FE0AE423AD2DB
:10DD60002078012819D1A81B03EE100AB8EE433A17
:10DD7000C3EE003ABCEEE33A13EE100AB94908804C
:10DD8000A0880988884201DA002003E0A088B5490C
:10DD90000988401AB34908800EE0207860B9A81BB2
:10DDA00003EE100AB8EE433AC3EE003ABCEEE33A93
:10DDB00013EE100AAB490880A81B03EE100AB8EE58
:10DDC000433AC3EE003ABCEEE33A13EE100AA6491A
:10DDD000088003E007E00020A2490880A1480088ED
:10DDE000A24908809EE09E48007802284BD1A048B6
:10DDF0000078C0B3E088B0421ED9E088801B03EEF3
:10DE0000100AB8EE433A23EE213ABCEEC33A13EEC1
:10DE1000100A94490880A0880988884201DA002005
:10DE200003E0A0888F490988401A8E490880E0885D
:10DE3000801B8D49088021E0E088301A03EE100A2B
:10DE4000B8EE433AC3EE213ABCEEE33A13EE100AC1
:10DE500084490880A08809880144B1EB400F03DDA4
:10DE6000A088400004E00EE0A0887E4909880844AC
:10DE70007C490880E088301A7B490880207870BB94
:10DE800078490E804EE07648007802284AD17948D9
:10DE9000007820B32089A84222D92089401B03EEB4
:10DEA000100AB8EE433A23EE013ABCEEC33A13EE41
:10DEB000100A6C490880A08809880144B1EB400F22
:10DEC00002DDA088400003E0A08866490988084474
:10DED000644908802089401B634908801EE021E0D6
:10DEE0002089281A03EE100AB8EE433AC3EE013A2D
:10DEF000BCEEE33A13EE100A5A490880A08809885C
:10DF0000884201DA002003E0A08856490988401AB7
:10DF1000544908802089281A53490880207808B974
:10DF200050490D8054480078012873D1C14534D33D
:10DF3000207801281DD1A9EB080003EE100AB8EEE5
:10DF4000433AC3EE203ABCEEE33A13EE100A4B49D3
:10DF50000880608909880144B1EB400F02DD6089C7
:10DF6000400003E060894549098808444349088026
:10DF70000FE0207868B9A9EB080003EE100AB8EEAC
:10DF8000433AC3EE203ABCEEE33A13EE100A3B49A3
:10DF900008803B49A1F8009036E0C14531D2207895
:10DFA00001281AD1A8EB090003EE100AB8EE433A93
:10DFB000C3EE203ABCEEE33A13EE100A2F49088074
:10DFC00060890988884201DA002003E060892B49D2
:10DFD0000988401A294908800FE0207868B9A8EB21
:10DFE000090003EE100AB8EE433AC3EE203ABCEE45
:10DFF000E33A13EE100A214908802149A1F8008074
:10E0000002E000201D4908801C4800881D49088046
:10E01000B2E0FFE718480078022862D11A48007879
:10E02000B8B1A089484538D9A089A0EB090003EE12
:10E03000100AB8EE433A23EE023ABCEEC33A13EEAE
:10E04000100A0E4908806089098888421EDA00207B
:10E0500020E046E0EC030020070400200604002036
:10E06000E0030020EE030020F6030020F20300206E
:10E07000E9030020E8030020E2030020F003002071
:10E08000F8030020F4030020EA030020608981499E
:10E090000988401A7F4908801DE0A089A9EB00008B
:10E0A00003EE100AB8EE433AC3EE023ABCEEE33A8E
:10E0B00013EE100A77490880608909880144B1EBA2
:10E0C000400F02DD6089400003E0608971490988E2
:10E0D0000844704908802078F0BB6E49A1F8009090
:10E0E0004AE06D480078022846D16C48007898B321
:10E0F000E08940451ED9E089A0EB080003EE100A34
:10E10000B8EE433A23EE223ABCEEC33A13EE100ABD
:10E1100060490880608909880144B1EB400F02DD45
:10E120006089400003E060895A49098808445949D8
:10E1300008801CE0E089A8EB000003EE100AB8EEAE
:10E14000433AC3EE223ABCEEE33A13EE100A5149C9
:10E1500008806089098800E00EE0884201DA00202A
:10E1600003E060894B490988401A4A4908802078B1
:10E1700010B94849A1F800804948007802280BD11D
:10E1800048480078022807D1474800884749088056
:10E19000474800883F4908800298006818B90299EA
:10E1A0000868FFF745FB4148008842490880394824
:10E1B00000884149088002990868FFF799FA029897
:10E1C0001E223E4903683E480088FFF751FA3C4949
:10E1D000088002981E223B4903683B480088FFF7ED
:10E1E00047FA3949088036480088C0EB0010C00063
:10E1F000A188490090FBF1F031490880324800883D
:10E20000C0EB0010C0006189490090FBF1F02E497D
:10E210000880AE4205D92A4800883C382849088041
:10E2200011E0AE420AD226480088C0F13C002449E1
:10E230000880084600884042088004E0AE4202D1CF
:10E2400000201F490880C14505D91F4800883C3877
:10E250001D49088011E0C1450AD21B480088C0F161
:10E260003C0019490880084600884042088004E0C4
:10E27000C14502D10020144908801148007841B2FC
:10E28000139801701048007841B214980170BDE8ED
:10E29000FF8F0000F0030020E2030020EB030020CA
:10E2A000E6030020E4030020F2030020EE03002038
:10E2B000F4030020FA030020FC030020A40C00203B
:10E2C000020400206C0D00200404002010B5044658
:10E2D0004BA0216803F05AFC4CA0616803F056FC87
:10E2E0004DA0A16803F052FC4EA0E16803F04EFC83
:10E2F0004FA0216903F04AFC50A0616903F046FC7D
:10E3000051A0A16903F042FC52A0E16903F03EFC78
:10E3100010BD044652A003F039FC2046FFF7D6FF9B
:10E3200000BFFEE700BF5449896901F400010029DC
:10E33000F9D1514908600A2809D100BF4E498969BD
:10E3400001F400010029F9D10D214B4A11607047F9
:10E3500000B503461846FFF7E5FF00BD08E0464854
:10E36000806900F4804018B943480068C0B2704723
:10E37000F5E741488069C0F3803070473E488069C6
:10E38000C0F30070704710B504462046FFF7E0FF69
:10E3900010BD30B504460D462046FFF7D9FF204694
:10E3A00030BD30B50446134617E000BF32488069DF
:10E3B00000F400000028F9D111F8010B2E4D28605F
:10E3C00008780A2809D100BF2B48806900F40000B2
:10E3D0000028F9D10D20284D2860181EA3F1010353
:10E3E000E3D1104630BD034600BF2348806900F4E6
:10E3F00080400028F9D1204800680870012070474B
:10E40000723020203D20307825780A00723120209B
:10E410003D20307825780A00723220203D20307867
:10E4200025780A00723320203D20307825780A00B4
:10E43000723132203D20307825780A006C7220201D
:10E440003D20307825780A00706320203D20307808
:10E4500025780A00707372203D20307825780A00F4
:10E46000496E2048617264204661756C7420486171
:10E470006E646C65720A00000010074010B503E07E
:10E4800011F8013B00F8013B131EA2F10102F7D184
:10E4900010BD10B5F84B1860F84B1960F84B1A60B6
:10E4A000F54B1B681B68DB79F64C23604FF4FA636D
:10E4B000F54C2361F44B90331B6843F00103C4F81F
:10E4C000903010BDF148F249096841434FF0E02215
:10E4D0005161002191610521116100BF00BF4FF022
:10E4E000E021096901F480310029F8D000214FF0C2
:10E4F000E022116100BFE4489030006820F0010084
:10E50000E149C1F8900040F20F10486008460068E9
:10E5100040F20F110843DC490860704710B504460B
:10E520000822DC492046FFF7A9FF10BDDA4A106037
:10E530000022DA4B1A60DA4A1160D24A1268D94BCB
:10E540001A60704770B505460C46CE480068844294
:10E5500021D9CC4800682844D3490860C9480068DC
:10E56000201AD2490860CF480C38006840F080007B
:10E57000CC490C390860CB4914390968CC4A881851
:10E58000C0490A682946FFF779FFBE480068C549B7
:10E590001039086018E00020C3490860C3490860CA
:10E5A000C0480C38006840F08000BE490C39086053
:10E5B000BC4914390968BE4A881822462946FFF723
:10E5C0005DFFB8481038046070BD70B50020B949CF
:10E5D00008700024AF48C479240280790444AD480F
:10E5E000C07803287AD004DC012807D0022874D12F
:10E5F00011E021282DD02228F9D148E0122C01D297
:10E60000204600E0122004469B490968086821461C
:10E61000FFF798FFF9E3984800684068C578964886
:10E6200000684068807800EB0525AC420AD92C468A
:10E6300094480068B4FBF0F100FB114010B90120D0
:10E640009C4908708C49096848682146FFF77AFFA1
:10E65000E0E7092C01D2204600E0092004468D485D
:10E66000007901280EDA84480068406989490979EF
:10E6700050F8215080490968496848192146FFF738
:10E6800061FF03E000210846FFF75CFFC2E77A481C
:10E69000006800697F49097950F82100A04210D232
:10E6A0007548006800697B49097950F82140754830
:10E6B0000068B4FBF0F100FB114010B901207D4966
:10E6C00008706D490968C968724A127951F82200C8
:10E6D0002146FFF737FF9DE700E0FDE36D488078B6
:10E6E00040B9FE2C03D102207349086002E00120EA
:10E6F0007149086067488078C82871DC654880786F
:10E7000005286EDC6348807803286BD102226B49B0
:10E710001020FDF790FD6948006869490860674866
:10E720004068684908601E206749087003204870E7
:10E7300063480068C0F30310644908600846006835
:10E74000092805D90846006837305F49887004E019
:10E750005E48006830305C49887000205A49C870B3
:10E760005748006800F00F005849086008460068E4
:10E77000092805D90846006837305349087104E074
:10E780005248006830305049087100204E494871A5
:10E790004B480068C0F303304C49086008460068E5
:10E7A000092805D90846006837304749887104E0D0
:10E7B0004648006830304449887100204249C87199
:10E7C0003F480068C0F303204049086008460068DD
:10E7D000092808D90846006837303B49087207E025
:10E7E000FEE387E15FE1394800683030364908725E
:10E7F00000203549487232480068C0F3035033495D
:10E80000086008460068092805D9084600683730BE
:10E810002D49887204E02D48006830302A498872FA
:10E8200000202949C87226480068C0F303402749E0
:10E83000086008460068092805D90846006837308E
:10E840002149087304E02148006830301E490873EC
:10E8500000201D4948731A4800680F2101EA107012
:10E860001A49086008460068092831D90846006836
:10E8700037301549887330E06804002070040020A8
:10E88000740400205804002000000C40A086010001
:10E89000040000201C040020440400204804002040
:10E8A0004C04002014050C403C04002040040020CF
:10E8B00000010C40640400202C0400207C0E002089
:10E8C00030040020340400209C0E00203804002076
:10E8D000FE4800683030FE4988730020FC49C87348
:10E8E000FC480068C0F30360F84908600846006807
:10E8F000092805D9084600683730F549087404E04E
:10E90000F24800683030F24908740020F049487439
:10E91000F1480068C0F30310EC490860084600683D
:10E92000092805D9084600683730E949887404E0A9
:10E93000E64800683030E64988740020E449C8742D
:10E94000E548006800F00F00E049086008460068EC
:10E95000092805D9084600683730DD49087504E004
:10E96000DA4800683030DA4908750020D84948751F
:10E97000D9480068C0F30330D449086008460068ED
:10E98000092805D9084600683730D149887504E060
:10E99000CE4800683030CE4988750020CC49C87513
:10E9A000CD480068C0F30320C849086008460068E5
:10E9B000092805D9084600683730C549087604E0BB
:10E9C000C24800683030C24908760020C049487605
:10E9D000C1480068C0F30350BC490860084600689D
:10E9E000092805D9084600683730B949887604E017
:10E9F000B64800683030B64988760020B449C876F9
:10EA0000B5480068C0F30340B04908600846006894
:10EA1000092805D9084600683730AD49087704E071
:10EA2000AA4800683030AA4908770020A8494877EA
:10EA3000A8480068401C08BBA7480068401CE8B90B
:10EA4000A64800688068C0680078A0420ED2A3483B
:10EA500000688068C0680478A1480068B4FBF0F1E1
:10EA600000FB114010B901209E4908709B490968BC
:10EA70008968C8682146FFF765FD0AE29448007876
:10EA8000A0420BD29248047895480068B4FBF0F19C
:10EA900000FB114010B901209249087021468C48B2
:10EAA000FFF750FDE9E78D48006880688E49897856
:10EAB00050F821000078A04211D288480068806890
:10EAC0008949897850F82100047885480068B4FBAA
:10EAD000F0F100FB114010B90120824908707F4914
:10EAE00009688968804A927851F822002146FFF728
:10EAF00029FDEBE37C48807864281DD177480068C5
:10EB00008068C0690078A0420ED2744800688068AE
:10EB1000C069047872480068B4FBF0F100FB114052
:10EB200010B901206F4908706C4909688968C86983
:10EB30002146FFF707FDC9E36B48807862281DD1A5
:10EB400066480068806880690078A0420ED26348F9
:10EB5000006880688069047861480068B4FBF0F15F
:10EB600000FB114010B901205E4908705B4909683B
:10EB7000896888692146FFF7E5FCA7E35A48807851
:10EB800065281DD1554800688068006A0078A04259
:10EB90000ED2524800688068006A047850480068C5
:10EBA000B4FBF0F100FB114010B901204D49087091
:10EBB0004A4909688968086A2146FFF7C3FC85E36A
:10EBC0004948807866281DD1444800688068406ABA
:10EBD0000078A0420ED2414800688068406A0478FC
:10EBE0003F480068B4FBF0F100FB114010B9012070
:10EBF0003C490870394909688968486A2146FFF725
:10EC0000A1FC63E33848807867284CD13748007806
:10EC1000E8B9324800688068C06E0078A0420ED221
:10EC20002E4800688068C06E04782D480068B4FBE8
:10EC3000F0F100FB114010B901202A490870274962
:10EC400009688968C86E2146FFF77CFC3EE308200E
:10EC500027490870032048702448007888702348AA
:10EC60004078C8702148807808712048C078487181
:10EC70001E48007988711D484079C871084600789F
:10EC8000A0420BD20846047815480068B4FBF0F1A6
:10EC900000FB114010B90120124908701448017896
:10ECA000FFF750FC12E310488078682832D10B48F7
:10ECB00000688068006F0078A04223D2074800688F
:10ECC0008068006F04780648006813E0380400206C
:10ECD0009C0E002030040020340400206804002032
:10ECE00058040020640400201C040020B703002006
:10ECF000BA0E0020B4FBF0F100FB114010B9012066
:10ED0000FE490870FE4909688968086F2146FFF7C7
:10ED100019FCDBE2FB48807869281DD1F8480068BF
:10ED20008068406F0078A0420ED2F5480068806885
:10ED3000406F0478F4480068B4FBF0F100FB114028
:10ED400010B90120ED490870ED4909688968486FDC
:10ED50002146FFF7F7FBB9E2EA488078782855D1D9
:10ED6000EA480078E8B9E64800688068806A007878
:10ED7000A0420ED2E24800688068806A0478E248C7
:10ED80000068B4FBF0F100FB114010B90120DB4931
:10ED90000870DB4909688968886A2146FFF7D2FB59
:10EDA00094E20C20DA49087003204870282088700B
:10EDB000BD20C8700920087147204871D3480078E9
:10EDC0008871D2484078C871D04880780872CF489E
:10EDD000C0784872CD4800798872CC484079C872B2
:10EDE00008460078A0420BD208460478C64800685E
:10EDF000B4FBF0F100FB114010B90120BF490870CD
:10EE0000C3480178FFF79EFB60E25FE2BD4880786F
:10EE10006E281DD1BA4800688068C06A0078A04298
:10EE20000ED2B74800688068C06A0478B6480068A7
:10EE3000B4FBF0F100FB114010B90120AF4908709C
:10EE4000AF4909688968C86A2146FFF77BFB3DE244
:10EE5000AC4880786F281DD1A94800688068006B95
:10EE60000078A0420ED2A64800688068006B047843
:10EE7000A5480068B4FBF0F100FB114010B9012077
:10EE80009E4908709E4909688968086B2146FFF70A
:10EE900059FB1BE29B48807879281ED1984800686E
:10EEA0008068406B0078A0420ED295480068806868
:10EEB000406B047894480068B4FBF0F100FB11400B
:10EEC00010B901208D4908708D4909688968486B1F
:10EED0002146FFF737FBF9E108E28A4880787A2873
:10EEE0001DD1874800688068806B0078A0420ED2F0
:10EEF000834800688068806B047883480068B4FBAE
:10EF0000F0F100FB114010B901207C4908707C49E8
:10EF100009688968886B2146FFF714FBD6E17948B8
:10EF2000807883281DD1764800688068C06B00789F
:10EF3000A0420ED2724800688068C06B04787248A4
:10EF40000068B4FBF0F100FB114010B901206B49DF
:10EF500008706B4909688968C86B2146FFF7F2FAA7
:10EF6000B4E168488078142820D16548006880683A
:10EF7000406C0078A0420ED2614800688068406C06
:10EF8000047861480068B4FBF0F100FB114010B94F
:10EF900001205A4908705A4909688968486C214615
:10EFA000FFF7D0FA00205B4908608FE15548807870
:10EFB000152822D1524800688068806C0078A042F1
:10EFC00010D24F4800688068806C04784E48006812
:10EFD000B4FBF0F100FB114020B90120474900E0EB
:10EFE00075E10870464909688968886C2146FFF711
:10EFF000A9FA01204749086068E14248807816284C
:10F0000020D13F4800688068C06C0078A0420ED2D2
:10F010003B4800688068C06C04783B480068B4FBDB
:10F02000F0F100FB114010B9012034490870344957
:10F0300009688968C86C2146FFF784FA02203549BF
:10F04000086043E12F488078172820D12C480068B9
:10F050008068006D0078A0420ED229480068806860
:10F06000006D047828480068B4FBF0F100FB114003
:10F0700010B9012021490870214909688968086D83
:10F080002146FFF75FFA0320224908601EE11D4870
:10F090008078182820D11A4800688068406D007870
:10F0A000A0420ED2164800688068406D0478164869
:10F0B0000068B4FBF0F100FB114010B901200F49CA
:10F0C00008700F4909688968486D2146FFF73AFAC8
:10F0D000042010490860F9E00A48807819282FD1E7
:10F0E000074800688068806D0078A0421DD20448FF
:10F0F00000688068806D047803480DE06404002097
:10F10000680400201C04002058040020B7030020DD
:10F11000BA0E0020280400200068B4FBF0F100FBC8
:10F12000114010B90120FE490870FE49096889683C
:10F13000886D2146FFF706FA0520FB490860C5E007
:10F14000FA4880781A2820D1F64800688068C06D97
:10F150000078A0420ED2F34800688068C06D047841
:10F16000F3480068B4FBF0F100FB114010B9012036
:10F17000EB490870EB4909688968C86D2146FFF7BB
:10F18000E1F90620E8490860A0E0E84880781B28FB
:10F1900020D1E44800688068006E0078A0420ED25A
:10F1A000E04800688068006E0478E1480068B4FBBD
:10F1B000F0F100FB114010B90120D9490870D9497C
:10F1C00009688968086E2146FFF7BCF90720D6490F
:10F1D00008607BE0D54880781C2820D1D1480068A1
:10F1E0008068406E0078A0420ED2CE4800688068E9
:10F1F000406E0478CE480068B4FBF0F100FB11408B
:10F2000010B90120C6490870C64909688968486E66
:10F210002146FFF797F90820C349086056E0C34824
:10F2200080781D2820D1BF4800688068806E0078F3
:10F23000A0420ED2BB4800688068806E0478BC484B
:10F240000068B4FBF0F100FB114010B90120B44993
:10F250000870B44909688968886E2146FFF772F919
:10F260000920B149086031E0B0488078C8281FD132
:10F27000AC4800688068006C0078A0420ED2A948B3
:10F2800000688068006C0478A9480068B4FBF0F15D
:10F2900000FB114010B90120A1490870A14909687B
:10F2A0008968086C2146FFF74DF9FCF706FF0DE071
:10F2B000A048006840F002009E4908609D48103058
:10F2C000006840F002009B49103108601DE0994839
:10F2D000006840F0020097490860964810300068C6
:10F2E00040F002009349103108600EE09148006838
:10F2F00040F002008F4908608E481030006840F0EE
:10F3000002008C491031086000BF00BF70BD70B5AD
:10F31000002089490860894908608448007800F025
:10F320008000002873D081484078E8B306281DD0BB
:10F33000082802D00A286BD11FE0814800687D4967
:10F340000C3909687F4A114481F800017948001F8F
:10F35000006840F080007749091F08600120091FFC
:10F36000086000210846FFF7E1F8A3E0FFF72DF958
:10F3700000210846FFF7DAF89CE0734800686D4901
:10F380000C3909686F4A114481F800016948001F6F
:10F39000006840F080006749091F08600120091FCC
:10F3A00008600021084600E002E0FFF7BFF881E0B6
:10F3B0005E48007880281DD100205A4909684968B4
:10F3C000C97901F0400109B140F0010055490968CF
:10F3D0004968C97901F0200121B15C49097840EA06
:10F3E0004101C8B253490C390968564A114481F8A1
:10F3F000000139E04D48007881280AD100204D49AC
:10F400000C3909684F4A114481F800012CE052E0A0
:10F4100041E046480078822826D14448007900F02F
:10F420000F04224600200DE0424D2D1F05EB001178
:10F430000B6803F00F05954203D13E4D05EB00111B
:10F4400002E0401C0828EFDB00BF0D6805F0020554
:10F450000DB1012000E0002036490C390968394A15
:10F46000114481F8000100BF002032490C390968BD
:10F47000374A114448702F48001F006840F0800050
:10F480002C49091F08600220091F08600021084656
:10F49000FFF74CF80EE02748006840F002002549CD
:10F4A000086024481030006840F002002149103103
:10F4B000086000BFF4E01D484078052873D004DCE4
:10F4C000012807D003286CD193E009287BD00B28B2
:10F4D000F9D1BFE01548807808BB144A127902F0D0
:10F4E0000F01002046E0134A0C3A02EB001292682A
:10F4F00002F00F028A423CD101228240154B1B6868
:10F500001A404ABB0B4A0C3A02EB0012D26822F0B6
:10F510000203084A0C3A02EB0012D3601DE02CE013
:10F520006404002068040020280400201C0400203B
:10F53000580400200C050C403C040020400400202E
:10F540005404002000000C405C040020240400202F
:10F5500000010C407C0400200BE0D14A0C3A02EB85
:10F560000012926822F08003CD4A0C3A02EB00129E
:10F570009360401C0828B6DB06E0CA488078012862
:10F5800002D10020C8490870C548001F006840F03B
:10F590008000C349091F08600020091F08607EE041
:10F5A00001E06DE00FE0BF488078C0490860BC48CA
:10F5B000001F006840F08000B949091F0860002062
:10F5C000091F08606BE0B7488078B9490860B948FE
:10F5D000006810B1B74800688047B148001F006854
:10F5E00040F08000AE49091F08600020091F086034
:10F5F00055E0AC488078D8B9AA48007900F00F03EC
:10F60000002111E0A64C241F04EB0110026802F057
:10F610000F049C4207D1A24C04EB0110026842F097
:10F620000204046002E0491C0829EBDB00BF05E08E
:10F630009C488078012801D19B4908709848001F98
:10F64000006840F080009649091F08600020091FEB
:10F65000086024E0934880789749086097480068DC
:10F6600010B19648006880478D48001F006840F040
:10F6700080008B49091F08600020091F08600EE008
:10F680008748006840F002008549086084481030CF
:10F69000006840F0020082491031086000BF00BFDE
:10F6A00070BD10B5002086490860082285497D4854
:10F6B000FEF7E4FE7B48007800F0600020B12028CF
:10F6C00005D0402811D109E0FFF721FE1CE07E485B
:10F6D000006810B17C480068804715E07B480068EE
:10F6E00010B17A48006880470EE06D48006840F02D
:10F6F00002006B4908606A481030006840F0020060
:10F7000067491031086000BF00BF10BD10B57048D8
:10F71000006800283AD06E4800686E49096888423F
:10F720001ED95F490C390968664A881869490A6810
:10F7300069490968FEF7A2FE664800685849083919
:10F7400008606548006863490968084462490860C0
:10F750005F4800685F490968401A5D49086032E007
:10F760004F490C390968574A881859490A685A4953
:10F770000968FEF783FE5648006849490839086061
:10F78000002055490860524908601CE0454800784F
:10F7900080B94448407805280CD1504880684349D6
:10F7A0000968884206D04D48806818B93F4800680B
:10F7B0004A4988604A48007828B100203849083909
:10F7C00008604749087010BD10B54448C06800F48F
:10F7D00060503B49096888422DD04048C06800F419
:10F7E0006050374908603F4800683F4909688842CF
:10F7F00026D22B4808300468001F0068314A81185F
:10F8000022463A480068FEF739FE3848006820442E
:10F810003649086033480068204432490860084689
:10F8200000683149096888420AD22A4800681C49A0
:10F830000831086004E02748006819490831086069
:10F8400010BD0021244A1160214A1160274A11602D
:10F85000244A1160244A1160254A1160114900228E
:10F860000A604A6000200CE00D490C3901EB0011E0
:10F87000896821F080020A490C3901EB00118A6085
:10F88000401C0828F0DB0021144A916070470F49A2
:10F89000086070470749086070471549086070475D
:10F8A0000C050C401C0400202404002050040020FF
:10F8B00054040020780400205C040020740400201C
:10F8C0006004002000010C40700400206C04002043
:10F8D00040040020580400203C04002000000C409C
:10F8E00064040020480400204C040020440400204C
:10F8F0007C0400204FF08041496801434FF0804272
:10F90000516070474FF080408069C0F380107047AD
:10F910004FF08040406870472948006800F00100BF
:10F9200080F0010070474FF08040006870474FF052
:10F930008040806840F001004FF08041886070474F
:10F940004FF08040806840F002004FF080418860B6
:10F950007047010E01F18041896801228240114304
:10F96000020E02F180429160010E01F180418A682D
:10F970000121814022EA0101020E02F180429160E0
:10F9800070474FF08042926942F001024FF080438D
:10F990009A611A46926922F0080202439A611A4655
:10F9A000926922F006020A439A6170474FF0804044
:10F9B000806920F001004FF08041886170470000AD
:10F9C00000010040032101EA9071890001F18041AA
:10F9D000D1F8041200F01F0301229A409143032240
:10F9E00002EA9072920002F18042C2F8041270475B
:10F9F00000B5FE48FFF7E6FF00BDF0B50023002488
:10FA0000C0F387256DB1C0F38145F94E06EB85043F
:10FA10002568C0F38726C0F34417BE40B54315439D
:10FA20002560C0F3426575B1C0F30175F04E103E1C
:10FA300006EB85031D68C0F34266C0F30457BE4061
:10FA4000B5430D431D60F0BD032101EA90718900AB
:10FA500001F18041D1F8041200F01F0301229A4005
:10FA60001143032202EA9072920002F18042C2F82E
:10FA70000412704770B504460D46164645F0100056
:10FA800040EA4610DA4940310860D848FFF7DCFF09
:10FA900000222146D548FFF7B0FF70BDD548006869
:10FAA00040F00400D3490860D1482038006840F491
:10FAB000C0708906C1F8000230BF7047CD480068A9
:10FAC00020F00400CB490860C9482038006820F0C5
:10FAD00080008906C1F8000230BF7047C448203852
:10FAE000006800F0010008B1C34870470020FCE73F
:10FAF000BF482038006800F0020010B14FF4004009
:10FB000070470020FCE710B5F6F758FBB8481038EE
:10FB1000006800F0400018B1B8480068400810BD07
:10FB2000B6480068FBE710B5F6F748FBB048103858
:10FB3000006800F0800018B1B0480068400810BDAF
:10FB4000AE480068FBE710B5F6F738FBAB48006835
:10FB500010BD10B5F6F732FBA848006810BD01468D
:10FB6000A74A05E0101EA2F1010201DC0020704747
:10FB70009F483030006808408842F3D10120F6E702
:10FB800070B504460D469A483030006800F0100603
:10FB90004FF08040D0F8000240F004009449203932
:10FBA00008601020FFF7DBFF91481038006820F054
:10FBB0000700C01D4FF08041C1F810028C4800685A
:10FBC00020F00F002843C1F820028948103800684F
:10FBD00020F007002043864910390860F6F7EEFA56
:10FBE00046B983482038006820F004004FF0804177
:10FBF000C1F8000270BD7E482030006840F48030BB
:10FC00004FF08041C1F8400270472DE9F34F85B0B5
:10FC10000C46FFF7F0FF059888B975482038006852
:10FC200040F001004FF08041C1F800020120FFF7D1
:10FC300096FF4FF0000BDFF8C081022510E06C4802
:10FC40002038006840F004004FF08041C1F8000205
:10FC50001020FFF784FF4FF4002BDFF8A881042564
:10FC60006948844204D84010844201D9002712E038
:10FC70006648844205D84010844202D901276400B6
:10FC800009E06348844205D86248844202D30327CE
:10FC9000A40000E04EE04FF0FF3003900020019000
:10FCA00002902CE0B8FBF5FA5B48824526D95B4808
:10FCB000824523D24FF002091BE00AFB09F658489F
:10FCC000864214D35048864211D8A64201D9301B2F
:10FCD00000E0A01B0490DDE90310884207D20498DD
:10FCE00003900195CDF80890039800B905E009F15B
:10FCF000010940F201208145DFD900BF6D1C212D93
:10FD0000D0D94BEA87310198801E41EA4021029800
:10FD1000801E01433648203001600420FFF71FFF9A
:10FD2000781C01994843B8FBF0F00299484307B0AA
:10FD3000BDE8F08F059828B94CF22E002C492031EF
:10FD4000086003E037482A49203108600420FFF7A3
:10FD500006FF00F0BAF8EAE770B5044624483030F0
:10FD6000006800F010053048844200D904462F484E
:10FD7000844200D204461E482038006840F0040047
:10FD80004FF08041C1F800021020FFF7E8FE4FF06D
:10FD90008040D0F8100240F007004FF08041C1F8D9
:10FDA00010020846D0F8200220F00F00C1F820020F
:10FDB0000F483030006800F0010028B161000020D9
:10FDC000FFF723FF04460AE061004FF40020FFF72D
:10FDD0001CFF044606483030006800F01005012181
:10FDE0000220FFF7CDFE5DBB014821E00600C057B1
:10FDF0002002004010ED00E0001BB70000000020D2
:10FE000080F52000008051010065CD1D80B2E60E16
:10FE10004059730780F0FA02006A18000024F400C9
:10FE200000C2EB0B32C4080000A24A0440787D01F6
:10FE30002038006820F004004FF08041C1F8000233
:10FE4000600870BD3649096821F0380101434FF060
:10FE50008042C2F8101270473149103909680143D5
:10FE60004FF08042C2F8001270472D4910390968DE
:10FE700081434FF08042C2F80012704700224FF0D9
:10FE8000E0231A61042805D11A46126942F00402DF
:10FE90001A6108E0224A126822F0380202434FF049
:10FEA0008043C3F810224FF0E022516100224FF04E
:10FEB000E0239A611A46126942F003021A61704700
:10FEC00000204FF0E02108617047F8B5002615A02A
:10FED0000068009012483030016801F4A02008B199
:10FEE0000020F8BD01F4002008B10F4A00E00F4ADD
:10FEF00001F4003008B11046F3E7C1F381371DF873
:10FF00000740C1F30800831CC1F34420851C9008FE
:10FF1000584315FB04F7B0FBF7F086003046E0E7E6
:10FF2000100200400102020400805101001BB700D2
:10FF3000F8B50026E5A000680090E548016801F4E6
:10FF4000A02008B10020F8BD01F4002008B1E14A6A
:10FF500000E0E14A01F4003008B11046F3E7C1F3D4
:10FF600081371DF80740C1F30800831CC1F344200A
:10FF7000851C9008584315FB04F7B0FBF7F086008A
:10FF80003046E0E701F480621AB1702282610822F3
:10FF9000826101F400621AB1426942F001024261D9
:10FFA00001F400520AB1CD4A826101F4803212B1EB
:10FFB0004FF48032C26101F4003212B14FF40032CA
:10FFC000C2617047002141607047416821F440518F
:10FFD0004160704770B504460D466068A843606094
:10FFE000BF48844203D1242000F067F910E0BD48E7
:10FFF000844203D1252000F060F909E0BA48844228
:020000040001F9
:1000000003D1302000F059F902E0312000F055F919
:1000100070BD016941F400710161416941F4807171
:100020004161416841F440514160704770B50446F8
:100030000D46606828436060A948844203D12420AB
:1000400000F030F910E0A748844203D1252000F0E9
:1000500029F909E0A448844203D1302000F022F9B4
:1000600002E0312000F01EF970BD2DE9FF41044689
:100070000D469E4B0FCB8DE80F00002794482C387F
:100080000068C0F301664FF08040D0F82002C0F352
:100090000328002020630320E060A0689449084002
:1000A000A060012E03D1FFF743FF4DF82600FDB1FC
:1000B0005DF8261008F10100B1FBF0F000EB5500EF
:1000C000B0FBF5F0871EB7F5803F0ED35DF8261024
:1000D00008F10100B1FBF0F000EBC500B0FBF5F05A
:1000E0000221C1EB1010606202E047F040506062F4
:1000F000BDE8FF8130B503460C4600210FE0002526
:1001000005E06D1CB5F1804F01D3002030BD98692A
:1001100000F480400028F4D118686054491C9142D2
:10012000EDD30846F2E72DE9FF5F05460C4617467A
:100130009846DDF838B06D4B10330FCB8DE80F00CB
:100140004FF0000A62482C380068C0F301664FF097
:100150008040D0F82002C0F30329012E03D1FFF71D
:10016000E7FE4DF8260004B35DF8261009F1010002
:10017000B1FBF0F000EB5400B0FBF4F0A0F1020A88
:10018000BAF5803F0ED35DF8261009F10100B1FBEE
:10019000F0F000EBC400B0FBF4F00221C1EB101052
:1001A000686202E04AF04050686247EA080040EAAC
:1001B0000B00E860BDE8FF9F026A22F0FF020A43DD
:1001C0000262426842F40062426070472DE9FF47D4
:1001D00004460D469046454B20330FCB8DE80F006B
:1001E000022020633A482C380068C0F301674FF0C2
:1001F0008040D0F82002C0F30329012F03D1FFF77C
:1002000097FE4DF827008DB15DF8271009F1010028
:10021000B1FBF0F000EBC500B0FBF5F00221C1EB43
:1002200010164FF6FF70864200D26662B8F1000FDA
:1002300008D1A06A40F04000A062A06A20F002004D
:10024000A06207E0A06A20F02000A062A06A40F04F
:100250000200A062BDE8FF8710B503230363C36AF1
:10026000244C2340C362C36A41EA02642343C3624D
:1002700010BD30B503460C4600210FE0002505E017
:100280006D1CB5F1804F01D3002030BD986900F09E
:1002900080500028F4D0605C1860491C9142EDD178
:1002A0000846F2E700F01F02012191404209920046
:1002B00002F1E022C2F80011704700F01F02012194
:1002C00091400D4A430942F823107047010202048D
:1002D0004002004000805101001BB70001000001F6
:1002E000000007400010074000200740D829010007
:1002F0000FFFF0FFFFF8FF0080E100E0026D22F445
:1003000080720265026D41F001031A430265704775
:10031000016D21F001010165704730B500F18004E5
:1003200054F82140224D2C4000F1800545F8214031
:100330002C4654F8214042EA03052C4300F1800585
:1003400045F8214030BD30B500F1800454F821401B
:100350004FF6C075AC4300F1800545F821402C46AE
:1003600054F8214043EA02252C4300F1800545F86A
:10037000214030BD026D22F4E0220265036D4A1E69
:1003800043EA02420265704710B500F1800353F85A
:10039000213023F07F4400F1800343F8214053F8DB
:1003A000213043EA026400F1800343F8214010BD8C
:1003B000C0FFE0FF70B5034600200EE0012484403A
:1003C0000C404CB11C6846000325B540AC434500C9
:1003D00002FA05F52C431C60401C1028EED370BDBA
:1003E00010B58469130E8B401C438461C46922F0EC
:1003F0007F438B401C43C46110BD826901238B4045
:100400009A438261C2694FF001138B409A43C261E3
:1004100070470000F8B50026FBA000680090FB487C
:10042000016801F4A02008B10020F8BD01F400200B
:1004300008B1F74A00E0F74A01F4003008B110466D
:10044000F3E7C1F381371DF80740C1F30800831CAF
:10045000C1F34420851C9008584315FB04F7B0FBFA
:10046000F7F086003046E0E72DE9F05F04460D46E0
:10047000924601274FF6FF7BE748844205D1E348C7
:100480002838006800F0010904E0E04828380068D6
:1004900000F00209B9F1000F03D1FFF7BBFF0646D8
:1004A00003E0F5F78BFEDD4806684FF47A70B6FB83
:1004B000F0F6012715E0DA487843B0FBF6F8D045AE
:1004C0000CD2B7F5805F00D10EE0781CD4494843C8
:1004D00008FB06F1884200D806E000E004E0781C42
:1004E00087B2B7F5805FE6DD00BF781E81B20F46A8
:1004F0006A0804F1140040F8221060686A000321C1
:10050000914088436A00012191400843606060681F
:100510004FF48031A9408843606004F1300040F816
:1005200025B04046BDE8F09F2DE9FF5F04460D462B
:10053000994601274FF6FF7BB748844205D1B3485F
:100540002838006800F0010A04E0B0482838006844
:1005500000F0020ABAF1000F03D1FFF75BFF064675
:1005600003E0F5F72BFEAD48066801270DE0029881
:10057000B6FBF0F0B0FBF7F8B8F5803F00D902E029
:100580001FFA88FB05E0781C87B240F6FF708742AF
:10059000EDDB00BF07FB0BF0B6FBF0F8781E81B275
:1005A0000F466A0804F1140040F8221060686A00DF
:1005B0000321914088436A00012191400843606013
:1005C00060684FF48031A94088436060ABF101005E
:1005D00081B28B4604F1300040F82510B9F1000FCC
:1005E0002CD00BF1010009FB00F06421B0FBF1F00D
:1005F000401E04F1500141F8250054F8B00F6A0084
:100600004FF003119140884320602068102101EBD6
:100610004502012191400843206060686A004FF064
:1006200003119140884360606068102101EB45022E
:100630000221914008436060B03C24E0002104F1B5
:10064000500040F8251054F8B00F6A004FF0031125
:100650009140884320602068002101EB4502012180
:1006600091400843206060686A004FF00311914098
:10067000884360606068102101EB450202219140CF
:1006800008436060B03C404604B0BDE8F09F026A99
:100690000A430262704710B50246002009E00123B8
:1006A00083400B4023B1002402F1300343F8204083
:1006B000401C0628F3D310BD026A8A4302627047C9
:1006C00030B504290FD250F8F83FCD000F24AC40CC
:1006D000A343036042F08003CC00A340046823439B
:1006E00040F8F83910E050F8FC3F0C1FE5000F24EB
:1006F000AC40A343036042F080030C1FE400A3401E
:100700000468234340F8FC3930BD10B5042908D2F1
:10071000D0F8F820CC008023A3409A43C0F8F820FA
:1007200008E0D0F8FC200B1FDC008023A3409A4394
:10073000C0F8FC2010BD4FF480338B40C0F820314E
:1007400070470246D2F820014FF480338B401840A6
:1007500008B1012070470020FCE7F0B504460020F6
:10076000A9E0012585400D4025B3812B0DD0822BBA
:100770000BD0882B09D048F20105AB4205D06D1C87
:10078000AB4202D0AD1DAB4215D1460804F1C805FD
:1007900055F8265048F280061E403543470804F1BC
:1007A000C80646F82750D4F8C45003F00F06354366
:1007B000C4F8C4500AE0460804F1C80555F82650AC
:1007C0001D43470804F1C80646F827500125854017
:1007D00015403DB300F001052DBB460804F1C805E6
:1007E00055F8265025F44036470804F1C80545F869
:1007F0002760460855F8265045F44036470804F16E
:10080000C80545F8276055E0010202044002004097
:1008100000805101001BB70000800540000000204F
:1008200040420F0016E0460804F1C80555F826506E
:1008300025F44026470804F1C80545F82760460816
:1008400055F8265045F44026470804F1C80545F8F8
:1008500027602FE000F00105B5B9460804F1C8058E
:1008600055F8265025F44036470804F1C80545F8E8
:100870002760460855F8265045F40036470804F12D
:10088000C80545F8276015E0460804F1C80555F885
:10089000265025F44026470804F1C80545F827608E
:1008A000460855F8265045F40026470804F1C805C7
:1008B00045F82760401C0628FFF453AFF0BDD0F880
:1008C00000220A43C0F80022D0F804220A43C0F8EC
:1008D00004227047D0F800228A43C0F80022D0F8E2
:1008E00004228A43C0F804227047D0F8D8200A4373
:1008F000C0F8D8207047D0F8D8208A43C0F8D82054
:100900007047F0B501F00104D0F83C524E08F700F2
:100910001E26BE40B543260146EAC2061E4346F0E7
:1009200001064F08FF00BE403543C0F83C52F0BD01
:1009300010B5D0F83C224B08DC000123A3409A43B9
:10094000C0F83C2210BD30B54C0800F1700353F8DC
:1009500024301C0B24034D0800F1700343F825409C
:100960004C0853F8243042F4803423434D0800F1FE
:10097000700444F8253030BD10B54B0800F170020A
:1009800052F8232022F480334C0800F1700242F820
:10099000243010BD10B5D0F8503202FA01F42343D0
:1009A000C0F8503210BD10B5D0F8503202FA01F440
:1009B000A343C0F8503210BD02FA01F3C0F854321C
:1009C000704710B50246D2F8540201238B401840FC
:1009D00008B1012400E00024D2F854024FF48073DF
:1009E0008B40184008B1012000E0002044EA40009C
:1009F00010BD10B5D0F8E03002FA01F42343C0F87E
:100A0000E03010BDD0F8E020CF4B8B409A43C0F8C7
:100A1000E0207047CC4A8A40C0F8E8207047024680
:100A2000D2F8E800C84B8B40184008B1012070474D
:100A30000020FCE7D0F8E42007238B401A43C0F8DD
:100A4000E4207047D0F8E42007238B409A43C0F895
:100A5000E42070473F228A40C0F8EC2070470246ED
:100A6000D2F8EC003F238B40184008B101207047BA
:100A70000020FCE710B5D0F8E0304FF480748C40D3
:100A80002343C0F8E03010BDD0F8E0204FF480736D
:100A90008B409A43C0F8E02070474FF480728A4040
:100AA000C0F8E82070470246D2F8E8004FF480739F
:100AB0008B40184008B1012070470020FCE7D0F8B7
:100AC000E02001238B401A43C0F8E0207047D0F8A3
:100AD000E02001238B409A43C0F8E02070470122B8
:100AE0008A40C0F8E82070470246D2F8E8000123A7
:100AF0008B40184008B1012070470020FCE770B51A
:100B0000D0F8F0404D08EE007F25B540AC4380257D
:100B100045EA031515434E08F600B5402C43C0F8CE
:100B2000F04070BD10B5D0F8F0204B08DC008023F9
:100B3000A3409A43C0F8F02010BD10B5D0F8E020D3
:100B40004B08DC008023A3401A43C0F8E02010BD0E
:100B500010B5D0F8E0204B08DC008023A3409A4376
:100B6000C0F8E02010BD4A08D30080229A40C0F8A7
:100B7000E820704710B50246D2F8E8004B08DC00C8
:100B80008023A340184008B1012010BD0020FCE7DD
:100B90004B0840F201129A40C0F84C23704710B540
:100BA0000246D2F84C034C0840F20113A34018400F
:100BB00008B1012010BD0020FCE710B5036802FA5F
:100BC00001F42343036010BD10B5036802FA01F479
:100BD000A343036010BDF0B5059C49084E004FF4D7
:100BE0004075B5404FF080768E403543866826EAE2
:100BF00005051E068E40354316024F00BE403543A4
:100C0000856000F1800545F82140F0BD30B5024611
:100C100000200AE0012383400B402BB19368450874
:100C20000124AC4023439360401C0628F2D330BD1E
:100C300030B5024600200AE0012383400B402BB16F
:100C4000936845080124AC40A3439360401C0628E8
:100C5000F2D330BD10B50B0543EA424343F4803371
:100C6000846824F4FC042343836010BD816821F46C
:100C7000803181607047816841F400018160704774
:100C8000816821F400018160704730B503694C0828
:100C9000E5000724AC40A3434C08E40002FA04F446
:100CA0002343036130BD70B5D0F8C040CE007E252F
:100CB000B540AC43150145EA43056D1CCE00B54077
:100CC0002C43C0F8C04070BD10B5D0F8C020CC0097
:100CD0000123A3409A43C0F8C02010BD10B5D0F83E
:100CE000C020CC008023A3401A43C0F8C02010BD10
:100CF00010B5D0F8C020CC008023A3409A43C0F8A0
:100D0000C02010BD30B5D0F8C030CD004FF48034D5
:100D1000AC40A343102404EBC10402FA04F42343BF
:100D2000C0F8C03030BD0246D2F8200101238B400C
:100D3000184008B1012070470020FCE701228A40DA
:100D4000C0F82021704700000000010130B589B0D3
:100D500005462022614901A800F06CFB60488542ED
:100D600004D160480068C0F3022414E05C482030DD
:100D7000854204D15B480068C0F302340BE05A4856
:100D8000854204D157480068C0F3024403E0554847
:100D90000068C0F30254022C03D15448006809B023
:100DA00030BD01A850F82400F9E72DE9F0470646C8
:100DB000894617463046FFF7C9FF804600240025C4
:100DC000B7EB580F01D9022406E0B8FBF7F4250E63
:100DD00015B1681CB4FBF0F449EA0500306074609A
:100DE000681C6043B8FBF0F0BDE8F08700210160AB
:100DF000416170472DE9F04705460C462846FFF74C
:100E0000A5FF06464FF0000838480068B0FBF6F032
:100E100000F101090020286068613548864209D840
:100E2000B4F57A7F01D24FF47A743148844208D9FC
:100E3000044606E0642C00D264242D48844200D984
:100E400004462B4886420AD84FF000082948B0FBD8
:100E5000F6FA4FF47A706043B0FBFAF70DE02448DD
:100E6000B6FBF0F000FB04F74FEA1768B8F1000F8B
:100E700003D008F10100B7FBF0F76F6048F0804045
:100E8000286002E000BFA9F10109B9F1000FF9D112
:100E900000BF286800F000700028FAD1BDE8F08794
:100EA000436923F016030B43134343F008034361E4
:100EB0007047416921F0080141617047426922F0A1
:100EC00001020A434261026842F080720260704788
:100ED000016821F08071016070470000082A01005C
:100EE00000000540140200400010054000000020F2
:100EF00040420F0000CA9A3B014600205A4AD06087
:100F000010464160002090600120106100BF5648EB
:100F100000690028FBD154488068704730B15249BD
:100F2000096841F00201504A116005E04E49096824
:100F300021F002014C4A116070474B48006820F0D4
:100F400001004949086070474748006820F00800E0
:100F50004549086070474448006820F01000424945
:100F6000086070474048006820F020003E49086053
:100F700070473D48006840F008003B4908607047F2
:100F80003948006840F0100037490860704736481B
:100F9000006840F02000344908607047324800681B
:100FA00000F0020008B1012070470020FCE72E4845
:100FB000006840F001002C49086070472A484069E9
:100FC000704770B505460E46002408E04FF4401106
:100FD00001EB8400FFF790FF45F82400641CB44245
:100FE000F4D3002070BD70B505460E4600200446BF
:100FF00023E04FF4401202EB840055F82410212224
:10100000194BDA601A465060916001221A6100BFE4
:1010100000BF154A1269002AFBD100BF4FF44011EE
:1010200001EB8400FFF768FF55F82410884202D0D6
:101030004FF0FF3070BD601C0446B442D9D300208D
:10104000F8E70949896921F07001074A9161114661
:10105000896941EA0011916170470348806920F075
:10106000700001498861704700C0004008B5002148
:1010700000910CE00022D64B009903EB01110A60AD
:101080001F21D44A009BD1540099491C009100991A
:101090000829EFD3D04909680143CF4A116008BD40
:1010A0000020CD490860704730B5C94C04EB0013EF
:1010B0001B68CA4C2340C64D05EB001423602C4628
:1010C00004EB00131B68541E41EA0444234305EB60
:1010D0000014236030BDF0B5059CBD4D05EB001537
:1010E0006960BB4D05EB0015AB60B94E06EB001512
:1010F0002D6825F47065374607EB001635603E46CF
:1011000006EB00152D6842EA0406354307EB00168E
:101110003560F0BD70B5AF4D295408285BD2DFE8CB
:1011200000F0040E19242F39444FAB4C803424684E
:1011300024F01F040C43A84D80352C604CE0A64CD5
:101140008034246824F4F85444EA0124A24D803504
:101150002C6041E0A04C8034246824F4F81444EA64
:1011600001449D4D80352C6036E09B4C80342468D2
:1011700024F0F85444EA0164974D80352C602BE04C
:10118000954C8434246824F01F040C43924D84351C
:101190002C6021E0904C8434246824F4F85444EA10
:1011A00001248D4D84352C6016E08B4C84342468EA
:1011B00024F4F81444EA0144874D84352C600BE094
:1011C000854C8434246824F0F85444EA0164824D48
:1011D00084352C6000E000BF00BF9AB17C4D05EB68
:1011E0000014246824F00304A41C2E4606EB00150A
:1011F0002C60794C3C3424681C1B354605EB0015EB
:10120000EC600AE0724D05EB0014246824F003043E
:10121000641C2E4606EB00152C6070BD30B56C4C7E
:1012200004EB00131B6823F07403254605EB001440
:1012300023602C4604EB00131B6841EA020423439D
:1012400005EB0014236030BD634934310968014364
:10125000614A3432116070475F4934310968814313
:101260005D4A34321160704710B5082851D2DFE86A
:1012700000F0040E17212A343D47574B40331B68BA
:101280006FF30F031343544C4034236042E0524B3E
:1012900040331B6862F31F434F4C4034236039E0F6
:1012A0004D4B44331B686FF30F0313434A4C4434D4
:1012B00023602FE0484B44331B6862F31F43464CC6
:1012C0004434236026E0444B48331B686FF30F031C
:1012D0001343414C483423601CE03F4B48331B68A8
:1012E00062F31F433C4C4834236013E03A4B4C33C9
:1012F0001B686FF30F031343374C4C34236009E032
:10130000354B4C331B6862F31F43334C4C34236022
:1013100000E000BF00BF10BD2E49095C1F2904D1A9
:10132000012181402C4A08321160704710B521B16B
:1013300001290CD002291FD114E0274A1832126863
:10134000012383401A43244B18331A6015E0204BC5
:1013500003EB0012126822F080021C4604EB00131B
:101360001A600AE01C4A3832136801228240134393
:10137000194A3832136000E000BF00BF10BD10B53D
:1013800021B101290CD002291FD114E0124A1832D0
:101390001268012383409A430F4B18331A6015E0FB
:1013A0000B4B03EB0012126842F080021C4604EB68
:1013B00000131A600AE0084A38321368012282409A
:1013C0009343054A3832136000E000BF00BF10BDF0
:1013D000008000408004002000840040FFCF00C057
:1013E00030B50B46014600202022012409E021FAF5
:1013F00002F59D4205D303FA02F5491B04FA02F5F2
:101400002844151EA2F10102F1DC30BD70B50024A4
:101410002546002801DA01244042002901DA01258D
:101420004942FFF7DDFFAC4200D04042002C00D023
:10143000494270BD40EA01039B0703D009E008C997
:10144000121F08C0042AFAD203E011F8013B00F889
:10145000013B521EF9D27047D2B201E000F8012BD5
:10146000491EFBD270470022F6E710B513460A4624
:1014700004461946FFF7F0FF204610BDF0B480EA9D
:101480000102D40F4200B2EB410F02D202460846DD
:1014900011464A0042D0C30DDDB2C1F3C752AD1AA6
:1014A000202D35DAC1F3160141F4000204B1524295
:1014B000C5F1200602FA06F12A411044B3EBD05FD1
:1014C00023D0C4B1012DA0EBC35009DCF0BC4FF018
:1014D000004202EAC352DBB200F5000000F00BB993
:1014E000400000F1807000EBC350A0F1807040EA32
:1014F000D170490009E0490841EAC071A0EBC3502E
:1015000000F50000400800EBC350F0BC00F0EAB862
:101510006142012202EB4101001BF6E7F0BC70477B
:1015200081F00041AAE780F00040A7E780EA0102CD
:1015300010B502F00043400022D04A001FD0010E37
:1015400001EB1261C0F35600C2F3560240F40000F2
:1015500042F40002A0FB022000047F39140400D0F2
:10156000401C50EA124001D44000491EC2B20C0691
:1015700004EBD010401C4008802A02D003E0002079
:1015800010BD20F00100002900DA0020184310BD32
:1015900030B480EA010202F0004530F0004221F050
:1015A000004013D090B1C30DD40DC2F31601C0F3A7
:1015B0001600E41A41F4000140F400027D34914227
:1015C00001D3641C00E04900002C02DA30BC00208A
:1015D00070474FF400000023914201D3891A03435E
:1015E00040084FEA4101F7D151B1914202D14FF089
:1015F000004105E002D24FF0010101E06FF001016E
:1016000003EBC450284430BC00F06CB8C10F80EA32
:10161000E0700844CA079623002100F06CB89623B6
:101620000022114600F067B800F0004220F00040B0
:10163000C10DC0F3160040F400007F2901DA00203C
:101640007047962903DCC1F19601C84001E0963944
:101650008840002AF4D04042704720F00040C10D7D
:10166000C0F3160040F400007F2901DA0020704723
:10167000962903DCC1F19601C8407047963988402D
:1016800070472DE9F05F0546002092469B4688464C
:101690000646814640241BE02846414647462246EE
:1016A00000F079F853465A46C01A914110D31146BA
:1016B0001846224600F060F82D1A67EB01084F46E5
:1016C00022460120002100F057F817EB00094E4197
:1016D000201EA4F10104DFDC484631462A46434679
:1016E000BDE8F09F0029A8BF7047401C490008BF13
:1016F00020F00100704710B4B0FA80FC00FA0CF042
:1017000050EA010404BF10BC704749B1CCF1200479
:1017100021FA04F411FA0CF118BF01212143084306
:10172000A3EB0C01CB1D4FEA00614FEA102042BF32
:10173000002010BC704700EBC35010440029A4BF28
:1017400010BC7047401C490008BF20F0010010BCCD
:1017500070470000064C074D06E0E06840F00103CA
:1017600094E8070098471034AC42F6D3F4F7E2FC53
:10177000282A0100482A0100202A04DB203A00FA26
:1017800002F1002070479140C2F1200320FA03F3D8
:10179000194390407047202A04DB203A21FA02F0D6
:1017A0000021704721FA02F3D040C2F1200291409B
:1017B000084319467047FFB589B0099808900A9CFC
:1017C0000B9F0C9D1298079013980690149E78001A
:1017D000001B401B4000002824D0A54211DB7A00EA
:1017E000121B521B51002A1B72431046FFF70EFEBC
:1017F00001460698704308180290FFF707FF04900F
:1018000010E07A00121B521B5100621B72431046FB
:10181000FFF7FCFD014606987043401A0290FFF75F
:10182000F5FE04907819011B0798081A2AD0391977
:101830000898081A401B25D0A54211DB7A19131B02
:10184000079A991A2A1B72431046FFF7DFFD0146DB
:101850000698704308180290FFF7D8FE059013E031
:101860003B19089A9A1A511B621B72431046FFF7E4
:10187000CDFD014606987043401A0290FFF7C6FE60
:10188000059001E00498059005990498FFF748FE3B
:101890000190FFF7C9FE0290002801DB029801E0E9
:1018A00002984042B04207DD0498FFF7BDFE029067
:1018B000FFF7ACFE03900DE004990598FFF7DEFDFD
:1018C0000190FFF7B1FEC20F111802904810FFF708
:1018D0009DFE03900398FFF7C0FE0DB0F0BDFFB56D
:1018E0008BB004460D461646149F00200A906800EF
:1018F000001B801B33D0A80061006118401A801BB8
:1019000009906800001B801B08900898FFF787FE6D
:1019100006900998FFF783FE05900699FFF738FEB9
:1019200007907808FFF77BFE05907808FFF777FEB1
:1019300001900799FFF7FAFD03900E997943084645
:10194000FFF76DFE02900399FFF798FD049005994B
:10195000FFF7E6FD0690FFF780FE0A9001E0002009
:101960000A900A980FB0F0BDFFB58FB006460F463B
:101970001D46189C0896099711980A901C22294622
:101980006846FFF757FD00990898884205D90099E5
:101990000898401A7B49086004E008990098401AAA
:1019A0007849086001990998884208D901990998ED
:1019B000401A7449096840187249086007E009999B
:1019C0000198401A6F49096840186E4908600A98E2
:1019D00000285DD0608A6B490968884203D2608E16
:1019E000694908607BE0208A66490968884203D219
:1019F000208E6549086072E0E08962490968884282
:101A000003D2E08D6049086069E060885D4909683B
:101A1000884203D2608C5C49086060E0A088594924
:101A20000968884203D2A08C5749086057E0E088D3
:101A300054490968884203D2E08C534908604EE05B
:101A4000208950490968884203D2208D4E49086098
:101A500045E060894B490968884203D2608D4A4954
:101A600008603CE0A08947490968884203D2A08DFC
:101A70004549086033E0208842490968884203D21A
:101A8000208C414908602AE0E08B3F49086026E04D
:101A9000E0893C490968884203D2A08B3A49086032
:101AA0001DE0608837490968884203D2208B364997
:101AB000086014E0A08833490968884203D2608B2B
:101AC000314908600BE020882E490968884203D21A
:101AD000E08A2D49086002E0A08A2B4908602A4864
:101AE0000068142802D3142027490860264800689B
:101AF000012805D10020039004906946087614E07F
:101B00000DE000990398401A039001990498401A37
:101B100004906846007E401EC1B268460176684661
:101B2000007E194909688842EBD208990398401849
:101B3000039009990498401804906846007E401C60
:101B4000C1B268460176007E00280CDD6A46117E2F
:101B50000398FFF745FC00906A46117E0498FFF752
:101B60003FFC019006E00898009009980190002041
:101B7000694608761C2269462846FFF75BFC13B0CD
:101B8000F0BD00008C030020900300200FB4054B33
:101B900010B503A9044A029800F018F810BC5DF8CB
:101BA00014FB000093E300001404002002E008C8C6
:101BB000121F08C1002AFAD170477047002001E0C7
:101BC00001C1121F002AFBD1704700002DE9FF4F11
:101BD0008DB09B460F460446002606E025280BD014
:101BE0005A460F999047641C761C20780028F5D13E
:101BF00011B03046BDE8F08F0025A8460122984973
:101C000000E0054314F8013F203B02FA03F00842CC
:101C1000F7D120782E2817D114F8010F45F00405CC
:101C20002A280ED06FF02F022078A0F13001092968
:101C30000AD808EB880102EB410100EB0108641CA3
:101C4000F2E757F8048B641C20786C280DD004DC74
:101C50004C2812D06A2811D104E074280DD07A28BB
:101C60000CD10AE045F4001507E0617845F48015D1
:101C7000814202D1641C05F58015641C2078692816
:101C800044D008DC0028B3D0582867D063280FD090
:101C9000642808D13AE0702865D0732812D07528DE
:101CA0005AD078285AD05A460F999047761CD5E0DA
:101CB00017F8040B8DF8000000208DF80100E946AC
:101CC000012003E057F8049B4FF0FF3069074FF005
:101CD000000501D40AE06D1C45450DDA8542FADBAA
:101CE00019F805100029F6D106E06D1C8542FCDBD1
:101CF00019F805100029F8D12E4404E019F8010B59
:101D00005A460F9990476D1EF8D2A7E00A2000218D
:101D1000CDE90801C5F3025002280CD001CFC1174C
:101D2000021E71F100020CDA0023D0EB030063EB1A
:101D300001012D2208E0FF1D27F00707F7E8020147
:101D4000EEE72A0504D52B228DF8282001223CE05D
:101D5000EA073AD02022F7E70A2000E0102000210D
:101D6000CDE9080107E01020002145F00405CDE988
:101D700008014FF00808C5F30250022810D001CF27
:101D800000214FF0000A2A0720D52278702A0DD0B2
:101D9000DDE908C38CF0100C5CEA030C0CD015E0F4
:101DA000FF1D27F00707F7E80201EAE740228DF858
:101DB00028204FF0010A0CE050EA010306D030233E
:101DC0008DF828308DF82920022292462278582A50
:101DD00004D024A20DF120090B9209E026A2F9E714
:101DE000DDE90823FFF74DFC0B9B9B5C09F8013DE7
:101DF00050EA0102F4D1ADEB0900203008906807E9
:101E000001D44FF001080899884503DD0898A8EB34
:101E1000000000E000208046002506E00AA85A469F
:101E2000405D0F9990476D1C761C5545F6DB04E02C
:101E300030205A460F999047761CB8F10001A8F15E
:101E40000108F5DC05E019F8010B5A460F99904797
:101E5000761C0899481E08900029F4DC641CC4E62E
:101E60000928010030313233343536373839616270
:101E70006364656600000000303132333435363734
:101E8000383941424344454600000000050109023B
:101E9000A10185090901A1000509190129031500FE
:101EA0002501950375018102950581010501093020
:101EB000093126FF7F950275108102050D09302634
:101EC000FF7F950175108102C0C005010906A101BF
:101ED0008506050719E029E7150025017501950814
:101EE00081020507190029FF26FF00750895068164
:101EF00000C0050D0902A10185070920A1010942C1
:101F000009440945093C1500250175019503810225
:101F100095028103093295018102950281037510B2
:101F200095013500A4050109306513550D465E275E
:101F300026FE638102093146791826293E8102B4C2
:101F40000930450026FF3F8142093D1581257F75F7
:101F50000895018102093E1581257F8102C0C006D6
:101F60000AFF0901A101850209027508950B1500F8
:101F700026FF00810209037508950D150026FF0054
:101F80009102C01201100100000008BD284709009D
:101F9000000102000109025B000301008023090423
:101FA0000000010301020009210001000122660076
:101FB0000705810308000409040100010301020070
:101FC000092100010001226D000705820340000481
:101FD000090402000203000000092100010001229F
:101FE0002400070583030C0004070503030E000A01
:101FF000040309040C0358005000500065006E00F3
:1020000016034400650063006F00200030003100BB
:102010002000560033000C03300030003000300048
:1020200030002203550047003900300033005F00C4
:10203000420050004E0031003000300032004C00B1
:102040002D004600280332003000320035002D00FC
:10205000300037002D00310037005F00520065006E
:102060006C00650061007300650031001A034400D4
:1020700065006600610075006C00740020006D0052
:102080006F00640065001C0358005F0045006E008F
:10209000650072006700790020006D006F00640029
:1020A00065001C0359005F0045006E00650072006A
:1020B0006700790020006D006F00640065001C035C
:1020C00050005F0045006E006500720067007900F7
:1020D00020006D006F006400650014034600650079
:1020E0007200710020006D006F006400650026031F
:1020F0004A00690074007400650072005F004500CA
:102100006E00650072006700790020006D006F00AE
:102110006400650018034A006900740074006500DB
:10212000720020006D006F0064006500180353000A
:102130006D006F006F007400680020006D006F007C
:1021400064006500180358005F00540069006C00CB
:10215000740020006D006F006400650018035900D2
:102160005F00540069006C00740020006D006F0077
:1021700064006500200320002000200020002000D3
:10218000200020002000200020002000200020004F
:10219000200020000C03FCC7527C0801FF3FD8132D
:1021A000040300673E03480061006E0076006F0084
:1021B0006E00200055006700650065002000540097
:1021C0006500630068006E006F006C006F006700C0
:1021D0007900200043006F002E002C004C0074009A
:1021E00064000803000000000000070302002C0048
:1021F00000040302000C0328BD0947000000000092
:10220000000A03001000030800000006030400FF9A
:10221000041E0320002000200020002000200020B9
:1022200000200020002000200020002000200008C6
:10223000030000000000000603010400041603422E
:10224000006F006F0074006C006F00610064006537
:102250000072001A034100300032003000300038B4
:102260000030003400300031003100340000000044
:10227000660000006D000000240000000000000067
:10228000120000000000000000000000831F010099
:10229000951F01002C000020A400002070220100E6
:1022A000802201008BA80600E4D2060084160700F5
:1022B0003C2E0700955F070043790700A2BC07008A
:1022C00003140800A5A19B9995938E88060A101205
:1022D00016181D2373060000230700005408000091
:1022E000BD090000320B0000A00C00001C0E000015
:1022F000BE0F000031110000CB120000621400007C
:10230000EA1500007117000001190000A11A000071
:102310001F1C0000AF1D0000411F0000CA2000006C
:102320005E220000F32300007D250000122700003C
:10233000AA280000402A0000C92B0000552D0000EB
:10234000E92E0000793000000B320000A3330000BA
:1023500033350000C236000053380000E539000074
:102360007F3B0000003D0000963E00003240000030
:10237000B141000041430000DA440000594600002A
:10238000EF47000080490000044B00009F4C000014
:102390002C4E0000BF4F000056510000E8520000D4
:1023A0007854000009560000955700002759000096
:1023B000B95A0000415C0000E25D00007D5F000052
:1023C00015610000A362000038640000CB650000C6
:1023D0004C670000E26800006E6A0000F36B0000CA
:1023E000906D0000286F0000A5700000447200008E
:1023F000DD7300006C750000F0760000807800004E
:102400000E7A0000917B0000267D0000BD7E00005A
:1024100055800000E08100007B8300000A850000F9
:102420009086000027880000B38900003A8B0000E6
:10243000D48C0000738E0000089000008A91000088
:1024400017930000B094000032960000CF97000070
:102450005B990000E29A0000799C0000FF9D00005B
:102460008A9F000023A10000B0A2000048A4000041
:10247000EAA500006AA70000FAA8000093AA0000DD
:1024800013AC0000A3AD00003AAF0000CAB00000DA
:102490005AB20000F0B300007DB5000004B70000A0
:1024A00099B800002EBA0000BCBB00004EBD000071
:1024B000DFBE000070C000000BC20000A5C300001A
:1024C0003DC50000D7C6000057C8000008CA00007C
:1024D00081CB0000FFCC000089CE0000EACF0000D5
:1024E0001DD10000F8D100007CD200005006000091
:1024F000E3060000EF0700002F090000920A000029
:10250000060C00008C0D00001C0F0000A410000041
:102510003F120000CD1300005A150000F91600000C
:10252000831800000D1A00009D1B0000221D0000F2
:10253000B41E00004D200000DE21000073230000C7
:10254000082500009E2600003F280000D829000032
:102550006B2B0000092D0000922E000012300000AD
:102560009A3100001B330000AD34000047360000F4
:10257000D537000067390000FD3A0000883C0000B4
:102580001A3E0000A23F000028410000C1420000A6
:1025900053440000EB4500008D470000184900003F
:1025A000A74A0000414C0000CC4D00005D4F0000E8
:1025B000F45000008152000019540000AF55000093
:1025C00042570000DF580000705A0000F45B000022
:1025D000885D00000E5F000094600000276200002C
:1025E000B563000052650000F66600008D680000CB
:1025F0001C6A0000A86B0000306D0000BC6E00007B
:1026000042700000CB71000063730000F77400009B
:102610008B76000028780000AF7900003C7B00003A
:10262000D07C0000557E0000E07F00006781000044
:10263000E28200005084000098850000A08600001F
:1026400023870000BC6C0600697606003380060014
:102650001B8A060021940600469E06008BA80600F1
:10266000F0B2060075BD06001CC80600E4D20600E4
:10267000D0DD0600DEE8060010F4060066FF060066
:10268000E20A0700841607004C2207003C2E0700D0
:10269000543A07009546070000530700955F07006E
:1026A000566C0700437907005E860700A793070072
:1026B00020A10700C8AE0700A2BC0700AECA0700F1
:1026C000EDD8070061E707000BF60700EB040800F0
:1026D0000314080055230800E1320800A94208004D
:1026E000AE520800F262080076730800ABAAA9A8EF
:1026F000A7A6A5A4A3A2A1A09F9E9D9C9B9A9998E2
:1027000097969594939291908F8E8D8C8B8A8988D1
:1027100087868584838200009371060070760600A8
:102720004E7B06003B80060027850600238A0600B4
:102730001E8F060029940600349906004E9E06005E
:1027400069A3060093A80600BEAD0600F8B2060015
:1027500033B806007EBD0600C9C2060024C80600C4
:1027600080CD0600EDD206005AD80600D9DD06005D
:1027700057E30600E7E8060077EE060019F40600C6
:10278000BBF9060070FF060024050700EC0A0700ED
:10279000B31007008E160700681C070056220700BA
:1027A00044280700462E0700483407005E3A070019
:1027B00075400700A0460700CB4C07000B530700ED
:1027C0004B590700A05F0700F6650700616C070022
:1027D000CD7207004F790700D17F07006A86070096
:1027E000038D0700B3930700649A07002CA107002C
:1027F000F4A70700D5AE0700B5B50700AFBC0700CA
:10280000A8C30700BBCA0700CED10700FAD807004B
:1028100027E007006FE70700B6EE070019F607008C
:102820007BFD0700F9040800770C0800121408006B
:10283000AC1B0800642308001B2B0800F0320800C2
:10284000C53A0800B8420800AC4A0800BE52080069
:10285000D05A080002630800000000006009000070
:10286000C0120000201C000080250000E02E0000A7
:1028700040380000A0410000004B00006054000000
:10288000C05D00002067000080700000E07900005B
:1028900040830000A08C000000960000609F0000B4
:1028A000C0A8000020B2000080BB0000E0C400000F
:1028B00040CE0000A0D7000000E1000060EA000068
:1028C000C0F3000020FD000080060100E00F0100C1
:1028D00040190100A0220100002C01006035010018
:1028E000C03E01002048010080510100E05A010073
:1028F00040640100A06D01000077010060800100CC
:10290000C089010020930100809C0100E0A5010026
:1029100040AF0100A0B8010000C2010060CB01007F
:10292000C0D4010020DE010080E70100E0F00100DA
:1029300040FA0100A0030200000D02006016020030
:10294000C01F02002029020080320200E03B02008A
:1029500040450200A04E02000058020060610200E3
:10296000C06A020020740200807D0200E08602003E
:1029700040900200A099020000A3020060AC020097
:10298000C0B5020020BF020080C80200E0D10200F2
:1029900040DB0200A0E40200000000000002000092
:1029A00000040000000800000010000000200000EB
:1029B00000300000FE3F000000000000D8000000D2
:1029C00000020000C2040000500B0000E81A0000E2
:1029D000AC2C0000FE3F0000001BB7000000000010
:1029E0000080000000805101001BB70000000000C3
:1029F0000080000000805101001BB70000000000B3
:102A00000080000000805101001BB7000080000022
:102A1000000000000000000000000000102700007F
:102A20000000000000805101482A01000000002041
:102A300088040000AC1B0100D02E01008804002097
:102A4000500E0000BC1B0100001BB7000C00000072
:102A5000001BB700001BB700008000000000000052
:102A6000102700000000000000000000000000002F
:102A700000805101F01F0100F41F0100002001003F
:102A800016200100222001004420010074210100D1
:102A900094210100A0210100A4210100F5210100E1
:102AA000012201000B220100112201002F2201004E
:102AB000372201003D2201006C2001008620010028
:102AC000A2200100BE200100DA200100EE2001005A
:102AD000142101002C210100442101005C2101008E
:102AE000E2210100EA210100F12101008C1E010018
:102AF000F21E01005F1F0100000000000000000046
:102B000000000000000000000000000000000000C5
:102B100000000000000000000000000000000000B5
:102B200000000000000000000000000000000000A5
:102B30000000000000000000000000000000000095
:102B40000000000000000000000000000000000085
:102B50000000000000000000000000000000000075
:102B60000000000000000000000000000000000065
:102B70000000000000000000000000000000000055
:102B80000000000000000000000000000000000045
:102B90000000000000000000000000000000000035
:102BA0000000000000000000000000000000000025
:102BB0000000000000000000000000000000000015
:102BC0000000000000000000000000000000000005
:102BD00000000000000000000000000000000500F0
:102BE000010800020004042C00081601101D012039
:102BF0005701405601801900010F0002000000003B
:102C000000000000000000000000000000000000C4
:102C100000000000000000000000000000000000B4
:102C200000000000000000000000000000000000A4
:102C30000000000000000000000000000000000094
:102C40000000000000000000000000000000000084
:102C50000000000000000000000000000000000074
:102C60000000000000000000000000000000000064
:102C70000000000000000000000000000000000054
:102C80000000000000000000000000000000000044
:102C900008000000100000001800000020000000E4
:102CA000280000003000000038000000F0010000A3
:102CB000E8010000D8010000B80100007801000020
:102CC00004060705030001020201000305070604CC
:102CD00004060705030001020201000305070604BC
:102CE00000000000000000000000000000000000E4
:102CF00000000000000000000000000000000000D4
:102D000000000000000000000000000000000000C3
:102D100000000000000000000000000000000000B3
:102D200000000000000000000000000000000000A3
:102D30000000000000000000000000000000000093
:102D40000000000000000000000000000000000083
:102D500050463232322D2D2D2D2D2D231E19140FBC
:102D60000000000000000000000000000000000063
:102D70000000000000000000000000000000000053
:102D80000000000000000000000000000000000043
:102D90000000000000000000000000000000000033
:102DA0000000000000000000000000000000000023
:102DB0000000000000000000000000000000000013
:102DC0000000000000000000000000000000000003
:102DD00000000000000000000000000000000000F3
:102DE00000000000000000000000000000000000E3
:102DF00000000000000100000000000000000000D2
:102E000000000000000000000000000000000000C2
:102E10000000000000000000400000000000000072
:102E200001000000000000000000000000000000A1
:102E30000000000000000000000000000000000092
:102E40000000000000000000000000000000000082
:102E50000000000000000000000000000000000072
:102E60000000000000000000000000000100000061
:102E70000000000000000000000000000000000052
:102E80000000000000000000000000000000000042
:102E90000000000000000000000000000000000032
:102EA000080000000000000000000000000000001A
:102EB0000000000000000000000000000000000012
:102EC0000000000000000000000000000000000002
:00000001FF
