:020000041D00DD
:10600000FFFFFFFFFFFFFFFFFFFFFFFFFFFFFFFFA0
:10601000FFFFFFFFFFFFFFFFFFFFFFFFFFFFFFFF90
:10602000FFFFFFFFFFFFFFFFFFFFFFFFFFFFFFFF80
:10603000FFFFFFFFFFFFFFFFFFFFFFFFFFFFFFFF70
:10604000FFFFFFFFFFFFFFFFFFFFFFFFFFFFFFFF60
:10605000FFFFFFFFFFFFFFFFFFFFFFFFFFFFFFFF50
:10606000FFFFFFFFFFFFFFFFFFFFFFFFFFFFFFFF40
:10607000FFFFFFFFFFFFFFFFFFFFFFFFFFFFFFFF30
:10608000FFFFFFFFFFFFFFFFFFFFFFFFFFFFFFFF20
:10609000FFFFFFFFFFFFFFFFFFFFFFFFFFFFFFFF10
:1060A000FFFFFFFFFFFFFFFFFFFFFFFFFFFFFFFF00
:1060B000FFFFFFFFFFFFFFFFFFFFFFFFFFFFFFFFF0
:1060C000FFFFFFFFFFFFFFFFFFFFFFFFFFFFFFFFE0
:1060D000FFFFFFFFFFFFFFFFFFFFFFFFFFFFFFFFD0
:1060E000FFFFFFFFFFFFFFFFFFFFFFFFFFFFFFFFC0
:1060F000FFFFFFFFFFFFFFFFFFFFFFFFFFFFFFFFB0
:10610000FFFFFFFFFFFFFFFFFFFFFFFFFFFFFFFF9F
:10611000FFFFFFFFFFFFFFFFFFFFFFFFFFFFFFFF8F
:10612000FFFFFFFFFFFFFFFFFFFFFFFFFFFFFFFF7F
:10613000FFFFFFFFFFFFFFFFFFFFFFFFFFFFFFFF6F
:10614000FFFFFFFFFFFFFFFFFFFFFFFFFFFFFFFF5F
:10615000FFFFFFFFFFFFFFFFFFFFFFFFFFFFFFFF4F
:10616000FFFFFFFFFFFFFFFFFFFFFFFFFFFFFFFF3F
:10617000FFFFFFFFFFFFFFFFFFFFFFFFFFFFFFFF2F
:10618000029D1A3CF0BE5A270800400300000000A0
:10619000FFFFFFFFFFFFFFFFFFFFFFFFFFFFFFFF0F
:1061A000FFFFFFFFFFFFFFFFFFFFFFFFFFFFFFFFFF
:1061B000FFFFFFFFFFFFFFFFFFFFFFFFFFFFFFFFEF
:1061C000FFFFFFFFFFFFFFFFFFFFFFFFFFFFFFFFDF
:1061D000FFFFFFFFFFFFFFFFFFFFFFFFFFFFFFFFCF
:1061E000FFFFFFFFFFFFFFFFFFFFFFFFFFFFFFFFBF
:1061F000FFFFFFFFFFFFFFFFFFFFFFFFFFFFFFFFAF
:106200001C72400B00000000FFFFFFFFFFFFFFFFBD
:10621000FFFFFFFFFFFFFFFFFFFFFFFFFFFFFFFF8E
:106220001C72400B00000000FFFFFFFFFFFFFFFF9D
:10623000FFFFFFFFFFFFFFFFFFFFFFFFFFFFFFFF6E
:106240001C72400B00000000FFFFFFFFFFFFFFFF7D
:10625000FFFFFFFFFFFFFFFFFFFFFFFFFFFFFFFF4E
:106260001C72400B00000000FFFFFFFFFFFFFFFF5D
:10627000FFFFFFFFFFFFFFFFFFFFFFFFFFFFFFFF2E
:106280001C72400B00000000FFFFFFFFFFFFFFFF3D
:10629000FFFFFFFFFFFFFFFFFFFFFFFFFFFFFFFF0E
:1062A0001C72400B00000000FFFFFFFFFFFFFFFF1D
:1062B000FFFFFFFFFFFFFFFFFFFFFFFFFFFFFFFFEE
:1062C0001C72400B00000000FFFFFFFFFFFFFFFFFD
:1062D000FFFFFFFFFFFFFFFFFFFFFFFFFFFFFFFFCE
:1062E0001C72400B00000000FFFFFFFFFFFFFFFFDD
:1062F000FFFFFFFFFFFFFFFFFFFFFFFFFFFFFFFFAE
:10630000391E400B00000000FFFFFFFFFFFFFFFFF3
:10631000FFFFFFFFFFFFFFFFFFFFFFFFFFFFFFFF8D
:106320001C72400B00000000FFFFFFFFFFFFFFFF9C
:10633000FFFFFFFFFFFFFFFFFFFFFFFFFFFFFFFF6D
:106340001C72400B00000000FFFFFFFFFFFFFFFF7C
:10635000FFFFFFFFFFFFFFFFFFFFFFFFFFFFFFFF4D
:106360001C72400B00000000FFFFFFFFFFFFFFFF5C
:10637000FFFFFFFFFFFFFFFFFFFFFFFFFFFFFFFF2D
:10638000BC1F400B00000000FFFFFFFFFFFFFFFFEF
:10639000FFFFFFFFFFFFFFFFFFFFFFFFFFFFFFFF0D
:1063A0001C72400B00000000FFFFFFFFFFFFFFFF1C
:1063B000FFFFFFFFFFFFFFFFFFFFFFFFFFFFFFFFED
:1063C0001C72400B00000000FFFFFFFFFFFFFFFFFC
:1063D000FFFFFFFFFFFFFFFFFFFFFFFFFFFFFFFFCD
:1063E0001C72400B00000000FFFFFFFFFFFFFFFFDC
:1063F000FFFFFFFFFFFFFFFFFFFFFFFFFFFFFFFFAD
:106400009B1F400B00000000FFFFFFFFFFFFFFFF8F
:10641000FFFFFFFFFFFFFFFFFFFFFFFFFFFFFFFF8C
:106420001C72400B00000000FFFFFFFFFFFFFFFF9B
:10643000FFFFFFFFFFFFFFFFFFFFFFFFFFFFFFFF6C
:106440001C72400B00000000FFFFFFFFFFFFFFFF7B
:10645000FFFFFFFFFFFFFFFFFFFFFFFFFFFFFFFF4C
:106460001C72400B00000000FFFFFFFFFFFFFFFF5B
:10647000FFFFFFFFFFFFFFFFFFFFFFFFFFFFFFFF2C
:10648000771F400B00000000FFFFFFFFFFFFFFFF33
:10649000FFFFFFFFFFFFFFFFFFFFFFFFFFFFFFFF0C
:1064A0001C72400B00000000FFFFFFFFFFFFFFFF1B
:1064B000FFFFFFFFFFFFFFFFFFFFFFFFFFFFFFFFEC
:1064C0001C72400B00000000FFFFFFFFFFFFFFFFFB
:1064D000FFFFFFFFFFFFFFFFFFFFFFFFFFFFFFFFCC
:1064E0001C72400B00000000FFFFFFFFFFFFFFFFDB
:1064F000FFFFFFFFFFFFFFFFFFFFFFFFFFFFFFFFAC
:106500001C72400B00000000FFFFFFFFFFFFFFFFBA
:10651000FFFFFFFFFFFFFFFFFFFFFFFFFFFFFFFF8B
:106520001C72400B00000000FFFFFFFFFFFFFFFF9A
:10653000FFFFFFFFFFFFFFFFFFFFFFFFFFFFFFFF6B
:106540001C72400B00000000FFFFFFFFFFFFFFFF7A
:10655000FFFFFFFFFFFFFFFFFFFFFFFFFFFFFFFF4B
:106560001C72400B00000000FFFFFFFFFFFFFFFF5A
:10657000FFFFFFFFFFFFFFFFFFFFFFFFFFFFFFFF2B
:106580001C72400B00000000FFFFFFFFFFFFFFFF3A
:10659000FFFFFFFFFFFFFFFFFFFFFFFFFFFFFFFF0B
:1065A0005450400B00000000FFFFFFFFFFFFFFFF04
:1065B000FFFFFFFFFFFFFFFFFFFFFFFFFFFFFFFFEB
:1065C0001C72400B00000000FFFFFFFFFFFFFFFFFA
:1065D000FFFFFFFFFFFFFFFFFFFFFFFFFFFFFFFFCB
:1065E0001C72400B00000000FFFFFFFFFFFFFFFFDA
:1065F000FFFFFFFFFFFFFFFFFFFFFFFFFFFFFFFFAB
:106600001C72400B00000000FFFFFFFFFFFFFFFFB9
:10661000FFFFFFFFFFFFFFFFFFFFFFFFFFFFFFFF8A
:106620001C72400B00000000FFFFFFFFFFFFFFFF99
:10663000FFFFFFFFFFFFFFFFFFFFFFFFFFFFFFFF6A
:106640001C72400B00000000FFFFFFFFFFFFFFFF79
:10665000FFFFFFFFFFFFFFFFFFFFFFFFFFFFFFFF4A
:106660001C72400B00000000FFFFFFFFFFFFFFFF59
:10667000FFFFFFFFFFFFFFFFFFFFFFFFFFFFFFFF2A
:106680001C72400B00000000FFFFFFFFFFFFFFFF39
:10669000FFFFFFFFFFFFFFFFFFFFFFFFFFFFFFFF0A
:1066A0001C72400B00000000FFFFFFFFFFFFFFFF19
:1066B000FFFFFFFFFFFFFFFFFFFFFFFFFFFFFFFFEA
:1066C0001C72400B00000000FFFFFFFFFFFFFFFFF9
:1066D000FFFFFFFFFFFFFFFFFFFFFFFFFFFFFFFFCA
:1066E0001C72400B00000000FFFFFFFFFFFFFFFFD9
:1066F000FFFFFFFFFFFFFFFFFFFFFFFFFFFFFFFFAA
:106700001C72400B00000000FFFFFFFFFFFFFFFFB8
:10671000FFFFFFFFFFFFFFFFFFFFFFFFFFFFFFFF89
:106720001C72400B00000000FFFFFFFFFFFFFFFF98
:10673000FFFFFFFFFFFFFFFFFFFFFFFFFFFFFFFF69
:106740001C72400B00000000FFFFFFFFFFFFFFFF78
:10675000FFFFFFFFFFFFFFFFFFFFFFFFFFFFFFFF49
:106760001C72400B00000000FFFFFFFFFFFFFFFF58
:10677000FFFFFFFFFFFFFFFFFFFFFFFFFFFFFFFF29
:106780001C72400B00000000FFFFFFFFFFFFFFFF38
:10679000FFFFFFFFFFFFFFFFFFFFFFFFFFFFFFFF09
:1067A0001C72400B00000000FFFFFFFFFFFFFFFF18
:1067B000FFFFFFFFFFFFFFFFFFFFFFFFFFFFFFFFE9
:1067C0001C72400B00000000FFFFFFFFFFFFFFFFF8
:1067D000FFFFFFFFFFFFFFFFFFFFFFFFFFFFFFFFC9
:1067E0001C72400B00000000FFFFFFFFFFFFFFFFD8
:1067F000FFFFFFFFFFFFFFFFFFFFFFFFFFFFFFFFA9
:106800001C72400B00000000FFFFFFFFFFFFFFFFB7
:10681000FFFFFFFFFFFFFFFFFFFFFFFFFFFFFFFF88
:106820001C72400B00000000FFFFFFFFFFFFFFFF97
:10683000FFFFFFFFFFFFFFFFFFFFFFFFFFFFFFFF68
:10684000FFFFFFFFFFFFFFFFFFFFFFFFFFFFFFFF58
:10685000FFFFFFFFFFFFFFFFFFFFFFFFFFFFFFFF48
:10686000FFFFFFFFFFFFFFFFFFFFFFFFFFFFFFFF38
:10687000FFFFFFFFFFFFFFFFFFFFFFFFFFFFFFFF28
:10688000FFFFFFFFFFFFFFFFFFFFFFFFFFFFFFFF18
:10689000FFFFFFFFFFFFFFFFFFFFFFFFFFFFFFFF08
:1068A000FFFFFFFFFFFFFFFFFFFFFFFFFFFFFFFFF8
:1068B000FFFFFFFFFFFFFFFFFFFFFFFFFFFFFFFFE8
:1068C000FFFFFFFFFFFFFFFFFFFFFFFFFFFFFFFFD8
:1068D000FFFFFFFFFFFFFFFFFFFFFFFFFFFFFFFFC8
:1068E000FFFFFFFFFFFFFFFFFFFFFFFFFFFFFFFFB8
:1068F000FFFFFFFFFFFFFFFFFFFFFFFFFFFFFFFFA8
:10690000FFFFFFFFFFFFFFFFFFFFFFFFFFFFFFFF97
:10691000FFFFFFFFFFFFFFFFFFFFFFFFFFFFFFFF87
:10692000FFFFFFFFFFFFFFFFFFFFFFFFFFFFFFFF77
:10693000FFFFFFFFFFFFFFFFFFFFFFFFFFFFFFFF67
:10694000FFFFFFFFFFFFFFFFFFFFFFFFFFFFFFFF57
:10695000FFFFFFFFFFFFFFFFFFFFFFFFFFFFFFFF47
:10696000FFFFFFFFFFFFFFFFFFFFFFFFFFFFFFFF37
:10697000FFFFFFFFFFFFFFFFFFFFFFFFFFFFFFFF27
:10698000FFFFFFFFFFFFFFFFFFFFFFFFFFFFFFFF17
:10699000FFFFFFFFFFFFFFFFFFFFFFFFFFFFFFFF07
:1069A000FFFFFFFFFFFFFFFFFFFFFFFFFFFFFFFFF7
:1069B000FFFFFFFFFFFFFFFFFFFFFFFFFFFFFFFFE7
:1069C000FFFFFFFFFFFFFFFFFFFFFFFFFFFFFFFFD7
:1069D000FFFFFFFFFFFFFFFFFFFFFFFFFFFFFFFFC7
:1069E000FFFFFFFFFFFFFFFFFFFFFFFFFFFFFFFFB7
:1069F000FFFFFFFFFFFFFFFFFFFFFFFFFFFFFFFFA7
:106A0000FFFFFFFFFFFFFFFFFFFFFFFFFFFFFFFF96
:106A1000FFFFFFFFFFFFFFFFFFFFFFFFFFFFFFFF86
:106A2000FFFFFFFFFFFFFFFFFFFFFFFFFFFFFFFF76
:106A3000FFFFFFFFFFFFFFFFFFFFFFFFFFFFFFFF66
:106A4000FFFFFFFFFFFFFFFFFFFFFFFFFFFFFFFF56
:106A5000FFFFFFFFFFFFFFFFFFFFFFFFFFFFFFFF46
:106A6000FFFFFFFFFFFFFFFFFFFFFFFFFFFFFFFF36
:106A7000FFFFFFFFFFFFFFFFFFFFFFFFFFFFFFFF26
:106A8000FFFFFFFFFFFFFFFFFFFFFFFFFFFFFFFF16
:106A9000FFFFFFFFFFFFFFFFFFFFFFFFFFFFFFFF06
:106AA000FFFFFFFFFFFFFFFFFFFFFFFFFFFFFFFFF6
:106AB000FFFFFFFFFFFFFFFFFFFFFFFFFFFFFFFFE6
:106AC000FFFFFFFFFFFFFFFFFFFFFFFFFFFFFFFFD6
:106AD000FFFFFFFFFFFFFFFFFFFFFFFFFFFFFFFFC6
:106AE000FFFFFFFFFFFFFFFFFFFFFFFFFFFFFFFFB6
:106AF000FFFFFFFFFFFFFFFFFFFFFFFFFFFFFFFFA6
:106B0000FFFFFFFFFFFFFFFFFFFFFFFFFFFFFFFF95
:106B1000FFFFFFFFFFFFFFFFFFFFFFFFFFFFFFFF85
:106B2000FFFFFFFFFFFFFFFFFFFFFFFFFFFFFFFF75
:106B3000FFFFFFFFFFFFFFFFFFFFFFFFFFFFFFFF65
:106B4000FFFFFFFFFFFFFFFFFFFFFFFFFFFFFFFF55
:106B5000FFFFFFFFFFFFFFFFFFFFFFFFFFFFFFFF45
:106B6000FFFFFFFFFFFFFFFFFFFFFFFFFFFFFFFF35
:106B7000FFFFFFFFFFFFFFFFFFFFFFFFFFFFFFFF25
:106B8000FFFFFFFFFFFFFFFFFFFFFFFFFFFFFFFF15
:106B9000FFFFFFFFFFFFFFFFFFFFFFFFFFFFFFFF05
:106BA000FFFFFFFFFFFFFFFFFFFFFFFFFFFFFFFFF5
:106BB000FFFFFFFFFFFFFFFFFFFFFFFFFFFFFFFFE5
:106BC000FFFFFFFFFFFFFFFFFFFFFFFFFFFFFFFFD5
:106BD000FFFFFFFFFFFFFFFFFFFFFFFFFFFFFFFFC5
:106BE000FFFFFFFFFFFFFFFFFFFFFFFFFFFFFFFFB5
:106BF000FFFFFFFFFFFFFFFFFFFFFFFFFFFFFFFFA5
:106C0000FFFFFFFFFFFFFFFFFFFFFFFFFFFFFFFF94
:106C1000FFFFFFFFFFFFFFFFFFFFFFFFFFFFFFFF84
:106C2000FFFFFFFFFFFFFFFFFFFFFFFFFFFFFFFF74
:106C3000FFFFFFFFFFFFFFFFFFFFFFFFFFFFFFFF64
:106C4000FFFFFFFFFFFFFFFFFFFFFFFFFFFFFFFF54
:106C5000FFFFFFFFFFFFFFFFFFFFFFFFFFFFFFFF44
:106C6000FFFFFFFFFFFFFFFFFFFFFFFFFFFFFFFF34
:106C7000FFFFFFFFFFFFFFFFFFFFFFFFFFFFFFFF24
:106C8000FFFFFFFFFFFFFFFFFFFFFFFFFFFFFFFF14
:106C9000FFFFFFFFFFFFFFFFFFFFFFFFFFFFFFFF04
:106CA000FFFFFFFFFFFFFFFFFFFFFFFFFFFFFFFFF4
:106CB000FFFFFFFFFFFFFFFFFFFFFFFFFFFFFFFFE4
:106CC000FFFFFFFFFFFFFFFFFFFFFFFFFFFFFFFFD4
:106CD000FFFFFFFFFFFFFFFFFFFFFFFFFFFFFFFFC4
:106CE000FFFFFFFFFFFFFFFFFFFFFFFFFFFFFFFFB4
:106CF000FFFFFFFFFFFFFFFFFFFFFFFFFFFFFFFFA4
:106D0000FFFFFFFFFFFFFFFFFFFFFFFFFFFFFFFF93
:106D1000FFFFFFFFFFFFFFFFFFFFFFFFFFFFFFFF83
:106D2000FFFFFFFFFFFFFFFFFFFFFFFFFFFFFFFF73
:106D3000FFFFFFFFFFFFFFFFFFFFFFFFFFFFFFFF63
:106D4000FFFFFFFFFFFFFFFFFFFFFFFFFFFFFFFF53
:106D5000FFFFFFFFFFFFFFFFFFFFFFFFFFFFFFFF43
:106D6000FFFFFFFFFFFFFFFFFFFFFFFFFFFFFFFF33
:106D7000FFFFFFFFFFFFFFFFFFFFFFFFFFFFFFFF23
:106D8000FFFFFFFFFFFFFFFFFFFFFFFFFFFFFFFF13
:106D9000FFFFFFFFFFFFFFFFFFFFFFFFFFFFFFFF03
:106DA000FFFFFFFFFFFFFFFFFFFFFFFFFFFFFFFFF3
:106DB000FFFFFFFFFFFFFFFFFFFFFFFFFFFFFFFFE3
:106DC000FFFFFFFFFFFFFFFFFFFFFFFFFFFFFFFFD3
:106DD000FFFFFFFFFFFFFFFFFFFFFFFFFFFFFFFFC3
:106DE000FFFFFFFFFFFFFFFFFFFFFFFFFFFFFFFFB3
:106DF000FFFFFFFFFFFFFFFFFFFFFFFFFFFFFFFFA3
:106E0000FFFFFFFFFFFFFFFFFFFFFFFFFFFFFFFF92
:106E1000FFFFFFFFFFFFFFFFFFFFFFFFFFFFFFFF82
:106E2000FFFFFFFFFFFFFFFFFFFFFFFFFFFFFFFF72
:106E3000FFFFFFFFFFFFFFFFFFFFFFFFFFFFFFFF62
:106E4000FFFFFFFFFFFFFFFFFFFFFFFFFFFFFFFF52
:106E5000FFFFFFFFFFFFFFFFFFFFFFFFFFFFFFFF42
:106E6000FFFFFFFFFFFFFFFFFFFFFFFFFFFFFFFF32
:106E7000FFFFFFFFFFFFFFFFFFFFFFFFFFFFFFFF22
:106E8000FFFFFFFFFFFFFFFFFFFFFFFFFFFFFFFF12
:106E9000FFFFFFFFFFFFFFFFFFFFFFFFFFFFFFFF02
:106EA000FFFFFFFFFFFFFFFFFFFFFFFFFFFFFFFFF2
:106EB000FFFFFFFFFFFFFFFFFFFFFFFFFFFFFFFFE2
:106EC000FFFFFFFFFFFFFFFFFFFFFFFFFFFFFFFFD2
:106ED000FFFFFFFFFFFFFFFFFFFFFFFFFFFFFFFFC2
:106EE000FFFFFFFFFFFFFFFFFFFFFFFFFFFFFFFFB2
:106EF000FFFFFFFFFFFFFFFFFFFFFFFFFFFFFFFFA2
:106F0000FFFFFFFFFFFFFFFFFFFFFFFFFFFFFFFF91
:106F1000FFFFFFFFFFFFFFFFFFFFFFFFFFFFFFFF81
:106F2000FFFFFFFFFFFFFFFFFFFFFFFFFFFFFFFF71
:106F3000FFFFFFFFFFFFFFFFFFFFFFFFFFFFFFFF61
:106F4000FFFFFFFFFFFFFFFFFFFFFFFFFFFFFFFF51
:106F5000FFFFFFFFFFFFFFFFFFFFFFFFFFFFFFFF41
:106F6000FFFFFFFFFFFFFFFFFFFFFFFFFFFFFFFF31
:106F7000FFFFFFFFFFFFFFFFFFFFFFFFFFFFFFFF21
:106F8000FFFFFFFFFFFFFFFFFFFFFFFFFFFFFFFF11
:106F9000FFFFFFFFFFFFFFFFFFFFFFFFFFFFFFFF01
:106FA000FFFFFFFFFFFFFFFFFFFFFFFFFFFFFFFFF1
:106FB000FFFFFFFFFFFFFFFFFFFFFFFFFFFFFFFFE1
:106FC000FFFFFFFFFFFFFFFFFFFFFFFFFFFFFFFFD1
:106FD000FFFFFFFFFFFFFFFFFFFFFFFFFFFFFFFFC1
:106FE000FFFFFFFFFFFFFFFFFFFFFFFFFFFFFFFFB1
:106FF000FFFFFFFFFFFFFFFFFFFFFFFFFFFFFFFFA1
:10700000021C400F0000000000601A40C0045A7FBC
:107010000500401300000000029D1A3C40C95A2799
:10702000080040030000000000A01D3CF03FBD2709
:1070300000A01C3CF07F9C27029D083C98C90825B5
:1070400009F800010000000000A0083C70000825BD
:1070500000A0093C7C11292506000010000000005A
:10706000000000AD040000AD080000AD0C0000AD54
:10707000100008252B080901F9FF2014000000006A
:10708000019D083C587308250000098D1800201147
:107090000400082500000A8D0400082500000B8D5F
:1070A000090060110400082500000C91FFFF4A252B
:1070B0000100082500002CA1FBFF40150100292537
:1070C0000500001000000000000020A1FFFF4A257D
:1070D000FDFF40150100292503000825FCFF0A24B7
:1070E000244048010000098DE7FF20150000000042
:1070F0000000093C000029251000201100000000BC
:107100000000093C0040292588BF0A3C10204A2580
:10711000000049AD0000093C0040292588BF0A3C19
:1071200020204A25000049AD0000093C00402925E7
:1071300088BF0A3C30204A25000049AD0048804005
:10714000FFFF0A2400588A40009D093C0060292561
:10715000017889400000093C0100292500000A242B
:1071600044492A7D01608A408000093C00688940CA
:10717000008008408005097D404C090000600840FF
:107180005800013C2440010125402801006088404E
:10719000029D083CA0C9082509F800010000000074
:1071A00000600840BFFF013CFFFF21342440010183
:1071B00000608840000084300000A530029D083C3B
:1071C0000CC608250800000100000000FFFFFFFFBB
:1071D000FFFFFFFFFFFFFFFFFFFFFFFFFFFFFFFFBF
:1071E000FFFFFFFFFFFFFFFFFFFFFFFFFFFFFFFFAF
:1071F000FFFFFFFFFFFFFFFFFFFFFFFFFFFFFFFF9F
:10720000FFFFFFFFFFFFFFFFFFFFFFFFFFFFFFFF8E
:10721000FFFFFFFFFFFFFFFFFFFFFFFFFFFFFFFF7E
:10722000FFFFFFFFFFFFFFFFFFFFFFFFFFFFFFFF6E
:10723000FFFFFFFFFFFFFFFFFFFFFFFFFFFFFFFF5E
:10724000FFFFFFFFFFFFFFFFFFFFFFFFFFFFFFFF4E
:10725000FFFFFFFFFFFFFFFFFFFFFFFFFFFFFFFF3E
:10726000FFFFFFFFFFFFFFFFFFFFFFFFFFFFFFFF2E
:10727000FFFFFFFFFFFFFFFFFFFFFFFFFFFFFFFF1E
:10728000FFFFFFFFFFFFFFFFFFFFFFFFFFFFFFFF0E
:10729000FFFFFFFFFFFFFFFFFFFFFFFFFFFFFFFFFE
:1072A000FFFFFFFFFFFFFFFFFFFFFFFFFFFFFFFFEE
:1072B000FFFFFFFFFFFFFFFFFFFFFFFFFFFFFFFFDE
:1072C000FFFFFFFFFFFFFFFFFFFFFFFFFFFFFFFFCE
:1072D000FFFFFFFFFFFFFFFFFFFFFFFFFFFFFFFFBE
:1072E000FFFFFFFFFFFFFFFFFFFFFFFFFFFFFFFFAE
:1072F000FFFFFFFFFFFFFFFFFFFFFFFFFFFFFFFF9E
:10730000FFFFFFFFFFFFFFFFFFFFFFFFFFFFFFFF8D
:10731000FFFFFFFFFFFFFFFFFFFFFFFFFFFFFFFF7D
:10732000FFFFFFFFFFFFFFFFFFFFFFFFFFFFFFFF6D
:10733000FFFFFFFFFFFFFFFFFFFFFFFFFFFFFFFF5D
:10734000FFFFFFFFFFFFFFFFFFFFFFFFFFFFFFFF4D
:10735000FFFFFFFFFFFFFFFFFFFFFFFFFFFFFFFF3D
:10736000FFFFFFFFFFFFFFFFFFFFFFFFFFFFFFFF2D
:10737000FFFFFFFFFFFFFFFFFFFFFFFFFFFFFFFF1D
:10738000029D1A3CA4C65A270800400300000000D2
:10739000FFFFFFFFFFFFFFFFFFFFFFFFFFFFFFFFFD
:1073A000FFFFFFFFFFFFFFFFFFFFFFFFFFFFFFFFED
:1073B000FFFFFFFFFFFFFFFFFFFFFFFFFFFFFFFFDD
:1073C000FFFFFFFFFFFFFFFFFFFFFFFFFFFFFFFFCD
:1073D000FFFFFFFFFFFFFFFFFFFFFFFFFFFFFFFFBD
:1073E000FFFFFFFFFFFFFFFFFFFFFFFFFFFFFFFFAD
:1073F000FFFFFFFFFFFFFFFFFFFFFFFFFFFFFFFF9D
:10740000FFFFFFFFFFFFFFFFFFFFFFFFFFFFFFFF8C
:10741000FFFFFFFFFFFFFFFFFFFFFFFFFFFFFFFF7C
:10742000FFFFFFFFFFFFFFFFFFFFFFFFFFFFFFFF6C
:10743000FFFFFFFFFFFFFFFFFFFFFFFFFFFFFFFF5C
:10744000FFFFFFFFFFFFFFFFFFFFFFFFFFFFFFFF4C
:10745000FFFFFFFFFFFFFFFFFFFFFFFFFFFFFFFF3C
:10746000FFFFFFFFFFFFFFFFFFFFFFFFFFFFFFFF2C
:10747000FFFFFFFFFFFFFFFFFFFFFFFFFFFFFFFF1C
:10748000FFFFFFFFFFFFFFFFFFFFFFFFFFFFFFFF0C
:107490000800E003000000000800E0030000000016
:1074A0000800E00300000000E8FFBD271400BFAFA4
:1074B000B268400F000000001400BF8F0800E00316
:1074C0001800BD270800E00300000000E8FFBD270A
:1074D0001400BFAF010004245E4E400F1D000524C0
:1074E000010004242128000000A0063C700DC624E1
:1074F000794E400F40000724C88082AF0200042468
:107500005E4E400F1D0005240200042421280000C7
:1075100034868627794E400F08000724D08082AF3A
:10752000030004245E4E400F1D00052403000424C4
:107530002128000000A0063CB00DC624794E400F63
:107540000A000724D88082AF1400BF8F0800E00330
:107550001800BD273087838F0100022425006214A4
:10756000000000000C87838F2200621488BF023C59
:107570007010438C8410037C701043AC88BF023CB5
:107580008050438C4408037C805043AC0C8780AF10
:10759000100E0224FFFF4224FFFF4230FEFF401482
:1075A000FFFF422488BF023C5052438C0100042458
:1075B0008410837C505243AC08070224FFFF42240E
:1075C000FFFF4230FEFF4014FFFF4224CA8180A724
:1075D00088BF023C5052438C8410037C505243AC11
:1075E00088BF023C7010438C010004248410837C0B
:1075F000701043AC0800E00300000000E8FFBD2766
:107600001400BFAFCE57400F00000000F457400FEA
:1076100000000000F88180A3D68580A350000224DA
:107620004C8382A39A8382A30D8282A3019D023C94
:1076300010E042346C8482AF029D023C10E0428C28
:10764000FFFF032405004314888682AF0200022452
:10765000258282A39A1D400B4C8682A3020002243D
:10766000258282A34C8682A3019D023C14E0423411
:10767000288482AF029D023C14E0428CFFFF032469
:1076800004004314BC8682AF01000224A61D400BF7
:107690003C8682A33C8682A31400BF8F0800E003CF
:1076A0001800BD27E8FFBD271400BFAF1000B0AF22
:1076B00080BF023C000840AC80BF023C100840ACD8
:1076C0007700032480BF023C200843AC00800434D0
:1076D00080BF023C080844AC1C00072488BF023C61
:1076E000B41047AC1400032488BF023CB81043AC6C
:1076F00088BF053C000202243410A2AC88BF033CC2
:10770000641062AC88BF023C681040AC0800063CC4
:107710003410A6AC88BF093CD41027AD88BF083C04
:107720000C000724D81007AD03000A24D4102AAD9A
:10773000D81000AD641066AC681046AC80BF063C43
:10774000000CC0AC80BF063C100CC0AC60EA083432
:1077500080BF063C200CC8AC80BF063C080CC4AC03
:1077600080BF063C000AC0AC80BF063C100AC0AC1B
:107770006A18082480BF063C200AC8AC80BF063CBB
:10778000080AC4AC0010043C3410A4AC88BF063C0A
:10779000001C053CE410C5AC88BF053CE810A0AC5B
:1077A0000003083CE410C8ACE810A0AC641064AC62
:1077B000681040AC81BF053C1700063C4090A6AC69
:1077C00000A0093481BF083C009009AD81BF083C8E
:1077D000109000AD0107092481BF083C209009AD3D
:1077E0004000082488BF093C186428AD88BF093CC4
:1077F000086428AD81BF083C509000AD4090A6AC15
:10780000641064AC681040AC01000224AC8582A313
:107810000680033480BF023C003043AC80BF023C92
:10782000103040AC80BF023C203040AC81BF023CF5
:1078300058FB438C0418E37C58FB43AC0E800334A4
:1078400080BF023C003643AC80BF023C103640ACE7
:10785000019D023C10E042346C8482AF029D023CE8
:1078600010E0508CFFFF022406000216888690AFBD
:10787000350C032480BF023C203643AC311E400B44
:1078800081BF023C9671400FFF000432212040006E
:10789000029D023C066D400F68C9458C029D033C69
:1078A0006CC9648CCD6A400F212840000871400FDC
:1078B0002120400080BF033C203662AC558390A35A
:1078C00081BF023C14FC438C0B0004240418837C0D
:1078D00014FC43AC1400BF8F1000B08F0800E0030D
:1078E0001800BD2700E85D4100701B4002601A408F
:1078F00090FFBD276C00BBAF00601B406400BAAFB7
:107900006800BBAF44781B7C00147B3700609B4051
:107910001800A3AF1400A2AF6400A38F0F00633060
:1079200011006014000000005400BFAF5000B9AF58
:107930004C00B8AF4800AFAF4400AEAF4000ADAFB1
:107940003C00ACAF3800ABAF3400AAAF3000A9AFF9
:107950002C00A8AF2800A7AF2400A6AF2000A5AF39
:107960001C00A4AF1000A1AF121000005C00A2AF79
:10797000101800005800A3AF5C85828FF081838FC0
:10798000FFFF63242B1843000E00605080BF023CB1
:107990005287849380BF033C203064AC5387849328
:1079A00080BF033C200864AC010042245C8582AFA8
:1079B0000002032488BF023C341043AC531F400B29
:1079C00000000000203040AC0002032488BF023CCD
:1079D000641043AC88BF023C681040ACBC81829309
:1079E000D800401401000224D484828F0400422C69
:1079F0007C004014C0828393010002247900621449
:107A00007F00032488BF023C386343AC08FF033483
:107A100088BF023C386143ACA485829302000324F2
:107A200039004354050003249983829306004014CF
:107A30000100032400A0023CF90A4290FCFF42240A
:107A4000BA1E400BEC8482A30600431402000324F8
:107A500000A0023CF90A4290FEFF4224BA1E400BED
:107A6000EC8482A3060043140300032400A0023C1C
:107A7000F90A4290FFFF4224BA1E400BEC8482A315
:107A8000050043140400032400A0023CF90A4290BC
:107A9000BA1E400BEC8482A30600431405000324A5
:107AA00000A0023CF90A429001004224BA1E400B99
:107AB000EC8482A3060043140600032400A0023CC9
:107AC000F90A429002004224BA1E400BEC8482A3C1
:107AD00006004314EC84829300A0023CF90A429011
:107AE00004004224EC8482A3EC8482932B00422C79
:107AF00001004050EC8480A35058400F000000006B
:107B0000F91E400B00000000360043149983829355
:107B1000060040140100032400A0023CF10B429037
:107B2000FCFF4224F31E400B608582A30600431431
:107B30000200032400A0023CF10B4290FEFF42240D
:107B4000F31E400B608582A3060043140300032448
:107B500000A0023CF10B4290FFFF4224F31E400BB9
:107B6000608582A3050043140400032400A0023CA6
:107B7000F10B4290F31E400B608582A30600431474
:107B80000500032400A0023CF10B429001004224B6
:107B9000F31E400B608582A30600431406000324F5
:107BA00000A0023CF10B429002004224F31E400B65
:107BB000608582A3060043146085829300A0023C86
:107BC000F10B429004004224608582A36085829379
:107BD0001C00422C01004050608580A3F05A400FE9
:107BE000000000005870400F0000000081BF023C00
:107BF0000090438C010004244408837C009043AC33
:107C0000948080AF5C82858F0F00A0100000000080
:107C10002120000080BF033C88BF073C0800063CD1
:107C2000100C60AC3410E6AC100C628C6E00422C70
:107C3000FDFF40140000000001008424F8FF8514BB
:107C400000000000948085AF5D70400F00000000D0
:107C5000948080AFFC8380AF5C82828F32000724E7
:107C60002338E2002128000098808D8F8C848E8F2D
:107C70002130000081BF033C01000C2480BF043C84
:107C800088BF0B3C08000A3C81BF083C3C1F400BEE
:107C9000020009240090628C4408827D009062AC4E
:107CA000100C80AC34106AAD100C828C0200422C97
:107CB000FDFF4014000000000090628C4408027C2C
:107CC000009062AC0090628C01004230FDFF4010D9
:107CD000000000007090028D0200A9142130C20043
:107CE00070900D8D0100A5240100E55070900E8D5F
:107CF0002B10A700E7FF401401000224948085AFF9
:107D0000FC8386AF98808DAF8C848EAFD484838FB4
:107D10000100625010848EAF5370400F00000000CD
:107D20007370400F000000007F00032488BF023CF6
:107D3000386343AC08FF033488BF023C386143AC6E
:107D400001000224228482A35C8580AF5C00A28FA4
:107D5000130040005800A38F6400A28F0F00423030
:107D600013004014110060005400BF8F5000B98F01
:107D70004C00B88F4800AF8F4400AE8F4000AD8FED
:107D80003C00AC8F3800AB8F3400AA8F3000A98F35
:107D90002C00A88F2800A78F2400A68F2000A58F75
:107DA0001C00A48F1800A38F1400A28F1000A18FB5
:107DB00000606041C00000006C00BA8F6800BB8F9B
:107DC00000709A406400BA8F7000BD2702609A402C
:107DD00000E8DD4100609B401800004200E85D4182
:107DE00000701B4002601A40E8FFBD271400BBAFC3
:107DF00000601B400C00BAAF1000BBAF44781B7C86
:107E000000107B3700609B400400A3AF0000A2AFCE
:107E10000001033C88BF023C341043AC9C86828F37
:107E2000010042249C8682AF0C00A28F0F004230DA
:107E300003004014000000000400A38F0000A28F84
:107E400000606041C00000001400BA8F1000BB8FBA
:107E500000709A400C00BA8F1800BD2702609A404B
:107E600000E8DD4100609B401800004200E85D41F1
:107E700000701B4002601A40E8FFBD271400BBAF32
:107E800000601B400C00BAAF1000BBAF44781B7CF5
:107E9000000C7B3700609B400400A3AF0000A2AF42
:107EA0000800033C88BF023C341043AC0C00A28F96
:107EB0000F00423003004014000000000400A38FB4
:107EC0000000A28F00606041C00000001400BA8F63
:107ED0001000BB8F00709A400C00BA8F1800BD27AD
:107EE00002609A4000E8DD4100609B4018000042BB
:107EF00000E85D4100701B4002601A40E8FFBD27AA
:107F00001400BBAF00601B400C00BAAF1000BBAF49
:107F100044781B7C00187B3700609B400400A3AFB3
:107F20000000A2AF0040032488BF023C341043ACE1
:107F30000C00A28F0F00423003004014000000002C
:107F40000400A38F0000A28F00606041C000000009
:107F50001400BA8F1000BB8F00709A400C00BA8FCB
:107F60001800BD2702609A4000E8DD4100609B4098
:107F7000180000429C86828F0A00422C090040149F
:107F8000FAFF02349C8680AF8C82828F01004224EB
:107F90008C8282AF5086828F01004224508682AF4D
:107FA000FAFF02345086838F2B10620006004014C3
:107FB0008C82828FE884828F01004224E88482AF21
:107FC000508680AF8C82828FE803422C05004014DB
:107FD000E884828F01004224E88482AF8C8280AFE3
:107FE000E884828F3C00422C060040146C83828F10
:107FF000E88480AF6C83828F010042246C8382AF5F
:108000006C83828F3075422C010040506C8380AFAE
:1080100051C302346485838F2B10620001004050ED
:10802000648580AF0800E00300000000E88180AFB5
:10803000048580AFC48380AF948380AFA18480A384
:10804000948580A3F08280AF488580AF9C8480AF08
:10805000E48580AFE08580AF888580AF048280AF03
:108060008C8380A3388380AFE88580AF3D8380A375
:10807000288380AFFFFF02240C8282A3108480AF8C
:10808000788280AF4C8280AFF48280A3E48380A3A7
:10809000328380A3758380A3848280AF608280A3B3
:1080A000EC8480A301000224608582A37C8380AFDE
:1080B000C48280AFEC8380A3F88180A3D48480AF96
:1080C000DC8380A3C08280A300A0023CC8094224B4
:1080D00000A0033C340A6324000040ACFDFF40A034
:1080E0000C004224FDFF4354000040AC00A0023CC1
:1080F000A50A422400A0033C9D0B632400A0043C7D
:10810000410B8424000040A0030040AC000060A0AC
:10811000030060AC0C004224FAFF44140C006324FA
:108120000D000224C88382AF00A0033C1809632419
:10813000040060AC00A0023C780A40AC080060ACCF
:10814000780A4224040040AC0C0060AC080040AC4B
:10815000708480AFDC8280AF788380AF140040AC45
:10816000180040AC1C0040AC280040A0290040A0F2
:108170001C8480AF788580AF500003244C8383A398
:108180009A8383A30D8283A3D68580A32A8280A3AA
:108190007D8580A3088280AF408480AFD08580AF8A
:1081A000808380AF608480A3DD8380A3B88380AFA9
:1081B0001C8580AF988280A3348580A3D08480AF53
:1081C000848580A3208480A3C48580AF0C0040AC4C
:1081D000100040AC200040AC240040AC2A0040A07D
:1081E000EC8180A7868480A7168280A7348380A72D
:1081F000248480A7F08480A7BC8580AF9C8280AF58
:108200009C8580A30800E003288580A3E8FFBD27A4
:108210001400BFAFD484828F010003243C004310BC
:10822000228483930700401002000324AB00431014
:1082300003000324440143141400BF8F6121400B49
:1082400022848393D886828F050040141C00022468
:10825000F08182AF060002249B20400B308482AF65
:10826000F08182AF06000224308482AF0200042431
:10827000A65C400F09000524EC848393801803005A
:1082800000A0023C041B42242118620060858493F4
:108290008020040000A0023C941A42242110820095
:1082A0000000648CA357400F0000458C7370400F92
:1082B0005C8580AF5C8280AFEC838293688083278B
:1082C0002118620000006390528783A37080832787
:1082D0002110620000004290538782A30002022412
:1082E00088BF033C341062AC88BF033C641062ACAE
:1082F00088BF033C681062ACD484828F01004224A2
:10830000D48482AF8C82828FD121400B148382AFC0
:1083100001000224620062148C82828F0200022417
:10832000228482A360858393FC83828F802803004C
:1083300000A0043C800984242120A400000082AC19
:1083400001006424608584A300A0043CF40B848CA9
:108350002B2082000E008050608582931084848FD1
:108360002B2044000A0080546085829300A0043CC6
:108370009C0B8424580082AC550083A0EC8382932C
:10838000DC8382A38C84828F5C0082AC60858293C4
:108390001C00422C3F004054D48480AF01000224D2
:1083A000608582A3EC83829301004224FF00423067
:1083B000EC8382A30700422C36004054D48480AF63
:1083C0001084828F0F00422400A0033CF40B638CC6
:1083D0002B1043001100401000A0023CF10B429012
:1083E0000E00401001000324EC8483A3608582A367
:1083F000D886828F06004010D484828F0100022428
:108400000B20400FC88682A32621400BFC8380AF3F
:10841000010042242521400BD48482AF0B20400F61
:1084200000000000D886828F01004054C88680A3D7
:10843000D886828F0B004010000000004C87828F8E
:108440000800401401000424D88684AF88BF023C91
:108450008050438C4408837C805043AC2621400BE1
:10846000FC8380AFD886828F0B004050FC8380AFA6
:108470004C87838F0100022407006254FC8380AF85
:10848000E48180A3AC8580A34C8780AF2621400B7C
:10849000FC8380AFFC8380AF8C8480AF8C82828F22
:1084A0001483838F231843000300632CA6006054B9
:1084B0001400BF8F148382AFE48180A30B20400F90
:1084C000AC8580A35870400F000000005D70400F25
:1084D00000000000D221400B1400BF8F21200000BB
:1084E000A65C400F09000524EC84839380180300E8
:1084F00000A0023C041B4224211862006085849382
:108500008020040000A0023C941A42242110820022
:108510000000648CA357400F0000458C7370400F1F
:10852000000000005C8580AFEC8382936880832725
:108530002118620000006390528783A37080832714
:108540002110620000004290538782A35C8280AFBA
:108550000002022488BF033C341062AC88BF033C95
:10856000641062AC88BF033C681062ACD484828F14
:1085700001004224D48482AF8C82828FD121400BAF
:10858000148382AF01000224610062148C82828F06
:1085900002000224228482A3EC848393FC83828FD2
:1085A0008028030000A0043C000884242120A400AB
:1085B000000082AC01006424EC8484A300A0043C8D
:1085C000FC0A848C2B2082000C008050EC84829367
:1085D0001084848F2B20440008008054EC84829304
:1085E00000A0043CA40A8424580082AC550083A057
:1085F0008C84828F5C0082ACEC8482932B00422CB2
:108600003F0040140200022401000224EC8482A3F3
:108610001084828F0F00422400A0033CFC0A638C6C
:108620002B1043003200401000A0023CF90A429097
:108630002F00401000000000618582A300A0023CD2
:10864000F10B4290E88282A3D484828F01004224FD
:10865000D48482AFD98580A3FE8280A3DC838293F9
:10866000040040140100032478808293B521400B5C
:10867000DC8382A3040043140200032479808293E4
:10868000B521400BDC8382A30400431403000324C0
:108690007A808293B521400BDC8382A304004314CB
:1086A000040003247B808293B521400BDC8382A3EA
:1086B00004004314050003247C808293B521400B01
:1086C000DC8382A304004314DC8382937D80829345
:1086D000DC8382A3DC838293FEFF4224EC8382A3AB
:1086E0009C8480AFE48580AFC121400BE08580AFE2
:1086F0000B20400F00000000C221400BFC8380AF24
:10870000D48482AFFC8380AF8C8480AF8C82828FD4
:108710001483838F231843000300632C0A00601422
:108720001400BF8F148382AFE48180A30B20400F1D
:10873000AC8580A35870400F000000005D70400FB2
:10874000000000001400BF8F0800E0031800BD27E0
:10875000E8FFBD271400BFAF88BF023C8050428CA9
:10876000020042300E0040101400BF8F88BF023C50
:108770004010438C8410037C401043AC88BF033C02
:108780007010648C010002248410447C701064AC6E
:10879000D88682AF0B20400F000000001400BF8F6E
:1087A0000800E0031800BD27E8FFBD2703000224EE
:1087B000130082101400BFAF0400822C060040108A
:1087C0007200022401000224180082141400BF8FDA
:1087D000FC21400B000000001100821075000224F3
:1087E00011008254010002240422400B000000000A
:1087F000331D400F000000000A22400B010002243C
:108800002A1D400F000000000A22400B0100022434
:10881000D421400F000000000A22400B0100022476
:1088200040000000010002241400BF8F0800E00394
:108830001800BD27E8FFBD271400BFAF0C87838F4A
:1088400001000224FD0062101086828F0600401095
:10885000208683930000429080004230FF00423027
:10886000F70040141400BF8F0100022403006210BF
:1088700056868393F20062141400BF8F1000032405
:1088800088BF023C346443AC2C86828FE7004014DE
:108890002486828F4C868393010002240700625451
:1088A000248680AFD086838F04006254248680AFF4
:1088B000040002244C8682A3248680AF88BF023C39
:1088C0002061448C0100843027200400211800001E
:1088D0000400837C248683AF2061428C4000427C6C
:1088E000271002004408437C248683AF88BF023CE3
:1088F0002064448C01008430272004008410837C91
:10890000248683AF2064448C4000847C27200400AC
:10891000C418837C248683AF2064448C8000847CCC
:10892000272004000421837C248683AF2064448CA8
:10893000C000847C27200400211060004429827C30
:10894000248682AF88BF033C2065638C01006330BE
:10895000271803008431627C248682AF88BF033CE1
:108960002063638C0002637C27180300C439627C97
:10897000248682AF4C868293020003243300431086
:108980000300432C060060100300032401000324AD
:10899000A4004314568683936E22400B01000224E8
:1089A00051004310040003249E00431400A0063C21
:1089B000F022400B020002249A00621400A0063C40
:1089C000060002242011C2A0BF8182932011C62478
:1089D0000100C2A0408682930200C2A04186829319
:1089E0000300C2A0428682930400C2A04386829301
:1089F0000500C2A0448682930600C2A045868293E9
:108A00000700C2A0080002244D8582A301000424AF
:108A100001000524794E400F08000724108682AF1C
:108A200000000000568680A35C81828F0400432CE6
:108A30000400601401004224020002240923400BB8
:108A40005C8182AF0923400B5C8182AF56868393A1
:108A5000010002247300621400A0063C06000224F8
:108A60002011C2A0BF8182932011C6240100C2A0A0
:108A7000408682930200C2A0418682930300C2A076
:108A8000428682930400C2A0438682930500C2A05E
:108A9000448682930600C2A0458682930700C2A046
:108AA000080002244D8582A301000424010005244E
:108AB000794E400F08000724108682AF00000000A6
:108AC000568680A35C81828F0400432C04006014CE
:108AD00001004224020002240923400B5C8182AF82
:108AE0000923400B5C8182AF00A0063C06000224F3
:108AF0005C0CC2A05C0CC624BF8182930100C2A0A2
:108B0000408682930200C2A0418682930300C2A0E5
:108B1000428682930400C2A0438682930500C2A0CD
:108B2000448682930600C2A0458682930700C2A0B5
:108B3000080002244D8582A30200042401000524BC
:108B4000794E400F08000724108682AF208680A34C
:108B500000A0063C020002242011C2A02011C6245D
:108B6000F0FF02240100C2A0248682930200C2A06A
:108B70000300C0A00400C0A00500C0A00600C0A063
:108B8000908682930700C2A00800C0A00900C0A080
:108B90000A00C0A00B00C0A00C0002244D8582A3D7
:108BA0000300042401000524794E400F0C00072423
:108BB000108682AF208680A30923400B568680A3AF
:108BC0002011C2A02011C624F0FF02240100C2A07F
:108BD000248682930200C2A00300C0A00400C0A0AB
:108BE0000500C0A00600C0A0908682930700C2A026
:108BF0000800C0A00900C0A00A00C0A00B00C0A0CF
:108C00000C0002244D8582A30300042401000524E6
:108C1000794E400F0C000724108682AF208680A377
:108C2000568680A3000000002486828F0300401433
:108C30001000032488BF023C386443AC1400BF8F8B
:108C40000800E0031800BD27F0FFBD270C00B3AFFC
:108C50000800B2AF0400B1AF0000B0AFA8868293A5
:108C60000A00422C810540500C00B38FA8868393E4
:108C700080180300019D023C8C8C4224211043008B
:108C80000000428C0800400000000000B48C009DF1
:108C9000108D009DD090009D0893009D3C95009DF7
:108CA0007097009DA499009DD89B009D0C9E009DEF
:108CB00040A0009D8C82828F788682AF00A0023C0B
:108CC0003C0E40AC3C0E4224040040AC140040ACCE
:108CD000180040AC280040AC2C0040AC3C0040AC3C
:108CE000400040AC500040AC540040AC640040AC8C
:108CF000680040AC780040AC7C0040AC8C0040ACDC
:108D0000900040AC010002249A28400BA88682A360
:108D10007886828F8C82838F231062000300422C1E
:108D20007100401000A0023C88BF023C2063428CCE
:108D3000000142300600401000A0023C3C0E4224DC
:108D40008C00438C010063245823400B8C0043ACFF
:108D50003C0E42249000438C01006324900043ACFD
:108D600088BF023C2065428C010042300600401062
:108D700000A0023C3C0E42247800438C0100632496
:108D80006623400B780043AC3C0E42247C00438CAD
:108D9000010063247C0043AC88BF023C2064428C09
:108DA000080042300600401000A0023C3C0E422465
:108DB0006400438C010063247423400B640043ACC3
:108DC0003C0E42246800438C01006324680043ACDD
:108DD00088BF023C2064428C0400423006004010F0
:108DE00000A0023C3C0E42245000438C010063244E
:108DF0008223400B500043AC3C0E42245400438C71
:108E000001006324540043AC88BF023C2064428CC0
:108E1000020042300600401000A0023C3C0E4224FA
:108E20003C00438C010063249023400B3C0043AC86
:108E30003C0E42244000438C01006324400043ACBC
:108E400088BF023C2064428C010042300600401082
:108E500000A0023C3C0E42242800438C0100632405
:108E60009E23400B280043AC3C0E42242C00438C34
:108E7000010063242C0043AC88BF023C2061428C7B
:108E8000020042300600401000A0023C3C0E42248A
:108E90001400438C01006324AC23400B140043AC4A
:108EA0003C0E42241800438C01006324180043AC9C
:108EB00088BF023C2061428C010042300500401016
:108EC00000A0023C3C0E438C010063249A28400B16
:108ED0003C0E43AC3C0E42240400438C010063244E
:108EE0009A28400B040043AC3C0E42248C00438C77
:108EF0009000428C2B204300050080102B10620054
:108F00000100032400A0023CC823400BD00E43A064
:108F10000400401000A0023C00A0023CD00E40A083
:108F200000A0023C3C0E42247800438C7C00428C22
:108F30002B204300050080102B1062000100032449
:108F400000A0023CD723400BBC0E43A004004010FD
:108F500000A0023C00A0023CBC0E40A000A0023CCD
:108F60003C0E42246400438C6800428C2B2043005A
:108F7000050080102B1062000100032400A0023CB9
:108F8000E623400BA80E43A00400401000A0023CC2
:108F900000A0023CA80E40A000A0023C3C0E4224CF
:108FA0005000438C5400428C2B204300050080105D
:108FB0002B1062000100032400A0023CF523400BAB
:108FC000940E43A00400401000A0023C00A0023C0C
:108FD000940E40A000A0023C3C0E42243C00438C76
:108FE0004000428C2B204300050080102B106200B3
:108FF0000100032400A0023C0424400B800E43A087
:109000000400401000A0023C00A0023C800E40A0E2
:1090100000A0023C3C0E42242800438C2C00428CD1
:109020002B204300050080102B1062000100032458
:1090300000A0023C1324400B6C0E43A0040040101F
:1090400000A0023C00A0023C6C0E40A000A0023C2C
:109050003C0E42241400438C1800428C2B20430009
:10906000050080102B1062000100032400A0023CC8
:109070002224400B580E43A00400401000A0023CE4
:1090800000A0023C580E40A000A0023C3C0E438CC5
:109090003C0E42240400428C2B204300050080102B
:1090A0002B1062000100032400A0023C3024400B7E
:1090B000440E43A00200401000A0023C440E40A019
:1090C000A8868293010042249A28400BA88682A396
:1090D00000A0023C3C0E422408004390090042904C
:1090E0008100431001000224568682A3010002245D
:1090F0004800621400A0033C00A0023C3C0E422445
:10910000100040A02980849327200400BF8183930E
:1091100024188300BF8183A32A808493272004001E
:109120004E868393241883004E8683A311004290B9
:109130000800432C6C006010C88382AF2C80889399
:109140003080899334808A9338808B933C808E93CF
:10915000408099934480929300A0033C3C0E63248A
:1091600025006C9039006D904D006F9061007890F3
:1091700075007090890071909D00739021284000C7
:109180004186872740868627211847000000639084
:109190002120C20003006814000083A07F24400B3C
:1091A000FF004C3003006914000000007F24400BD6
:1091B000FF004D3003006A14000000007F24400BC4
:1091C000FF004F3003006B14000000007F24400BB1
:1091D000FF00583003006E14000000007F24400B95
:1091E000FF00503003007914000000007F24400B82
:1091F000FF00513001007250FF0053300100A224E3
:109200000800432CE0FF601421284000B124400BEB
:1092100000A0033C3C0E632428808893100068A0C3
:1092200029808293BF81849325108200BF8182A30D
:109230002A8082934E868493251082004E8682A3D4
:10924000FF00083121100000110065902118000076
:109250009724400B408687272128C0002120E20068
:10926000000084900B0080142130A0000800442CE2
:10927000090080500100422440868327213062008B
:109280000000C8A001004324FF006430AC24400B60
:109290000900032401004224010063240800642C17
:1092A000EDFF8014FF004230212040002110A0007B
:1092B000C88383AF548684A300A0033CBA24400B28
:1092C0004D0E62A03C0E632425006CA039006DA0F9
:1092D0004D006FA0610078A0750070A0890071A09A
:1092E0009D0073A0C88382AF00A0023C3C0E4224C4
:1092F00008004390090043A0A886829301004224FD
:109300009A28400BA88682A300A0023C3C0E42246F
:109310001C0043901D004290800043100100022475
:10932000568682A3010002244700621400A0023C7A
:109330003C0E4224240040A02D808493272004006A
:10934000BF81839324188300BF8183A32E808493DD
:10935000272004004E868393241883004E8683A31F
:10936000250042900800432C6C006010C88382AF37
:10937000288088933080899334808A9338808B93B7
:109380003C808E93408099934480929300A0033C4C
:109390003C0E632439006D904D006F906100789011
:1093A00075007090890071909D00739011006C9011
:1093B00021284000418687274086862721184700BC
:1093C000000063902120C20003006814000083A005
:1093D0000C25400BFF004C30030069140000000016
:1093E0000C25400BFF004D3003006A140000000004
:1093F0000C25400BFF004F3003006B1400000000F1
:109400000C25400BFF00583003006E1400000000D4
:109410000C25400BFF0050300300791400000000C1
:109420000C25400BFF00513001007250FF005330FB
:109430000100A2240800432CE0FF60142128400012
:109440003E25400B00A0033C3C0E42242C80889318
:10945000240048A02D808393BF8184932518830026
:10946000BF8183A32E8083934E8684932518830027
:109470004E8683A3FF00083125004590211000008F
:10948000211800002425400B408687272128C00092
:109490002120E200000084900B0080142130A00005
:1094A0000800442C09008050010042244086832794
:1094B000213062000000C8A001004324FF00643096
:1094C0003925400B090003240100422401006324D4
:1094D0000800642CEDFF8014FF0042302120400082
:1094E0002110A00000A0053C610EA2A0C88383AF9C
:1094F0004725400B548684A33C0E632439006DA09D
:109500004D006FA0610078A0750070A0890071A067
:109510009D0073A0C88382AF11006CA000A0023C24
:109520003C0E42241C0043901D0043A0A886829359
:10953000010042249A28400BA88682A300A0023C86
:109540003C0E422430004390310042908000431092
:1095500001000224568682A30100022447006214FF
:1095600000A0023C3C0E4224380040A0318084938D
:1095700027200400BF81839324188300BF8183A325
:1095800032808493272004004E868393241883001E
:109590004E8683A3390042900800432C6C00601073
:1095A000C88382AF288088932C80899334808A93E3
:1095B00038808B933C808E93408099934480929323
:1095C00000A0033C3C0E632425006D904D006F907D
:1095D0006100789075007090890071909D00739083
:1095E00011006C90212840004186872740868627FD
:1095F00021184700000063902120C2000300681476
:10960000000083A09925400BFF004C300300691433
:10961000000000009925400BFF004D3003006A1444
:10962000000000009925400BFF004F3003006B1431
:10963000000000009925400BFF00583003006E1415
:10964000000000009925400BFF0050300300791402
:10965000000000009925400BFF00513001007250BE
:10966000FF0053300100A2240800432CE0FF6014E7
:1096700021284000CB25400B00A0033C3C0E422497
:1096800030808893380048A031808393BF818493D1
:1096900025188300BF8183A3328083934E868493F1
:1096A000251883004E8683A3FF00083139004590BA
:1096B0002110000021180000B125400B40868727AB
:1096C0002128C0002120E200000084900B008014BB
:1096D0002130A0000800442C0900805001004224E1
:1096E00040868327213062000000C8A00100432487
:1096F000FF006430C625400B09000324010042240A
:10970000010063240800642CEDFF8014FF00423048
:10971000212040002110A00000A0053C750EA2A051
:10972000C88383AFD425400B548684A33C0E6324A6
:1097300025006DA04D006FA0610078A0750070A09D
:10974000890071A09D0073A0C88382AF11006CA036
:1097500000A0023C3C0E422430004390310043A064
:10976000A8868293010042249A28400BA88682A3EF
:1097700000A0023C3C0E422444004390450042902D
:109780008000431001000224568682A301000224B7
:109790004700621400A0023C3C0E42244C0040A052
:1097A0003580849327200400BF818393241883008D
:1097B000BF8183A336808493272004004E86839341
:1097C000241883004E8683A34D0042900800432C4A
:1097D0006C006010C88382AF288088932C808993A6
:1097E00030808A9338808B933C808E93408099930D
:1097F0004480929300A0033C3C0E632425006D90AE
:1098000039006F90610078907500709089007190B8
:109810009D00739011006C9021284000418687279D
:109820004086862721184700000063902120C2004F
:1098300003006814000083A02626400BFF004C3074
:1098400003006914000000002626400BFF004D3085
:1098500003006A14000000002626400BFF004F3072
:1098600003006B14000000002626400BFF00583058
:1098700003006E14000000002626400BFF0050304D
:1098800003007914000000002626400BFF00513031
:1098900001007250FF0053300100A2240800432C45
:1098A000E0FF6014212840005826400B00A0033C34
:1098B0003C0E4224348088934C0048A0358083932A
:1098C000BF81849325188300BF8183A3368083934F
:1098D0004E868493251883004E8683A3FF000831AB
:1098E0004D00459021100000211800003E26400B3D
:1098F000408687272128C0002120E20000008490B4
:109900000B0080142130A0000800442C0900805076
:109910000100422440868327213062000000C8A055
:1099200001004324FF0064305326400B0900032448
:1099300001004224010063240800642CEDFF801420
:10994000FF004230212040002110A00000A0053C73
:10995000890EA2A0C88383AF6126400B548684A3DE
:109960003C0E632425006DA039006FA0610078A033
:10997000750070A0890071A09D0073A0C88382AF9C
:1099800011006CA000A0023C3C0E42244400439015
:10999000450043A0A8868293010042249A28400BE8
:1099A000A88682A300A0023C3C0E422458004390AB
:1099B000590042908000431001000224568682A381
:1099C000010002244700621400A0023C3C0E422425
:1099D000600040A03980849327200400BF818393D6
:1099E00024188300BF8183A33A8084932720040036
:1099F0004E868393241883004E8683A36100429091
:109A00000800432C6C006010C88382AF28808893C4
:109A10002C80899330808A9334808B933C808E9302
:109A2000408099934480929300A0033C3C0E6324B1
:109A300025006D9039006F904D0078907500709002
:109A4000890071909D00739011006C902128400056
:109A500041868727408686272118470000006390AB
:109A60002120C20003006814000083A0B326400B2D
:109A7000FF004C300300691400000000B326400BC7
:109A8000FF004D3003006A1400000000B326400BB5
:109A9000FF004F3003006B1400000000B326400BA2
:109AA000FF00583003006E1400000000B326400B86
:109AB000FF0050300300791400000000B326400B73
:109AC000FF00513001007250FF0053300100A2240A
:109AD0000800432CE0FF601421284000E526400BDD
:109AE00000A0033C3C0E422438808893600048A0CC
:109AF00039808393BF81849325188300BF8183A31A
:109B00003A8083934E868493251883004E8683A3E0
:109B1000FF0008316100459021100000211800006D
:109B2000CB26400B408687272128C0002120E20059
:109B3000000084900B0080142130A0000800442C09
:109B400009008050010042244086832721306200B2
:109B50000000C8A001004324FF006430E026400B51
:109B60000900032401004224010063240800642C3E
:109B7000EDFF8014FF004230212040002110A000A2
:109B800000A0053C9D0EA2A0C88383AFEE26400B2B
:109B9000548684A33C0E632425006DA039006FA079
:109BA0004D0078A0750070A0890071A09D0073A081
:109BB000C88382AF11006CA000A0023C3C0E42247E
:109BC00058004390590043A0A88682930100422484
:109BD0009A28400BA88682A300A0023C3C0E422497
:109BE0006C0043906D0042908000431001000224FD
:109BF000568682A3010002244700621400A0023CA2
:109C00003C0E4224740040A03D8084932720040031
:109C1000BF81839324188300BF8183A33E808493F4
:109C2000272004004E868393241883004E8683A346
:109C3000750042900800432C6C006010C88382AF0E
:109C4000288088932C80899330808A9334808B93EA
:109C500038808E93408099934480929300A0033C77
:109C60003C0E632425006D9039006F904D00789074
:109C700061007090890071909D00739011006C904C
:109C800021284000418687274086862721184700E3
:109C9000000063902120C20003006814000083A02C
:109CA0004027400BFF004C30030069140000000007
:109CB0004027400BFF004D3003006A1400000000F5
:109CC0004027400BFF004F3003006B1400000000E2
:109CD0004027400BFF00583003006E1400000000C6
:109CE0004027400BFF0050300300791400000000B3
:109CF0004027400BFF00513001007250FF005330ED
:109D00000100A2240800432CE0FF60142128400039
:109D10007227400B00A0033C3C0E42243C808893F9
:109D2000740048A03D808393BF81849325188300ED
:109D3000BF8183A33E8083934E868493251883003E
:109D40004E8683A3FF000831750045902110000066
:109D5000211800005827400B408687272128C00083
:109D60002120E200000084900B0080142130A0002C
:109D70000800442C090080500100422440868327BB
:109D8000213062000000C8A001004324FF006430BD
:109D90006D27400B090003240100422401006324C5
:109DA0000800642CEDFF8014FF00423021204000A9
:109DB0002110A00000A0053CB10EA2A0C88383AF73
:109DC0007B27400B548684A33C0E632425006DA0A2
:109DD00039006FA04D0078A0610070A0890071A0CB
:109DE0009D0073A0C88382AF11006CA000A0023C4C
:109DF0003C0E42246C0043906D0043A0A8868293E1
:109E0000010042249A28400BA88682A300A0023CAD
:109E10003C0E422480004390810042908000431019
:109E200001000224568682A3010002244700621426
:109E300000A0023C3C0E4224880040A04180849354
:109E400027200400BF81839324188300BF8183A34C
:109E500042808493272004004E8683932418830035
:109E60004E8683A3890043900800622C6C0040104A
:109E7000C88383AF288088932C80899330808A930D
:109E800034808B9338808E933C8099934480929356
:109E900000A0023C3C0E422425004D9039004F901A
:109EA0004D00589061005090750051909D00539066
:109EB00011004C902120600041868727408686272C
:109EC00021108700000042902128C400030048149C
:109ED0000000A2A0CD27400BFF008C3003004914E6
:109EE00000000000CD27400BFF008D3003004A1416
:109EF00000000000CD27400BFF008F3003004B1403
:109F000000000000CD27400BFF00983003004E14E6
:109F100000000000CD27400BFF00903003005914D3
:109F200000000000CD27400BFF009130010052508F
:109F3000FF009330010063240800622CE0FF4054CE
:109F400021206000FF27400B00A0023C3C0E422471
:109F500040808893880048A041808393BF81849388
:109F600025188300BF8183A3428083934E86849308
:109F7000251883004E8683A3FF0008318900459091
:109F80002110000021180000E527400B408687279C
:109F90002128C0002120E200000084900B008014E2
:109FA0002130A0000800442C090080500100422408
:109FB00040868327213062000000C8A001004324AE
:109FC000FF006430FA27400B0900032401004224FB
:109FD000010063240800642CEDFF8014FF00423070
:109FE000212040002110A00000A0053CC50EA2A029
:109FF000C88383AF0828400B548684A33C0E4224B8
:10A0000025004DA039004FA04D0058A0610050A080
:10A01000750051A09D0053A0C88383AF11004CA0D0
:10A0200000A0023C3C0E422480004390810043A0EB
:10A03000A8868293010042249A28400BA88682A316
:10A0400000A0023C3C0E42249400439095004290B4
:10A050008000431001000224568682A301000224DE
:10A060004700621400A0023C3C0E42249C0040A029
:10A070004580849327200400BF81839324188300A4
:10A08000BF8183A346808493272004004E86839358
:10A09000241883004E8683A39D0042900800432C21
:10A0A0006C006010C88382AF288088932C808993CD
:10A0B00030808A9334808B9338808E933C80999340
:10A0C0004080929300A0033C3C0E632425006D90D9
:10A0D00039006F904D00789061007090750071901C
:10A0E0008900739011006C902128400041868727D9
:10A0F0004086862721184700000063902120C20077
:10A1000003006814000083A05A28400BFF004C3065
:10A1100003006914000000005A28400BFF004D3076
:10A1200003006A14000000005A28400BFF004F3063
:10A1300003006B14000000005A28400BFF00583049
:10A1400003006E14000000005A28400BFF0050303E
:10A1500003007914000000005A28400BFF00513022
:10A1600001007250FF0053300100A2240800432C6C
:10A17000E0FF6014212840008C28400B00A0033C25
:10A180003C0E4224448088939C0048A045808393E1
:10A19000BF81849325188300BF8183A34680839366
:10A1A0004E868493251883004E8683A3FF000831D2
:10A1B0009D00459021100000211800007228400BDE
:10A1C000408687272128C0002120E20000008490DB
:10A1D0000B0080142130A0000800442C090080509E
:10A1E0000100422440868327213062000000C8A07D
:10A1F00001004324FF0064308728400B090003243A
:10A2000001004224010063240800642CEDFF801447
:10A21000FF004230212040002110A00000A0053C9A
:10A22000D90EA2A0C88383AF9528400B548684A37F
:10A230003C0E632425006DA039006FA04D0078A06E
:10A24000610070A0750071A0890073A0C88382AFFF
:10A2500011006CA000A0023C3C0E422494004390EC
:10A26000950043A0A88680A30C00B38F0800B28F8E
:10A270000400B18F0000B08F0800E0031000BD277C
:10A280005485828F0F0040140100032400A0023C7B
:10A290002409438CFF00643000A0023C20114224BA
:10A2A000060044A0003A637C070043A0F482839335
:10A2B000080043A0E4838393090043A00800E0035F
:10A2C000000000000F0043140200032400A0023C21
:10A2D000000B438CFF00643000A0023C201142249C
:10A2E000060044A0003A637C070043A0F4828393F5
:10A2F000080043A0E4838393090043A00800E0031F
:10A30000000000000F0043140300032400A0023CDF
:10A31000F80B438CFF00643000A0023C2011422463
:10A32000060044A0003A637C070043A0F4828393B4
:10A33000080043A0E4838393090043A00800E003DE
:10A3400000000000110043140400032400A0023C9C
:10A35000080A438CFF00643000A0023C2011422414
:10A36000060044A0003A637C070043A000A0033C21
:10A37000F90A6390080043A000A0033CF10B63902E
:10A38000090043A00800E00300000000100043148F
:10A3900005000324AC83838FFF00643000A0023CDF
:10A3A00020114224060044A0003A637C070043A029
:10A3B00000A0033CF90A6390080043A000A0033CFE
:10A3C000F10B6390090043A00800E00300000000C7
:10A3D000090043540600032400A0023C201142243B
:10A3E000060040A0070040A0080040A0090040A0CF
:10A3F0000800E00300000000070043140000000014
:10A4000000A0023C20114224060040A0070040A00A
:10A41000080040A0090040A00800E0030000000080
:10A42000E0FFBD271C00BFAF1800B2AF1400B1AFF2
:10A430001000B0AFFE828283030003243D0043146A
:10A4400004848393048484930100032439008314D7
:10A450000484839300A0063C070002245C0CC2A085
:10A46000C0FF1024EF8490A35C0CC6240100D0A090
:10A47000F88482970200C2A0021202000300C2A068
:10A48000FC8282970400C2A0021202000500C2A052
:10A490000600C0A00700C0A00800C0A00900C0A01E
:10A4A0000A0011244D8591A3020004240100052413
:10A4B000794E400F0A000724108682AF000000008A
:10A4C00000A0063C020002242011C2A0EF8490A349
:10A4D0002011C6240100D0A0F8848297FF004330E9
:10A4E0000200C3A0021202000300C2A0FC828297F5
:10A4F000FF0043300400C3A0021202000500C2A006
:10A500000600C0A00700C0A00800C0A00900C0A0AD
:10A510004D8591A30200042401000524794E400FCB
:10A520000A000724108682AF000000009E29400B1D
:10A53000FE8280A35000601400A0033C2409638CB9
:10A5400006006014000000000C828293401002009C
:10A55000A0FF42246229400BEF8482A3070040142D
:10A560000C82829340100200A0FF4224EF8482A359
:10A5700000A0023C6229400B240940AC40100200BC
:10A58000A1FF4224EF8482A300A0063C070002241E
:10A590005C0CC2A05C0CC624EF8482930100C2A0B4
:10A5A00000A0103C78081026030002920200C2A00E
:10A5B000040002920300C2A0050002920400C2A09F
:10A5C000060002920500C2A000A0113C1809312625
:10A5D0000C00228E0600C2A0021202000700C2A0D8
:10A5E0000800C0A00900C0A00A0012244D8592A353
:10A5F0000200042401000524794E400F0A000724BC
:10A60000108682AF00A0063C020002242011C2A0E6
:10A61000EF8482932011C6240100C2A0030002929D
:10A620000200C2A0040002920300C2A00500029230
:10A630000400C2A0060002920500C2A00C00228EF7
:10A64000FF0043300600C3A0003A427C0700C2A0CE
:10A650000800C0A00900C0A00A00C0A00B00C0A054
:10A660004D8592A30300042401000524794E400F78
:10A670000A000724108682AF1C00BF8F1800B28F1B
:10A680001400B18F1000B08F0800E0032000BD2738
:10A69000E8FFBD271400BFAF1086828F0600405030
:10A6A0002C86828F0000429080004230FF004230B2
:10A6B0000B0040142C86828F0A0040141400BF8FB8
:10A6C000020004240100052400A0063C2011C62439
:10A6D000794E400F4D858793108682AF00000000B1
:10A6E0001400BF8F0800E0031800BD270800E00336
:10A6F0000000000005008010000000002110000094
:10A7000001004224FFFF4454010042240800E003FA
:10A71000000000000800E00300000000B80B022465
:10A72000FFFF4224FFFF4054FFFF42240800E003E4
:10A730000000000060090224FFFF4224FFFF405494
:10A74000FFFF42240800E003000000002C01022467
:10A75000FFFF4224FFFF4054FFFF42240800E003B4
:10A7600000000000D8FFBD272400BFAF2000B3AF1A
:10A770001C00B2AF1800B1AF1400B0AF2180800050
:10A780002188A0002190C0006C8484AFCF6B400F63
:10A790000000938C2488710221200002D96B400FA5
:10A7A000252832022400BF8F2000B38F1C00B28FF7
:10A7B0001800B18F1400B08F0800E0032800BD27F7
:10A7C000D8FFBD272400BFAF2000B4AF1C00B3AF3B
:10A7D0001800B2AF1400B1AF1000B0AF00A0023C3F
:10A7E000B00D429002000324FF0243542400BF8FA7
:10A7F00000A0033CB10D639050006324FF0064305F
:10A800003000842CF80280502400BF8FFF0063309A
:10A8100080180300019D043C2CA884242118830087
:10A820000000638C0800600000000000ECA8009DA0
:10A83000E4B3009D58A9009DE4B3009D74AA009D57
:10A84000E4B3009DE4B3009DE4B3009DE4B3009D38
:10A85000E4B3009DE4B3009DE4B3009DE4B3009D28
:10A86000E4B3009DE4B3009DE4B3009DE4B3009D18
:10A87000E4B3009DE4B3009DE4B3009DE4B3009D08
:10A88000E4B3009DE4B3009DE4B3009DE4B3009DF8
:10A89000E4B3009DE4B3009DE4B3009DE4B3009DE8
:10A8A000E4B3009DE4B3009DE4B3009D20AC009DA3
:10A8B0008CAD009DE4B3009DE4B3009DE4B3009D26
:10A8C000E4B3009DE4B3009DE4B3009DE4B3009DB8
:10A8D000E4B3009DF4B1009DE4B3009DE4B3009D9A
:10A8E000E4B3009DE4B3009DC4AC009D00A0103C07
:10A8F000B00D0226020042907F004330258283A3E0
:10A900004C8683A300A0063C020003242011C3A0B0
:10A910002011C624B1FF03240100C3A00200C2A07D
:10A920000300C0A00400C0A00500C0A00600C0A095
:10A930000700C0A00A00C0A00B00C0A003000424B0
:10A9400001000524794E400F0C000724DC8082AF03
:10A95000F92C400BB00D00A200A0023CB20D4290B9
:10A96000200042309F02401000A0023CB30D4290F4
:10A97000010003241F004314000000000200022411
:10A98000008782A300A0063C2011C2A02011C6248B
:10A99000B2FF02240100C2A0010010240200D0A0D6
:10A9A0000300D0A00400C0A00500C0A00600C0A005
:10A9B0000700C0A00300042401000524794E400FC5
:10A9C0000C000724DC8082AF00A0023CB00D40A048
:10A9D0003C8690A3019D103CCF6B400F14E00436E1
:10A9E00014E00436D96B400F3C868593FA2C400B5B
:10A9F0002400BF8F7C0240542400BF8F010002243A
:10AA0000008782A300A0063C020003242011C3A0FB
:10AA10002011C624B2FF03240100C3A00200C0A07D
:10AA20000300C2A00400C0A00500C0A00600C0A092
:10AA30000700C0A00300042401000524794E400F44
:10AA40000C000724DC8082AF00A0023CB00D40A0C7
:10AA50003C8680A3019D103CCF6B400F14E0043670
:10AA600014E00436D96B400F3C868593FA2C400BDA
:10AA70002400BF8F00A0023CB20D42900100423082
:10AA80003E0040103981829300A0023CB30D4290F9
:10AA900001000324210043140000000000A0023C38
:10AAA000B40D439002000224340062143981829371
:10AAB00000A0023CB50D42906500422C04004014F9
:10AAC00000A0023C64000324B50D43A000A0023C9A
:10AAD000B50D50904171400F21200002212040000F
:10AAE000029D023C066D400F68C9458C029D033CE7
:10AAF0006CC9648CCD6A400F212840000871400F5A
:10AB00002120400080BF033C203662AC558390A3D7
:10AB100001000224F72C400B398182A31700401456
:10AB20003981829380BF023C2036428C6A1804240B
:10AB30009671400F2320820021204000029D023C9C
:10AB4000F96B400F68C9458C0871400F2120400007
:10AB500000A0033CB00D6324050062A0558382A3CE
:10AB6000040063900200022404006254398182933D
:10AB700001000224F72C400B398182A31A024010F5
:10AB80002400BF8F00A0113CB00D239200A0063C12
:10AB90002011C3A0B00D3026010003922011C6245D
:10ABA0000100C3A0020003920200C3A003000392AD
:10ABB0000300C3A0040003920400C3A00500039295
:10ABC0000500C3A00600C2A00700C0A00800C0A0E6
:10ABD0000900C0A00A00C0A00B00C0A0030004240C
:10ABE00001000524794E400F0C000724DC8082AF61
:10ABF000B00D20A2010000A2020000A2030000A2EA
:10AC0000040000A2050000A201000224C88182A362
:10AC1000398180A3E884828FF92C400BBC8082AFFD
:10AC200000A0023CB20D429004004330ED016010E0
:10AC300000A0033CB30D63900C00601000A0063C24
:10AC400000A0023CB50D4290188082A3FFFF422471
:10AC5000FF0042306400422CE30140142400BF8F07
:10AC600032000224F92C400B188082A30200032436
:10AC70002011C3A02011C624E0FF03240100C3A0BB
:10AC80000200C2A00300C0A000A0103CB00D02262C
:10AC9000040042900400C2A0188082930500C2A064
:10ACA0000600C0A00700C0A0030004240100052482
:10ACB000794E400F0A000724DC8082AFF92C400B4C
:10ACC000B00D00A200A0023CB00D4224030043904E
:10ACD000001A03000400449021186400A08083AF90
:10ACE00005004490002204000600459021208500C4
:10ACF000A48084AF07004290050905240C00651468
:10AD0000AF8082A3BD2803240A008354AE8080A3B1
:10AD10000100032407004354AE8080A302000224F4
:10AD2000288782AF010002244D2B400BAE8082A306
:10AD3000AE8080A300A0103CB00D029200A0063CA3
:10AD40002011C2A02011C624EFFF02240100C2A0DE
:10AD5000AE8082930200C2A00300C0A00400C0A085
:10AD60000500C0A00600C0A00700C0A00300042486
:10AD700001000524794E400F0A000724DC8082AFD1
:10AD8000B00D00A2F92C400BA88080AF00A0023CBF
:10AD9000B20D429001000324E00043500100022460
:10ADA0000600405000A0023C800003248E014314A2
:10ADB0002400BF8F772C400BB1808393B40D429059
:10ADC00002000324380043100300432C06006010E7
:10ADD0000300032401000324830143142400BF8FD4
:10ADE000802B400B00A0103C5E00431004000324A5
:10ADF0007D0143142400BF8F0E2C400B00A0103C9B
:10AE0000B00D022603004390019D023C00E4423451
:10AE1000211062009C8082AF6C8482AF000042905F
:10AE2000AC869127000022A200A0063C0200042468
:10AE30002011C4A02011C624E1FF04240100C4A0F5
:10AE40000200C3A0010003240300C3A00400C2A0A9
:10AE5000AD869227000042920500C2A0AE869327DD
:10AE6000000062920600C2A0AF8694270000829282
:10AE70000700C2A00800C0A00900C0A0030004246D
:10AE800001000524794E400F0A000724DC8082AFC0
:10AE9000B00D00A2000020A2000040A2000060A2AD
:10AEA000F92C400B000080A200A0103CB00D02263F
:10AEB00003004290019D033C00E4633421204300E1
:10AEC0009C8084AF6C8484AF00008490AC86912712
:10AED000000024A201006324211843009C8083AF5A
:10AEE0006C8483AF00006390AD869227000043A27C
:10AEF00000A0063C020005242011C5A02011C62494
:10AF0000E1FF07240100C7A00200C2A00300C5A002
:10AF10000400C4A00500C3A0AE869327000062927F
:10AF20000600C2A0AF869427000082920700C2A04C
:10AF30000800C0A00900C0A00300042401000524EB
:10AF4000794E400F0A000724DC8082AFB00D00A2CA
:10AF5000000020A2000040A2000060A2F92C400BDB
:10AF6000000080A200A0103CB00D02260300429019
:10AF7000019D033C00E46334212043009C8084AFA6
:10AF80006C8484AF00008590AC869127000025A2D8
:10AF900001006424212044009C8084AF6C8484AF31
:10AFA00000008490AD869227000044A20200632432
:10AFB000211843009C8083AF6C8483AF00006390B2
:10AFC000AE869327000063A200A0063C020007247F
:10AFD0002011C7A02011C624E1FF07240100C7A04B
:10AFE0000200C2A0030002240300C2A00400C5A006
:10AFF0000500C4A00600C3A0AF869427000082927B
:10B000000700C2A00800C0A00900C0A003000424DB
:10B0100001000524794E400F0A000724DC8082AF2E
:10B02000B00D00A2000020A2000040A2000060A21B
:10B03000F92C400B000080A2B00D022603004290C4
:10B04000019D033C00E46334212043009C8084AFD5
:10B050006C8484AF00008790AC869127000027A203
:10B0600001006424212044009C8084AF6C8484AF60
:10B0700000008590AD869227000045A2020064245E
:10B08000212044009C8084AF6C8484AF00008490B5
:10B09000AE869327000064A20300632421184300B6
:10B0A0009C8083AF6C8483AF00006390AF8694274D
:10B0B000000083A200A0063C020008242011C8A0C2
:10B0C0002011C624E1FF08240100C8A00200C2A08C
:10B0D000040002240300C2A00400C7A00500C5A00C
:10B0E0000600C4A00700C3A00800C0A00900C0A0BB
:10B0F0000300042401000524794E400F0A000724B0
:10B10000DC8082AFB00D00A2000020A2000040A2AF
:10B11000000060A2F92C400B000080A2B18082A345
:10B1200000A0023CB30D46901900C050C88380AF08
:10B13000B0808293FFFFC324140043100100422417
:10B14000C88382AF2B1846000C0060102120C0007D
:10B1500000A0073C700CE7242118E200000060A06A
:10B16000FF004530010042242B184400FBFF60140F
:10B170002118E200B08085A3C88382AFB08083939A
:10B18000FFFFC224980062142400BF8FC88380AFE1
:10B1900000A0023CB40D47909200E01000A0023CD9
:10B1A000B50D422400A0033C700C632421186600F6
:10B1B0002128470000004490000064A001004224C0
:10B1C000FCFF451401006324FFFFE2242130C2008C
:10B1D000B08086A3F92C400BC88387AF01000224FE
:10B1E000810062142400BF8F02000224F92C400B5E
:10B1F000B18082A300A0033CB20D6390010004243F
:10B2000040006450010002240600601000A0103CC1
:10B2100080000224740062142400BF8FF12C400BC4
:10B22000B2808393B00D092603002391009D043C56
:10B23000005F8524212865009C8085AF6C8485AFE4
:10B240000000A890AC869127000028A2015F852409
:10B25000212865009C8085AF6C8485AF0000A79095
:10B26000AD869227000047A2025F85242128650051
:10B270009C8085AF6C8485AF0000A590AE86932737
:10B28000000065A2035F8424212064009C8084AFB9
:10B290006C8484AF00008490AF869427000084A261
:10B2A00000A0063C2011C2A02011C624EAFF0224FF
:10B2B0000100C2A00200C3A0040022910300C2A0AA
:10B2C0000400C8A00500C7A00600C5A00700C4A0D0
:10B2D0000800C0A00900C0A0030004240100052448
:10B2E000794E400F0A000724DC8082AFB00D00A227
:10B2F000000020A2000040A2000060A2F92C400B38
:10B30000000080A2B28082A300A0023CB30D469050
:10B310001900C050C88380AFB0808293FFFFC32460
:10B320001400431001004224C88382AF2B1846004A
:10B330000C0060102120C00000A0073C700CE72426
:10B340002118E200000060A0FF0045300100422407
:10B350002B184400FBFF60142118E200B08085A385
:10B36000C88382AFB0808393FFFFC2241E006214A3
:10B370002400BF8FC88380AF00A0023CB40D47906B
:10B380001800E01000A0023CB50D422400A0033CD0
:10B39000700C6324211866002128470000004490A7
:10B3A000000064A001004224FCFF45140100632456
:10B3B000FFFFE2242130C200B08086A3F92C400BAD
:10B3C000C88387AF01000224070062142400BF8FE6
:10B3D00002000224F92C400BB28082A3E12A400B28
:10B3E000398182932400BF8F2000B48F1C00B38F5B
:10B3F0001800B28F1400B18F1000B08F0800E00366
:10B400002800BD27E0FFBD271C00BFAF1800B2AF6A
:10B410001400B1AF1000B0AF0C87838F010002247D
:10B4200094026210DC80828F060040100000000051
:10B430000000429080004230FF0042300B00401478
:10B44000B2808393F029400F000000000300042421
:10B450002128000000A0063CB00DC624794E400F04
:10B460000A000724D88082AFB280839302000224AE
:10B4700037006214B1808393B0808293FF0003246D
:10B4800064024350AD8080A3010042240001432C9C
:10B490000C006010C88382AF00A0053C700CA5248E
:10B4A0002118A200000060A0FF00443001004224E7
:10B4B0000001432CFBFF60142118A200B08084A37C
:10B4C000C88382AFAD8080A3009D043CCF6B400F4A
:10B4D000005F8424892F400B348280AFAD80849339
:10B4E0002118900003006590002A05000200669074
:10B4F0002528A600002A0500010066902528A60040
:10B50000002A0500000063902528A3008010020097
:10B5100021105100000045ACD96B400F2120920052
:10B52000AD80829304004224AD8082A33482828F56
:10B53000010042244000432CE8FF6014348282AFB3
:10B54000B28080A3B08080A3B180839302000224E4
:10B5500036006214C8818293B0808293FF00032476
:10B5600038024350AD8080A3010042240001432CE7
:10B570000C006010C88382AF00A0053C700CA524AD
:10B580002118A200000060A0FF0044300100422406
:10B590000001432CFBFF60142118A200B08084A39B
:10B5A000C88382AFAD8080A3019D043CCF6B400F68
:10B5B00000E48434952F400B348280AFAD808493B7
:10B5C0002118900003006590002A05000200669093
:10B5D0002528A600002A0500010066902528A6005F
:10B5E000002A0500000063902528A30080100200B7
:10B5F00021105100000045ACD96B400F2120920072
:10B60000AD80829304004224AD8082A33482828F75
:10B61000010042244000432CE8FF6014348282AFD2
:10B62000B18080A3B08080A3C88182930D004010B8
:10B630001086828F019D103CCF6B400F10E00436C6
:10B640005583859300A0023CB01B45ACD96B400FDD
:10B6500010E00436C88180A3E884828FBC8082AF6A
:10B660001086828F06004050FE8284830000439043
:10B6700080006330FF006330C8006014FE82848362
:10B6800003000324C3008314D484838F0400632C39
:10B69000C000601094858393BE0060140000000019
:10B6A0002C86828FF30140141000032488BF023CD3
:10B6B000386443ACD48380AF258282930200032494
:10B6C0002F0043100300432C0600601003000324E6
:10B6D000010003249500431401000224BF2D400BF8
:10B6E00000A0103C66004310040003248F004314A4
:10B6F00001000224242E400B00A0103C090002246B
:10B70000201102A2EF8480A320111026010000A2C4
:10B71000E880828FFF004330020003A2003A427C9F
:10B72000030002A2EC80828FFF004330040003A2DA
:10B73000003A427C050002A2060000A2070000A217
:10B74000080002244D8582A3010004240100052481
:10B7500021300002794E400F08000724108682AF86
:10B7600000000000FE8280A301000292FF00423030
:10B770006F004010030002244C2E400BFE8282A377
:10B7800000A0033C07000224201162A0C0FF022495
:10B79000EF8482A320116324010062A000878393B9
:10B7A000FF0063300100022406006210E880838FEE
:10B7B00000878293FF0042300F004014EC80838F9B
:10B7C000E880838FFF00643000A0023C20114224F7
:10B7D000020044A0003A637C030043A0EC80838F06
:10B7E000FF006430040044A0003A637C050043A0DD
:10B7F0000A2E400B00A0103CFF00643000A0023C69
:10B8000020114224020044A0003A637C030043A0BC
:10B81000E880838FFF006430040044A0003A637C1A
:10B82000050043A000A0103C20111026060000A235
:10B83000070000A2080000A2090000A20A000224DA
:10B840004D8582A30200042401000524213000025A
:10B85000794E400F0A000724108682AF00000000D6
:10B86000FE8280A301000392FF006330C000022427
:10B870002F006210030002244C2E400BFE8282A394
:10B880000829400F000000004D2E400BB88580A70E
:10B8900002000224201102A2C0FF0224EF8482A32E
:10B8A00020111026010002A2E880828FFF004330A1
:10B8B000020003A2003A427C030002A2EC80828FC5
:10B8C000FF004330040003A2003A427C050002A2BC
:10B8D000060000A2070000A2080000A2090000A2C2
:10B8E0000A0000A20B0000A20C0002244D8582A3D6
:10B8F000030004240100052421300002794E400F8A
:10B900000C000724108682AF00000000FE8280A396
:10B9100001000392FF006330C000022404006210A3
:10B92000030002244C2E400BFE8282A3258282A3B8
:10B93000B88580A7928480A7888580AF048280AF75
:10B94000388380AFE88580AF00A0033C18096324EA
:10B950000C0060AC00A0043C780A8224080040ACD3
:10B96000040060AC780A80AC080060AC040040AC15
:10B97000708480AFDC8280AF788380AF140040ACED
:10B98000180040AC1C0040AC280040A09D2F400B8C
:10B99000290040A006004050C082829300004290DF
:10B9A00080004230FF00423032014014C082829356
:10B9B0000200422C2F0140140C828293FF000324CA
:10B9C0002C01431094858493010003242A018314DD
:10B9D0001C00BF8F00A0033C2409638C0600601488
:10B9E000100003240500401488BF023C010002241B
:10B9F000812E400BA18482A388BF023C346443ACF7
:10BA0000A18480A32C86828F1A0140142582829300
:10BA1000020003243D0043100300432C0600601085
:10BA20000300032401000324DE0043540100022428
:10BA3000942E400B00A0023C9C0043100400032401
:10BA4000D8004354010002242F2F400B00A0023CD9
:10BA50002409428C05004014FE8282830C8282936A
:10BA600040100200A52E400BEF8482A30600401474
:10BA70000C82829340100200EF8482A300A0023C5B
:10BA8000A52E400B240940AC4010020001004224C6
:10BA9000EF8482A300A0063C090002242011C2A06A
:10BAA000EF8482932011C6240100C2A000A0023CB2
:10BAB00078084224030043900200C3A0040043908E
:10BAC0000300C3A0050043900400C3A006004290F9
:10BAD0000500C2A000A0023C2409428CFF004330B4
:10BAE0000600C3A0003A427C0700C2A0080002245E
:10BAF0004D8582A30100042401000524794E400FE6
:10BB0000080007246A2F400B108682AF00A0023C79
:10BB10002409428C07004014010002240C82829305
:10BB200040100200A0FF4224EF8482A3DA2E400BD3
:10BB30003C8580A33C8582A3FE828283070040145B
:10BB40000C82829340100200A0FF4224EF8482A363
:10BB500000A0023CDA2E400B240940AC4010020049
:10BB6000A1FF4224EF8482A300A0023C070003242B
:10BB7000201143A0EF84839320114224010043A0AD
:10BB80003C8682930E00401400A0033C7808632496
:10BB90000300649000A0023C20114224020044A053
:10BBA00004006490030044A005006490040044A0D5
:10BBB00006006390050043A0182F400B00A0023C34
:10BBC00000878393FF0063300100022405006210A8
:10BBD00000A0033C00878293FF0042300E00401417
:10BBE00000000000780863240300649000A0023C79
:10BBF00020114224020044A004006490030044A0E9
:10BC000005006490040044A006006390050043A072
:10BC1000182F400B00A0023C00878393FF00633085
:10BC2000020002240E00621400A0023C00A0033CAB
:10BC3000780863240500649000A0023C201142248F
:10BC4000020044A006006490030044A00300649036
:10BC5000040044A004006390050043A000A0023C3F
:10BC60002409428CFF00433000A0063C2011C6246A
:10BC70000600C3A0003A427C0700C2A0F48282936F
:10BC80000800C2A0E48382930900C2A00A00022433
:10BC90004D8582A30200042401000524794E400F43
:10BCA0000A0007246A2F400B108682AF0829400F34
:10BCB000000000006A2F400B000000002409428CA5
:10BCC00007004014010002240C82829340100200FD
:10BCD000A0FF4224EF8482A3452F400B3C8580A324
:10BCE0003C8582A3FE828283070040140C828293EB
:10BCF00040100200A0FF4224EF8482A300A0023C77
:10BD0000452F400B240940AC40100200A1FF422403
:10BD1000EF8482A300A0063C020002242011C2A0EE
:10BD2000EF8482932011C6240100C2A000A0023C2F
:10BD300078084224030043900200C3A0040043900B
:10BD40000300C3A0050043900400C3A00600429076
:10BD50000500C2A000A0023C2409428CFF00433031
:10BD60000600C3A0003A427C0700C2A0F48282937E
:10BD70000800C2A0E48382930900C2A00A00C0A008
:10BD80000B00C0A00C0002244D8582A303000424F4
:10BD900001000524794E400F0C0007246A2F400B48
:10BDA000108682AF258282A3000000007D858293E9
:10BDB0002A8282A300A0023C780842240400439017
:10BDC000001A03000300449021186400E88083AF48
:10BDD00006004490002204000500439021108300D7
:10BDE000EC8082AF03000224FE8282A3F48282935D
:10BDF0009C8582A3E4838293288582A3C485828F55
:10BE00000000437CF88383A34000427C9D2F400BBD
:10BE1000088482A3009D043CCF6B400F005F842404
:10BE2000348280AF2110000000A0103C700C10265E
:10BE300000A0113CB01B3126009D123C372D400B59
:10BE4000005F5226019D043CCF6B400F00E4843418
:10BE5000348280AF2110000000A0103C700C10262E
:10BE600000A0113CB01B3126019D123C6F2D400BF0
:10BE700000E452361C00BF8F1800B28F1400B18F3F
:10BE80001000B08F0800E0032000BD270C87838FCF
:10BE9000010002242800621000000000A1848393A6
:10BEA00025006254688680A3688682930900401446
:10BEB000010003241000032488BF023C346443AC17
:10BEC0005086828F588682AF010002240800E0036A
:10BED000688682A30E004314020003245086828FDA
:10BEE0005886838F23184300C800632C1200601407
:10BEF000000000001000042488BF033C386464ACD8
:10BF000002000324688683A30800E003588682AFFA
:10BF100009004314000000005886828F5086838FEA
:10BF200023106200280A422C030040140000000085
:10BF30000800E003688680A30800E003000000001A
:10BF4000E8FFBD271400BFAFE481829305004010D5
:10BF500001000324550043141400BF8F0630400B2A
:10BF6000D484828FE486828F2000422C0500401406
:10BF700088BF023C8050428C0200423003004010D7
:10BF8000AC8582932A30400BAC8580A34700405497
:10BF90001400BF8F88BF023C8050438C4408037C50
:10BFA000805043AC0C8780AFA91D400F00000000FB
:10BFB00008FF023488BF033C146162AC88BF033CB5
:10BFC000046162AC7F00032488BF043C146383AC2B
:10BFD00088BF043C046383AC4D8680A388BF043CC7
:10BFE000386383AC88BF033C386162ACEC8380A3C8
:10BFF000E481829301004224E48182A38C82828FB7
:10C00000C08482AFD88680AF708680A34C8780AF13
:10C010002B30400B1400BF8F0400422C0500401051
:10C02000000000008320400F000000002230400B81
:10C0300000000000D886828F0B004014C0828293DB
:10C040000500401400000000DD60400F000000000B
:10C050002230400B000000005C4A400F000000004E
:10C060002230400B0000000001000424D88684AF79
:10C0700088BF023C8050438C4408837C805043AC92
:10C080000B20400F00000000A32F400F0000000015
:10C090001223400F00000000012D400F000000009F
:10C0A0000D22400F000000001400BF8F0800E003C5
:10C0B0001800BD27D8FFBD272400BFAF2000B3AFB5
:10C0C0001C00B2AF1800B1AF1400B0AF008780A35E
:10C0D0006272400F4000102488BF033C042070AC03
:10C0E00081BF033C00F0638C4972400F2120400067
:10C0F000108680AFFFFF023488BF033C186162AC3A
:10C1000088BF033C046162AC88BF043C186282AC07
:10C1100088BF043C046282AC88BF043C186382ACD4
:10C1200088BF043C046382AC88BF043C186482ACC2
:10C1300088BF063C0464C2AC88BF043C186582AC6E
:10C1400088BF053C0465A2AC88BF043C186682AC7D
:10C1500088BF043C046682AC0300092488BF023C0B
:10C16000506149AC88BF023C506240AC00010424DD
:10C1700088BF023C506344AC0F00042488BF023CDB
:10C18000506444AC0100072488BF023C506547ACB2
:10C1900088BF083C10000224146402AD0464C2ACE1
:10C1A00020000424146404AD0464C4AC88BF063CBD
:10C1B0003864C4AC88BF043C346482AC3864C2AC1C
:10C1C0000001043C88BF063C3410C4AC88BF083C66
:10C1D0001C000624E41006AD88BF063CE810C2AC83
:10C1E000E41009ADE810C0AC88BF063C6410C4ACD4
:10C1F00088BF063C6810C4AC80BF043C000E80AC15
:10C2000080BF043C100E80AC7017062480BF043C35
:10C21000200E86AC0080063480BF043C080E86AC3D
:10C22000D88680AFC68087A38C82848F908084AFAD
:10C2300088BF073C080011241465F1AC0465B1AC5B
:10C2400088BF043C80000624146186AC046166AC9F
:10C25000146190AC046170AC020006241465E6AC75
:10C260000465A6AC146182AC046162AC7370400FCB
:10C270000000000088BF023C346551AC5370400F91
:10C28000000000002080033481BF023C009843ACD2
:10C290005140032481BF023C20A043ACDA4D400F43
:10C2A000010010247F1D400F88BF113C784F400FC4
:10C2B00008001224648580AF6C8380AFE88480AF6F
:10C2C0008C8280AF01001324C6808293100050142A
:10C2D0008C82838F9080828F23106200D007422C43
:10C2E00007004014AC808293070040140000000057
:10C2F000E486828FAC8580A3C230400BAC8093A3D0
:10C3000001004050386532AED02F400F00000000D1
:10C31000DD1F400F00000000B330400BC680829349
:10C320008200856F8200B9208200B91E8200B92286
:10C330008200B9248200B91E8200B9468200B91E6B
:10C340008200B94C8200B94E8200B9508200B952C5
:10C350008200B95F8200B9618200B9638200B96569
:10C360008200B9678200B9698200B91E8200B91ED5
:10C370008200B91E8200B96B8200B96D8200B96F6C
:10C380008200B9958200B91E8200B91E8200B99759
:10C390008200B99E8200B9A08200B9A28200A2EAFE
:10C3A000FFFFFFFFFFFFFFFFFFFFFFFFFFFFFFFF9D
:10C3B000FFFFFFFFFFFFFFFFFFFFFFFFFFFFFFFF8D
:10C3C000FFFFFFFFFFFFFFFFFFFFFFFFFFFFFFFF7D
:10C3D000FFFFFFFFFFFFFFFFFFFFFFFFFFFFFFFF6D
:10C3E000FFFFFFFFFFFFFFFFFFFFFFFFFFFFFFFF5D
:10C3F000FFFFFFFFFFFFFFFFFFFFFFFFFFFFFFFF4D
:10C40000FFFFFFFFFFFFFFFFFFFFFFFFFFFFFFFF3C
:10C41000FFFFFFFFFFFFFFFFFFFFFFFFFFFFFFFF2C
:10C42000FFFFFFFFFFFFFFFFFFFFFFFFFFFFFFFF1C
:10C43000FFFFFFFFFFFF000186A001020408000FBD
:10C440004240000186A18538620001856C6200F1DE
:10C45000856E640100856F009BF799130446000008
:10C4600000000000000000000000000000000000CC
:10C470009913044D000000000000000000000000BF
:10C48000000000000000492600000A020804FFAE78
:10C490000FFF9490CE8526AE8528F62720A560272D
:10C4A00017BFEBEE03BFEEBEEBEE0190F6F75C902C
:10C4B0005C90B3EE26F5BEEB1C000520DDAE00352A
:10C4C0002002F75CA300F126F9AE01012002F75C1F
:10C4D000A30B0426F9CDB9A420FE89130523057208
:10C4E000F00520051E0572F0015B02818952059E50
:10C4F000AD7DEE491F047B07AD75EE491F017B063C
:10C50000AD6D1601EF497B07AD651604EF497B065B
:10C51000AD5DEE4B1F047B07AD55EE4B1F017B0657
:10C52000AD4D1601EF4B7B07AD451604EF4B7B0677
:10C53000AD3DE6576B03897B09AD34E65785E75778
:10C540007B07AD2B7B03E7575F7B069758EE3E1FBB
:10C55000045F7B0797587B06905F90979058EE3E5C
:10C5600090EF3E5F7B0797581604EF3E5B0781977D
:10C57000A60F4281520CAEFFFF1F02C60441B14814
:10C5800025690F0B205B0F0C203FCD87B89093904F
:10C59000EE4D905C272DEE4F897B0DCD87B8EE4D8B
:10C5A000897B10CD87B8EE4B897B12CD87B8EE49D9
:10C5B000CD89625B061F047B0C2704130224081F2D
:10C5C0000220027B0B6B060C0C7B0CC10A9A7B0BC6
:10C5D00025B8110627097B06977B0B95CD85CC0CDA
:10C5E0000B7B0BC10A9A259E5B0C810F0C20770FE9
:10C5F0000B206A7B0CCD87B8909390EE49905C2716
:10C600004D7B0BCD87B8EE4F897B0DCD87B8EE4DB6
:10C61000897B10CD87B8EE4B897B12CD87B8EE4968
:10C62000CD89625B061F047B0B260F1F0296CD8708
:10C63000B21B0C24015C027F20211302241D1F0267
:10C6400096CD87B21B0C24015C027B0B200C96CD8F
:10C6500087B21B0C24015C02A6FFF70C0B7B0BC1FD
:10C660000A9A258F0C0C7B0CC10A9A25820F0B208D
:10C67000570F0C204A96AD5A1B0C24015C02F61190
:10C680000B263A7B0B977B0C95CD85CC96AD431B47
:10C690000C24015C02F66B0196AD371B0C24015C87
:10C6A0000289961C00089F5E1B0D24015C02F68522
:10C6B000F796AD1E1B0B24015C027B01F70C0C7B73
:10C6C0000CC10A9A25AF0C0B7B0BC10A9A25A2CC90
:10C6D00086C81C00069F5E8197A60F42818852166D
:10C6E00072050A6203CC88C9BE35CDBD45961C00D3
:10C6F0000DCDBCBE7B17CD88CFEE53CDBD4C961C67
:10C70000000DCDBB88BEE989BE37CDBD45961C0066
:10C710000BCDBCBE7B19CD88CFEE51CDBD4C961C48
:10C72000000BCDBB88BEE989BE35CDBD45961C004A
:10C7300009CDBCBE7B1BCD88CFEE4BCDBD4C961C2E
:10C740000009CDBB88BEE989BE37CDBD45961C002A
:10C7500007CDBCBE7B1DCD88CFEE49CDBD4C961C10
:10C760000007CDBB88BEE9CD89625B06C30A692399
:10C7700003CE0A691F155FC60A6897BFEB1E15B383
:10C78000EB24045F971F157B15977B16C00A68245E
:10C79000015ACDBD3A961C000DCDBCBE4F974AC084
:10C7A0000A6724015ACDBA48961C000DCDBAD3961B
:10C7B0001C0011CDBCBEC60A6997C60A6AC00A68C9
:10C7C00024015ACDBD3A961C000DCDBCBE961C006E
:10C7D00011CDBB76961C000DCDBB88961C0011CDEB
:10C7E000BCBE7B14CB0A672003C60A635B17819724
:10C7F000A60F4290CE0A9E818952101E17F6B7EA04
:10C800003FE93FE83FE7961C0005CDBCBE1E1590F2
:10C81000AE0100FECDBD4C961C0005CDBA75961C30
:10C82000000DCDBCBE1E11FECDBD4C961C0009CD29
:10C83000BCBE7B19B7EA3FE93FE83FE7961C00051D
:10C84000CDBCBE961C0009CDBB76961C0005CDBAAA
:10C85000D3965CCDBCBEA601974F101924015ACDCA
:10C86000BA48961C000DCDBAD3965CCDBA75961C0D
:10C87000000DCDBCBE1E15160DFF1E177B0FF75BFE
:10C8800012818952081E0F891E0BCD85BA5B021FCB
:10C89000031E11891E0FCD85BA5B021F071E0313ED
:10C8A0000723041F05200A1E071F051E031F071E5E
:10C8B000055413071E05242454541F011E055472E9
:10C8C000FB0113071E07250254545454541F011E24
:10C8D00007545472FB0572FB015B0A815454130721
:10C8E0001E07240B545454541F011E075420E254B5
:10C8F00054545472FB0520E172110440521A72150F
:10C9000000F10F1ACC8D4ACD8D5CDE04461F097BE9
:10C910001ACD8D5CDE04481F0B7B1ACD8D5790938A
:10C9200090EE4D905C2703CC8A8F909390EE4990C7
:10C930005C277CBE37CDBD45961C0005CDBCBE7BBB
:10C940001ACD8D5790CE0A9EEE49CDBD4C96CD8D19
:10C95000611F037B1ACD8D5C1603CD8D82961C0062
:10C9600005CDBCBE7B1ACD8D5790CE0AA0EE4BCD27
:10C97000BD4C96CD8D611F037B1ACD8D5C1603DFF8
:10C9800004487B1ACD8D57CD8D6A7B1ACD8D5C7B8B
:10C990001A905F9097905890EE3EDF044ACD8D5CE0
:10C9A000897B1CCD8D57E65785D7044CCC8CFA90EB
:10C9B0009390EE49905C2603CC8CDC7B1ACD8D5C89
:10C9C000DE044ACDBD45A610CDBAC4961C0012CDDA
:10C9D000BCBE7B1A5F9758EE3ECDBD45A610CDBAC2
:10C9E000C4961C000ECDBCBE961C000ECDBB76A618
:10C9F00004CDBCAF961C0005CDBCBE961C0012CD6C
:10CA0000BB76A604CDBCAF965CCDBCBE961C001216
:10CA1000CDBB76965CCDBB5E961C0005CDBA7596F7
:10CA20001C0012CDBCBE7B1ACD8D5C1612DF044AF1
:10CA3000D6044CCD8D79961C0012CDBCBE7B1ACD90
:10CA40008D57E657CD8D79961C000ECDBCBE961C39
:10CA5000000ECDBB76A603CDBAC4961C0005CDBC96
:10CA6000BE961C0012CDBB76A603CDBAC4961C00A0
:10CA700005CDBA75961C0012CDBCBE7B1ACD8D5C5F
:10CA80007B14D7044C7B1A72010A6269CD87BD6B97
:10CA90000D7B1ACD8D57EE511F187B1ACD8D57EE99
:10CAA000531F167B0D887B1BCD8D5701AB555F97B0
:10CAB000897B1DCD8D5701AB515F97897B1FCD8D34
:10CAC0005701AB495F97CD88D85B057B0D887B1BF1
:10CAD000CD8D5701AB565F97897B1DCD8D5701AB2F
:10CAE000535F97897B1FCD8D5701AB4B5F97CD88E7
:10CAF000D85B052013CD8D57CD8D6AEE4D1F187B69
:10CB00001ACD8D57EE4F1F167B1ACD8D57EE5172F1
:10CB1000030A621D72FB18541F077B1ACD8D5C1629
:10CB200007DF04467B1ACD8D57EE5372FB16542057
:10CB3000131F077B1ACD8D5C1607DF04467B1ACDC9
:10CB40008D57EE531F077B1ACD8D5C1607DF044807
:10CB5000BE37CDBD45961C0005CDBCBE7B1ACD8D24
:10CB60005C90CE0A9EDE0446CDBD4C96CD8D611FF5
:10CB7000037B1ACD8D5C1603CD8D82961C0005CDEE
:10CB8000BCBE7B1ACD8D5C90CE0AA0DE0448CDBD24
:10CB90004C96CD8D611F037B1ACD8D5C1603DF048F
:10CBA00048DE044672F0091F167B1ACD8D5CDE0448
:10CBB0004872F00B1F181E16011A19011A18015D90
:10CBC0002704721400F1C604414A2612CE044272B0
:10CBD000FB16CF0442CE044472FB18CF04447B1AE8
:10CBE0005F97589093EE9E72FB1690EF9E5F97585A
:10CBF0009093EE9472FB1890EF94201E7B1AAD7CFC
:10CC0000905ADF0446DF0448905FDF044A724F0405
:10CC10004C5F7B1A9758EF94EF9E7B1A5F97586D85
:10CC20009E2A05EE9E502002EE9E1F185F97586DBB
:10CC3000942A085F9758EE945020055F9758EE9419
:10CC40001F165FC60AA297BFEB1E18B3EB220A5F3E
:10CC500097BFEB1E16B3EB230F7B1A5F9758905FBD
:10CC6000EF9EEF94721004400C1A7B1AC10A9A24AA
:10CC700003CC89E75B1A8197A60F428197A60742EA
:10CC8000811C0005CDBB88BEE981909390EE49EFF1
:10CC900051909390EE4BEF53815F9758585858CC72
:10CCA000BD45DF0446BE35CCBD45897B05270E9EBC
:10CCB000C701039FC70102725F0101201DC6010168
:10CCC000A1322504A6018581725C0101C601031110
:10CCD000012607C60102110227EA4F20E9895207FF
:10CCE0009E4D2B4F9F4D2B4BC60A6D5F975A7B096C
:10CCF000905F4D2A029053CD90122F37CD901A7B22
:10CD000008905F4D2A029053CD90122F26AE00015D
:10CD10007B092704584A26FC7B08905F4D2A029025
:10CD200053909790580190D4048A0190D4048901BB
:10CD30005D26044F5B09815F1F067B0927772A0167
:10CD400053CD90211F035F7B084D2A0153CD900ADC
:10CD500072FB03DE05F172FB061F067B0827247BAE
:10CD6000095F4D2A0153CD90211F035F7B084D2A97
:10CD70000153CD900A1D001472FB03DE05F172FB16
:10CD8000061F06CD901A7B08905F4D2A029053CD66
:10CD9000901227217B095F4D2A0153CD90211F035B
:10CDA0005F7B084D2A0153CD900A72FB03DE060516
:10CDB00072FB061F06C60A6D5F975A7B09905F4D8E
:10CDC0002A029053CD901227765F4D2A015397582F
:10CDD0001F035F7B084D2A0153CD900A72FB03DECF
:10CDE00005F372FB061F067B0827237B095F4D2A8C
:10CDF000015397581F035F7B084D2A0153CD900ABA
:10CE00001D001472FB03DE05F372FB061F06CD90B6
:10CE10001A7B08905F4D2A029053CD901227207BF9
:10CE2000095F4D2A015397581F035F7B084D2A0164
:10CE300053CD900A72FB03DE060772FB061F067BCA
:10CE40000827237B095F4D2A015397581F035F7BF7
:10CE5000084D2A0153CD900A1D001472FB03DE0514
:10CE6000F172FB061F06CD901A7B08905F4D2A02D7
:10CE70009053CD901227207B095F4D2A015397587C
:10CE80001F035F7B084D2A0153CD900A72FB03DE1E
:10CE9000060572FB061F06C60A9B6B05720500E6B7
:10CEA000020F057B095F4D2A01539790AE0005CD17
:10CEB000BA271F035F7B084D2A01539790AE0032BB
:10CEC000CDBA2772FB03DE01411F011E06575757DB
:10CED0005757577B05905F9097CDBA2772FB011F7C
:10CEE000065F7B094D2A015397581F035F7B084D4E
:10CEF0002A0153AD3572FB03DE05F113062E03CC78
:10CF00008E137B095F4D2A0153971F035F7B084DEA
:10CF10002A01539790AE000ACDBA2772FB0C72FB20
:10CF200003C60441F7A601CC8E149790AE0014CC32
:10CF3000BA27909790BFEEB3EE81C60A6E5F975AFC
:10CF40008197581D0002818952045F1F037B069759
:10CF5000581F017B05CD917472FB01DE05F11303AF
:10CF60002C03CC916572050A996B72010A9923C64C
:10CF70000A6ECD9198100524015A02897B085F97AB
:10CF8000581F057B07CD917472FB059085CD917973
:10CF900020177B065F97581F037B05CD917472FBAA
:10CFA000037B05DE05F1CD91847B09CD918E720363
:10CFB0000A990CC60A6DCD91981006246C20697BE5
:10CFC000065F97581F037B05CD917472FB037B06A8
:10CFD000DE05F1207D72010A9923C60A6DCD919874
:10CFE000100624015A02897B085F97581F057B07AA
:10CFF000CD917472FB059085CD917920177B065FEA
:10D0000097581F037B05CD917472FB037B06DE05E9
:10D01000F1CD91847B09CD918E72030A9921C60AC4
:10D020006ECD9198100524015A02897B085F9758AC
:10D030001F057B07AD5E72FB059085AD5C20157BFF
:10D04000065F97581F037B05AD4A72FB037B05DE25
:10D0500005F1AD507B0997A604421C0104CDBAAD81
:10D060007B065F97581F037B05AD2972FB037B0985
:10D07000DE05F1905F90979058BFEB93EE3E72BB48
:10D0800000EB90EF3E7B0A27087B0997A60F426CC6
:10D09000575B068197A6144281DE05F1CDBA279031
:10D0A00093CCBA62905F9097CDBA27CCBA5497A62A
:10D0B00004421C0118CCBAAD5F975A018152070F88
:10D0C0000720605F9758EE3ECDBD45961C0003CD0E
:10D0D000BCBE7B0797A604421C0118CDBB7648CD89
:10D0E000BAC496AD481F017B0797A60F421601EF01
:10D0F000495F7B079758EE3ECDBD45961C0003CD9A
:10D10000BCBE7B0797A604421C0104CDBB7648CD6C
:10D11000BAC496AD181F017B0797A60F421601EF00
:10D120004B0C077B07C1044125995B07811C000359
:10D13000CDBB88BEE98189720200F1209E4D2B1C77
:10D140009F4D2B189EC10A6E24129FC10A6D240C9C
:10D150004B003B04417B0395CD902785721300F172
:10D16000858189B63C97B63A95CD8DBD4A85261105
:10D17000B639A10326043F3920023C39721200F16E
:10D1800081B63926063503003920023A39B63C9774
:10D19000B63A95CC9216895203A6016B013F399E8F
:10D1A0006B039F6B024B017B04977B0395CD8D8AAC
:10D1B00084CC9347B63926197B024A977B0395CDD9
:10D1C00092160C037B02B73D7B03B73B7B024A20E0
:10D1D0001AA103261C7B02977B0395CD92160C02A5
:10D1E0007B02B73D7B034AB73B7B02B73C7B032006
:10D1F0003CA102261A7B02977B034A95CD92160A20
:10D20000037B024AB73D7B034AB73B7B0220197B75
:10D21000024A977B034A95CD92160A027B024AB7CF
:10D220003D7B03B73B7B024AB73C7B034AB73A1EC0
:10D230000889B63D97B63B95CD8DBD4A8526101E13
:10D240000889B63C97B63A95CD8DBD4D8527184BCC
:10D25000007B04977B0395CD8D8A5B014A26035B97
:10D2600005811E08CD92427B012703CC929420EFCA
:10D27000884F6B0197A6074290AEFFFFDF0446DFA1
:10D280000448905FDF044A724F044C7B0197A60F5D
:10D2900042905AEF49EF4BEF4DEF4FEF53EF510CE8
:10D2A000017B01A10525CD84815204B6BE5F979014
:10D2B000AE03E8CDBD4C965CCDBCBEBEC1CDBD4578
:10D2C000965CCDBA75AE012CCDBCBEC60A9D5F97EB
:10D2D000A620CDB9F5AE012CCDBA75AE0130CDBCCE
:10D2E000BE721000F15B0481880F01201697A60F13
:10D2F00042E657C10A9C230972120440CD938984E7
:10D30000810C017B01C1044125E38481529E961C5E
:10D31000000690AE8480A696CDBD970F9E203F97C5
:10D32000A60F42909390EE49EF4D909390EE4BEF05
:10D330004FCD95C27B9E97A604424FD7011BD701C4
:10D340001AD70119D70118D70107D70106D7010548
:10D35000D701045F7B9E9758905FEF3E0C9E7B9EAB
:10D36000C10A9A25BA5504410048725F04417215FA
:10D3700004400F9DCC95A25F9758D6048ADA0489A1
:10D380002603CC95A00F05A6FF6B9C0F9ECC95960F
:10D39000961C00061F037B9DCD95CD72FB03011BE0
:10D3A0009E24015C02F64C271EA6016B05961C000C
:10D3B000061F037B9DCD95CD72FB03011B9E2401AF
:10D3C0005C02F66B9C20677B054A26727B9E5F970A
:10D3D0005A1F03961C00061F017B9DCD95CD72FB45
:10D3E0000172FB03F6119C262DAE00017B9E2704E3
:10D3F000584A26FC7B9DCD95AF2712961C000689C6
:10D400007BA0977B9F95CD8DBD4D8526090F05A6E9
:10D41000FF6B9CCC9594961C00061F037B9DCD95BD
:10D42000CD72FB03011B9E24015C027B9CF74B0128
:10D430007B9D887BA0977B9F95CD90272075AE0024
:10D44000017B9E2704584A26FC7B9DCD95AF27641F
:10D45000961C0006897BA0977B9F95CD8DBD4D8541
:10D460002752C60441C10A9A2622725F04410F9EC8
:10D47000200897A60F42AD6A0C9E7B9EC10A9A2592
:10D48000F172020440047214044020406B9CA60117
:10D490006B054B017B9D887BA0977B9F95CD90274B
:10D4A00085961C0006897BA0977B9F95CD9276720E
:10D4B0005C0441850C9E7B9EC10A6D2403CC947054
:10D4C0000C9D7B9DC10A6E2403CC94575B9E81907A
:10D4D0005F909790580190D4048A0190D4048901F8
:10D4E0005D8190AEFFFFEF49EF4B6F578197A60A22
:10D4F00042815208CD9350B6BE5F9790AE03E8CDFF
:10D50000BD4C965CCDBCBEBEC1CDBD45965CCDBA12
:10D5100075961C0005CDBCBEAE0130AD2C96240620
:10D52000AD1B23162004AD152208961C0005AD196D
:10D530002408721100F1721304405B08811C00057D
:10D54000CDBB76AE0130CCBA8DCDBB76AE012CCC46
:10D55000BA8D8972050A990AC60A6E6B01C60A6DF0
:10D560002008C60A6D6B01C60A6E6B025F7B0197CD
:10D570005A4F02BF375F7B02975A4F02BF35CD9398
:10D58000EC72070A9903CD93C8720000F10BCD919C
:10D590009DCD8654CD89D82003CD95D285818872C2
:10D5A00003044005AE9C51BF014F6B01AD40CDBDA2
:10D5B000A6BEA8A399132703CD96F5720404400ACA
:10D5C000BEA8A380012503FDBFA87B01AD20CDBD72
:10D5D000880C017B01A10225D3720404400592CD81
:10D5E00001BF01C6043DC40AE7C7043D848197A674
:10D5F000164201AB035F9790AE00A8A6168189BEC4
:10D60000BAA67DCDBCD672BB00B813012404A60116
:10D6100020014F858189B6C3974F021F015FC65213
:10D62000E69772FB015872B000B6BFBA5FC6043C01
:10D63000971F01BEB872FB01BFB8858189B6C39739
:10D640004F021F015FC652E69772FB0158BFB65FDB
:10D65000BFB88581520ABEAC8992CEAACD85BA5B8D
:10D66000021F05BEAE89BEAAEE02CD85BA5B021FBF
:10D6700007CDBD45965CCDBCBE1E05A640CDB9F517
:10D68000965CCDBB88BEE91F09A300FF24047B0A7A
:10D690002002A6FFB7B51E05CDBD45965CCDBCBE2C
:10D6A0001E07A640CDB9F5965CCDBB88BEE91F0923
:10D6B000A300FF24047B0A2002A6FFB7B45B0A8103
:10D6C000BEAAEE028992CEAA89BEAE89BEACCD8931
:10D6D000625B06BFBCCC97345205C60AF76B03CE1B
:10D6E0000AF31F01CE0AF51F04BEA8A397B8260AA5
:10D6F000CE0AEF1F01CE0AF11F04C60441A1022584
:10D700000AC60AFA6B03CE0AF81F0490BEAA90FE5E
:10D71000905C26035F2014CD97A01E01CD96DE4DB0
:10D72000260CBE01A39B8A2605BEA85B0581BEBC54
:10D73000130425F5B6B41103223890BEAA90FE90CA
:10D74000B3ACBEA82416A398942705A397B82622A5
:10D75000CD971C5FCF0444AE000420CFA398972739
:10D7600005A397B8260CCD971C5FCF0444AE0008E4
:10D7700020B9B6B5110322B190BEAA90EE0290B3C3
:10D78000AE2318BEA8A3989A2705A397B8269ACDCA
:10D79000971C5FCF0442AE00102090BEA8A3989DB6
:10D7A0002705A397B82682CD971C5FCF0442AE0011
:10D7B00020CC980BCC97B8CC97B8CC97B8CC97B86E
:10D7C0005FCF0444CF044290BEAA90FE905C26191D
:10D7D000CE0AE9CD96DE4D2710BEB092CFAABEAAE2
:10D7E00090BEB2EF02AE00018192CEAABFB0BEAA37
:10D7F000EE02BFB2BEAE89BEAC89BEB289BEB0CDAC
:10D8000089625B06C30AEB2304AE97B881CE0AE9AE
:10D8100072BB0AEDCD96DE4D2604AE000281AE98B5
:10D82000A08190BEAA90FE905C2604AE991381AEB2
:10D8300099028190BEAA90FE905C271A92CEAABF50
:10D84000B0BFACBEAAEE02BFB2BFAE3FB43FB5CDD3
:10D85000971CAE98A081AE991381CC9B1ACC9B1AD1
:10D86000CC9B1A92CE05BF07BE05EE02BF0992CE31
:10D870001BBF1DBE1BEE02BF1F817212043EAE977E
:10D88000B8BF03BF19CC9943520490BE0592CE1B7A
:10D8900090FE90BFEB72BB00EB72B0000B72B00059
:10D8A00021A602CDBCD61F01BE1B90BE05EE029084
:10D8B000EE0290BFEB72BB00EB72B0000D72B000D5
:10D8C00023A602CDBCD61F0392CE05BF0BBE05EE2C
:10D8D00002BF0D92CE1BBF21BE1BEE02BF23BE199D
:10D8E000A380002437BE03A380002430A3000325B7
:10D8F0002BB604B41AA50C270DCD995A1E01CF04DE
:10D9000042AE99402013B604B41AA530270ECD9923
:10D910005A1E03CF0444AE993D5B0481BE01A39916
:10D92000402626BE03A300042711A30008270CBE2F
:10D9300019A300042705A300082603CD995A1E0148
:10D94000CF04427212043EBE01A3993D26CBBE0312
:10D95000A300102711A30020270CBE19A300102735
:10D9600005A300202603CD995A1E03CF044472124A
:10D97000043EBE0120A35206BE1F89BE1D89BE09FA
:10D9800089BE07CD89625B061F01BE1BEE0289922C
:10D99000CE1B89BE05EE028992CE05CD89625B065B
:10D9A0001F03BE01A3993A2605CE0AFD2003CE0A25
:10D9B000FB1F055FCF04441E0372F0011605CDBAAC
:10D9C00009CF0442270C7214043ECD9943AE993A14
:10D9D0002002BE015B0681BE03A380002429A300B0
:10D9E00002240A5A2618BE19A399132611AE97B815
:10D9F000BF03BE01A39B572605AE9B1ABF01BE0302
:10DA00002605AE9902BF03BE19A380002429A300F6
:10DA100002240A5A2618BE03A399132611AE97B8FA
:10DA2000BF19BE01A39B572605AE9B1ABF01BE19A5
:10DA30002605AE9902BF19BE0181725F043E5FCF19
:10DA40000442CF044490BE0590FE905C270990BE2E
:10DA50001B90FE905C2603CC9C0672050AE805CD5F
:10DA60009A56BF0172030AE80B725D043E2605CD8B
:10DA70009968BF01CC9AB7725F043EBE03B3192602
:10DA800026A30001261472010AE8047210043EAEB7
:10DA90009913BF03BF19AE9C0681A397B82608AEA1
:10DAA0009B1ABF01CC9B1ACC9AB7725F043DBE197A
:10DAB000A39913270FAE98A0BF03BF19AE9B57BF02
:10DAC00001CC9B57BE03A380002449550004043DAC
:10DAD0001D0004271D1D0004271D1D0008271D1DF6
:10DAE0000010271D90BE0590FE905C2619AE99137C
:10DAF0002017AE98942018AE98972013AE989A20CD
:10DB00000EAE989D2009AE9902BF03AE9C0681BF60
:10DB100003CD9943BE0181BE03A399132704AE9B95
:10DB20008A81AE9BF781725F043EC6043DA402C7A2
:10DB3000043D90BE0590FE905C2609AE9913BF038C
:10DB4000725F043D90BE1B90FE905C2605AE99135B
:10DB5000BF19C604412604AE9BF781720204400D32
:10DB60007204044008A1022604AE9B5781AE9C06B5
:10DB700081720200E603CC9C06AE9C5181AE01018D
:10DB8000CDB6E43507528D35805280357D528E7288
:10DB90005F528F7210528772105280721152853507
:10DBA000015284AE010072115280CCB6E4AE020183
:10DBB000CDB6E435FF52E8350852E7AE02007210E8
:10DBC00052E3CCB6E4721C50C3721050C3721050B2
:10DBD000F07210525852087210525A725F525B72B1
:10DBE0005F525C7210525072035255FBC652605F16
:10DBF000971F057B066B050F065FC6526197011ADA
:10DC000006011A05011F057213525672035255FB85
:10DC1000C652605F971F077B086B070F085FC652ED
:10DC20006197011A08011A07011F077213525672F1
:10DC3000115250725F5258725F525A721150C37231
:10DC40001150F0721D50C372F0051F07CDBD4596EF
:10DC50005CCDBCBEAE6938BFE9AE0018BFE7965CCC
:10DC6000CDBB88BEE9BFC45B08815206AE003ACF87
:10DC70000430AE000FCF04323502043435010435D0
:10DC800035A5043635FF043B3580043FCD9350AEB7
:10DC900009051F03AEBE001F055F1F011E05F61E0E
:10DCA00003F75C1F031E055C1F051E015C1F01A31B
:10DCB00001FB25E85B06814BC04BC7AE5000CDB7DA
:10DCC0008D854B00AE5000CDB7DB84CD9FC44BC0DB
:10DCD0004BFFAE500FCDB78D854B00AE500FCDB77B
:10DCE000DB844BC04BFFAE5005CDB78D854B00AEEE
:10DCF0005005CDB7DB844FCDB742725F50C3CDA185
:10DD0000BBCD9CA5CD9D4ACDAD81CD9C5DCD9C8DDF
:10DD1000720B09BE1835CC50E0355550E035055032
:10DD2000E135A750E2725F50E035AA50E09A81AE2B
:10DD30000201CDB6E4725F52E63FC3721052E08139
:10DD400052140F0AAE0200721152E0CDB6E45F1F0A
:10DD50000FB6C36B0920091E0F1C10001F0F3AC31A
:10DD6000B6C326F3C652E65F975858585872FB0F51
:10DD70001F0F720A08610AB6CF2757B634A10226D0
:10DD800051AE03E81F0D5F1F0B5C1F111E0FCDBDB1
:10DD900045961C000BCDBA8D2503CC9F67BEC4CD24
:10DDA000BD45961C0005CDBCBE1E0FCDBD45965C85
:10DDB000CDBCBE961C000BCDBB76965CCDBB5E96F3
:10DDC0001C0005CDBAD3AE8516CDBB88BEE91F13A6
:10DDD000205F720300E51CB634A1022516CE09AA05
:10DDE00090AE03E8CDBD4C961C000BCDBCBECE0959
:10DDF000AA2097B6D22713B634A103250DAE9C40B6
:10DE00001F0D5F1F0BAE00282080B6345F9758901F
:10DE1000AE03E8DE09AACDBD4C961C000BCDBCBEFE
:10DE20005F9758DE09AACC9E6A0C0A041306141EDA
:10DE300013A3004124F3AE0601CDB6E41E13A300E4
:10DE40000225097B14A002C750F12004725F50F133
:10DE50007B0A4CC750F2AE0701721850F0CDB900E2
:10DE600072025219018EAE0700CDB900721950F03E
:10DE7000725F50F2AE0600CDB6E472170440BEC128
:10DE800072FB11BFC120227216044090AE03E81E3F
:10DE90000F651F11BEC172FB11BFC190AE03E81E1A
:10DEA0000F659372BB00BFBFBF1E11A30100250603
:10DEB00035FF043C20117B12C7043C200A1D03E8F7
:10DEC000BFBFBEC15CBFC1BEBFA303E924EF200A30
:10DED0001D03E8BFC1CDB4763CBEBEC1A303E92497
:10DEE000EF5B1481720109BE2072135002720309A4
:10DEF000BE0672135003200472125003350C50A05A
:10DF0000350250A3721250048172125002721250E4
:10DF100003721350048189BEC6A306D0240A1C04D0
:10DF2000301F01F6B7C82025A3F000250DA3F00C83
:10DF300024081DA6DAF6B7C82013A3F102260ABEEC
:10DF40002FF6B7C85CBF2F200435EE00C8BEC6A3AD
:10DF5000EEEE2708A3F10227035CBFC68581355684
:10DF6000505235AE505235AE50533556505381C68F
:10DF70005054A4F5C750548135CC50E0355550E08D
:10DF8000725F50E1725F50E220FE89BEC6A30303B8
:10DF90002403CCA11BA306D024F81D03031C0733C4
:10DFA0001F01B6C8F7BEC65CBFC61E01A30A8F25F7
:10DFB0000BA30A942206721600F1201DA30A8827DB
:10DFC00005A30A8D261972090A880BB634A1032508
:10DFD00005CDB3912051CDB3B6721000E48581A375
:10DFE00009C6250BA30A5D2206721800E420EEA3E1
:10DFF0000A622606721600E420E3A3086F2505A333
:10E00000099B23D5A30A6D2505A30A8723CBA30863
:10E01000652505A3086F230FA3099C270AA30A8976
:10E02000250FA30A8C220A721600E4721400E42061
:10E03000ACA309BE26A7CD9FC420A2A3F10027054B
:10E04000A3F10126101DF1001C002FB6C8F7BEC6B3
:10E050005CBFC68581A3F10226F9BE2FA30C002563
:10E060000AA35000250FA35800240AB6C8F7BE2FF4
:10E070005CBF2F20DEA3BE0025F4A3C00024EFCD9B
:10E08000A03EB6C892C72FCDA04F20E289C609BADC
:10E090005F9790AE007DCDBA271F01AE7D0072F074
:10E0A000011F017B01C7528B7B02C7528C85817295
:10E0B000115280CDA16C7210528081AE0101CDB69B
:10E0C000E4CDA16C72115285721900F17210528068
:10E0D0008172115280AE0100CCB6E45203C6BFFF7C
:10E0E0002602A6746B03AE0301CDB6E44B004B04CD
:10E0F0004B007B065F975889AE86A089AE000189E8
:10E10000CDB7E35B0C81AE0601CDB6E4350250F12C
:10E11000350150F2721850F08E721950F035F050EF
:10E12000F2AE0600CCB6E47201086215200AAE0712
:10E1300001CDB9008ECDA22272000862F1721000EA
:10E14000E481721200F2721100F2CE0AA5BFC6720B
:10E150005F5218CDA19BAE0701CDB900721C5000D3
:10E16000202A35AA50E0720B00F115720100F2105E
:10E17000720252190BBEC6A3EEEE2604721300F211
:10E18000720900F107721300F2CDA1E6720200F2EB
:10E19000D1AE0700CDB90072145211721D50007239
:10E1A0000800F10ACDA1B15FCF0442CF0444721937
:10E1B000043F721D043F721B00F172070861087270
:10E1C0001000E4721708617209086108721400E413
:10E1D00072190861720F086108721F043F721F08EC
:10E1E00061720700F117721700F1B634A103250917
:10E1F00072090A8804A60120014FCDAD37720308C9
:10E200006203CDA058721F00F181880F015552178B
:10E21000042C555218042E555219042F721B00F16C
:10E22000C6042EA509260572015285147201528575
:10E230000772115285CDA47CC65218A4F6C7521895
:10E24000720B042E04721B52187203042C0B7210F2
:10E2500000F23501042D5FBFC9C6042CA484A1843B
:10E260002705720F042C15725F042DCD9FF6B6C8DA
:10E27000CDB91ABEC95CBFC9A6016B01C6042CA4E6
:10E2800044A1442705720D042C3AC6042D4A2623C6
:10E29000BEC9260ACDB916974F02BFC6201DCDB9FB
:10E2A000165F9701BAC701BAC601BFC6725F042DD7
:10E2B0005F200BCDB916B7C8CDA06ABEC95CBFC977
:10E2C000A6016B017205042E0DBEC95ABFC9721595
:10E2D0005218721A00F17209042C1472145211BEF1
:10E2E000C6A3EEEE26097202042C04721300F27B20
:10E2F000012703CDA18F84817203500106721A0495
:10E30000402004721B0440720A086109B6CF26053A
:10E31000720500F2024F81720352190872035217FC
:10E3200003A60181720109BF70720F09BF05720C4B
:10E3300000F261720D09BF05720A00F257720B09F3
:10E34000BF05720800F24D720909BF11720700E69D
:10E3500007720F00E63E2005720E00E637720709CD
:10E36000BF0A720C043F2D7208043F28720509BFD2
:10E370000C720400F11EC60441B14826177203094D
:10E38000BF08C6043ECA043D260A720909BE0872C7
:10E390000F00F103A601814F81A60181721800F1DF
:10E3A000CCA1B189AE0001B6DD2704584A26FCB6DF
:10E3B000DC905F909790580190D4048A0190D40427
:10E3C00089015D2704A60120014F5F97D609C66B1E
:10E3D00001B6DC97A60A4201BBDD24015C02D60926
:10E3E000C81B016B02BEE0CDB9F5A607CDBCAF904E
:10E3F000CE0B02BEE990EF0385815FCF5316CF535A
:10E40000088188B6315F97D60A796B01A109240F7C
:10E41000AE00014D2704584A26FCCF53162010A009
:10E42000095F97A6805D2704445A26FCC7530984D8
:10E430008120018F720100E5FA81CE071DCF085FB0
:10E440003FD45FCF0487721700E6721500E481CDD8
:10E45000A4DA3C31B631C10A6E2503A60181CDA4F0
:10E46000E24F81890F0220505F97D60A6F5F97892C
:10E47000B63197A60A42011B0424015C02D6086F3C
:10E4800085D75350B63197A60A42011B0224015C7E
:10E4900002D60905CB099B6B01A1202F06A61F6B95
:10E4A0000120054D2A020F017B025F97D60A6F5F9C
:10E4B000977B01D753400C027B02C10A6D25A985C9
:10E4C00081880F01AE00017B012704584A26FC0118
:10E4D000C40A8A01C40A89015D27167B015F97D6A9
:10E4E0000865D753505F7B0197C6099CD7534020DE
:10E4F0000E7B015F97724F53505F97724F53400CE2
:10E50000017B01A10A25BD84818852040F01201ED0
:10E5100097A60A421C086F1F030F0220087B05F70D
:10E520005C1F030C027B02C10A6D25F10C017B010B
:10E53000C10A6E25DB5B0581885F97D609C45F97AA
:10E54000B3DE2C68AE0001B6DD2704584A26FCCDA8
:10E55000A6E62717CE0B024FF70D01260772100013
:10E56000E6CCA6D8721600E6CCA6D8CE0B02F6A44E
:10E570000FF74EC80AA9A5F0262ACDA6FB270590BD
:10E58000584A26FB9001DA046A9001DA0469CDA7A3
:10E5900007A4F0F70D012606721000E6205072164F
:10E5A00000E62054F64CF8A40FF8204BAE0001B65C
:10E5B000DD2704584A26FCAD4D2606CE0B024F201F
:10E5C00036CE0B02F6A4F0F74EC80AA9A50F2624F2
:10E5D000AD49270590584A26FB90539001D4046A10
:10E5E0009001D40469AD40A40FF70D01260A721CF6
:10E5F00000F22004F6AB10F7A50F2604A5F02704BF
:10E60000721200E58481B6DC905F9097905801907B
:10E61000D4046A0190D40469015D81B6DC5F975827
:10E6200090AE0001B6DD819001DF0469CE0B02F6E9
:10E6300081880F0190CE0B0290EE0390B3DE2C5632
:10E64000AE0001B6DD2704584A26FCCDA8172706E0
:10E65000721200E62050CE0B02E601A4F3E7014E51
:10E66000C80AAAA5302626CDA82C270590584A26E8
:10E67000FB9001DA048A9001DA04899001DF0489B1
:10E68000CDA838A6016B01721200E6205BE6014CB2
:10E69000E801A403204EAE0001B6DD2704584A2647
:10E6A000FCCDA8172609CE0B02E601A4F02037CD39
:10E6B000A8384444C80AAAA5032621CDA82C2705BA
:10E6C00090584A26FB90539001D4048A9001D404B8
:10E6D000899001DF0489A6016B01200CE601AB04DF
:10E6E000E801A40FE801E701CE0B02E601A503272C
:10E6F00004721200E5AE0001B6DD2704584A26FC7C
:10E70000AD352726BEDEB3CB232072050A990BB6A2
:10E71000DC97A610429FBADD2009B6DD97A610420D
:10E720009FBADCC7043BBEDEBFCB7B012707CDA46D
:10E7300083721A00F28481B6DC905F909790580142
:10E7400090D4048A0190D40489015D81B6DC5F977E
:10E750005890AE0001B6DD81CE0B02E601A4FCE7C5
:10E7600001818952049F5F97581F017B0597A6146A
:10E770004272FB01DE04C51F032709BEDA72FB03E8
:10E78000BFDA3CD95B068152030F020F010F03CEA3
:10E7900009C272BB00DE2D03CCA90D5FBFDA3FD9E1
:10E7A000C60A6D975AB6DD905F909790BFEEB3EEB4
:10E7B0002604A6016B01C60A6E5F975AB6DC905F0D
:10E7C000909790BFEEB3EE2604A6016B03B6DD274B
:10E7D000164ACDA9E72706B6DD4ACDA9CB7B03268D
:10E7E00006B6DD4ACDA9D37B012618B6DD4CCDA9EE
:10E7F000E72706B6DD4CCDA9CB7B032606B6DD4C5C
:10E80000CDA9D3B6DC2705B6DDCDA9CB7B03260584
:10E81000B6DDCDA9D3B6D92711BEDA62BFDA72B0A0
:10E8200009C2B3E22307A60120014C6B027B022739
:10E830005AAE0001B6DD2704584A26FCCDA9B627FA
:10E8400006721400E62053CE0B02E601A43FE70156
:10E850004848C80AAAA5C02626CDA9DB2705905896
:10E860004A26FB9001DA04A89001DA04A79001DFA0
:10E8700004A7CDA9F1721800F2721400E62054E644
:10E8800001AB10E801A43FE8012046AE0001B6DD6F
:10E890002704584A26FCAD3E2609CE0B02E601A409
:10E8A0000F202EAD6C4EC80AAAA50C2620AD4C2711
:10E8B0000590584A26FB90539001D404A89001D4A7
:10E8C00004A79001DF04A7721800F22006E601AB4E
:10E8D00040E7015B0381B6DC905F90979058019010
:10E8E000D404A80190D404A7015D8197B6DC4A95B1
:10E8F000CCA84297B6DC4C95CCA842B6DC5F9758C2
:10E9000090AE0001B6DD8197B6DC95CDA842B6DCAD
:10E9100081CE0B02E601A4CFE701815211B634A1EA
:10E92000032605C60A652003C60A666B0D45D4EAB0
:10E930003FE93FE83FE7961C0005CDBCBECE085F2F
:10E9400090AE0100CDBD4C961C0005CDBA75961C4D
:10E95000000ECDBCBECE071DCDBD4C961C0009CD12
:10E96000BCBE961C0009CDBB767B0DCDBCAF961C02
:10E970000005CDBCBE961C000ECDBB767B0DCDBC7C
:10E98000AF965CCDBCBE961C000ECDBB76965CCD22
:10E99000BB5E961C0005CDBA75961C000ECDBCBEA4
:10E9A0001E0FCF085F7B11B7D45B1181720B53042C
:10E9B0000735C05304A601814F8152055F1F03AE86
:10E9C00003FFA60AC00A6D2704574A26FCB63190F9
:10E9D0005F909790580190D40AAC0190D40AAB0193
:10E9E0001F010F05AE00017B052704584A26FC01D4
:10E9F0001402011401015D271CAE00017B05905F2C
:10EA0000909790D60A6F2704584A26FC011A0401F1
:10EA10001A03011F030C057B05A10A25C71E03016C
:10EA2000CA530901CA530801CF53081E032604A67E
:10EA30000120014F5B0581890F01CDA52F6B0226B7
:10EA400005CDAA9A6B017B0127047B0227EC7B0290
:10EA50002605CDA5437B02858152050F05CCABD69B
:10EA6000AE00014D2704584A26FCB631905F9097BE
:10EA700090580190D40AAC0190D40AAB015D276391
:10EA8000B6CF27307B055F97581F03CDABF872FBDD
:10EA9000037B05CDABFF90BFEE909390DE04C57273
:10EAA000B900EE90547B055F97581F01AD6A72FB69
:10EAB00001DF07337B055F97581F03AD5B72FB03D4
:10EAC0007B05AD5BDF04C5720100E4287B055F9721
:10EAD000581F03AD4372FB03909390DE04C5DF071C
:10EAE0003320117B055F97581F03AD2C72FB0390F9
:10EAF0005FDF04C50C057B05C10A6D2403CCAB4068
:10EB0000720100E410B6315F9758905FDF0469DF4F
:10EB10000489DF04A75B0581B63197A61442819072
:10EB20005F909790D60A6F905F9097905890DE53C1
:10EB30002081BED7CF071D5FBFD5721700E4815279
:10EB400010BED726075FCF071DCCACACBED54F019A
:10EB5000CDBD45961C0005CDBCBECE071D90AE01B7
:10EB600000CDBD4C961C0005CDBA75961C000DCD90
:10EB7000BCBEBED7CDBD4C961C0009CDBCBE550A4F
:10EB80006400EA3FE93FE83FE7961C0005CDBCBEC4
:10EB9000961C0009CDBB76961C0005CDBAD3965CB9
:10EBA000CDBCBEA601974FC00A6424015ACDBA4815
:10EBB000961C000DCDBAD3965CCDBA75961C000D8F
:10EBC000CDBCBE1E0DCF071D1E0FBFD55B108135FE
:10EBD00003530AC60A8D43C7530BAE03FFCF530C32
:10EBE000CF530E815FCF530AC60A8D97CF530ECFF6
:10EBF000530C81C60A5E5F9750B3DE2D4F3FD0AEF7
:10EC00000001B6DD2704584A26FCB6DC905F9097D9
:10EC100090580190D40ACA0190D40AC9015D2635E2
:10EC2000720C00E627720400E622720A00E61DCE8E
:10EC30000B02E6024CE802A40FE802E702A40FA1CF
:10EC40000E2512E602A4F0E702A60181CE0B02E631
:10EC500002A4F0E7024F81721F530088C65301A43B
:10EC6000DCC75301C60A8FA423CA5301C7530172DC
:10EC7000050A8F05AE03FF20015FCF53125F7B01B2
:10EC800097D60A90C753065F7B0197D60A92C7535F
:10EC9000025F7B0197D60A94C7530784721E530004
:10ECA00081AE0701CDB6E4CDB3B635805300352033
:10ECB000530435845301AE03FFCF531C8188720483
:10ECC00000E5077207043F028481720500E50772C0
:10ECD0000B043F0284817B012704721A086184813E
:10ECE00052070F07720200E600901B00E672000058
:10ECF000E600901900E6720400E600901D00E6B6FA
:10ED0000E6A4F8B7E635FF043B5FBFCB721900F20B
:10ED1000721B00F2721D00F2721300E5C6099D9786
:10ED2000C6099ECB09A124015C021F0301C6099DEF
:10ED300097C6099EC009A124015A021F053FDCCCD9
:10ED4000AF8D8FB13124FBAE0001B6DC2704584AE9
:10ED500026FC01B4CE01B4CD015D2703CCAF8BB648
:10ED6000DC97A632421C013ECF0B023FDDCCAF81C7
:10ED70005F97581F01CDAFCE72FB01DE04C5BFE225
:10ED80002603CCAF17B6DD5F97581F01CDAFCE720B
:10ED9000FB01DE0733BFE0BEE272B000E0BFDE5F22
:10EDA000B6DD97581F01CDAFCE72FB0190BEDEDFFE
:10EDB00005F1CE0B02E602A40FE702CDACD34D273E
:10EDC000087217043FA6016B07B6CF260572010033
:10EDD000E41BBEE01303220413052411720700F2A2
:10EDE000087216043F3FD12004A6016B0772080089
:10EDF000E409B6CF2605720100E403CDA483B6CFA3
:10EE00002703CCAF76CDA618B634A10324F4CDA742
:10EE100011AE0001B6DD2704584A26FCB6DC905F2F
:10EE2000909790580190D40ACA0190D40AC9015D04
:10EE30002764CDA867205F5CB6DD2704584A26FC0E
:10EE4000B6DC905F909790580190D40AAC0190D4B2
:10EE50000AAB015D2720CE0B02E602AB10E7024EA3
:10EE6000A40FA10E25307217043FA6016B07E6021E
:10EE7000A40FE7022020B6DD5F97581F01AD6F7227
:10EE8000FB01905FDF07335FB6DD97581F01AD5E72
:10EE900072FB01DF05F1CE0B021C0005CF0B023C1B
:10EEA000DDB6DDC10A6D2403CCAE503CDCB6DCC15E
:10EEB0000A6E2403CCAE23721700F2721100E472C2
:10EEC0000509BE057B07CDAD9D720500E6057209FB
:10EED00000F20B3FD3720D00E604721800F27208C4
:10EEE00000F20090190440721900E45B0781B6DC5F
:10EEF00097A614428152060F015F1F043FDD350FB4
:10EF000000DC721700E6B6D227023AD2721300E58F
:10EF10000F06AE00017B062704584A26FC01C40AEE
:10EF20008A01C40A89015D27081E0472BB099F1F5C
:10EF3000040C067B06A10A25D97B04977B05CB0927
:10EF4000A224015C021F02017B04977B05C009A279
:10EF500024015A021F04720B00E503CCB0C5AE01B8
:10EF600034CF0B0272070A620BB6D2A10E270572CC
:10EF70000700E415CDAC12CE071DBFE2B6D2A10A40
:10EF8000270C720500E40A2005CDAC1F20E9CDA5B1
:10EF90001A720B0A8809CE085FB3E22310200872A8
:10EFA0000F0A8809CE085F72B000E22006BEE27246
:10EFB000B0085FBFDEA601CDA618720200E5087298
:10EFC0000600E603CDA9FBCE085F13022208130456
:10EFD0002504BEE2260F720700F206721A043F20D3
:10EFE00004A6016B01721700F2720709BE057B01CE
:10EFF000CDAD9D720700E607720B043F023FD15B67
:10F0000006815206C601004C720500E503CCB1FC36
:10F01000260BA680C70100CDA5E9CCB24DC60100E4
:10F020002621CDB2D2721000E47218043F725D0B3B
:10F030000027097216043FB7D1CCB24D7217043FB6
:10F04000CCB24D725F0B000F05CCB1EC0F06CCB10A
:10F05000E0CE099D1F035F97581F017B0597A614FB
:10F060004272FB01DE04C5130322187B065F97582A
:10F070001F017B0597A6144272FB01D604C6DA0471
:10F08000C526157B05CDB2CC1B0624015C02C6014A
:10F090000043D4086FD7086F7B05CDB2CC1B062484
:10F0A000015C02C6010044DA086FD7086FC6010090
:10F0B0004A264BAE00017B062704584A26FC7B05F6
:10F0C000905F909790580190D40AAC0190D40AAB0D
:10F0D000015D272A7B05CDB2CC1B0624015C02D63C
:10F0E000086FC109A323137B05CDB2CC1B062401F5
:10F0F0005C02D6086FC109A4250435010B000C067B
:10F100007B06C10A6D2403CCB1310C057B05C10A15
:10F110006E2403CCB12C7254010020512629358075
:10F1200001000F06AE00017B062704584A26FCCDDD
:10F13000B2DF27097B065F97A680D708650C067BA0
:10F1400006A10A25DF2026C601002624CDB2D272F0
:10F150001600E4721400E4721C043F725D0B002779
:10F1600008721A043FB7D12004721B043F5B06816A
:10F17000725F0B004F6B065F9758909390DE5320A1
:10F1800090C3099F220AD65321DA5320260E7B060C
:10F190005F97C6010043D40865D708657B065F9773
:10F1A000C6010044DA0865D70865C601004A262B67
:10F1B000AE00017B062704584A26FCAD42271C7B83
:10F1C000065F97D60865C109A3230C7B065F97D617
:10F1D0000865C109A4250435010B000C067B06A1B6
:10F1E0000A259472540100CDAC12208197A60A42E0
:10F1F000018135FF0100721B0861721600F2810166
:10F20000C40A8A01C40A89015D8189720B08610DF3
:10F21000720400E508CE099D1C00322003CE09A52A
:10F22000CF531A720400E51D3F31C60A6E4A270605
:10F23000721B53002004721A5300CDA4E2CDAA9A87
:10F24000CDA5432061720E0A88500F0172010A8B0E
:10F2500006350153162004725F5316550A8C531756
:10F26000A6096B02AE00014D2704584A26FC01C4D2
:10F270000A8C01C40A8B015D27137B02A0095F97EA
:10F28000A6805D2704445A26FC1A016B010C027B00
:10F2900002A11125CF7B01C75309C65309CA0A8AA7
:10F2A000C75309CDA5A1720600E600901F00E685B0
:10F2B00081721400E5720F0A8805CDACC42003CD1D
:10F2C000ACAF720D0A8806721653012004721753F0
:10F2D00001A601CCAD37721500E5CDACAF72175366
:10F2E000014FCCAD378835205304720400E55BCD67
:10F2F000AA8C4A2613AE0001B6312704584A26FCD0
:10F3000001BACE01BACD2012AE0001B631270458A1
:10F310004A26FC5301B4CE01B4CD01BFCDCDAB39EB
:10F32000CDAB1744901100E5720000E567C60A6E88
:10F330005F975AB631905F909790BFEEB3EE260478
:10F34000721A5300721C5300204ACDAA8C44901BA1
:10F3500000E55FBFD74F6B015F9758909390DE53E6
:10F3600020DF071FAE00014D2704584A26FC01C4C8
:10F370000A8A01C40A89015D270E7B015F9758DE66
:10F38000532072BB00D7BFD70C017B01A10A25C84F
:10F39000721000E58481720E09BE21B634A10325E6
:10F3A0001BC609B827164A2604725C09B83CD0B6B9
:10F3B000D0C109B825063FD0350100CFBE3227089D
:10F3C000A300FF27035ABF32720500E614C609B92D
:10F3D000270F3CD3B6D3C109B923063FD37210001F
:10F3E000E4720400E50A7207043F05720409BE0FC7
:10F3F000720500E51D720B043F18720709BE133C2D
:10F40000D1B6D1C109A7250AB6CF2606721A08615E
:10F41000B7D18188B6346B01720F09BE03CCB5DA5F
:10F42000B6CF273E4A2623B634C70B013CCFA102F4
:10F430002704350200347206043F03CCB5E172059F
:10F4400009BEF8721A0861CCB5E1720B086102843A
:10F45000813CCFC60B01A10325ED550B010034CC37
:10F46000B5E1B634261D720200E607720400E6021A
:10F47000207A720104400AC609B45F97BF32CCB546
:10F48000E1206FA1012628720200E602205E7200D0
:10F4900004400C720800F207B648C104412702205C
:10F4A0001CBE32265C35020034721000E42052A1EA
:10F4B000022621720200E605720500E6043F3420B0
:10F4C00040BE32263C3C3472090A8804721400E4BF
:10F4D0003FD0202D72090A8809720700E604B6D2CF
:10F4E000270A72080A880B720100E606350200340A
:10F4F000200FBE32260B3C342007C60861A407B794
:10F5000034B634110127573DCF262EA10427095FB9
:10F5100097D609B45F972003AE00FFBF32B634A17F
:10F5200003261690AE0014CDBA27BF3272090A889E
:10F5300006350F00D220023FD272090A88207B01D3
:10F54000A103250BB634A1032405CDB3B6200F7B50
:10F5500001A1032409B634A1032503CDB391B6CF8D
:10F56000A10326023FCFC6043FA4F8C7043FC60448
:10F570003FBA34C7043F8481720A08610FCDADC021
:10F58000B634A103240CCD9632CC967ECDA511CDF8
:10F59000B0E281CDA511CDA4DA720A086103CCAF27
:10F5A000D5CCB0E2B634A1032428720A08615472A3
:10F5B000090A880C35030034CDB391721A086181B1
:10F5C000721500F2720F09BE07C60861A407B734AE
:10F5D0002028A103262D720A086128721500F272F4
:10F5E0000F09BE0DC60861A407B734A103240B2080
:10F5F0000435020034CDB3B6B6345F97D609B45F94
:10F6000097BF328189889EA4F06B0126267B032751
:10F610000F7B02AD452704485A26FCCA50C3200E72
:10F620007B02AD362704485A26FC43C450C3C7505A
:10F63000C320247B03270F7B02AD1F2704485A26D3
:10F64000FCCA50C4200E7B02AD102704485A26FC89
:10F6500043C450C4C750C45B0381A40F5F97A60185
:10F660005D8188C650C0A4FCC750C07B01C750C094
:10F6700084815209C650C0A4035F97D6851A6B09CE
:10F68000B7EA3FE93FE83FE7965CCDBCBEAE240059
:10F69000BFE9AE00F4BFE7965CCDBB88961C0005C1
:10F6A000CDBCBE961C0005CDBB765B0981897B066F
:10F6B0002A18A5102705F61A0520061E017B05430A
:10F6C000F4F71E01E6021A0520071E017B0543E43C
:10F6D00002E7027B06A5402706E6031A0520057B04
:10F6E0000543E403E7037B06A5202706E6041A0585
:10F6F00020057B0543E404E7048581891E017B0521
:10F70000F78581520A0F07CDB752AE851ECDBB8853
:10F71000B6EA6B08C65212A4C0C75212C652121AD9
:10F7200008C7521272115210C6521CA430C7521C84
:10F73000725F521B961C000DCDBB76AE8522CDBAF2
:10F740008D2560A6806B07960D13261D1C000DCD20
:10F75000BB76A603CDBCFB965CCDBCBE7B08CDB80A
:10F76000EB96CDB8F91F0920211C000DCDBB76A664
:10F7700019CDBCFB965CCDBCBE7B08CDB8EB96CD5D
:10F78000B8F91F097B07AA406B071E0926035C1FF7
:10F79000097B0897A60342A60ACDBCD65C1F057B51
:10F7A000062028961C000DCDBB7638EA39E939E8E9
:10F7B0009639E75CCDBCBE7B08AD5096AD5BA3002F
:10F7C000042403AE00041F097B084CC7521D7B0AAA
:10F7D000C7521B7B09A40F1A07C7521C7210521084
:10F7E00072155211C652111A14C752117B12C75208
:10F7F000137B11A403974F024F0148599F6B047B61
:10F8000015AA401A04C752145B0A81B7EA3FE93FC0
:10F81000E83FE7AE851ECCBAD35CCDBB88BEE9819C
:10F82000899F4D27069ECA521A20067B0143C45267
:10F830001AC7521A8581C6521681C752168120FEF8
:10F8400020FE20FE8A84A4BF88863B00EDBEEB89A3
:10F850003B00F0BEEE89CDB3C585BFEE3200F0852A
:10F86000BFEB3200ED805550F050F08020FE20FEBE
:10F8700020FE350250A372110862721E00F1802032
:10F88000FE20FE20FE20FE20FE20FE20FE20FE8A1E
:10F8900084A4BF88863B00EDBEEB893B00F0BEEE42
:10F8A0008972115285CDA47C85BFEE3200F085BFF0
:10F8B000EB3200ED8020FE3CC335FE52E48020FE9A
:10F8C00020FE20FECD9D97CDA222720D09BEF872BA
:10F8D0001A0861CD9E0F721100E5CDB2EA721C5379
:10F8E00000720400E505CDB6582003CDB673CDA354
:10F8F000D84D2706CDA222CDA207720400F205CD75
:10F90000B4F32003CDB684720400F203CD9E2035FB
:10F91000AA50E020BEBFE742BFE997B6E73FE84202
:10F9200072BB00E8BFE83FE781884F5D2A024C5078
:10F93000905D2A04AB029050654D27094424059040
:10F940005044250150848188BFEC909F5E42BFEBFC
:10F95000909EBEEC4272BB00EBBFEB909FBEEC3FB3
:10F96000ED4272BB00EC8481B7EA9F5FB7E92A01E0
:10F970005ABFE781BFE92A06AEFFFFBFE7815FBF3D
:10F98000E78190BFE92A0890AEFFFF90BFE7819022
:10F990005F90BFE781B6EAEB03B7EAB6E9E902B7E1
:10F9A000E9B6E8E901B7E8B6E7F9B7E781B6E7F104
:10F9B000261AB6E8E101260CB6E9E1022606B6EA07
:10F9C000E10327089C2403A6FF81A60181E603BB6F
:10F9D000EAE703E602B9E9E702E601B9E8E701F67A
:10F9E000B9E7F7814D270B38EA39E939E839E74AB1
:10F9F00026F581E60388E60288FE891E03B6E74203
:10FA0000BFEBBEE77B034272BB00EBBFEBBEE87B04
:10FA1000024272BB00EBBFEBBEE97B014272BB004E
:10FA2000EB9FB7E7BEE77B043FE84272BB00E7BF4E
:10FA3000E7BEE87B034272BB00E7BFE7BEE97B029B
:10FA40004272BB00E7BFE7BEE87B043FE94272BBFE
:10FA500000E8BFE824023CE7BEE97B034272BB003A
:10FA6000E8BFE824023CE7BEE97B043FEA4272BB00
:10FA700000E9BFE92405BEE75CBFE75B0481B6EAA5
:10FA8000E003B7EAB6E9E202B7E9B6E8E201B7E8AF
:10FA9000B6E7F2B7E78188F6B7E7E601B7E8E6022E
:10FAA000B7E9E603B7EA84815204E60388E60288F0
:10FAB000E60188F69688CDBBB35B08813FEB4D2A03
:10FAC00007CDBC87721000EBB6E72A07CDBC9A724F
:10FAD0001200EB9089F62667E601266390BEE727C1
:10FAE0001BE602272EB1E722592606E603B1E822DB
:10FAF0005190AE00204FE706E707205789EE0290AD
:10FB0000BEE95165BFE985EF06905FEF0490BFE75E
:10FB1000908581E704E705E706E603906290BFE77A
:10FB20009095B6E99097E60390629001B7E9B6EA3E
:10FB30009097E6039062E707909FB7EA90858190DF
:10FB4000BEE7EF0690BEE990BFE790AE00104FB75A
:10FB5000E9B7EAE70538EA39E939E839E7690769D1
:10FB600006690549F12537261CE704E605E101256C
:10FB7000102614E606E1022508260CE607E0032419
:10FB80000AE6042019E704E607E003E707E606E2D1
:10FB900002E706E605E201E705E604F23CEA905AD0
:10FBA00026B39085E704817363016302600326092D
:10FBB0006C0226056C0126017C8133E733E833E9CA
:10FBC00030EA260A3CE926063CE826023CE7814D5D
:10FBD000270B34E736E836E936EA4A26F58188B657
:10FBE000E7F7B6E8E701B6E9E702B6EAE70384819A
:10FBF000358000EB20023FEB5D2A0950721000EBCC
:10FC0000721200EB4D2A0540901200EB6237EB2A8E
:10FC1000065F97240550812701508189908990972C
:10FC200097B6E7429FB7E793B6E83FE84272BB005A
:10FC3000E7BFE793B6E93FE94272BB00E8BFE824BB
:10FC4000023CE7B6EA933FEA4272BB00E9BFE9240F
:10FC500005BEE75CBFE790858581B7EA41B7E9411A
:10FC60003FE83FE781BFE93FE83FE78188BFEB908E
:10FC7000BFEE909F42BFE9B6EB97B6EE42BFE74DAD
:10FC8000271097B6EC270B4272BB00E8BFE82402AE
:10FC90003CE7B6EB271097B6EF270B4272BB00E8A4
:10FCA000BFE824023CE7848189B7EB90F6F75C90CB
:10FCB0005C3AEB26F6858189B7EB90F6F75C905CB1
:10FCC0003AEB26F685819089B7EBF690F75C905C6D
:10FCD0003AEB26F690858171717171717171717154
:10FCE0007171717171717171717171717171717104
:10FCF00071717171717171717171717171717171F4
:10FD000071717171717171717171717171717171E3
:10FD100071717171717171717171717171717171D3
:10FD200000000000000000000000000000000000D3
:10FD300000000000000000000000000000000000C3
:10FD400000000000000000000000000000000000B3
:10FD500000000000000000000000000000000000A3
:10FD60000000000000000000000000000000000093
:10FD70000000000000000000000000000000000083
:10FD80000000000000000000000000000000000073
:10FD90000000000000000000000000000000000063
:10FDA0000000000000000000000000000000000053
:10FDB000000000000000031501F401F44B3200FFC5
:10FDC00007D0050000000D0032004B00C80190056F
:10FDD0003C141E080A640000006C24000000641734
:10FDE00008120C00000000000000000000000000ED
:10FDF0000000000000000000000000000000000003
:10FE000000000000000000000000000000000000F2
:10FE100000000000000000000000000000000000E2
:10FE200000000000000000000000000000000000D2
:10FE300000000000000000000000000000000000C2
:10FE400000000000000000000000000000000000B2
:10FE500000000000000000000000000000000000A2
:10FE60000000000000000000000000000000000092
:10FE70000000000000000000001E0000000B8032A7
:10FE800008060706007C00000809000102030405BB
:10FE900006070809000102030405060708090A0B02
:10FEA0000C0D0E2000FF0155000000727295954365
:10FEB00043000000080206190F03000400140000AC
:10FEC000000D00014400031C037E03FF03FF03FF3A
:10FED00003FF037E033C030003FF03FF03FF03FF55
:10FEE00003FF03FF0000000000000000000000000E
:10FEF0000000000000000000000000000000000002
:10FF000000003F0F00640019012C0096012C000036
:10FF100007D017003225003200190000000201004E
:10FF200000A0033CA40A6224A40A658C0400448C4B
:10FF30000800438C540045AC580044AC5C0043AC12
:10FF40000C00458C1000448C1400438C600045ACC0
:10FF5000640044AC680043AC1800458C1C00448C21
:10FF60002000438C6C0045AC700044AC740043AC82
:10FF70002400458C2800448C2C00438C780045AC30
:10FF80007C0044AC800043AC3000458C3400448C91
:10FF90003800438C840045AC880044AC8C0043ACF2
:10FFA0003C00458C4000448C4400438C900045ACA0
:10FFB000940044AC980043AC4800458C4C00448C01
:10FFC0005000438C9C0045ACA00044ACA40043AC62
:10FFD00000A0033C9C0B62249C0B658C0400448CA9
:10FFE0000800438C540045AC580044AC5C0043AC62
:10FFF0000C00458C1000448C1400438C600045AC10
:020000041D01DC
:10000000640044AC680043AC1800458C1C00448C70
:100010002000438C6C0045AC700044AC740043ACD1
:100020002400458C2800448C2C00438C780045AC7F
:100030007C0044AC800043AC3000458C3400448CE0
:100040003800438C840045AC880044AC8C0043AC41
:100050003C00458C4000448C4400438C900045ACEF
:10006000940044AC980043AC4800458C4C00448C50
:100070005000438C9C0045ACA00044ACA40043ACB1
:1000800007000B2400A00D3C00A00C3C00A0053C88
:10009000A40AA524AC00A7245D40400B00A00A3CA4
:1000A0000000468C0C00448C2B20C40014008050AF
:1000B0000000668C0800488C0C00468C1000448CB4
:1000C000A800A8ACAC00A6ACB000A4ACFCFF488C67
:1000D0000000468C0400448C080048AC0C0046AC80
:1000E000100044ACA800A88CAC00A68CB000A48C76
:1000F000FCFF48AC000046AC040044AC0000668C39
:100100000C00648C2B20C400140080100C004224CE
:100110009C0B44250800698C0C00688C1000668CD0
:10012000A80089ACAC0088ACB00086ACFCFF698C40
:100130000000688C0400668C080069AC0C0068AC98
:10014000100066ACA800888CAC00868CB000848C53
:10015000FCFF68AC000066AC040064ACD0FF471440
:100160000C006324FFFF6B25FF006B31040060115E
:1001700000000000FC0AA2252840400BF40B832558
:100180000800E00300000000FF0084303883838F04
:1001900088858A8FE885828F0482898F2340490071
:1001A000C33F08002640E8002338070123306A00D7
:1001B000C32F06002630A6002328C5002128E5000D
:1001C0002A28A4003000A01425828593020004246C
:1001D0001900A4143963642C008004342B206400BB
:1001E0000A0080500080033400A0043C7808842476
:1001F000030083A0022A0300040085A02118430104
:1002000042180300888583AF008003342B18430015
:100210001D00601000A0033C78086324050062A064
:1002200002220200060064A02110220142100200F6
:100230000800E003048282AF0A008050043E432C91
:1002400000A0043C78088424030083A0022A030051
:10025000040085A02118430142180300888583AF5C
:10026000043E432C0800601000A0033C780863247F
:10027000050062A002220200060064A021102201F3
:1002800042100200048282AF0800E0030000000078
:10029000E8FFBD271400BFAFB885829751F943240A
:1002A000FFFF63306E5D642C060080141D64442CD7
:1002B00092848497093F842C0F008050020002240E
:1002C0001D64442C06008054AF06422C928484970F
:1002D0004807842C0800805402000224AF06422CF8
:1002E000070040106E5D632C928482974807422C71
:1002F0000300401002000224CB40400B218582A362
:10030000090060100100022492848297093F432C67
:1003100005006050010002244807422C03004050B1
:10032000218580A301000224218582A3A88280AFB9
:1003300000A0023C2409428C2800401021858293B1
:100340000200032407004314010003241E000224BA
:10035000748282AF6240400F1E0004243941400B7A
:100360001400BF8F07004314000000003C0002246B
:10037000748282AF6240400F3C0004243941400B3C
:100380001400BF8F56004014F083838FF5000224C1
:100390001B006200F4014000121800000F00622CE4
:1003A00005004014A88283AF00A0023C831842904D
:1003B000F340400B748282AF00A0023C74184224C8
:1003C0002118430000006290748282AF6240400FA7
:1003D000748284933941400B1400BF8F02000324C0
:1003E0001600431401000324F083838F2C010224A0
:1003F0001B006200F4014000121800000F00622C84
:1004000005004014A88283AF00A0023C83184290EC
:100410000B41400B748282AF00A0023C741842244E
:100420002118430000006290748282AF6240400F46
:10043000748284933941400B1400BF8F150043141C
:10044000F083838FB30102241B006200F40140009B
:10045000121800000F00622C05004014A88283AF20
:1004600000A0023C831842902141400B748282AF6D
:1004700000A0023C7418422421184300000062903E
:10048000748282AF6240400F748284933941400B82
:100490001400BF8F12004014F50002241B006200FC
:1004A000F4014000121800000F00622C05004014F7
:1004B000A88283AF00A0023C831842903641400BD3
:1004C000748282AF00A0023C7418422421184300B9
:1004D00000006290748282AF6240400F7482849305
:1004E0001400BF8F0800E0031800BD273883838FF6
:1004F0008885878FE885828F0482868F2320460037
:10050000C32F04002620A400234085002328670071
:10051000C3270500262885002320A40021200401EC
:10052000050084283000801425828593020004246D
:100530001900A4143963642C008004342B20640057
:100540000A0080500080033400A0043C7808842412
:10055000030083A0022A0300040085A02118E30001
:1005600042180300888583AF008003342B184300B2
:100570001D00601000A0033C78086324050062A001
:1005800002220200060064A02110C20042100200F4
:100590000800E003048282AF0A008050043E432C2E
:1005A00000A0043C78088424030083A0022A0300EE
:1005B000040085A02118E30042180300888583AF5A
:1005C000043E432C0800601000A0033C780863241C
:1005D000050062A002220200060064A02110C200F1
:1005E00042100200048282AF0800E0030000000015
:1005F00000A0023C780A428C4D04422C0600405078
:10060000358480A303000224C08282A30100022457
:10061000358482A3388380AF00A0023C780A428CE4
:100620008567422C07004054218380A303000224E5
:10063000C08282A301000224218382A338630224A2
:10064000388382AF00A0023C780A428CB4FB42247B
:100650003963432C01006054388382AF00A0023C10
:100660007C0A428C1D04422C06004050EC8580A37D
:1006700003000224C08282A301000224EC8582A32D
:10068000E88580AF00A0023C7C0A428C2042422CCC
:1006900007004054208580A303000224C08282A367
:1006A00001000224208582A3033E0224E88582AF54
:1006B00000A0023C7C0A428CE4FB4224043E432C12
:1006C00001006054E88582AFC08283930300022456
:1006D0000200621400A0023C240940AC0800E003C0
:1006E00000000000258283930400022404006214A9
:1006F000E885828F033E032423106200E88582AFE1
:100700000800E00300000000928482974907432C10
:1007100004006010083F422C01000224CD41400B30
:10072000908282A303004054908280A3010002249F
:10073000908282A3B8858297B006432C0400601093
:100740001C64422C010002240800E003208382A3E1
:1007500004004054208380A3010002240800E00329
:10076000208382A30800E003000000000800E003EB
:100770000000000004848293D48282A3B88582970B
:100780002BFD4324FFFF6330A865632C0D006050F0
:100790000200022492848397EF02642C09008054A3
:1007A00002000224E942642C060080500200022468
:1007B00000A0043C080A848C04008014C8FB442474
:1007C000020002240A42400B048482A3FFFF84300B
:1007D0003D63842C08008050010002240104642C35
:1007E00005008054010002242E42642C0400801471
:1007F00077FB4224010002240A42400B048482A3B6
:10080000FFFF42309B62422C08004010908382938D
:100810005204622C0500401490838293DD41632CC6
:1008200001006054048480A390838293548382A344
:10083000EC8482930500432C050060102700422CB5
:1008400001000224408482AF1942400B088280AF2D
:100850000500401460858293408480AF010002242B
:10086000088282AF608582930500432C05006010EA
:100870001800422C01000224D08582AF2642400B92
:10088000808380AF05004014EC848293D08580AFD4
:1008900001000224808382AFEC848293FBFF422418
:1008A000FF0042302200432C0E00601060858393CD
:1008B0001800642C0C008050FBFF63240500632C9F
:1008C000080060146085839301000224908382A352
:1008D000408480AF088280AFD08580AF4542400B16
:1008E000808380AFFBFF6324FF0063301300632C21
:1008F000040060142200422C030002244542400BF5
:10090000908382A304004014548383930200022442
:10091000908382A354838393010002240B0062140A
:100920005483839390838293FEFF4224FF004230DE
:100930000200422C060040100300022401000224A1
:10094000D08482AF2C8582AF54838393030002242A
:1009500008006214548383939083839301000224DC
:100960000400621454838393B88382AFD08480AF31
:10097000548383930200022409006214D482839377
:10098000908383930100022404006214D482839331
:100990001C8582AFD08480AFD4828393020002246E
:1009A0000A006214D4828393048483930100022496
:1009B00007006214D4828393210002247C8482A3E2
:1009C00001000224148582AFD482839301000224A3
:1009D00007006214D482829304848293040040143A
:1009E000D4828293100002247C8482A3D4828293D6
:1009F00008004014D482839304848393010002246A
:100A000005006214D48283937C8482A3148580AF12
:100A1000D48283930100022405006214048483932A
:100A20000200022402006214120002247C8482A3C9
:100A30000800E0030000000000A0023C1C09438CF9
:100A400077FB62249C62422C120040108904622CC5
:100A5000C010030040190300211843008010030058
:100A600021186200C0110300231043003EFE053C24
:100A7000406AA524211045009C6204241B00440008
:100A8000F40180001220000000A0033CAF42400BA4
:100A90001C0964AC040040102567632C00A0023CD4
:100AA000AF42400B1C0940AC0500601400A0023CA2
:100AB0003863032400A0023C1C0943AC00A0023CA4
:100AC0002009438CAEFB62248C3D422C1100401067
:100AD0005204622C801003000022030023108200C5
:100AE000802102002310820023104300F4FE043C06
:100AF0000D558424211044008C3D04241B00440027
:100B0000F40180001220000000A0053CCE42400B02
:100B10002009A4AC04004010DE41632C00A0023C7C
:100B2000CE42400B200940AC03006014033E032476
:100B300000A0023C200943AC00A0023C180942245A
:100B40000800438C033E0424231883000800E003BC
:100B5000080043AC00A0033C780A628C388382AF63
:100B6000780A63240400638CE88583AF77FB432411
:100B70009C62632C0C0060108904432CC01B020093
:100B800023106200BCFD033C880463242110430051
:100B90009C6203241B004300F40160001218000053
:100BA000F242400B388383AF030060102567422C6C
:100BB000F242400B388380AF04004014E885828FF6
:100BC000FF7F0224388382AFE885828FAEFB432407
:100BD0008C3D632C0C0060105204432CC01B02009F
:100BE00023106200D7FD033C51846334211043007D
:100BF0008C3D03241B004300F40160001218000028
:100C00000A43400BE88583AF03006010DE41422CAD
:100C10000A43400BE88580AF04004014E885828FCA
:100C2000FF7F0224E88582AFE885828FFF7F03245F
:100C300023186200E88583AF00878493FF00843027
:100C400002000324040083143C86849301000324DF
:100C500001008350E88582AF0800E0030000000037
:100C6000E8FFBD271400BFAF00A0023C1C09428C66
:100C700000A0033C780A638C2B20620002008050A5
:100C8000231062002310430000A0033C2009638C62
:100C900000A0043C7C0A848C2B2883000200A05016
:100CA0002320830023206400021042700218847005
:100CB0009671400F212062006F71400F212040008B
:100CC0000871400F212040001E00432C03006010DB
:100CD000708482AF3943400B948480AF01000324B9
:100CE000948483AF00A0033C2409638C81006010CE
:100CF0009101432C90828393410060149101432C15
:100D0000208383933E0060149101432C07006014FC
:100D10002D01432CED84829301004224ED8482A3B3
:100D200003000224D143400BDC8282AF0700601431
:100D3000C900432C6883829301004224688382A304
:100D400003000224D143400BDC8282AF0700601411
:100D50009700432C0885829301004224088582A3D2
:100D600003000224D143400BDC8282AF07006014F1
:100D70006500432C3C848293010042243C8482A37E
:100D800004000224D143400BDC8282AF07006014D0
:100D90004C00432CD882829301004224D88282A343
:100DA00005000224D143400BDC8282AF07006014AF
:100DB0003300422CC085829301004224C08582A367
:100DC00006000224D143400BDC8282AF07004014AE
:100DD0007C8282931883829301004224188382A329
:100DE00007000224D143400BDC8282AF0100422481
:100DF0007C8282A308000224D143400BDC8282AFB4
:100E0000070060142D01432CED84829301004224DD
:100E1000ED8482A303000224D143400BDC8282AF25
:100E200007006014C900432C6883829301004224A8
:100E3000688382A303000224D143400BDC8282AF8B
:100E4000070060149700432C088582930100422418
:100E5000088582A303000224D143400BDC8282AFC9
:100E6000070060146500432C3C84829301004224F7
:100E70003C8482A304000224D143400BDC8282AF75
:100E8000070060144C00432CD88282930100422456
:100E9000D88282A305000224D143400BDC8282AFBA
:100EA000070060143300422CC08582930100422465
:100EB000C08582A306000224D143400BDC8282AFAE
:100EC000070040147C82829318838293010042249D
:100ED000188382A307000224D143400BDC8282AF37
:100EE000010042247C8282A308000224D143400BEB
:100EF000DC8282AF04006014C900432C030002248A
:100F0000D143400BDC8282AF040060146500432CA7
:100F100004000224D143400BDC8282AF0400601441
:100F20003300422C05000224D143400BDC8282AF07
:100F30000300401406000224D143400BDC8282AF40
:100F4000DC8282AFDC82868F00A0023CA00A428055
:100F50002B1846001300601400A0033C780A688C2C
:100F6000780A63240400678C1400648C1800638C76
:100F7000234008002338070021208800FFFF422477
:100F80002014027C2B284600FBFFA01021186700CC
:100F900000A0053C780AA5241400A4AC1800A3AC5A
:100FA0002800A2A000A0023C180942240400478C9B
:100FB00000A0043C780A84241400858C2128E500D4
:100FC000140085AC0800468C1800838C2118C300DF
:100FD000180083AC28008290010042242014027C77
:100FE0000C004018280082A000A0043C1B00A200B6
:100FF000F401400012280000780A85AC780A8424A5
:101000001B006200F4014000121800000A44400B6B
:10101000040083AC00A0023C780A47AC780A422462
:10102000040046AC280040A01400BF8F0800E00375
:101030001800BD27D8FFBD272400BFAF2000B3AFE5
:101040001C00B2AF1800B1AF1400B0AF2110800087
:101050003800B38FFF00F2308018050040200400F4
:10106000212082002320640023208600C31F040067
:101070002620640023208300488284AF408005003E
:101080002380020223800602C31F10002680700006
:10109000238003029671400FC88490AF21884000DE
:1010A0009671400F2120000221202002F96B400F91
:1010B0002128400021804000888282AF9671400F35
:1010C00002207272218840009671400F4220130066
:1010D00021200002066D400F21284000212020021F
:1010E000CF6A400F212840000871400F21204000A6
:1010F0002400BF8F2000B38F1C00B28F1800B18F67
:101100001400B08F0800E0032800BD27E0FFBD27D2
:101110001C00BFAF1800B0AF00A0103C9C0B102605
:1011200054000292D78582A3FFFF45241084848F48
:1011300080300500001905002318660021180302FD
:101140000400658C2328A400040065AC80280200FC
:10115000003102002328C500212805020400A68CC6
:101160002330C4000400A6AC0100422480300200F9
:101170000011020023104600211002020400468CD8
:101180002330C400040046AC0400648C0400A58C29
:1011900001006790800202240D44400F1000A2AFAE
:1011A00000A0033C200962AC5400029280180200A7
:1011B0000011020023104300218050000100029220
:1011C000508382AF1C00BF8F1800B08F0800E0036F
:1011D0002000BD27E0FFBD271C00BFAF1800B0AF47
:1011E00000A0103CA40A102654000292D78582A3C6
:1011F000FFFF45241084848F80300500001905000E
:1012000023186600211803020400658C2328A4001B
:10121000040065AC80280200003102002328C500CC
:10122000212805020400A68C2330C4000400A6ACCB
:101230000100422480300200001102002310460009
:10124000211002020400468C2330C400040046AC86
:101250000400648C0400A58C0100679080020224C5
:101260000D44400F1000A2AF00A0033C1C0962AC6B
:101270005400029280180200001102002310430063
:101280002180500001000292F88282AF1C00BF8FC3
:101290001800B08F0800E0032000BD27D8FFBD274D
:1012A0002400BFAF2000B3AF1C00B2AF1800B1AF35
:1012B0001400B0AF211080003800B38FFF00F2306F
:1012C00080180500402006002120860023206400AD
:1012D00023208200C31F04002620640023208300F3
:1012E000488284AF408005002380060223800202EA
:1012F000C31F100026807000238003029671400FE8
:10130000C88490AF218840009671400F21200002D0
:1013100021202002F96B400F21284000218040004D
:10132000888282AF9671400F02207272218840003D
:101330009671400F4220130021200002066D400FDD
:101340002128400021202002CD6A400F21284000A2
:101350000871400F212040002400BF8F2000B38F70
:101360001C00B28F1800B18F1400B08F0800E0038A
:101370002800BD27D8FFBD272400BFAF2000B3AF92
:101380001C00B2AF1800B1AF1400B0AF3800B38F7B
:10139000408005002380040229000612FF00F2307D
:1013A0008028050040100400212044002320A400D0
:1013B00023208600C3170400262044002320820037
:1013C000488284AF23800602C31710002680500095
:1013D000238002029671400FC88490AF218840009C
:1013E0009671400F2120000221202002F96B400F4E
:1013F0002128400021804000888282AF9671400FF2
:1014000042201300218840009671400F0220727222
:101410002190400021200002066D400F212820026B
:1014200021204002CF6A400F2128400021204000A7
:10143000CD6A400F212820020871400F2120400072
:101440002400BF8F2000B38F1C00B28F1800B18F13
:101450001400B08F0800E0032800BD27D8FFBD2787
:101460002400BFAF2000B3AF1C00B2AF1800B1AF73
:101470001400B0AF211080003800B38FFF00F230AD
:101480002320C400C31F04002620640023208300FF
:10149000488284AF40800500238002022380060238
:1014A000C31F100026807000238003029671400F36
:1014B000C88490AF218840009671400F212000021F
:1014C00021202002F96B400F21284000218040009C
:1014D000888282AF9671400F02207272218840008C
:1014E0009671400F4220130021200002066D400F2C
:1014F0002128400021202002CF6A400F21284000EF
:101500000871400F212040002400BF8F2000B38FBE
:101510001C00B28F1800B18F1400B08F0800E003D8
:101520002800BD27D0FFBD272C00BFAF2800B5AFD6
:101530002400B4AF2000B3AF1C00B2AF1800B1AFAD
:101540001400B0AF00A0033CA40A632454007090C0
:10155000D78590A3FEFF0226802002000011020022
:1015600023104400211062000400468CFFFF042673
:101570008010040000210400232082002120640048
:101580000400918C80201000002910002320A4006A
:10159000212064000400938C0100042680280400AC
:1015A0000021040023208500212064000400928C87
:1015B0002310330223105200020004268028040066
:1015C0000021040023208500211864000400648C9D
:1015D0002118440030006050409813002A10510236
:1015E000160040542318320223203202C011040096
:1015F00040220400211044001A004300F40160005E
:10160000121800008010100000211000231082002A
:1016100000A0043CA40A8424211044000100459049
:10162000C0110500402A0500212845004171400FE6
:1016300021206500A545400B21A84000C0110300F2
:10164000401A0300211043002330D1002330D3007F
:101650002130D2001A004600F401C0001230000010
:1016600080101000001910002310620000A0033C3D
:10167000A40A63242110430001004390C011030019
:10168000401A0300211843004171400F2120C3007C
:1016900021A84000409813002398710223987202F9
:1016A0004098130014006012801010000081100098
:1016B0002380020200A0023CA40A422421800202EC
:1016C00001000392C0110300401A030021104300DF
:1016D00023883202C0191100408A110021187100BC
:1016E0001A007300F4016002129800004171400F6B
:1016F0002320530021A040002120A002CF6A400FE8
:1017000021288002E870400F21204000C2270200FB
:10171000212082004171400F43200400E870400FF7
:10172000212040002C00BF8F2800B58F2400B48FEB
:101730002000B38F1C00B28F1800B18F1400B08F3F
:101740000800E0033000BD27D0FFBD272C00BFAF4D
:101750002800B5AF2400B4AF2000B3AF1C00B2AF77
:101760001800B1AF1400B0AF00A0033C9C0B632481
:1017700054007090D78590A3FEFF022680200200BF
:101780000011020023104400211062000400468C66
:10179000FFFF0426801004000021040023208200A3
:1017A000212064000400918C80201000002910008A
:1017B0002320A400212064000400938C010004264F
:1017C00080280400002104002320850021206400DB
:1017D0000400928C231033022310520002000426CE
:1017E00080280400002104002320850021186400C3
:1017F0000400648C211844003000605040981300AD
:101800002A105102160040542318320223203202BB
:10181000C011040040220400211044001A004300BB
:10182000F401600012180000801010000021100068
:101830002310820000A0043C9C0B8424211044004F
:1018400001004590C0110500402A050021284500EF
:101850004171400F212065002E46400B21A8400019
:10186000C0110300401A0300211043002330D100AF
:101870002330D3002130D2001A004600F401C0000A
:1018800012300000801010000019100023106200B8
:1018900000A0033C9C0B63242110430001004390F3
:1018A000C0110300401A0300211843004171400F8A
:1018B0002120C30021A84000409813002398710202
:1018C00023987202409813001400601280101000D8
:1018D000008110002380020200A0023C9C0B4224E5
:1018E0002180020201000392C0110300401A03008C
:1018F0002110430023883202C0191100408A1100D0
:10190000211871001A007300F4016002129800009F
:101910004171400F2320530021A040002120A0024C
:10192000CF6A400F21288002E870400F212040003C
:10193000C2270200212082004171400F4320040091
:10194000E870400F212040002C00BF8F2800B58F89
:101950002400B48F2000B38F1C00B28F1800B18F09
:101960001400B08F0800E0033000BD27D8FFBD276A
:101970002400BFAF2000B3AF1C00B2AF1800B1AF5E
:101980001400B0AF00A0023CA40A42241000528C04
:101990001C00518C2800508C3400438C4000538C28
:1019A0002A107100110040542388230223887100FB
:1019B0004171400F212020022190400023883302F2
:1019C0004171400F2120300221204002F96B400F6D
:1019D0002128400021204000029D023CCF6A400F98
:1019E00000C8458C8946400B218040004171400F62
:1019F0002120200221984000238832024171400FAB
:101A00002120300221206002F96B400F2128400084
:101A1000029D033C00C8648CCD6A400F2128400021
:101A20002180400000A0023C4171400FC90A44904F
:101A300021204000029D023CCD6A400F00C8458C29
:101A400021204000CF6A400F2128000221204000C1
:101A5000029D023C066D400F04C8458CE870400FA3
:101A6000212040002400BF8F2000B38F1C00B28FC4
:101A70001800B18F1400B08F0800E0032800BD27C4
:101A8000D8FFBD272400BFAF2000B3AF1C00B2AF0A
:101A90001800B1AF1400B0AF00A0023C9C0B422470
:101AA0001000528C1C00518C2800508C3400438C48
:101AB0004000538C2A1071001100405423882302E7
:101AC000238871004171400F2120200221904000A5
:101AD000238833024171400F21203002212040022F
:101AE000F96B400F2128400021204000029D023C5C
:101AF000CF6A400F00C8458CCE46400B2180400085
:101B00004171400F21202002219840002388320299
:101B10004171400F2120300221206002F96B400FFB
:101B200021284000029D033C00C8648CCD6A400F10
:101B3000212840002180400000A0023C4171400F5C
:101B4000C10B449021204000029D023CCD6A400F11
:101B500000C8458C21204000CF6A400F2128000298
:101B600021204000029D023C066D400F04C8458CB8
:101B7000E870400F212040002400BF8F2000B38F69
:101B80001C00B28F1800B18F1400B08F0800E00362
:101B90002800BD27D0FFBD272C00BFAF2800B5AF60
:101BA0002400B4AF2000B3AF1C00B2AF1800B1AF37
:101BB0001400B0AF00A0023CA40A42241000548CD0
:101BC0001C00508C2800528C3400518C4000558CE5
:101BD0004171400F23205002219840004020120004
:101BE000232090004171400F2320910021206002AA
:101BF000F96B400F21284000219840002A10300244
:101C00001100405423801102238030024171400FA3
:101C10002120000221A04000238015024171400FC5
:101C20002120120221208002F96B400F2128400060
:101C300021204000029D023CCF6A400F00C8458C25
:101C40002047400B212060024171400F21200002FB
:101C500021A84000238014024171400F212012026C
:101C60002120A002F96B400F21284000029D033C77
:101C700000C8648CCD6A400F2128400021206002FA
:101C8000CF6A400F21284000029D103C21204000D7
:101C9000066D400F00C8058E029D113C21204000BA
:101CA000066D400F04C8258E2190400000A0023C24
:101CB0004171400FC90A449021204000CD6A400F75
:101CC00000C8058E21204000066D400F04C8258EF7
:101CD00021204002CF6A400F21284000E870400FC9
:101CE000212040002C00BF8F2800B58F2400B48F26
:101CF0002000B38F1C00B28F1800B18F1400B08F7A
:101D00000800E0033000BD27D0FFBD272C00BFAF87
:101D10002800B5AF2400B4AF2000B3AF1C00B2AFB1
:101D20001800B1AF1400B0AF00A0023C9C0B4224DD
:101D30001000548C1C00508C2800528C3400518CA4
:101D40004000558C4171400F2320500221984000E3
:101D500040201200232090004171400F2320910069
:101D600021206002F96B400F21284000219840009B
:101D70002A103002110040542380110223803002C7
:101D80004171400F2120000221A040002380150254
:101D90004171400F2120120221208002F96B400F77
:101DA0002128400021204000029D023CCF6A400FC4
:101DB00000C8458C7D47400B212060024171400FD7
:101DC0002120000221A84000238014024171400F0D
:101DD000212012022120A002F96B400F212840008F
:101DE000029D033C00C8648CCD6A400F212840004E
:101DF00021206002CF6A400F21284000029D103C44
:101E000021204000066D400F00C8058E029D113C48
:101E100021204000066D400F04C8258E219040000F
:101E200000A0023C4171400FC10B449021204000B2
:101E3000CD6A400F00C8058E21204000066D400F7E
:101E400004C8258E21204002CF6A400F212840007F
:101E5000E870400F212040002C00BF8F2800B58F74
:101E60002400B48F2000B38F1C00B28F1800B18FF4
:101E70001400B08F0800E0033000BD27168282975F
:101E800000A0033C840A678C2A18E200040060501A
:101E90002310E20023104700A947400B708282AF55
:101EA000708282AF3483829700A0033C880A668CDC
:101EB0002A18C200060060502310C20023104600FA
:101EC0007082838F21106200B747400B708282AF0F
:101ED0007082838F21106200708282AF00A0023C6A
:101EE0002409428C0A004010010002240A00022446
:101EF0000C8582AF00A0023CA20A42800A00432C5B
:101F00000A00601000A0033CDC47400B1682879754
:101F10000C8582AF00A0023C780A4224200040AC2D
:101F2000240040ACDB47400B2A0040A0780A632421
:101F30002000648C2400638C2338070023300600C3
:101F400021208700FFFF42242014027C0A00452C38
:101F5000FBFFA0102118660000A0053C780AA5240C
:101F60002000A4AC2400A3AC2A00A2A0168287976C
:101F700000A0043C780A84242000858C2128E500F8
:101F8000200085AC348386972400838C2118C300FD
:101F9000240083AC2A008290010042242014027C99
:101FA0000C0040182A0082A000A0043C780A842477
:101FB0001A00A200F4014000122800000C0085ACB9
:101FC0001A006200F4014000121800000800E0034B
:101FD000100083AC00A0023C780A42240C0047ACFD
:101FE000100046AC0800E0032A0040A0E0FFBD2737
:101FF0001C00BFAF1800B2AF1400B1AF1000B0AFFB
:10200000D084828F5402401400A0023CA40A4224CF
:102010000400438C1C004B8C2800478C34004A8CF5
:102020004C00428C00A0053C9C0BA5240400A48C11
:102030001C00A88C2800A68C3400A98C4C00A58C10
:10204000C4858C8F98858CAF2B6043000500801170
:102050002B606200C4858C8F04000C7C1F48400BF1
:10206000C4858CAF060080112B608500C4858C8FE1
:1020700001000D240400AC7DC4858CAF2B6085006D
:10208000050080112B60A400C4858C8F44080C7C53
:102090002C48400BC4858CAF0600801198858C8F2E
:1020A000C4858C8F01000D244408AC7DC4858CAFA1
:1020B00098858C8FC4858D8F0900AC11CC838D934E
:1020C0000100AD25FF00AD31CC838DA31500AD2DF2
:1020D0000500A051CC8380A33A48400BC4858CAF47
:1020E000CC8380A3C4858CAFC4858C8F01008C31D8
:1020F00015008015000000000500401000000000E1
:102100001B006200F401400012100000BC8582AF89
:102110002100E010C485828FC01003004019030025
:1021200021184300801003002110620000190200F2
:10213000231062001B004700F401E0001238000089
:102140006548400B248487A705006010000000004C
:102150001B004300F401600012180000BC8583AF2F
:102160000D00E050C485828FC018020040110200AB
:1021700021106200801802002110430000190200A3
:10218000231062001B004700F401E0001238000039
:10219000248487A7C485828F020042301500401432
:1021A0000000000005008010000000001B00A400DB
:1021B000F4018000122000009C8284AF1D00C050FA
:1021C00023506A01C0100500402905002128450060
:1021D000801005002110A2000019020023106200E7
:1021E0001B004600F401C000123000008C48400B78
:1021F000F08486A70100A0549C8280AF0D00C050DF
:1022000023506A01C0100400402104002120440032
:1022100080100400211082000019020023106200C7
:102220001B004600F401C00012300000F08486A7B5
:1022300023506A01A9FD4229050040142A82839394
:1022400058024A2906004015248482972A828393E3
:10225000020002240400625423402801248482974F
:10226000168282A723402801A9FD022905004014F7
:102270002A8283935802082905000015F08482976A
:102280002A8283930200022402006214F08482975F
:10229000348382A74171400FEC818497029D113CE9
:1022A00021204000066D400F08C8258E2180400087
:1022B0004171400F16828497029D123C21204000FC
:1022C000066D400F0CC8458E21200002CF6A400FDA
:1022D000212840000871400F21204000218040004B
:1022E000168282A74171400F868484972120400086
:1022F000066D400F08C8258E218840004171400FAF
:102300003483849721204000066D400F0CC8458E11
:1023100021202002CF6A400F212840000871400F81
:1023200021204000348382A7EC8190A79F47400F73
:10233000868482A700A0023C840A448C0002822C7E
:102340000400401000FE8224848580A34C49400B89
:10235000218480A36000422C10004010A0FD822444
:102360004171400F00FE842421204000029D023C68
:10237000F96B400F10C8458C21204000CF6A400FF8
:10238000212800000871400F21204000848582A38D
:10239000010002244C49400B218482A35000422CAE
:1023A0001100401050FD82244171400FA0FD842493
:1023B00021204000029D023C066D400F14C8458C50
:1023C00021204000029D023CCF6A400F18C8458C76
:1023D0000871400F21204000848582A3020002245E
:1023E0004C49400B218482A37000422C1100401004
:1023F000E0FC82244171400F50FD842421204000E4
:10240000029D023CF96B400F1CC8458C2120400006
:10241000029D023CCF6A400F20C8458C0871400FD6
:1024200021204000848582A3030002244C49400BF4
:10243000218482A35001422C1100401090FB822481
:102440004171400FE0FC842421204000029D023CA9
:10245000F96B400F24C8458C21204000029D023CAE
:10246000CF6A400F28C8458C0871400F21204000DA
:10247000848582A3040002244C49400B218482A35A
:102480004002422C1100401050F982244171400F4B
:1024900090FB842421204000029D023CF96B400FF8
:1024A0002CC8458C21204000029D023CCF6A400F81
:1024B00030C8458C0871400F21204000848582A3DC
:1024C000050002244C49400B218482A37000422C59
:1024D00011004050200784284171400F50F9842496
:1024E00021204000029D023CF96B400F1CC8458C26
:1024F00021204000029D023CCF6A400F34C8458C29
:102500000871400F21204000848582A30600022428
:102510004C49400B218482A30600801400A0023C99
:102520003C000224848582A307000224218482A324
:1025300000A0023C880A448C0002822C0400401057
:1025400000FE8224208480A3CB49400BB18280A36B
:102550006000422C10004010A0FD82244171400F09
:1025600000FE842421204000029D023CF96B400FB4
:1025700010C8458C21204000CF6A400F2128000060
:102580000871400F21204000208482A30100022412
:10259000CB49400BB18282A35000422C1100401065
:1025A00050FD82244171400FA0FD84242120400071
:1025B000029D023C066D400F14C8458C212040004E
:1025C000029D023CCF6A400F18C8458C0871400F2D
:1025D00021204000208482A302000224CB49400B2A
:1025E000B18282A37000422C11004010E0FC8224D2
:1025F0004171400F50FD842421204000029D023C87
:10260000F96B400F1CC8458C21204000029D023C04
:10261000CF6A400F20C8458C0871400F2120400030
:10262000208482A303000224CB49400BB18282A301
:102630005001422C1100401090FB82244171400F48
:10264000E0FC842421204000029D023CF96B400FF5
:1026500024C8458C21204000029D023CCF6A400FD7
:1026600028C8458C0871400F21204000208482A397
:1026700004000224CB49400BB18282A34002422CC9
:102680001100401050F982244171400F90FB8424C6
:1026900021204000029D023CF96B400F2CC8458C64
:1026A00021204000029D023CCF6A400F30C8458C7B
:1026B0000871400F21204000208482A305000224DD
:1026C000CB49400BB18282A37000422C11004050D4
:1026D000200784284171400F50F9842421204000B4
:1026E000029D023CF96B400F1CC8458C2120400024
:1026F000029D023CCF6A400F34C8458C0871400FE0
:1027000021204000208482A306000224CB49400BF4
:10271000B18282A306008014B883828F3C00022419
:10272000208482A307000224B18282A3B883828F0F
:102730001F0040108083828F2C85828F1C004014E4
:102740008083828F988282830B0043280E0060145E
:10275000DD838393208483932A2043000600801422
:1027600001004224DD8380A3B88380AF988280A3D8
:10277000F749400BE48383A32014027C988282A350
:10278000F749400BE48382A31500642C14008050A9
:102790001C85828F010042242014027C988282A32F
:1027A000E48382A301006324F749400BDD8383A304
:1027B00005004014D084828FD085828F060040109F
:1027C00020848293D084828F0300401420848293DB
:1027D000F749400BE48380A3E48382A31C85828FA6
:1027E0001F0040100882828F2C85828F1C004014AD
:1027F0000882828F348582830B0043280E00601488
:1028000060848393848583932A2043000600801488
:1028100001004224608480A31C8580AF348580A39E
:10282000234A400BF48283A32014027C348582A3C4
:10283000234A400BF48282A31500642C14008050BC
:102840000882828F010042242014027C348582A3F6
:10285000F48282A301006324234A400B608483A393
:1028600005004014D084828F4084828F060040107F
:1028700084858293D084828F030040148485829360
:10288000234A400BF48280A3F48282A30882828FC1
:1028900005004014D085828F4084828F0A0040104A
:1028A0009C82828FD085828F05004054F48280A361
:1028B0008083828F040040109C82828FF48280A3E8
:1028C000E48380A39C82828F0300422C0800401086
:1028D00000A0023CBC85828F0300422C0400401003
:1028E00000A0023C9885828FC48582AF00A0023C84
:1028F0002409428C0700401484858293908380A32E
:10290000D08480AFB88380AF1C8580AF2C8580AF2A
:10291000848582930900401020848293C485828F2D
:10292000010042300500401420848293F482829397
:1029300023100200F48282A32084829306004010B8
:10294000C485828F0200423003004014E4838293E6
:1029500023100200E48382A31C00BF8F1800B28FF3
:102960001400B18F1000B08F0800E0032000BD27D5
:10297000E8FFBD271400BFAF1000B0AFA48582935D
:102980000800422C050340501400BF8FA485839398
:1029900080180300019D023CAC2942242110430011
:1029A0000000428C0800400000000000CC29019D7E
:1029B000142B019DD42B019DA82D019DCC2E019D92
:1029C0008C2F019D2831019D1435019D00A0103CE4
:1029D000A40A102655000392EC8483A300A0023CB5
:1029E000F10B4290608582A3088383A39B8382A31B
:1029F0003E6E400F01000424F881829301004224BE
:102A0000F88182A301000424A65C400F0100052484
:102A10005800028EED00432C040060145000422C3C
:102A2000010002249D4A400B268482A30700401027
:102A3000268483930100022409006214DC838293BC
:102A40003C8382A39F4A400B268480A3010002247A
:102A500003006214DC838293994A400B3C8382A377
:102A60003C8382A326848393010002240400621421
:102A7000EC848293DC8382933C8382A3EC848293F4
:102A8000FFFF4224FF0042302A00422C0400405441
:102A9000A88580AF0B20400F00000000A88580AF04
:102AA00000A0023C000B428C0102432C0F0060543A
:102AB0002801422CF103422C040040149C84828F94
:102AC0000A004224B54A400B9C8482AF0100422494
:102AD0009C8482AF9C84828F1500422C0A00401493
:102AE00014000224C24A400B9C8482AF06004010AE
:102AF0009C84828F04004010FFFF42240200401497
:102B00009C8482AF9C8480AF9C84828F664D400BF6
:102B10005C8282AF5C82828F0C8482A306000224D6
:102B2000308482AF1C000224F08182AFF88182934E
:102B300001004224F88182A301000424A65C400F16
:102B400002000524EC8483938018030000A0023C5B
:102B5000041B4224211862006085849380200400B5
:102B600000A0023C941A4224211082000000648CD0
:102B7000A357400F0000458C7370400F0000000009
:102B80005C8580AF3C83829300A0033C34186324AF
:102B90002118430000006390528783A300A0033CE8
:102BA000541863242110430000004290538782A3ED
:102BB0000002022488BF033C341062AC88BF033C8F
:102BC000641062AC88BF033C681062AC674D400B78
:102BD0001400BF8F22848393010002246F026214C9
:102BE0001400BF8F02000224228482A3A885828F52
:102BF0000100422457004010A88582AF0100032441
:102C000003004314FC83828F074B400BC48282AFC6
:102C1000C482838F21106200C48282AF9983839320
:102C200080100300002103002310820000A0043C58
:102C3000A40A842421104400EC848493010044A05D
:102C4000C482848F040044AC000043A08C84848F31
:102C5000080044AC3487828F040040547C8380AFEA
:102C600001006324998383A37C8380AFC48280AFF7
:102C700000A0023CF90A4290EC8482A399838293DB
:102C80000700422C2600401400A0033C998380A337
:102C90001084828F0F004224C40A638C2B184300D7
:102CA0000D00601400A0033CD00A638C2B18430075
:102CB0000900601400A0033CDC0A638C2B10430065
:102CC00005004014000000000B20400F0000000031
:102CD000684B400BFC8380AF3487828F0800401420
:102CE000F881829301004224F88182A30100042428
:102CF000A65C400F03000524684B400BFC8380AFAB
:102D0000FFFF4224F88182A301000424A65C400F47
:102D100001000524348780AF684B400BFC8380AFF3
:102D2000A88580AFF8818293FFFF4224F88182A3B7
:102D300001000424A65C400F010005243487838F22
:102D40000100022415006250348780AF684B400BAD
:102D5000FC8380AF00A0023CF90A4290EC8482A37D
:102D6000F8818293FFFF4224F88182A301000424AA
:102D7000A65C400F0100052401000224A885838F72
:102D800003006214FC83828F674B400BC48282AFC6
:102D9000C482838F21106200C48282AFFC8380AF23
:102DA000664D400B8C8480AF00A0103C9C0B10261D
:102DB00055000292608582A33E6E400F02000424FB
:102DC000F881829301004224F88182A30200042446
:102DD000A65C400F040005245800028EED00432C31
:102DE00004006014EC00422C010002248B4B400BC9
:102DF000BE8382A308004010DC838293BE8383934A
:102E00000100022404006214DC838293368482A3CE
:102E10008D4B400BBE8380A3368482A3BE838393F5
:102E2000010002240400621460858293DC83829393
:102E3000368482A360858293FFFF4224FF004230E4
:102E40001B00422C04004054A88580AF0B20400F8B
:102E500000000000A88580AF00A0023CF80B428C67
:102E60000102432C0F0060542801422CF103422C34
:102E700004004014E485828F0A004224A34B400BD7
:102E8000E48582AF01004224E48582AFE485828F2D
:102E90001500422C0A00401414000224B04B400BD1
:102EA000E48582AF06004010E485828F0400401064
:102EB000FFFF422402004014E48582AFE48580AF26
:102EC000E485828F664D400B5C8282AF5C82828F8C
:102ED0000C8482A306000224308482AF1C000224EA
:102EE000F08182AFF881829301004224F88182A3AD
:102EF00002000424A65C400F05000524EC848393A3
:102F00008018030000A0023C041B42242118620028
:102F1000608584938020040000A0023C941A42241F
:102F2000211082000000648CA357400F0000458CE4
:102F30007370400F000000005C8580AF3684829380
:102F400000A0033C34186324211843000000639060
:102F5000528783A300A0033C54186324211043002C
:102F600000004290538782A30002022488BF033CE2
:102F7000341062AC88BF033C641062AC88BF033C71
:102F8000681062AC674D400B1400BF8F228483939E
:102F900001000224810162141400BF8F0200022488
:102FA000228482A3A885828F01004224470040101A
:102FB000A88582AF0100032403004314FC83828FA1
:102FC000F64B400B7C8382AF008582AF7C83838F7E
:102FD000211062007C8382AF998382938018020063
:102FE000002102002318830000A0043C9C0B8424D1
:102FF0002118640060858593010065A07C83858F1E
:10300000040065AC000062A08C84858F080065AC6C
:1030100001004224FF004230998382A37C8380AF69
:10302000C48280AF550083900700422C1E004014DC
:10303000608583A3998380A31084828F0F0042242C
:1030400000A0033CBC0B638C2B1843000E006014E3
:1030500000A0033CC80B638C2B1843000B0060548A
:10306000F881829300A0033CD40B638C2B104300A7
:1030700006004014F88182930B20400F00000000EE
:10308000484C400BFC8380AFF881829301004224BE
:10309000F88182A302000424A65C400F06000524E8
:1030A000484C400BFC8380AFA88580AFF8818293A9
:1030B000FFFF4224F88182A302000424A65C400F93
:1030C00004000524484C400BFC8380AF00A0023C68
:1030D000F10B4290608582A3F8818293FFFF422426
:1030E000F88182A302000424A65C400F040005249A
:1030F00001000224A885838F04006214FC83828F60
:103100007C8382AF474C400BB48282AF7C83838F39
:10311000211862007C8383AF8C8582AFFC8380AFF3
:10312000664D400B8C8480AFC83F400F000000000C
:1031300000A0033CA40A6324550062901900639028
:103140000800621000A0033CC90A639005006210E9
:1031500000A0033CD50A639002006210FFFF022426
:103160000C8282A300A0033C9C0B63245500629058
:10317000190063900800621000A0033CC10B63902B
:103180000500621000A0033CCD0B639002006210AA
:10319000FFFF02240C8282A34945400F00A0103C8F
:1031A00018091026D245400F040002AE080002AEF6
:1031B00000A0033CA40A6324540064908028040007
:1031C0000021040023208500211883000100639062
:1031D000F88283AF00A0033C9C0B632454006490EE
:1031E000802804000021040023208500211883008A
:1031F00001006390508383AF0400038E748583AF16
:103200006C8282AFB88583A7928482A7F08283AF55
:10321000488582AFE88282931B0003240500431097
:10322000010003240400431000A0023CC241400FEF
:103230000000000000A0023CF40B438CC218030005
:1032400000A0023CFC0A428CC21002002110620065
:10325000F08382AF61858293F882848F23184400C3
:10326000FFFF65280500A014020065280400A05097
:103270002A000424AF4C400B618584A32A00042457
:1032800003004410010004240D004414E8828293DA
:1032900000A0023C2409428C09004010E88282937D
:1032A000C3170300261843002310620002004228BF
:1032B0000200401401000224748382A3E8828293F6
:1032C0005083848F23184400FFFF65280500A01455
:1032D000020065280400A0501B000424C84C400BC9
:1032E000E88284A31B00042403004410010004248A
:1032F0000B0044140000000000A0023C2409428C92
:1033000007004010C3170300261843002310620073
:10331000020042280200401401000224748382A3A8
:103320001843400F000000007C41400F00000000E7
:103330002582829301000324070043140200032422
:10334000D542400F000000003B41400F000000004C
:10335000E34C400B9484828F07004314000000006C
:10336000D542400F00000000A440400F00000000C4
:10337000E34C400B9484828FB941400F0000000061
:10338000A440400F000000009484828F130040543A
:103390007D8580A32A8282930600401401000324C5
:1033A000010002247D8582A38C82828FF74C400B22
:1033B000508482AF0A004314F082828F5084828F3F
:1033C0008C82838F231062001E00422C0400401464
:1033D000F082828F020002247D8582A3F082828F98
:1033E000388382AF4885828FE88582AF7483839368
:1033F000010002240C00621400A0023C9284829717
:10340000B8F64224FFFF4230C133422C090040107D
:10341000B8858297AF08432C060060141D62422CC9
:103420000400401000A0023C2409428C01004050DE
:10343000748380A3DD41400F00000000FB47400F74
:1034400000000000C0828393010002241700625430
:103450003584839300A0023CF10B4290FFFF42248D
:10346000FF0042301B00422C0E0040503D8380A3E1
:1034700000A0023CF90A42900A0040503D8380A31C
:103480002B00422C070040503D8380A3748382931D
:10349000040040543D8380A302000224C08282A322
:1034A0003D8380A3358483930100022407006210CA
:1034B0002183839305006210EC85839303006210DF
:1034C0002085839310006214A48582933D838293A8
:1034D00001004224FF004230010003240400431491
:1034E0003D8382A38C82828F414D400BB48582AF95
:1034F000C800422C030040140A0002243D8382A32A
:10350000748380A3A485829301004224664D400BFE
:10351000A48582A3F88180A3A48580A3C08280A310
:1035200000A0023C080A428C0102432C10006054A7
:103530002801422CF103422C04004014E085828FC4
:103540000A004224554D400BE08582AF0100422421
:10355000E08582AFE085828F1500422C0D0040147B
:10356000E085828F14000224644D400BE08582AF19
:1035700008004010E085828F070040505C8282AFD7
:10358000FFFF422402004014E08582AFE08580AF57
:10359000E085828F5C8282AF1400BF8F1000B08FF5
:1035A0000800E0031800BD27401804002118A300FC
:1035B0000019030000A0023C001042242110430027
:1035C00000004390C439037C000043A00600A0140F
:1035D0008020040000A0033C6011632421208300AC
:1035E0007E4D400B000082AC00A0033C1011632410
:1035F00021208300000082AC000043908431037CD2
:10360000000043A008004390010004248431837C1F
:10361000080043A00800E0030000000000A0023CF6
:103620000011422408004294FFFF42304000422C27
:10363000150040104000022400A0023C001142246A
:1036400008004294FF00423020878393FF006330DC
:103650000400601401000324208783A3A34D400BC2
:1036600000A0043C20878493FF00843001000324E1
:103670000600835400A0043C02000324208783A397
:10368000A34D400B00A0043C00A0043C0011842486
:103690000800839423186200FFFF6330080083A4AE
:1036A00000A0033C1011638CFF00453002006690BF
:1036B000020065A003006590FCFF06242428C500D5
:1036C000030065A000A0033C80106324D48683AF70
:1036D0000400838C010063300500601000000000CE
:1036E0001300401400A0053C0800E00300000000A7
:1036F000FDFF401000A0053CD486848F0011A38CF0
:1037000000006690000086A001008424D48684AF67
:10371000010063240011A3ACFFFF4224FF004230EC
:10372000F6FF4014D486848F0800E00300000000F8
:10373000D486848F0011A38C00006690000086A0C0
:1037400001008424D48684AF010063240011A3AC5B
:10375000FFFF4224FF004230F6FF4014D486848FDE
:103760000800E0030000000088BF023C7010438C9A
:103770008410037C701043ACFF00022488BF033C1C
:10378000205262AC88BF033C005262AC88BF023C4E
:10379000005340AC88BF023C105340AC88BF023C91
:1037A00020534324205340AC100060AC88BF023C3F
:1037B000E05240AC9F00022488BF033C305262AC10
:1037C00088BF033C105262AC88BF023C7050438CEF
:1037D0000F006330705043AC7050438C705043AC5A
:1037E00088BF023C8050438C010004240400837C89
:1037F000805043AC00A0023C0010422400E0427C18
:103800000226020088BF033CD05264AC02240200AE
:1038100088BF033CC05264AC0212020088BF033C64
:10382000705262AC2110000000A0053C0010A524DD
:1038300010000424C0180200211865002130000087
:1038400021380000000066AC040067AC010042248F
:10385000F9FF4414C018020088BF023C5052438C48
:10386000010004244408837C505243AC88BF033CCD
:10387000605260AC5052438C4429037C505243AC9C
:103880005052438C4408037C505243AC88BF023CE6
:103890000052428C080042301100401088BF043CA6
:1038A00088BF083C0800072400A0063C00A0053C97
:1038B000005207AD0011C224040040A07011A224E0
:1038C000040040A00400438C04BA037C040043AC11
:1038D0000052828C08004230F5FF401400000000C6
:1038E00001000224F08682AFFC8682AFDC8680AFC6
:1038F000E08680AF0C8780AF00A0023C601140AC36
:1039000000A0043C10118324040060AC6011422428
:10391000040040AC080060AC080040AC0C0060AC97
:103920000C0040AC00A0023C10104224101182ACEC
:103930000D00032488BF023C005343AC00A0023CAE
:10394000001043241487842700E0847C040064ACC6
:103950000010438C4000042404CC837C001043AC52
:1039600084000324001043A42C8780A3E48680AF46
:103970000800E00300000000E0FFBD271C00BFAF0F
:103980001800B1AF1400B0AFFF00B0300800023231
:1039900004004010FF009130212020026A4D400FAA
:1039A0002128000004000232050040500089110067
:1039B000212020026A4D400F0100052400891100DA
:1039C00088BF023C0053422421885100000030A2ED
:1039D0001C00BF8F1800B18F1400B08F0800E003E7
:1039E0002000BD27FF008430FF00A5300700A01095
:1039F000FF00E7308018040000A0023C10114224B0
:103A000021106200884E400B0000428C8018040098
:103A100000A0023C60114224211062000000428C90
:103A20003A00401000E0C37CFF00C630040048901C
:103A3000040046A0003A667C05004890050046A0B8
:103A4000003C667C06004890060046A0021E03006B
:103A500007004690070043A0FF00E73002004390B4
:103A6000020047A003004390FCFF06242418C30073
:103A7000030043A0000043900100469040006330E3
:103A8000FFFF6330FF00633000004690000043A05A
:103A900001004390010040A000004690FF00C630A6
:103AA00001004390FF006330001A030025186600F0
:103AB00080006334FF00663000004790000046A09D
:103AC000021A030001004690010043A00800A01064
:103AD0008020040000A0033C101163242120640016
:103AE00000008390080063380800E003000083A012
:103AF00000A0033C60116324212064000000839037
:103B0000080063380800E003000083A00800E00319
:103B100021100000FF00843026008014FF00A53033
:103B20000887828F0200439040000324020043A0D4
:103B300003004490FCFF032424188300030043A0E7
:103B40000887828F1487842700E0837CFF008430FD
:103B500004004590040044A0003A647C05004590B0
:103B6000050044A0003C647C06004590060044A08B
:103B7000021E030007004490070043A0000043908A
:103B80008CFF0324000043A001004390010040A0EB
:103B900000A0023C1011428C0000439084FF0324DB
:103BA000000043A001004390010040A00800E00392
:103BB00000000000402004002120A4000021040097
:103BC00000A0033C00106324211064000000469014
:103BD00001004590002A05002528A6008400A53490
:103BE000000045A0022A0500010045A00800842429
:103BF00021206400000083900100829000120200E6
:103C00002510430084004234000082A0021202000A
:103C10000800E003010082A0FF00843088BF023C5E
:103C20005052428C20004230640040102014047C2A
:103C300033004104801804007F00843080180400A1
:103C400000A0023C10114224211062000000428CAE
:103C50000000439080006330FF0063300B00605031
:103C600001000524000043900100459040006330AE
:103C7000FFFF6330FF00633000004590000043A069
:103C800001004390010040A021280000801804009A
:103C900000A0023C1011422421184300000066904D
:103CA0000800C638000066A00000628C0000449046
:103CB00080008430FF0084300B0080100000000082
:103CC0000100A52C00004490010046904000843083
:103CD000FFFF8430FF00843000004690000044A0C5
:103CE00001004490010040A03400A010000000003A
:103CF00000006290080042380800E003000062A063
:103D000000A0023C60114224211062000000428C9D
:103D10000000439080006330FF0063300B00605070
:103D200001000524000043900100459040006330ED
:103D3000FFFF6330FF00633000004590000043A0A8
:103D400001004390010040A02128000080180400D9
:103D500000A0023C6011422421184300000066903C
:103D60000800C638000066A00000628C0000449085
:103D700080008430FF0084300B00801000000000C1
:103D80000100A52C000044900100469040008430C2
:103D9000FFFF8430FF00843000004690000044A004
:103DA00001004490010040A00400A01000000000A9
:103DB0000000629008004238000062A00800E003A2
:103DC0000000000088BF023C505240AC88BF023C5B
:103DD000105240ACE48680AF0800E0030000000011
:103DE000E8FFBD271400BFAFE486828F3000401487
:103DF0001400BF8F88BF023C505240AC88BF023CC9
:103E0000105240AC88BF033CE05260AC9F000324DA
:103E100088BF043C305283AC105243AC88BF023C94
:103E20007050438C0F006330705043AC7050438C23
:103E3000705043AC88BF023C7010438C01000424D6
:103E40008410837C701043AC00FF033488BF023CB5
:103E5000041143AC0007032488BF023C081143ACA3
:103E60002A72400F000000006072400F0000000046
:103E700088BF023C5052428C01004230090040147D
:103E800088BF023C010004245052438C0400837C10
:103E9000505243AC5052438C01006330FAFF601023
:103EA0000000000001000224E48682AF1400BF8FEE
:103EB0000800E0031800BD27F086828F1800401428
:103EC00001000224F08682AFFC86828F1400401429
:103ED00001000224FC8682AFE8868393FF006330F2
:103EE000020002241000621400A0033C1011628C36
:103EF00002004490020040A003004590FCFF04240F
:103F00002420A400030044A01011628C0000439000
:103F1000C8FF0324000043A001004390010040A01B
:103F20000800E00300000000E8868393FF00633090
:103F3000010002243400621400000000048780AFF6
:103F40002487828F0200439040000824020048A08A
:103F500003004390FCFF072424186700030043A0DC
:103F60002487828F1487862700E0C37CFF00C63039
:103F700004004490040046A0003A657C050044908B
:103F8000050045A0003C647C06004990060044A062
:103F9000021E030007004990070043A0000049905B
:103FA00084FF0924000049A001004990010040A0BD
:103FB00001000224048782AF0887828F02004990A3
:103FC000020048A00300489024380701030047A0DE
:103FD0000887828F04004790040046A005004690A1
:103FE000050045A006004590060044A00700449047
:103FF000070043A00000439080FF0324000043A07B
:1040000001004390010040A00800E0030000000010
:10401000E8FFBD271400BFAFDC8680AFE08680AF2D
:10402000E8868393FF006330020002241F006214BD
:104030000887828F0200439040000324020043A0BF
:1040400003004490FCFF032424188300030043A0D2
:104050000887828F00A0043C8010842400E0837CC9
:10406000FF00843004004590040044A0003A647CC2
:1040700005004590050044A0003C647C0600459086
:10408000060044A0021E030007004490070043A05E
:1040900000004390C8FF0324000043A001004390A8
:1040A000010040A05250400B1400BF8F1A87839725
:1040B000FFFF633000A0023C00114224080042943C
:1040C000FFFF42302B10620006004010000000008D
:1040D0001A878397FFFF633000A0023C001142243F
:1040E000080043A4874D400F0000000000A0023CE0
:1040F0001011428C00A0043C8010842400E0837CDA
:10410000FF00843004004590040044A0003A647C21
:1041100005004590050044A0003C647C06004590E5
:10412000060044A0021E030007004490070043A0BD
:1041300000004390C8FF0324000043A00100439007
:10414000010040A01400BF8F0800E0031800BD2745
:1041500000E85D4100701B4002601A4058FFBD2717
:10416000A400BBAF00601B40A000BAAF00681A40BB
:104170009C00BBAF82D21A00847A5B7F44201B7CF8
:1041800000609B402C00A3AF2800A2AFA000A38F2B
:104190000F0063301A006014000000008C00BFAFF5
:1041A0008800BEAF8400B9AF8000B8AF7C00B7AF65
:1041B0007800B6AF7400B5AF7000B4AF6C00B3AFA9
:1041C0006800B2AF6400B1AF6000B0AF5C00AFAFE9
:1041D0005800AEAF5400ADAF5000ACAF4C00ABAF29
:1041E0004800AAAF4400A9AF4000A8AF3C00A7AF69
:1041F0003800A6AF3400A5AF3000A4AF2400A1AFB3
:10420000121000009400A2AF101800009000A3AF9D
:104210009486828F6400422C01004050948680AFC7
:10422000E486838F010002240F00621488BF023CE1
:10423000FF00032488BF023C005243AC88BF023C0D
:104240001052438C010004240400837C105243ACC0
:104250001052438C0421837C105243AC0200022490
:10426000E48682AF88BF023C0052428C200042307C
:104270001A00401088BF023C88BF023C1052428C9A
:10428000200042301500401088BF023C88BF113C1E
:1042900020001024005230AE0C8780AF740004243C
:1042A00021280000EA21400F2130000001000224F3
:1042B0004C8782AF88BF023C8050438C4408037C0B
:1042C000805043AC88BF023C1052438C4429037C8D
:1042D000105243AC005230AE88BF023C8050428C3A
:1042E000020042300700401088BF023C88BF023CF9
:1042F0004010438C8410037C401043AC7657400B35
:10430000000000000052428C0100423012004010B8
:1043100088BF023C88BF023C1052428C01004230F0
:104320000D00401088BF023CDA4D400F0000000035
:1043300088BF033C7010648C010002248410447C0C
:10434000701064AC04000324E48683AF88BF033C90
:10435000005262AC88BF023C0052428C10004230D6
:104360001500401088BF023C88BF023C1052428CAE
:10437000100042301000401088BF023C88BF033C50
:104380001052648C010002244429447C105264AC15
:1043900088BF113C10001024005230AE0C8782AF51
:1043A0007500042421280000EA21400F213000007C
:1043B000005230AE88BF023C0052428C04004230B2
:1043C0000E00401088BF023C88BF023C1052428C55
:1043D000040042300600401004000324730004244B
:1043E00021280000EA21400F0100062404000324D4
:1043F00088BF023C005243AC88BF023C0052428C52
:10440000800042302C00401088BF023C88BF023C34
:104410001052428C800042302700401088BF023C7E
:1044200088BF023C0053428C020042301E00401004
:104430002487828F00004390FF0063300100449086
:10444000FF00843000220400252083008000032424
:104450001200835488BF023C00A0033C1011638CFF
:1044600000006590FF00A53001006490FF008430DB
:1044700000220400252085008400032407008354C3
:1044800088BF023C000043908CFF0324000043A03F
:1044900001004390010040A088BF023C0053438CC0
:1044A0004408037C005343AC8000032488BF023CD3
:1044B000005243AC88BF023C0052428C02004230A2
:1044C0000F00401088BF023C1052428C0200423064
:1044D0000B00401000000000FFFF04242128000012
:1044E000EA21400F01000624FF00032488BF023C9C
:1044F000205243AC0200032488BF023C005243AC6C
:10450000E486828F0400422C0700401088BF023CE2
:1045100088BF023C4010438C8410037C401043ACA5
:104520007657400B000000001052428C08004230C9
:104530002606401088BF023C88BF023C0052428CD5
:104540000800423009004054040011247357400B06
:1045500088BF023C0052428C080042300E0040549A
:1045600088BF023C7357400B88BF023C88BF143C95
:10457000080012242198400200A0163C8010D52685
:1045800000E0B77E003AE27E1800A2AF00A01E3C19
:104590000010DE2788BF023C4052428CFF004230B0
:1045A000388782A3388782930019427CE98682A3E8
:1045B000005293AE3887829308004230FF004230A9
:1045C0000D00401400000000E9868293FF00423095
:1045D000EC868327211062000000449001008430A3
:1045E00001008438000043900400837C000043A055
:1045F0008951400B00000000E9868293FF004230A1
:104600001C87832721106200000044900100843041
:1046100001008438000043900400837C000043A024
:10462000E9868293E9868293FF004230D4054014E4
:104630000000000038878293FB004230640540147C
:1046400000000000388783938028637CC01003003B
:104650002110C203248782AF088782AF0800443844
:10466000088784A3000045903C00A5303400042452
:10467000A404A41400000000212800001487892746
:1046800000A0083C04004A90FF004A310500479012
:10469000FF00E730003A07002538EA0006004490A2
:1046A000FF00843000240400252087000700469086
:1046B000003606002530C400212025012530C80021
:1046C0000000C690000086A004004A90FF004A3116
:1046D00005004790FF00E730003A07002538EA0060
:1046E00006004690FF00C630003406002530C700A3
:1046F0000700449000260400252086000100842441
:10470000FF00863004004790040046A0003A867CF3
:1047100005004790050046A0003C867C06004790B7
:10472000060046A00226040007004690070044A0A9
:104730000100A524D3FFB2140000000014878527D0
:1047400000E0A27CC018030021187E00040062ACC7
:10475000208780A3488780AFDC8680AFE08680AF6B
:10476000048780AFE88680A300A0023C1011438C30
:1047700000006490FF00843001006690FF00C630A6
:10478000003206002530C4007FFF04242430C4001A
:10479000FF00C73000006890000067A002320600EA
:1047A00001006790010066A0101143900800633873
:1047B000101143A01011438C00006790FF00E730F8
:1047C00001006690FF00C630003206002530C700A9
:1047D0002430C400FF00C73000006890000067A0CC
:1047E0000232060001006790010066A0101143909C
:1047F00008006338101143A00887828F000046909C
:10480000FF00C63001004390FF006330001A030030
:104810002518660024206400FF00833000004690C5
:10482000000043A00222040001004390010044A0C4
:1048300000A0023C00114224040040A0080040A453
:1048400000A0023C70114224040040A00400438CEC
:1048500004BA037C040043AC0000A2906000423024
:10486000AB0340540300042415878293FF004230B9
:104870000C00432CA60360500300042480100200A7
:10488000019D033C98486324211062000000428C83
:1048900008004000000000007051019DB852019DC9
:1048A0000C57019DB852019D0C57019DC848019DB0
:1048B000EC48019DFC56019D3851019D4450019DDD
:1048C0007C56019DC056019D00A0023C001142246F
:1048D0000400438C01000424C439837C040043ACED
:1048E000E48693AFC455400B0300042414878393DC
:1048F000FF00633080000224850362140300042457
:10490000C0FF032400A0023C00114224040043A085
:1049100017878293FF004230020003240D004310EA
:10492000030003242500431001000324C1014314A4
:1049300000A0023C029D033C249F6324001143AC71
:104940000011422412000324080043A4C455400B64
:104950000300042416878293FF00423005004010B4
:1049600000A0023C00114224040040A0C455400BAA
:104970000300042416878393FF006330801803002C
:10498000029D023C60A24224211062000000438C80
:1049900000A0023C001143AC0011438C0200649063
:1049A00000114324080064A00011428C03004290CF
:1049B000090062A0C455400B030004241A878397A2
:1049C000FFFF6330FF000224040062140100022490
:1049D000F48682AF7852400B00000000F48680AF6E
:1049E00016878293FF0042300300422C1E004010C5
:1049F0000000000016878393FF00633080180300D7
:104A0000029D023C64A24224211062000000438CFB
:104A100000A0023C001143AC0011438C00006390E5
:104A200000114224080043A41A878397FFFF6330D4
:104A3000FE0002240400621402000224008782A304
:104A4000C455400B0300042400878293FF004230CA
:104A50002F0340540300042401000224008782A392
:104A6000C455400B0300042416878393FF00633072
:104A70000300022427006214009D023C005F4324CF
:104A80006C8483AF005F428CCC8682AFCC86838FF0
:104A9000FFFF023415006254029D023C40878227CA
:104AA00006000324000043A003000324418783A3DE
:104AB000CC86838F428783A3CC86838F021A030020
:104AC000438783A3CC86838F021C0300448783A380
:104AD000CC86838F021E0300458783A300A0033C7E
:104AE000001162ACBF52400B00A0023C70A2438C8C
:104AF00000A0023C001143AC00A0023C0011438C1A
:104B00000000639000114224080043A4C455400BE8
:104B10000300042416878393FF00633004000224FB
:104B20000A006214029D023C74A2438C00A0023C65
:104B3000001143AC0011438C00006390001142242B
:104B4000080043A4C455400B030004241687839334
:104B5000FF006330050002240A006214029D023C3B
:104B600078A2438C00A0023C001143AC0011438C9E
:104B70000000639000114224080043A4C455400B78
:104B80000300042416878393FF006330620002242D
:104B90000A006214029D023C7CA2438C00A0023CED
:104BA000001143AC0011438C0000639000114224BB
:104BB000080043A4C455400B0300042416878393C4
:104BC000FF006330640002240C006214029D023C6A
:104BD00080A2438C00A0023C001143AC0011438C26
:104BE0000000639000114224080043A40100022445
:104BF000F88682AFC455400B0300042416878393C4
:104C0000FF006330650002240A006214029D023C2A
:104C100084A2438C00A0023C001143AC0011438CE1
:104C20000000639000114224080043A4C455400BC7
:104C30000300042416878393FF0063306600022478
:104C40000A006214029D023C88A2438C00A0023C30
:104C5000001143AC0011438C00006390001142240A
:104C6000080043A4C455400B030004241687839313
:104C7000FF0063306D0002240A006214029D023CB2
:104C80008CA2438C00A0023C001143AC0011438C69
:104C90000000639000114224080043A4C455400B57
:104CA0000300042416878393FF0063306E00022400
:104CB0000A006214029D023C90A2438C00A0023CB8
:104CC000001143AC0011438C00006390001142249A
:104CD000080043A4C455400B0300042416878393A3
:104CE000FF0063306F0002240A006214029D023C40
:104CF00094A2438C00A0023C001143AC0011438CF1
:104D00000000639000114224080043A4C455400BE6
:104D10000300042416878393FF0063307900022484
:104D20000A006214029D023C98A2438C00A0023C3F
:104D3000001143AC0011438C000063900011422429
:104D4000080043A4C455400B030004241687839332
:104D5000FF0063307A0002240A006214029D023CC4
:104D60009CA2438C00A0023C001143AC0011438C78
:104D70000000639000114224080043A4C455400B76
:104D80000300042416878393FF0063307B00022412
:104D90000C006214029D023CA0A2438C00A0023CC5
:104DA000001143AC0011438C0000639000114224B9
:104DB000080043A401000224D08682AFC455400BF2
:104DC0000300042416878393FF0063307C000224D1
:104DD0000B006214029D023CA4A2438C00A0023C82
:104DE000001143AC0011438C000063900011422479
:104DF000080043A4D08680AFC455400B03000424B0
:104E000016878393FF006330830002240A00621434
:104E1000029D023CA8A2438C00A0023C001143ACBE
:104E20000011438C0000639000114224080043A449
:104E3000C455400B0300042416878393FF0063309E
:104E4000A80002240A006214029D023CACA2438C1A
:104E500000A0023C001143AC0011438C00006390A1
:104E600000114224080043A4C455400B030004244D
:104E700016878393FF006330140002240A00621433
:104E8000029D023CB0A2438C00A0023C001143AC46
:104E90000011438C0000639000114224080043A4D9
:104EA000C355400B548580AF16878393FF00633052
:104EB000150002240B006214029D023CB4A2438C34
:104EC00000A0023C001143AC0011438C0000639031
:104ED00000114224080043A401000224C355400BE2
:104EE000548582AF16878393FF0063301600022437
:104EF0000B006214029D023CB8A2438C00A0023C4D
:104F0000001143AC0011438C000063900011422457
:104F1000080043A402000224C355400B548582AF0D
:104F200016878393FF006330170002240B0062147E
:104F3000029D023CBCA2438C00A0023C001143AC89
:104F40000011438C0000639000114224080043A428
:104F500003000224C355400B548582AF1687839308
:104F6000FF006330180002240B006214029D023C13
:104F7000C0A2438C00A0023C001143AC0011438C42
:104F80000000639000114224080043A4040002249E
:104F9000C355400B548582AF16878393FF0063305F
:104FA000190002240B006214029D023CC4A2438C2F
:104FB00000A0023C001143AC0011438C0000639040
:104FC00000114224080043A405000224C355400BED
:104FD000548582AF16878393FF006330C800022494
:104FE0001000621400A0023C88BF023C8050438C39
:104FF0000400037C805043AC019D103CCF6B400FFC
:1050000000E0043600E00436D96B400F121205248C
:10501000C0BF023C09F8400000000000C455400B2E
:105020000300042400114224040040A0C455400B96
:105030000300042400114224040040A0C455400B86
:105040000300042416878293FF0042300200422CA2
:10505000AF0140100300042400A0023C00114224D0
:105060000400438C01000424C439837C040043AC55
:1050700088BF023C105340AC88BF023C20534324FD
:10508000205340AC100060AC21100000100004243C
:10509000C018020021187E002130000021380000D5
:1050A000000066AC040067AC01004224F9FF441420
:1050B000C018020088BF023C5052438C01000424F7
:1050C0004408837C505243AC3C8780A35052438CAD
:1050D0004408037C505243AC00A0033C10106324EE
:1050E00000A0023C101143AC24879EAF08879EAFFE
:1050F00016878293FF0042302C8782A32C878293ED
:10510000FF0042300400401410000224E48682AF05
:10511000C455400B03000424010004242C87852778
:10512000EA21400F0100062420000224E48682AF19
:10513000C455400B0300042400A0023C2C878327A5
:10514000001143AC001142240400448C01000324EC
:105150000400647C040044AC080043A00400448CB8
:10516000C439647C040044ACC455400B03000424DF
:105170008010C0A20100A0A21487828F1F004230BD
:105180000100032414004310020003241A004350BA
:1051900000A0023C3900401400A0023C00A0033CE7
:1051A000001163240400648C01000224C439447C8F
:1051B000040064AC3087838F3000625400A0023C4E
:1051C0008010C292FF004230020042348010C2A21E
:1051D0009F54400B00A0023C00A0023C001142245E
:1051E0000400438C01000424C439837C040043ACD4
:1051F0009F54400B00A0023C001142240400438C49
:1052000001000424C439837C040043AC18878293D2
:1052100080004230FF0042300900401400000000CE
:105220001887838F0F0063308018030000A0023CB2
:1052300060114224211062009754400B0000428C00
:105240001887838F0F0063308018030000A0023C92
:1052500010114224211062000000428C0000439093
:1052600084006330840002240400621400A0023C25
:10527000010002248010C2A200A0023C00114224BE
:105280000400428C800042302001401000A0023C0B
:10529000001155AC001142240400438C0100042489
:1052A0000400837C040043AC02000324080043A0F4
:1052B000C455400B0300042416878393FF0063301A
:1052C000010002241300621400000000148782937E
:1052D0001F0042300F00401400A0023C0011422485
:1052E0000400438C01000424C439837C040043ACD3
:1052F00015878393FF0063300300022404006214C7
:1053000001000224308782AFC554400B000000002A
:10531000308780AF16878293FF004230FC00401434
:1053200003000424148783931F00633002000224C7
:10533000F800621421280000188782930F00423081
:10534000F4004010000000001887828F0F004230E8
:1053500004004228EF00401000000000E486838F24
:1053600020000224EB00621400A0023C0011422441
:105370000400438C01000424C439837C040043AC42
:105380001887829380004230FF0042300A004014A8
:10539000000000001887838F0F006330801803001F
:1053A00000A0023C60114224211062000000428CE7
:1053B000F654400B1000A2AF1887838F0F006330A4
:1053C0008018030000A0023C10114224211062004A
:1053D0000000428C1000A2AF1000A293F7004230F0
:1053E0001000A2A31887829380004230FF00423051
:1053F0000A004014000000001887838F0F006330FC
:105400008018030000A0023C6011422421106200B9
:105410001000A38F0F55400B000043AC1887838FFB
:105420000F0063308018030000A0023C10114224DA
:10543000211062001000A38F000043AC15878393F6
:10544000FF00633003000224280062141000A293BE
:105450001000A28F0000429080004230FF004230D6
:10546000190040101000A28F1887829380004230EC
:10547000FF0042300B004014000000001887828FAC
:105480000F004230EC868327211062000000439019
:10549000010004244408837C000043A03255400BE3
:1054A0001000A28F1887828F0F0042301C8783273D
:1054B0002110620000004390010004244408837C12
:1054C000000043A01000A28F000044900100439010
:1054D000001A03002518640084006334000043A010
:1054E000021A0300C355400B010043A008004238D4
:1054F0001000A2A31000A28F000043908000633030
:10550000FF006330170060100000449001004390DA
:10551000001A0300251864007FFF6330000043A0D9
:10552000021A0300010043A01000A28F0000449063
:1055300001004390001A0300251864004000633402
:10554000000043A0021A0300010043A00500042448
:105550001000A58FEA21400F040006246155400B7E
:105560001000A29301004390001A03002518640064
:1055700040006334000043A0021A0300010043A06E
:105580001000A293080042381000A2A31000A28FBE
:105590000000439080006330FF00633025006050BE
:1055A000000044901887829380004230FF00423010
:1055B0000A004014000000001887828F0F0042305C
:1055C000EC86832721106200000043904408037C8E
:1055D000000043A07F55400B1000A28F1887828FD8
:1055E0000F0042301C878327211062000000439087
:1055F0004408037C000043A01000A28F00004490E8
:1056000001004390001A0300251864003BFF63303B
:10561000000043A0021A0300010043A00500042477
:105620001000A58FEA21400F040006249455400B7A
:105630000000000001004390001A030025186400D8
:105640003BFF6330000043A0021A0300010043A0A7
:105650001887838F0F0063300019030088BF023C56
:1056600000534224211043000000448CFDFF03241A
:1056700024188300C355400B000043AC1887829365
:10568000FF0042303C8783272118620000A0023CC3
:10569000001143AC001142240400448C0100032497
:1056A0000400647C040044AC080043A00400448C63
:1056B000C439647C040044ACC455400B030004248A
:1056C00000A0023C001142240400438C0100042489
:1056D000C439837C040043AC18878293FF004230B6
:1056E00016878393FF0063303C8784272110820054
:1056F000000043A0C455400B03000424020004240E
:1057000021280000EA21400F21300000030004247A
:1057100021280000EA21400F2130000088BF023C10
:105720005052438C4429037C505243AC00A0023CAD
:10573000001142240400428C8000423036004014A4
:1057400000A0023C701142240400429080004230CC
:10575000FF0042300B00401002000224E88682A3C2
:10576000E086828F03004014000000000450400FC8
:1057700000000000FC8680AFF08680AF6F57400BC2
:10578000FFFF31260887828F0200439040000324E8
:10579000020043A003004490FCFF0324241883006C
:1057A000030043A00887828F1487842700E0837C4E
:1057B000FF00843004004590040044A0003A647C5B
:1057C00005004590050044A0003C647C060045901F
:1057D000060044A0021E030007004490070043A0F7
:1057E000000043908CFF0324000043A0010043907D
:1057F000010040A000A0023C1011428C0000439028
:1058000084FF0324000043A001004390010040A056
:105810006F57400BFFFF3126148782938000423080
:10582000FF00423011004010020002240100022457
:10583000E88682A3DC86828F03004014000000000B
:105840000450400F00000000FC8680AFF08680AF5F
:105850004887828F59014014FFFF3126AE4F400F19
:10586000000000007057400BFF003132E88682A331
:105870000887828F0200439040000324020043A067
:1058800003004490FCFF032424188300030043A07A
:105890000887828F1487842700E0837CFF00843090
:1058A00004004590040044A0003A647C0500459043
:1058B000050044A0003C647C06004590060044A01E
:1058C000021E030007004490070043A0000043901D
:1058D00084FF0324000043A001004390010040A086
:1058E000FC8680AFF08680AF4887828F33014014FA
:1058F000FFFF3126AE4F400F000000007057400BF5
:10590000FF003132E8868493FF00843002000224D5
:105910008B008214C018030021187E000000668CE2
:10592000003CC67C00A0023C701142240400428C62
:10593000007A427C2B1046000500401000A0023C7B
:10594000701142240400468C003AC67C00A0023C40
:10595000701142240400448C007A847C2320860049
:10596000FFFF84300400438C04BA837C040043AC02
:105970000D00C0102110000000A0043C7011838CA9
:10598000212855000000A590000065A001006324B7
:10599000701183AC01004224FF0043302B186600D5
:1059A000F6FF60140000000000A0023C70114224C9
:1059B0000400428C007A427C290040100887828FC4
:1059C0000200439040000324020043A003004490DF
:1059D000FCFF032424188300030043A00887828F60
:1059E000FF00A33204004490040043A0050043904C
:1059F0001800A78F050047A0003CE37E06004490F6
:105A0000060043A0021E170007004490070043A0B1
:105A10002487838F0000639040006330FF00633071
:105A2000080060140000000000004390C8FF032439
:105A3000000043A001004390010040A06F57400BBD
:105A4000FFFF31260000439088FF0324000043A09D
:105A500001004390010040A06F57400BFFFF31262B
:105A60000200439040000324020043A0030044903E
:105A7000FCFF032424188300030043A00887828FBF
:105A80001487842700E0837CFF0084300400459065
:105A9000040044A0003A647C05004590050044A041
:105AA000003C647C06004590060044A0021E0300F2
:105AB00007004490070043A00000439084FF0324A4
:105AC000000043A001004390010040A000A0023C60
:105AD000701142240400438C021E03000800428C13
:105AE00000120200251043000900401000A0033CF2
:105AF000701163240400648C022604000800628C88
:105B0000001202002510440009F8400000000000C7
:105B100000A0023C701142240400438CC439037C71
:105B2000040043AC4887828FA4004014FFFF312655
:105B3000AE4F400F000000007057400BFF003132A5
:105B4000E88680A30487828F1E0040140887828F16
:105B50000200439040000324020043A0030044904D
:105B6000FCFF032424188300030043A00887828FCE
:105B70001487842700E0837CFF0084300400459074
:105B8000040044A0003A647C05004590050044A050
:105B9000003C647C06004590060044A0021E030001
:105BA00007004490070043A0000043908CFF0324AB
:105BB000000043A001004390010040A06F57400B3C
:105BC000FFFF3126048780AF6F57400BFFFF312660
:105BD00038878293FB00423078005254FFFF312611
:105BE00000A0023C1011438C000070908001107ED8
:105BF0001011439008006338101143A0E486828F8F
:105C00000D0052140000000016878393FF006330DC
:105C100088BF023C605243AC6052428C0500401089
:105C20000400022410000224E48682AF0E57400BC9
:105C300000000000E48682AFE8868393FF006330B3
:105C4000010002243000621400A0023C00A0023CCB
:105C50001011428CFF00A33204004490040043A0C2
:105C6000050043901800A38F050043A0003CE37E8D
:105C700006004490060043A0021E1700070044904F
:105C8000070043A0874D400F00000000208783934A
:105C9000FF006330020002240900621400A0023CED
:105CA0001011428C0000439084FF0324000043A0A5
:105CB00001004390010040A06F57400BFFFF3126C9
:105CC0000A0000161011428C00A0023C1011428CF8
:105CD00000004390C8FF0324000043A0010043904C
:105CE000010040A06F57400BFFFF3126000043909A
:105CF00088FF0324000043A001004390010040A05E
:105D00006F57400BFFFF3126701142240400429070
:105D100080004230FF0042301600401000A0023CDC
:105D2000701142240400438C021E03000800428CC0
:105D300000120200251043000900401000A0033C9F
:105D4000701163240400648C022604000800628C35
:105D5000001202002510440009F840000000000075
:105D600000A0023C701142240400438CC439037C1F
:105D7000040043ACE88680A36F57400BFFFF312639
:105D80003887829308004230FF00423005004010FF
:105D900000000000E98682937F0042308000423498
:105DA000E98682A3E98686937200042438878527D2
:105DB000EA21400FFF00C630FFFF3126FF003132DD
:105DC000E4F9201688BF023C88BF023C4010438C97
:105DD0008410037C401043AC9400A28F1300400059
:105DE0009000A38FA000A28F0F0042301C0040142F
:105DF000110060008C00BF8F8800BE8F8400B98FB7
:105E00008000B88F7C00B78F7800B68F7400B58F94
:105E10007000B48F6C00B38F6800B28F6400B18FD4
:105E20006000B08F5C00AF8F5800AE8F5400AD8F14
:105E30005000AC8F4C00AB8F4800AA8F4400A98F54
:105E40004000A88F3C00A78F3800A68F3400A58F94
:105E50003000A48F2C00A38F2800A28F2400A18FD4
:105E600000606041C0000000A400BA8F9C00BB8F9E
:105E700000709A40A000BA8FA800BD2702609A4027
:105E800000E8DD4100609B401800004288BF023CF2
:105E90002061438C488483AF88BF023C2063428CDE
:105EA00002320400C418C37CC2310400C47BC37C2A
:105EB000823104008473C37C42310400446BC37C90
:105EC000023104000463C37CC2300400C45AC37CA2
:105ED000823004008452C37C42300400444AC37CB4
:105EE0000442837C488483AF822105008431827C14
:105EF000422105004429827C022105000421827C84
:105F0000C2200500C418827C822005008410827C97
:105F1000422005004408827C0400A27CF48382AF06
:105F200088BF043C306183AC88BF033C306362AC03
:105F30000800E0030000000000A0093C6C1A2925BD
:105F400001000B242130000000A00E3C2C1DCE25AA
:105F50000500082400A00D3C58808C2748808A2723
:105F600008000724EF57400B07000F240600C81055
:105F7000212042010000258D000084902120A400F2
:105F8000E857400B000064A06C1AA4251400858C0F
:105F900021208201000084902120A400000064A040
:105FA00001004224F1FF4714010063240100C624CC
:105FB00008006B250400CF10040029252118CB010F
:105FC000DB57400B211000000800E0030000000038
:105FD00000A0093C801A29250C002D9101000B24FA
:105FE0002130000000A00E3C581DCE2503000824DF
:105FF00060808C2750808A27080007241358400BA4
:1060000005000F240600C810212042010000258D44
:10601000000084902120A4000C58400B000064A0D4
:1060200021208201000084902120A401000064A0AE
:1060300001004224F3FF4714010063240100C62439
:1060400008006B250400CF10040029252118CB017E
:106050000158400B211000000800E0030000000080
:106060007F00032488BF023C386343ACEC848393F5
:1060700000A0023C2C1D422421106200000042902E
:1060800088BF033C2061638CC22102008431837C81
:1060900042210200C439837C022102000442837C35
:1060A000C2200200444A837C822002000400837CD8
:1060B000422002004408837C8410437C488483AFE0
:1060C00088BF023C306143AC0800E00300000000E0
:1060D00008FF033488BF023C386143AC608583937A
:1060E00000A0023C581D4224211062000000429092
:1060F00088BF033C2063638C82210200C418837C28
:10610000422102008410837C022102004408837C27
:10611000C22002000400837C82200200C47B837CB6
:10612000422002008473837C446B437CF48383AFFE
:1061300088BF023C306343AC0800E003000000006D
:10614000EC8482932B00422C39004010EC84839322
:1061500080180300019D023C6C6142242110430021
:106160000000428C08004000000000001862019D01
:106170003862019D7462019DA862019DE462019DE7
:106180002063019D5C63019D9063019DCC63019D33
:106190000864019D4464019D8064019DB464019D77
:1061A000F064019D2C65019D6065019D9C65019DCC
:1061B000D865019D1466019D5066019D8466019D10
:1061C000C066019DFC66019D3067019D6C67019D65
:1061D000A867019DE467019D2068019D5468019DA9
:1061E0009068019DCC68019D0069019D3C69019DFD
:1061F0007869019DB469019DF069019D246A019D42
:10620000606A019D9C6A019DD06A019D0C6B019D95
:10621000486B019D846B019D7F00032488BF023C75
:10622000386343AC08FF033488BF023C386143AC99
:106230000800E003000000007F00032488BF023C48
:10624000386343AC88BF023C00080324346143AC8C
:1062500088BF033C08F00434386164AC00050424B2
:10626000386164AC00020324346143AC0800E003ED
:10627000000000007F00032488BF023C386343AC69
:106280000008032488BF023C346143AC88BF023C51
:1062900008F00334386143AC00070324386143AC91
:1062A0000800E003000000007F00032488BF023CD8
:1062B000386343AC88BF023C00080324346143AC1C
:1062C00088BF033C08F00434386164AC0006042441
:1062D000386164AC00010324346143AC0800E0037E
:1062E000000000007F00032488BF023C386343ACF9
:1062F00088BF023C00080324346143AC88BF033CE0
:1063000008F00434386164AC00040424386164ACDF
:1063100000030324346143AC0800E00300000000E4
:106320007F00032488BF023C386343AC88BF023C33
:1063300000080324346143AC88BF033C08F00434F4
:10634000386164AC00030424386164AC00040324A5
:10635000346143AC0800E003000000007F00032428
:1063600088BF023C386343AC88BF023C000803246A
:10637000346143AC08F0043488BF033C386164AC3A
:1063800000070324346143AC0800E0030000000070
:106390007F00032488BF023C386343AC88BF023CC3
:1063A00000080324346143AC88BF033C08F0043484
:1063B000386164AC00010424386164AC0006032435
:1063C000346143AC0800E003000000007F000324B8
:1063D00088BF023C386343AC88BF023C00080324FA
:1063E000346143AC88BF033C08F00434386164ACCA
:1063F00000020424386164AC00050324346143AC1A
:106400000800E003000000007F00032488BF023C76
:10641000386343AC88BF023C00100324346143ACB2
:1064200088BF033C08E80434386164AC00040424E9
:10643000386164AC00030324346143AC0800E0031A
:10644000000000007F00032488BF023C386343AC97
:1064500088BF023C00100324346143AC88BF033C76
:1064600008E80434386164AC00060424386164AC84
:1064700000010324346143AC0800E0030000000085
:106480007F00032488BF023C386343AC0010032420
:1064900088BF023C346143AC88BF023C08E8033447
:1064A000386143AC00070324386143AC0800E003C3
:1064B000000000007F00032488BF023C386343AC27
:1064C00088BF023C00100324346143AC88BF033C06
:1064D00008E80434386164AC00050424386164AC15
:1064E00000020324346143AC0800E0030000000014
:1064F0007F00032488BF023C386343AC88BF023C62
:1065000000100324346143AC88BF033C08E8043422
:10651000386164AC00030424386164AC00040324D3
:10652000346143AC0800E003000000007F00032456
:1065300088BF023C386343AC88BF023C0010032490
:10654000346143AC08E8043488BF033C386164AC70
:1065500000070324346143AC0800E003000000009E
:106560007F00032488BF023C386343AC88BF023CF1
:1065700000100324346143AC88BF033C08E80434B2
:10658000386164AC00010424386164AC0006032463
:10659000346143AC0800E003000000007F000324E6
:1065A00088BF023C386343AC88BF023C0010032420
:1065B000346143AC88BF033C08E80434386164AC00
:1065C00000020424386164AC00050324346143AC48
:1065D0000800E003000000007F00032488BF023CA5
:1065E000386343AC88BF023C00200324346143ACD1
:1065F00088BF033C08D80434386164AC0004042428
:10660000386164AC00030324346143AC0800E00348
:10661000000000007F00032488BF023C386343ACC5
:1066200088BF023C00200324346143AC88BF033C94
:1066300008D80434386164AC00060424386164ACC2
:1066400000010324346143AC0800E00300000000B3
:106650007F00032488BF023C386343AC002003243E
:1066600088BF023C346143AC88BF023C08D8033485
:10667000386143AC00070324386143AC0800E003F1
:10668000000000007F00032488BF023C386343AC55
:1066900088BF023C00200324346143AC88BF033C24
:1066A00008D80434386164AC00050424386164AC53
:1066B00000020324346143AC0800E0030000000042
:1066C0007F00032488BF023C386343AC88BF023C90
:1066D00000200324346143AC88BF033C08D8043451
:1066E000386164AC00030424386164AC0004032402
:1066F000346143AC0800E003000000007F00032485
:1067000088BF023C386343AC88BF023C00200324AE
:10671000346143AC08D8043488BF033C386164ACAE
:1067200000070324346143AC0800E00300000000CC
:106730007F00032488BF023C386343AC88BF023C1F
:1067400000200324346143AC88BF033C08D80434E0
:10675000386164AC00010424386164AC0006032491
:10676000346143AC0800E003000000007F00032414
:1067700088BF023C386343AC88BF023C002003243E
:10678000346143AC88BF033C08D80434386164AC3E
:1067900000020424386164AC00050324346143AC76
:1067A0000800E003000000007F00032488BF023CD3
:1067B000386343AC88BF023C00400324346143ACDF
:1067C00088BF033C08B80434386164AC0004042476
:1067D000386164AC00030324346143AC0800E00377
:1067E000000000007F00032488BF023C386343ACF4
:1067F00088BF023C00400324346143AC88BF033CA3
:1068000008B80434386164AC00060424386164AC10
:1068100000010324346143AC0800E00300000000E1
:106820007F00032488BF023C386343AC004003244C
:1068300088BF023C346143AC88BF023C08B80334D3
:10684000386143AC00070324386143AC0800E0031F
:10685000000000007F00032488BF023C386343AC83
:1068600088BF023C00400324346143AC88BF033C32
:1068700008B80434386164AC00050424386164ACA1
:1068800000020324346143AC0800E0030000000070
:106890007F00032488BF023C386343AC88BF023CBE
:1068A00000400324346143AC88BF033C08B804347F
:1068B000386164AC00030424386164AC0004032430
:1068C000346143AC0800E003000000007F000324B3
:1068D00088BF023C386343AC88BF023C00400324BD
:1068E000346143AC08B8043488BF033C386164ACFD
:1068F00000070324346143AC0800E00300000000FB
:106900007F00032488BF023C386343AC88BF023C4D
:1069100000400324346143AC88BF033C08B804340E
:10692000386164AC00010424386164AC00060324BF
:10693000346143AC0800E003000000007F00032442
:1069400088BF023C386343AC88BF023C004003244C
:10695000346143AC88BF033C08B80434386164AC8C
:1069600000020424386164AC00050324346143ACA4
:106970000800E003000000007F00032488BF023C01
:10698000386343AC88BF023C00800334346143ACBD
:1069900088BF033C08780424386164AC00040424F4
:1069A000386164AC00030324346143AC0800E003A5
:1069B000000000007F00032488BF023C386343AC22
:1069C00088BF023C00800334346143AC88BF033C81
:1069D00008780424386164AC00060424386164AC8F
:1069E00000010324346143AC0800E0030000000010
:1069F0007F00032488BF023C386343AC008003342B
:106A000088BF023C346143AC88BF023C0878032451
:106A1000386143AC00070324386143AC0800E0034D
:106A2000000000007F00032488BF023C386343ACB1
:106A300088BF023C00800334346143AC88BF033C10
:106A400008780424386164AC00050424386164AC1F
:106A500000020324346143AC0800E003000000009E
:106A60007F00032488BF023C386343AC88BF023CEC
:106A700000800334346143AC88BF033C08780424AD
:106A8000386164AC00030424386164AC000403245E
:106A9000346143AC0800E003000000007F000324E1
:106AA00088BF023C386343AC88BF023C008003349B
:106AB000346143AC0878042488BF033C386164AC7B
:106AC00000070324346143AC0800E0030000000029
:106AD0007F00032488BF023C386343AC88BF023C7C
:106AE00000800334346143AC88BF033C087804243D
:106AF000386164AC00010424386164AC00060324EE
:106B0000346143AC0800E003000000007F00032470
:106B100088BF023C386343AC88BF023C008003342A
:106B2000346143AC88BF033C08780424386164AC0A
:106B300000020424386164AC00050324346143ACD2
:106B40000800E003000000007F00032488BF023C2F
:106B5000386343AC88BF023C08000324346143AC73
:106B600088BF033C00F80434386164AC000404249A
:106B7000386164AC00030324346143AC0800E003D3
:106B8000000000007F00032488BF023C386343AC50
:106B900088BF023C08000324346143AC88BF033C37
:106BA00000F80434386164AC00060424386164AC35
:106BB00000010324346143AC0800E003000000003E
:106BC000608582931C00422C2A00401060858393CC
:106BD00080180300019D023CEC6B4224211043000D
:106BE0000000428C08004000000000005C6C019D29
:106BF0007C6C019DB86C019DF46C019D286D019D1C
:106C0000646D019DA06D019DDC6D019D106E019D67
:106C10004C6E019D886E019DC46E019DF86E019DB4
:106C2000346F019D706F019DAC6F019DE06F019D00
:106C30001C70019D5870019D9470019DC870019D4C
:106C40000471019D4071019D7C71019DB071019D98
:106C5000EC71019D2872019D6472019D7F000324E7
:106C600088BF023C386343AC08FF033488BF023C52
:106C7000386143AC0800E0030000000008FF033463
:106C800088BF023C386143AC88BF023C0800032443
:106C9000346343AC88BF033C70000424386364ACA5
:106CA00002000424386364AC05000324346343AC5D
:106CB0000800E0030000000008FF033488BF023C26
:106CC000386143AC88BF023C08000324346343AC02
:106CD00088BF033C70000424386364AC01000424C2
:106CE000386364AC06000324346343AC0800E0035B
:106CF0000000000008FF033488BF023C386143AC49
:106D000088BF023C08000324346343AC70000424B1
:106D100088BF033C386364AC07000324346343AC8E
:106D20000800E0030000000008FF033488BF023CB5
:106D3000386143AC88BF023C08000324346343AC91
:106D400088BF033C70000424386364AC030004244F
:106D5000386364AC04000324346343AC0800E003EC
:106D60000000000008FF033488BF023C386143ACD8
:106D700088BF023C08000324346343AC88BF033C53
:106D800070000424386364AC04000424386364ACE9
:106D900003000324346343AC0800E0030000000058
:106DA00008FF033488BF023C386143AC88BF023C13
:106DB00008000324346343AC88BF033C7000042400
:106DC000386364AC04000424386364AC0100032419
:106DD000346343AC0800E0030000000008FF033404
:106DE00088BF023C386143AC0800032488BF023CE2
:106DF000346343AC88BF023C70000324386343AC67
:106E000007000324386343AC0800E00300000000DF
:106E100008FF033488BF023C386143AC88BF023CA2
:106E200008000324346343AC88BF033C700004248F
:106E3000386364AC05000424386364AC02000324A6
:106E4000346343AC0800E0030000000008FF033493
:106E500088BF023C386143AC88BF023C1000032469
:106E6000346343AC88BF033C68000424386364ACDB
:106E700002000424386364AC05000324346343AC8B
:106E80000800E0030000000008FF033488BF023C54
:106E9000386143AC88BF023C10000324346343AC28
:106EA00088BF033C68000424386364AC01000424F8
:106EB000386364AC06000324346343AC0800E00389
:106EC0000000000008FF033488BF023C386143AC77
:106ED00088BF023C10000324346343AC68000424E0
:106EE00088BF033C386364AC07000324346343ACBD
:106EF0000800E0030000000008FF033488BF023CE4
:106F0000386143AC88BF023C10000324346343ACB7
:106F100088BF033C68000424386364AC0300042485
:106F2000386364AC04000324346343AC0800E0031A
:106F30000000000008FF033488BF023C386143AC06
:106F400088BF023C10000324346343AC88BF033C79
:106F500068000424386364AC04000424386364AC1F
:106F600003000324346343AC0800E0030000000086
:106F700008FF033488BF023C386143AC88BF023C41
:106F800010000324346343AC88BF033C680004242E
:106F9000386364AC04000424386364AC0100032447
:106FA000346343AC0800E0030000000008FF033432
:106FB00088BF023C386143AC1000032488BF023C08
:106FC000346343AC88BF023C68000324386343AC9D
:106FD00007000324386343AC0800E003000000000E
:106FE00008FF033488BF023C386143AC88BF023CD1
:106FF00010000324346343AC88BF033C68000424BE
:10700000386364AC05000424386364AC02000324D4
:10701000346343AC0800E0030000000008FF0334C1
:1070200088BF023C386143AC88BF023C2000032487
:10703000346343AC88BF033C58000424386364AC19
:1070400002000424386364AC05000324346343ACB9
:107050000800E0030000000008FF033488BF023C82
:10706000386143AC88BF023C20000324346343AC46
:1070700088BF033C58000424386364AC0100042436
:10708000386364AC06000324346343AC0800E003B7
:107090000000000008FF033488BF023C386143ACA5
:1070A00088BF023C20000324346343AC580004240E
:1070B00088BF033C386364AC07000324346343ACEB
:1070C0000800E0030000000008FF033488BF023C12
:1070D000386143AC88BF023C20000324346343ACD6
:1070E00088BF033C58000424386364AC03000424C4
:1070F000386364AC04000324346343AC0800E00349
:107100000000000008FF033488BF023C386143AC34
:1071100088BF023C20000324346343AC88BF033C97
:1071200058000424386364AC04000424386364AC5D
:1071300003000324346343AC0800E00300000000B4
:1071400008FF033488BF023C386143AC88BF023C6F
:1071500020000324346343AC88BF033C580004245C
:10716000386364AC04000424386364AC0100032475
:10717000346343AC0800E0030000000008FF033460
:1071800088BF023C386143AC2000032488BF023C26
:10719000346343AC88BF023C58000324386343ACDB
:1071A00007000324386343AC0800E003000000003C
:1071B00008FF033488BF023C386143AC88BF023CFF
:1071C00020000324346343AC88BF033C58000424EC
:1071D000386364AC05000424386364AC0200032403
:1071E000346343AC0800E0030000000008FF0334F0
:1071F00088BF023C386143AC88BF023C4000032496
:10720000346343AC88BF033C38000424386364AC67
:1072100002000424386364AC05000324346343ACE7
:107220000800E0030000000008FF033488BF023CB0
:10723000386143AC88BF023C40000324346343AC54
:1072400088BF033C38000424386364AC0100042484
:10725000386364AC06000324346343AC0800E003E5
:107260000000000008FF033488BF023C386143ACD3
:107270004000032488BF023C346343AC88BF023C17
:1072800038000324386343AC07000324386343AC5D
:107290000800E00300000000FF00A5300900022400
:1072A0000300A210FF008430AD5C400B5D8380A31F
:1072B0005D8384A3F88182930700422C2400405010
:1072C000A48580A3F881839380180300019D023C6C
:1072D000E4724224211043000000428C0800400068
:1072E000000000000073019D0873019D1473019D4F
:1072F0002073019D2C73019D3873019D4473019D82
:107300000800E003A48580A3010002240800E00334
:10731000A48582A3020002240800E003A48582A3BE
:10732000030002240800E003A48582A304000224D1
:107330000800E003A48582A3050002240800E003FE
:10734000A48582A3060002240800E003A48582A38A
:107350000800E00300000000000000A0080000009A
:1073600001000000E901000000840000700000A09E
:107370000400000000000000000800A0500400000D
:1073800000000000B01B00A0100100000100000080
:107390004433221134123412887766557856785661
:1073A00000000000000000000000000000000000DD
:1073B00000000000000000000000000000000000CD
:1073C00000000000000000000000000000000000BD
:1073D00000000000000000000000000000000000AD
:1073E000000000000000000000000000000000009D
:1073F000000000000000000000000000000000008D
:10740000000000000000000000000000000000007C
:10741000000000000000000000000000000000006C
:10742000000000000000000000000000000000005C
:10743000000000000000000000000000000000004C
:10744000000000000000000000000000000000003C
:10745000000000000000000000000000000000002C
:10746000000000000000000000000000000000001C
:10747000000000000000000000000000000000000C
:1074800000000000000000000000000000000000FC
:1074900033000102030405060708090A0B0C0D0E50
:1074A000740000A04801000000000000080000A0D7
:1074B000300000000100000030080908090809092F
:1074C000090900001203012705000100080002005D
:1074D0000C0004002C0008001D05100016012000FF
:1074E0005701400056018000500C00A08C020000A3
:1074F00000000000C01C00A06C00000001000000A3
:10750000050D0902A10185070920A10009420944CE
:107510000945150025017501950381029502810336
:10752000093295018102950281037510950135009C
:10753000A4050109306513550D46102726FF7F81EC
:10754000020931466A1826FF7F8102B409304500DE
:1075500026FF1F8142093D1581257F750895018110
:1075600002093E1581257F8102C0C000001000A0E5
:107570007B010000000000006C1A00A04401000024
:1075800001000000F0010000E8010000D801000047
:10759000B801000078010000F0010000E8010000DF
:1075A000D8010000B8010000780100007800000058
:1075B0007200000071000000700000007300000005
:1075C00074000000760000007700000075000000E5
:1075D0006A00000069000000680000006B00000005
:1075E0006C0000006E0000006F0000006D000000E5
:1075F0005A00000059000000580000005B00000025
:107600005C0000005E0000005F0000005D00000004
:107610003A000000390000003F000000F8010000BF
:10762000F5010000F7010000F6010000F401000080
:10763000F3010000F0010000F1010000F201000080
:10764000EC010000EE010000EF010000ED01000080
:10765000EB010000E8010000E9010000EA01000080
:10766000DC010000DE010000DF010000DD010000A0
:10767000DB010000D8010000D9010000DA010000A0
:10768000BC010000BE010000BF010000BD01000000
:10769000BB010000B8010000B9010000BA01000000
:1076A0007C0100007E0100007F0100007D010000E0
:1076B0007B01000078010000790100007A010000E0
:1076C000FC000000FE0000002C1D00A0480000008F
:1076D00000000000380000A02000000001000000B1
:1076E0000201000305070604040607050300010262
:1076F000020100FFFFFFFFFFFFFFFFFFFFFFFFFF94
:107700007C1100A03806000001000000A703000063
:10771000F803000055040000B50400000705000050
:107720004305000092050000D805000098060000FF
:10773000EC0600004507000096070000F80700006F
:1077400044080000D1080000340900009609000038
:10775000F40900005F0A0000BB0A0000220B0000D1
:107760008A0B0000FB0B00005F0C0000B90C00004E
:10777000160D00006F0D0000E50D0000510E000019
:10778000BD0E00001A0F0000720F0000E00F000095
:1077900045100000B410000012110000711100002B
:1077A000D711000034120000991200000A130000E3
:1077B00070130000CE130000271400009014000086
:1077C000DF14000065150000D21500001916000036
:1077D00088160000DC16000044170000A517000002
:1077E0002218000077180000D91800003319000093
:1077F00098190000011A0000701A0000EE1A00002B
:107800002A1B0000991B0000FC1B0000591C0000F3
:10781000CC1C0000311D0000911D0000FC1D00006B
:107820004C1E0000AA1E0000241F00009C1F000028
:10783000E51F0000422000009F2000000021000002
:1078400066210000EE21000044220000A222000078
:107850000323000068230000C1230000302400003F
:10786000992400005A250000BF25000015260000BD
:107870007F260000F626000058270000BC270000E5
:107880001328000066280000CE28000038290000D8
:10789000AA290000112A0000722A0000CC2A000048
:1078A000332B0000962B0000F42B0000702C0000FE
:1078B000C72C0000232D0000882D0000F42D0000AF
:1078C000682E0000C82E0000272F0000792F00002E
:1078D000EF2F000039300000AF3000001031000001
:1078E00087310000DB3100003332000088320000B5
:1078F000F132000066330000D23300003334000060
:107900008A340000F234000052350000B735000020
:10791000333600008A360000F1360000543700008C
:10792000A63700000038000077380000EE3800006D
:1079300044390000A1390000033A00006F3A00000A
:10794000CE3A0000323B00009A3B0000013C0000B0
:10795000663C0000C73C0000263D0000993D000049
:10796000003E0000613E0000C13E0000173F0000E5
:10797000853F0000F93F000065400000B140000075
:10798000164100005C410000D0410000324200007E
:10799000A84200001043000074430000C5430000EB
:1079A00022440000824400000345000070450000AE
:1079B000C04500002946000088460000FC46000043
:1079C00062470000CC470000304800008B480000B0
:1079D000E24800003C490000C1490000304A000074
:1079E0008F4A0000EC4A0000404B0000954B00001D
:1079F0000C4C0000714C0000D14C0000304D0000D8
:107A0000984D0000EA4D00005B4E0000B04E0000B3
:107A1000234F0000834F0000F34F0000445000004C
:107A2000A35000000A5100007A510000EE510000FE
:107A300044520000A15200000553000064530000AE
:107A4000EE53000041540000AA5400000C55000001
:107A500065550000BF550000305600009C560000E0
:107A60000057000054570000BF5700002358000083
:107A700081580000E85800005D590000BC59000022
:107A8000205A0000855A0000DD5A00005A5B0000B1
:107A9000B55B0000105C00006D5C0000CC5C000079
:107AA000475D0000995D0000135E0000135E00005A
:107AB000715E0000E55E0000305F0000985F00002E
:107AC0000960000073600000D660000036610000AD
:107AD00099610000F961000069620000D262000053
:107AE0003063000094630000F663000058640000F7
:107AF000BD6400002F6500008F650000DD6500009B
:107B0000346600008D660000E466000038670000FF
:107B10007B670000D4670000F4020000240300002B
:107B20006E030000B603000055040000FD040000D1
:107B30009905000052060000F706000093070000B8
:107B40002F08000000090000460A00005E0B00003C
:107B5000230C0000D40C0000840D0000830E0000F4
:107B60008C0F0000991000004D1100000A12000057
:107B7000CC1200007713000022140000CC14000087
:107B80009315000037160000F0160000A017000043
:107B90009818000080190000801A0000341B0000B3
:107BA000DC1B0000871C00006E1D0000391E000059
:107BB000E01E0000C31F0000872000001F210000FE
:107BC00016220000DD220000812300004024000076
:107BD00019250000E62500009C26000078270000FB
:107BE0003028000012290000BB290000852A00006F
:107BF0005A2B0000142C0000F22C0000992D0000DC
:107C0000772E0000402F000015300000C630000025
:107C1000A731000068320000223300000934000060
:107C2000C13400008D3500005036000012370000CE
:107C3000EA370000CC38000080390000453A0000E7
:107C4000203D0000E03D00008D3C00004B3D000069
:107C50009D3D0000DB3D0000043E0000E3F06F3F6F
:107C600037E6693F19F0493FF33E853FFD027D3F0E
:107C700084398F3F8531553FC54E9C3F508F9B3F88
:107C80000000803FE76C4E3FF637973FDCEC973FB4
:107C9000C1DB8F3F92BE4F3F54598A3FB833A43F58
:107CA0001909A53F533D773F33154F3F4BF98D3FA2
:107CB00053CB853F08933D3F722E893F01AFB73FBD
:107CC0009DBE8C3FE194663FE32E6E3F53CB853FD4
:107CD0001909A53F7772443FE194663FADD19A3FC1
:107CE000E72E783F1886413F1909A53F5B28A03F42
:107CF000AF4F573F4CC4653FA6A0833FADD19A3FDD
:107D0000A35F753FCE06583FDC58863F4F238C3F1C
:107D1000DCEC973F3734383F57898B3FC1AEC23FC9
:107D200041C3893F16B2303F52C0A13F5555A93FCC
:107D3000A41DAB3F84C6293F5173923F94BDAF3F12
:107D40007C60A33FB41700A0B8020000010000004F
:107D5000BC010000C0010000C4010000C801000017
:107D6000CC010000D0010000D4010000D8010000C7
:107D7000DC010000E0010000E4010000E801000077
:107D8000EC010000F0010000F4010000F801000027
:107D9000FC010000000200000402000008020000D4
:107DA0000C02000010020000140200001802000083
:107DB0001C02000020020000240200002802000033
:107DC0002C020000300200003402000038020000E3
:107DD0004242414140403F3F3E3E3D3D3C3C3B3BBB
:107DE0003A3A39393838373736363535343433332B
:107DF0008584838281807F7E7D7C7B7A79787776AB
:107E00007574737271706F6E6D6C6B6A696867669A
:107E1000504628282823231E1E1E1E19140F0F0F3C
:107E2000A6DB060046E20600E6E80600A0EF060034
:107E30005AF606002EFD060003040700F20A0700AA
:107E4000E1110700EC180700F71F07001E270700C5
:107E5000452E070089350700CE3C07002F44070058
:107E6000914B070011530700915A07003162070038
:107E7000D06907008F7107004E7907002E81070037
:107E80000D8907000F9107001099070033A1070023
:107E900057A907009EB10700E4B907004FC20700C9
:107EA000BACA070049D30700D9DB07008FE40700EF
:107EB00044ED070021F60700FEFE07000208080057
:107EC00007110800341A080062230800BA2C0800C1
:107ED00012360800953F080018490800C7520800EC
:107EE000775C080054660800317008003E7A08008C
:107EF0004A840800868E0800C398080031A3080051
:107F00009FAD080041B80800E2C20800B8CD0800E3
:107F10008ED808000000000060090000C0120000B8
:107F2000201C000080250000E02E000040380000EA
:107F3000A0410000004B000060540000C05D000044
:107F40002067000080700000E0790000408300009E
:107F5000A08C000000960000609F0000C0A80000F8
:107F600020B2000080BB0000E0C4000040CE000052
:107F7000A0D7000000E1000060EA0000C0F30000AC
:107F800020FD000080060100E00F01004019010003
:107F9000A0220100002C010060350100C03E01005C
:107FA0002048010080510100E05A010040640100B6
:107FB000A06D01000077010060800100C089010010
:107FC00020930100809C0100E0A5010040AF01006A
:107FD000A0B8010000C2010060CB0100C0D40100C4
:107FE00020DE010080E70100E0F0010040FA01001E
:107FF000A0030200000D020060160200C01F020074
:108000002029020080320200580000A01800000061
:1080100001000000403E3D3B3A393736807D7B779A
:1080200075736E6C05080A0E10131719EC0700A083
:10803000040000000100000001000000440700A04F
:108040008C0000000100000007941D17D864AC2AC2
:1080500089000080F81772B17E0000008A104B93EF
:108060007E000000D150A4F07D000000DFD1D7BF1A
:108070007D0000008A104B937D000000E4699FD4CE
:108080007C0000001174BC887C000000ADC52C840D
:108090007B0000000000000000000000713B38F190
:1080A0007B0000003DBE7FE47C000000115E0CA35D
:1080B0007D000000661F99CF7D000000FD7A94F8D6
:1080C0007D000000F4FA428F7E000000427FECA0A9
:1080D0007E000000D00700A01C000000010000008E
:1080E0005007050027BD2B008F243B01B3C41A079E
:1080F0001BC0BF1E450CB95842000080BC0100A047
:1081000004000000000000000000000022222222E3
:108110002222222222222222E0FFBD271C00BFAF02
:108120001800B1AF1400B0AF9671400F2180A000CD
:1081300021204000029D023C066D400F58C9458C2D
:1081400021884000029D023C5CC9448CF96B400FC1
:1081500021280002212020029A6E400F2128400091
:1081600021204000029D023C066D400F60C9458CF5
:108170000871400F21204000010042241C00BF8FE5
:108180001800B18F1400B08F0800E0032000BD2755
:10819000E0FFBD271C00BFAF1800B2AF1400B1AFA5
:1081A0001000B0AF2190A0002180C0009671400F58
:1081B0002120C400218840009671400F2120000238
:1081C000029D103C21204000CF6A400F60C9058EFF
:1081D00021202002F96B400F212840002188400017
:1081E000029D023C5CC9448CF96B400F212840027F
:1081F000212020029A6E400F2128400021204000BB
:10820000066D400F60C9058E0871400F21204000A7
:108210001C00BF8F1800B28F1400B18F1000B08FF8
:108220000800E0032000BD27E0FFBD271C00BFAF12
:108230001800B2AF1400B1AF1000B0AF2188A00099
:108240009671400F78EC8424029D103C2120400060
:10825000F96B400F64C9058E21904000029D023CDD
:108260005CC9448CF96B400F212820022120400278
:108270009A6E400F2128400021204000066D400FDB
:1082800064C9058E0871400F212040001C00BF8F7B
:108290001800B28F1400B18F1000B08F0800E003F7
:1082A0002000BD270C8282932E00401400A0023CC7
:1082B00000A0023C2409468C2A00C01000A0023C09
:1082C0000A000224788382AF00A0023CA10A428007
:1082D0000A00432C0E00601400A0033C780A6324BB
:1082E0000800658C1C00638C23280500FFFF4224D6
:1082F0002014027C0A00442CFCFF80102118650029
:1083000000A0043C780A84241C0083AC290082A0CD
:1083100000A0033C780A63241C00648C2120C40064
:108320001C0064AC29006290010042242014027CED
:1083300007004018290062A01B008200F4014000E1
:108340001220000000A0033C0800E003800A64AC97
:1083500000A0023C780A4224080046AC0800E00372
:10836000290040A0780A42241C0040AC0800E00329
:10837000290040A0E0FFBD271C00BFAF32838293DD
:1083800001000324460043102284839309004050D7
:10839000EC838293020003246300431000A0033C9B
:1083A000030003241A0243141C00BF8F0562400B14
:1083B000000000002000422C050040142800022488
:1083C0000B20400F000000000463400B1C00BF8F17
:1083D000F08182AF06000224308482AF02000424C0
:1083E000A65C400F0900052400A0023CF90A439056
:1083F000EC8483A300A0023CF10B4290608582A331
:108400008018030000A0043C041B8424211864008D
:108410008010020000A0043C941A8424211044001F
:108420000000648CA357400F0000458C7370400F10
:10843000000000005C8580AFEC83829300A0033CC9
:10844000341863242118430000006390528783A3EB
:1084500000A0033C54186324211043000000429004
:10846000538782A35C82828F0C8482A33E6E400F6E
:10847000212000000002022488BF033C341062ACBB
:1084800088BF033C641062AC88BF033C681062ACD8
:1084900032838293010042240363400B328382A320
:1084A00001000224DA0162141C00BF8F84838293CE
:1084B000EC83849380180200002902002328A30083
:1084C00000A0033CC40963242118A300010064A098
:1084D000FC83858F040065AC8C84858F080065ACB7
:1084E000000062A001008424EC8384A301004224E4
:1084F000FF004230848382A3020003240500422C43
:1085000005004014228483A3848380A302000224F4
:108510004761400B328382A3328380A3FC8380AF08
:108520000363400B8C8480AFC4096224C409658C4A
:108530000400448C0800438C3C0045AC400044AC33
:10854000440043AC0C00458C1000448C1400438C58
:10855000480045AC4C0044AC500043AC1800458C7E
:108560001C00448C2000438C540045AC580044ACA3
:108570005C0043AC2400458C2800448C2C00438CC8
:10858000600045AC640044AC680043AC3000458CEE
:108590003400448C3800438C6C0045AC700044AC13
:1085A000740043AC0500082400A0093C21184000D9
:1085B0008C61400B7C0046240000458C0C00448CF0
:1085C0002B20A400140080500C0042240800478C8B
:1085D0000C00458C1000448C780067AC7C0065ACC6
:1085E000800064ACFCFF478C0000458C0400448C88
:1085F000080047AC0C0045AC100044AC7800678C18
:108600007C00658C8000648CFCFF47AC000045ACAE
:10861000040044AC0C004224E8FF46540000458CA2
:10862000FFFF0825FF0008310300005100A0023CB5
:108630006E61400B040A2225C40942243D00439088
:10864000DC8383A3FEFF6324EC8383A34400428C7A
:108650000700401000A0023C94858293040040145F
:1086600000A0023C01000224948582A300A0023CE9
:10867000040A428C2900401000A0023C9485839398
:10868000010002242500621400A0023C00A0033C6B
:10869000C40963243C006290D78582A3FFFF442471
:1086A00080280400003904002338E50021386700E1
:1086B0000400E48C80280200003102002328C50059
:1086C000212865000400A58C0100422480300200AE
:1086D0000011020023104600211862000400668C7D
:1086E0000100E790C0120224DD44400F1000A2AF49
:1086F00000A0033C240962ACFEFF043CAAEC8434D5
:10870000212044008B9203342B188300070060144F
:10871000448382AFCF61400B49C14324240940AC5C
:10872000448380AFD661400B211000000C8280A3EF
:10873000188480A3E361400BDA8580A37965632CFC
:1087400006006010FFFF033C010002240C8282A39C
:10875000E361400B188480A3FFFF033CD05B6324DC
:1087600021104300266F422C05004010FFFF022419
:10877000020002240C8282A3E361400BDA8580A30D
:108780000C8282A3188480A3DA8580A300A0023C17
:10879000E409428C0F00422C0C004014FFFF02241D
:1087A00000A0023CD809428C0F00422C0700401464
:1087B000FFFF022400A0023CF009428C0F00422C73
:1087C0000400401000A0033CFFFF02240C8282A39F
:1087D00000A0033CC40963243D006290190063902B
:1087E0000800621000A0033CD109639005006210EC
:1087F00000A0033CE909639002006210FFFF02241D
:108800000C8282A332838293010042240363400BD3
:10881000328382A3A960400F000000000C82829383
:10882000920040140100032400A0023C040A428C80
:108830000001422C880040143C85829300A0023C39
:108840002409438C0100023C252642242B1062009F
:108850000800401400A0023C00A0023C800A428CA8
:108860000400405000A0023C00A0033C240962AC7C
:1088700000A0023C2409428CFEFF033CAAEC6334B6
:1088800021184300CF12632C3B006010788582AF23
:10889000C18583930100022433006254348480A391
:1088A0003484829301004224FF004230348482A346
:1088B0000400422C080040143484829304000224F3
:1088C000348482A30C8280A300A0023C240940AC23
:1088D000C18580A334848293010003240B004314D8
:1088E000020003246484828F030003241B004300DE
:1088F000F401600042100200121800002110620012
:1089000000A0043C7762400B240982AC0B004314A6
:10891000030003246484838F821003000300042473
:108920001B006400F40180001220000021104400AC
:1089300000A0053C7762400B2409A2AC2700431439
:108940006484828F050003241B004300F40160004F
:1089500082100200121800002110620000A0043CE6
:108960007762400B240982AC0C8280A300A0023CF9
:108970007762400B240940ACFEFF033CDCD9633432
:1089800021184300937D632C150060501C84828F56
:10899000401B0200231062003CDB033C24A663342E
:1089A000211043005C2B03241B004300F4016000F2
:1089B0001218000000A0043C240983AC00A0023C73
:1089C000000A439002000224050062141C84828F76
:1089D00001000224C18582A3348480A31C84828F79
:1089E0000F0040500100023C7885838F0100043C59
:1089F0007D2084242B206400090080540100023C67
:108A00000100043C252684242B18640004006050D7
:108A10000100023C00A0033C240962AC0100023CBE
:108A2000551342247885838F2B1062000100405437
:108A30001C8480AF00A0023C2409428CFF1F422C02
:108A40006A00401404848293FF1F032400A0023CA8
:108A5000FA62400B240943AC6400401404848293FE
:108A600000A0023CFA62400B240940AC2D004354A4
:108A70000200032400A0023C2409448C49C1822442
:108A8000CA1C422C04004010815B822C00A0023CD6
:108A9000FA62400B240940AC1B00401400A0023CC9
:108AA000DA85829301004224FF0042300300432C08
:108AB0000D006014DA8582A390F4033C805B63248C
:108AC000FF1F0524023085702120C300803A032453
:108AD0001B008300F40160001220000000A0053C90
:108AE000BC62400B2409A4ACFFFF03240C8283A3C7
:108AF0002014027C0400410400A0023C0200022475
:108B0000DA8582A300A0023C2409428CFF1F422C7C
:108B100035004014FF1F032400A0023CFA62400B02
:108B2000240943AC2F00431400A0023C2409448CC8
:108B3000FFFF023CD05B422421108200D01C422C5B
:108B40000400401000C1023400A0023CFA62400B55
:108B5000240940AC2B1082001B00401400A0023CF2
:108B60001884829301004224FF0042300300432C0A
:108B70000D006014188482A3E0E7033CFFE0633437
:108B8000FF1F0524023085702120C300C132032459
:108B90001B008300F40160001220000000A0053CCF
:108BA000EC62400B2409A4ACFFFF03240C8283A3D6
:108BB0002014027C0400410400A0023C02000224B4
:108BC000188482A300A0023C2409428CFF1F422C7F
:108BD00005004014FF1F032400A0023CFA62400B72
:108BE000240943AC240940AC04848293040040541B
:108BF000648480AF00A0023C2409428C648482AF6C
:108C0000328380A301000224C08282A31C00BF8F94
:108C10000800E0032000BD27FF00843080BF023C35
:108C2000505144AC88BF023C4010428C4007427C0B
:108C30000C0040143075022488BF053C0020043C21
:108C4000FFFF42244010A38C241864000600601427
:108C500088BF033CFBFF4054FFFF42241A63400BD4
:108C60000000000088BF033C4010648C44EF047C8B
:108C7000401064AC80BF033C1051638C00806330B3
:108C800009006010000000000700401080BF043C95
:108C90001051838C0080633003006010FFFF42247A
:108CA000FBFF4014000000000800E003000000008B
:108CB00080BF023C0051438C010004240400837CEB
:108CC000005143AC88BF023C4010428C4007427CBC
:108CD000110040143075022488BF053C0020043C7C
:108CE000FFFF42244010A38C241864000500601488
:108CF00000000000FBFF4054FFFF42244363400B91
:108D000080BF023C0400401480BF023C0051428CF2
:108D10000800E0030300022488BF023C4010438C9B
:108D200044EF037C401043AC80BF033C0051628C95
:108D300001004230FDFF4014000000000800E00385
:108D40000000000080BF023C0051438C010004245D
:108D50000400837C005143AC88BF023C4010428C2D
:108D60004007427C090040141027022488BF053CBC
:108D70000020043C4010A38C2418640003006014FD
:108D8000FFFF4224FBFF40140000000088BF023CAC
:108D90004010438C44EF037C401043AC80BF023C46
:108DA0000051428C0100423008004010102702247C
:108DB00080BF043C0051838C0100633003006010CD
:108DC000FFFF4224FBFF4014000000000800E00306
:108DD0000000000080BF023C0051438C01000424CD
:108DE0008410837C005143AC88BF023C4010428C0D
:108DF0004007427C090040143075022488BF053CBE
:108E00000020043C4010A38C24186400030060146C
:108E1000FFFF4224FBFF40140000000088BF023C1B
:108E20004010438C44EF037C401043AC80BF023CB5
:108E30000051428C0400423008004010307502247A
:108E400080BF043C0051838C040063300300601039
:108E5000FFFF4224FBFF4014000000000800E00375
:108E60000000000080BF023C0051438C010004243C
:108E70008410837C005143AC88BF023C4010428C7C
:108E80004007427C09004014E803022488BF053CE7
:108E90000020043C4010A38C2418640003006014DC
:108EA000FFFF4224FBFF40140000000088BF023C8B
:108EB0004010438C44EF037C401043AC80BF023C25
:108EC0000051428C0400423008004010E8030224A4
:108ED00080BF043C0051838C0400633003006010A9
:108EE000FFFF4224FBFF4014000000000800E003E5
:108EF0000000000080BF023C0051438C01000424AC
:108F00004408837C005143AC88BF023C4010428C33
:108F10004007427C090040143075022488BF053C9C
:108F20000020043C4010A38C24186400030060144B
:108F3000FFFF4224FBFF40140000000088BF023CFA
:108F40004010438C44EF037C401043AC80BF023C94
:108F50000051428C0200423008004010307502245B
:108F600080BF043C0051838C02006330030060101A
:108F7000FFFF4224FBFF4014000000000800E00354
:108F800000000000E8FFBD271400BFAF88BF023C0F
:108F90002062428C004042300800401430750224A8
:108FA00088BF043C2062838C00406330030060145F
:108FB000FFFF4224FBFF4014000000002C63400F21
:108FC000000000000663400F68000424BD63400FEA
:108FD000000000000663400F680004249963400FFE
:108FE00000000000211000001400BF8F0800E00303
:108FF0001800BD27E8FFBD271400BFAF01000424FF
:109000000E72400F0100052488BF023C4010428CC4
:109010004007427C090040143075022488BF053C9B
:109020000020043C4010A38C24186400030060144A
:10903000FFFF4224FBFF40140000000088BF023CF9
:109040004010438C44EF037C401043AC80BF023C93
:109050001051428C02004230080040143075022446
:1090600080BF043C1051838C020063300300601405
:10907000FFFF4224FBFF40140000000080BF023CC1
:109080006051428CFF00423080BF033C200004242A
:10909000085164AC10000424085164AC88BF033C40
:1090A0004010638C4007637C090060143075032412
:1090B00088BF063C0020053C4010C48C242085005D
:1090C00003008014FFFF6324FBFF60140000000016
:1090D00088BF033C4010648C44EF047C401064ACB7
:1090E00080BF033C0051638C100063300A006010A5
:1090F0001400BF8F3075032480BF053C0051A48C41
:1091000010008430040080101400BF8FFFFF632420
:10911000FAFF6014000000000800E0031800BD27FB
:10912000E8FFBD271400BFAF010004240E72400FFA
:109130000100052488BF023C4010428C4007427C5D
:10914000090040143075022488BF053C0020043C0F
:109150004010A38C2418640003006014FFFF422415
:10916000FBFF40140000000088BF023C4010438C0D
:1091700044EF037C401043AC80BF023C1051428C52
:1091800002004230080040143075022480BF043CC5
:109190001051838C0200633003006014FFFF4224EF
:1091A000FBFF40140000000080BF023C6051428C75
:1091B000FF0042302000042480BF033C045164AC13
:1091C0001000042480BF033C085164AC88BF033CFA
:1091D0004010638C4007637C0900601430750324E1
:1091E00088BF063C0020053C4010C48C242085002C
:1091F00003008014FFFF6324FBFF601400000000E5
:1092000088BF033C4010648C44EF047C401064AC85
:1092100080BF033C0051638C100063300A00601073
:109220001400BF8F3075032480BF053C0051A48C0F
:1092300010008430040080101400BF8FFFFF6324EF
:10924000FAFF6014000000000800E0031800BD27CA
:1092500010000224E08282A300A0023C20114224DC
:10926000100040A0110040A084858393120043A009
:1092700020848393130043A0168283970222030065
:10928000140044A0FF006330150043A0348383978B
:1092900002220300160044A0FF006330170043A021
:1092A00021848393180043A0B1828393190043A0C3
:1092B0001A0040A01B0040A01C0040A01D0040A0C0
:1092C0001E0040A01F0040A0200002240800E00370
:1092D0004D8582A300A0023C201140A02011422411
:1092E000010040A000A0033C040A638C003A647CA7
:1092F000020044A0FF006330030043A000A0033C31
:10930000FC0A638C003A647C040044A0FF006330D4
:10931000050043A000A0033CF40B638C003A647C7E
:10932000060044A0FF006330070043A0B885839780
:1093300002220300080044A0FF006330090043A09C
:1093400092848397022203000A0044A0FF00633046
:109350000B0043A00C0002240800E0034D8582A30B
:10936000E08280A300A0023C201140A021858393CD
:1093700020114224010043A074828393020043A081
:10938000A8828393030043A000A0033C78086324D1
:1093900003006490040044A004006390050043A00F
:1093A000060040A0070040A0080040A0090040A01F
:1093B0000A0040A00B0040A00C0040A00D0040A0FF
:1093C0000E0040A00F0040A00A0002240800E003A5
:1093D0004D8582A3E08280A300A0023C201140A022
:1093E0002184839320114224010043A0B1828393FE
:1093F000020043A0030040A0EC848393040043A038
:1094000060858393050043A0060040A08483839376
:10941000070043A0EC838393080043A04483838F19
:10942000003C647C090044A0003A647C0A0044A02B
:10943000FF0063300B0043A000A0033C78086324C6
:10944000030064900C0044A0040064900D0044A04C
:10945000050064900E0044A0060063900F0043A036
:10946000B885839702220300080044A0FF00633000
:10947000090043A092848397022203000A0044A0BB
:10948000FF0063300B0043A08885838FFF006430AA
:10949000140044A0003A637C150043A00482838F2B
:1094A000FF006430160044A0003A637C170043A01C
:1094B000100002240800E0034D8582A3E08280A30F
:1094C00000A0023C201140A020114224010040A035
:1094D00024828393020043A0ED848393030043A07E
:1094E00068838393040043A008858393050043A009
:1094F0003C848393060043A0D8828393070043A053
:10950000C0858393080043A018838393090043A078
:109510007C8283930A0043A06C8583930B0043A055
:10952000C88283930C0043A0068483930D0043A05C
:109530007084838FFF0064300E0044A0003A637C87
:109540000F0043A0100002240800E0034D8582A311
:1095500020000224E08282A300A0033CA40A63242A
:109560000800648C003A857C00A0023C2011422453
:10957000200045A0FF008430210044A01400648C2A
:10958000003A857C220045A0FF008430230044A0DF
:109590002000648C003A857C240045A0FF008430C4
:1095A000250044A02C00648C003A857C260045A050
:1095B000FF008430270044A03800648C003A857C8A
:1095C000280045A0FF008430290044A04400648C9A
:1095D000003A857C2A0045A0FF0084302B0044A07F
:1095E0005000638C003A647C2C0044A0FF00633080
:1095F0002D0043A02E0040A0EC8483932F0043A0B5
:1096000000A0033C9C0B63240800648C003A857C1A
:10961000300045A0FF008430310044A01400648C69
:10962000003A857C320045A0FF008430330044A01E
:109630002000648C003A857C340045A0FF00843013
:10964000350044A02C00648C003A857C360045A08F
:10965000FF008430370044A03800648C003A857CD9
:10966000380045A0FF008430390044A04400648CD9
:10967000003A857C3A0045A0FF0084303B0044A0BE
:109680005000638C003A647C3C0044A0FF006330CF
:109690003D0043A03E0040A0608583933F0043A06F
:1096A000400002240800E0034D8582A3100002243C
:1096B000E08282A300A0033CC40963240800648CF8
:1096C000003A857C00A0023C20114224100045A0F5
:1096D000FF008430110044A01400648C003A857CA3
:1096E000120045A0FF008430130044A02000648CC9
:1096F000003A857C140045A0FF008430150044A08A
:109700002C00648C003A857C160045A0FF00843054
:10971000170044A03800638C003A647C180044A011
:10972000FF006330190043A01A0040A01B0040A0B6
:109730001C0040A01D0040A01E0040A06085839337
:109740001F0043A0200002240800E0034D8582A3EF
:10975000D0FFBD270000BFAFC2550400FF004A3153
:10976000C26D0500FF00AD310080083C004A0400D6
:109770002548280100620500256088012470A800A2
:1097800024208800FFFF4F25FE00E12DB2002010AD
:1097900000000000FFFFAF25FE00E12DCC002010EF
:1097A000000000001000801082FFA725D500E018FF
:1097B000000000002000E12C030020140000000045
:1097C00009000010000004240478EC00CD00E0152E
:1097D00000000000FFFFE22404784C000200E015C6
:1097E00000000000000004240C00E12C0400201004
:1097F000000000000478EC005400E01100000000BC
:109800000400A4AF0800A5AF1000A7AF1400A8AFD4
:109810002400ACAF2800ADAF2C00AEAF252009006E
:1098200025280A00206A400F25300B002558180013
:1098300025500300254802002C00AE8F2800AD8F74
:109840002400AC8F1400A88F1000A78F0800A58FEC
:109850000400A48F82FF4F252168AF012670CB0141
:1098600019002C0112300000106000000600801961
:10987000000000002A78C0002130C60021608C0161
:1098800021608F01FFFFAD252A78C0002130C6007E
:1098900021608F010400A4AF0800A5AF0C00A6AFA3
:1098A0001000A7AF1400A8AF2400ACAF2800ADAFE4
:1098B0002C00AEAF25200C0025280D00856C400F34
:1098C00025300E00255818002550030025480200B9
:1098D0002C00AE8F2800AD8F2400AC8F1400A88F11
:1098E0001000A78F0C00A68F0800A58F0400A48F7E
:1098F000FFFF4F25FE00E12D0C00201400000000AA
:109900007D00401D00000000090006242330CA002D
:109910002000C12C020020140000000000000934C7
:109920000648C900060000102510890040480900BB
:10993000424A0900C07D0A0025482F0125108900F0
:109940000000BF8F0800E0033000BD2720000F2477
:109950002378E7010640EC012560090025680A002C
:1099600001000F310300E015000000000080093CF9
:109970007F000A2442400800160000110000000089
:1099800040680D0082FFAD2519008C0110600000B9
:10999000030080190000000040600C00FFFFAD25AF
:1099A00001000F310900E0110000000082FFAF2527
:1099B00021504F0119002C0110480000030020190C
:1099C0000000000040480900FFFF4A25EAFF0010A0
:1099D00042400800C6FFC0110000000000400C3CDF
:1099E000FE000F242350EA0125400900026C080004
:1099F000F401A0011B008D01123000001060000076
:109A0000FFFF07311900E6001270000000640C002F
:109A10002B788E010600E01123608E01FFFFC62423
:109A2000216088012B088801FCFF20100000000045
:109A3000F401A0011B008D0112480000007C06000B
:109A400021482F01AAFF201900000000404809000A
:109A5000A7FF0010FFFF4A25080040150000000086
:109A60002148290105002011000000002030267146
:109A70002350460147FF00100448C9002178A50083
:109A80002000E01100000000080040150000000068
:109A9000FF0001241B00A111000000001600A0041B
:109AA00000000000190000100000000021782901CA
:109AB0001400E015000000007F00A12D35FF2010EC
:109AC000000000007F000D2432FF0010FFFF0C2477
:109AD0000500A01521608C010E008011000000001F
:109AE0000C0080100000000006008015000000003F
:109AF0000A00001000000000807F013C90FF001071
:109B0000251081008EFF0010C0FF023C8CFF00106A
:109B1000251004008AFF0010803F023CF9FF8014EA
:109B2000000000000600A104000000007F004129A1
:109B3000F6FF201000000000EFFF00100000000002
:109B40007F004129ECFF201000000000EFFF001013
:109B50000000000000000000D8FFBD272400BFAFB8
:109B60002000B4AF1C00B3AF1800B2AF1400B1AF07
:109B70001000B0AF21A0A0002188C000FF009030ED
:109B80002C63400FFF00F330409010000663400F3D
:109B9000212040027400022403000216000000008D
:109BA0000663400F022214000663400F212080024A
:109BB000BD63400F000000000663400F0100442613
:109BC0000200622E0C004014FFFF72260A00401AA9
:109BD000218000004864400F00000000211830027E
:109BE000000062A001001026FF0010322A101202AD
:109BF000F8FF401400000000FD63400F218833028D
:109C00007563400FFFFF22A200A0023C00A0033CAE
:109C1000580B6490B40844A0B4084224580B632441
:109C200001006490010044A002006390020043A080
:109C30002400BF8F2000B48F1C00B38F1800B28F98
:109C40001400B18F1000B08F0800E0032800BD277A
:109C5000D8FFBD272400BFAF2000B3AF1C00B2AFB8
:109C60001800B1AF1400B0AF2188A0002180C0005F
:109C7000FF0093302C63400FFF00F2300663400F6B
:109C8000402013000663400F212020020A004012EA
:109C90002188000201001026FFFF5226FF005232E9
:109CA000218012020663400F000024920100312639
:109CB000FCFF3016000000007563400F000000003C
:109CC0002400BF8F2000B38F1C00B28F1800B18F0B
:109CD0001400B08F0800E0032800BD27D0FFBD2787
:109CE0002C00BFAF2800B4AF2400B3AF2000B2AF48
:109CF0001C00B1AF1800B0AF00BE0234148082AFB8
:109D0000003A0224808082AF2190000000A0103C25
:109D100000A0133C5A0B7326019D113C20C3312631
:109D200000A0143C1480868F003AC57C580B05A215
:109D3000FF00C630580B0226010046A04200022454
:109D40001000A2AF34000424EA69400F21386002F9
:109D50008080888F400002252A10020115004010E3
:109D6000580B03262110110102006390000042905D
:109D70001C0062145B0B84260100032521182302BA
:109D8000211000006767400B400007240000659029
:109D9000010084241500C51401006324010042243D
:109DA000FF004230F9FF4754000086906F67400B78
:109DB000211048002110000021104800808082AF4F
:109DC0001480828F40004224148082AF010052260A
:109DD00008000224D4FF42161480868F7C67400B53
:109DE000010002247C67400B2110000021100000BC
:109DF0002C00BF8F2800B48F2400B38F2000B28FB7
:109E00001C00B18F1800B08F0800E0033000BD27A0
:109E1000D0FFBD272C00BFAF2800B6AF2400B5AFE0
:109E20002000B4AF1C00B3AF1800B2AF1400B1AF44
:109E30001000B0AF2188000000A0133C580B722620
:109E4000019D153C20C3B52600A0163C42005026BB
:109E5000F00014241480828F003A437C580B63A2D4
:109E6000010042A28080858F4000A2242A10A20017
:109E7000090040102118A5025A0BC2260000649068
:109E8000000044A001004224FCFF501401006324A0
:109E9000A767400B40000224211000002128450044
:109EA000808085AF34000424212840029369400F4C
:109EB00042000624BD29400F070004241480828F2D
:109EC0004000422401003126E2FF3416148082AFA4
:109ED0003767400F000000000700401088BF023CB9
:109EE0003061438C01000424C418837C306143AC8E
:109EF000BF67400B01000224211000002C00BF8F1F
:109F00002800B68F2400B58F2000B48F1C00B38FBB
:109F10001800B28F1400B18F1000B08F0800E0035A
:109F20003000BD271201100100000040BD280509C6
:109F3000000001020001000009025B00030100A013
:109F4000320904000001030102000921000100019F
:109F500022B1000705810308000409040100010380
:109F6000010200092100010001226B0007058203A4
:109F7000400003090402000203000000092100015F
:109F80000001222400070583030C000307050303D7
:109F90000A000A0004030904120355004700540094
:109FA000410042004C0045005400000024033100F1
:109FB0003000200069006E0063006800200050003F
:109FC00065006E005400610062006C006500740062
:109FD0000E03300030003000300030003000000050
:109FE0001C03550047003900300031005F0042007B
:109FF000500055003100300030003200280332009C
:10A000003000310039002D00300039002D003200C1
:10A0100037005F0054006500730074002D003000AD
:10A0200030003200160354006500730074002000F5
:10A030004D006F00640065003000000016035400FE
:10A0400065007300740020004D006F00640065001F
:10A0500031000000160354006500730074002000F6
:10A060004D006F00640065003200000016035400CC
:10A0700065007300740020004D006F0064006500EF
:10A0800033000000160354006500730074002000C4
:10A090004D006F006400650034000000160354009A
:10A0A00065007300740020004D006F0064006500BF
:10A0B00035000000200320002000200020002000A8
:10A0C0002000200020002000200020002000200090
:10A0D000200020000C033863033E0800FF1FEC093A
:10A0E0000403006738035500470045004500200081
:10A0F0004C006F0067006900630020005400650099
:10A10000630068006E006F006C006F0067007900EC
:10A11000200043006F00720070002E000603000054
:10A1200000000000090300100011080000000000FA
:10A1300006030400FF04000010032020202020203C
:10A140002020202020202020080300000000000004
:10A150000C0348004B0020004F006E000E03480027
:10A160004B0020004F00660066000000060301025D
:10A1700002010000120332003000310038003000CC
:10A18000310030003400000005010902A1018509F9
:10A190000901A100050919012903150025019503ED
:10A1A000750181029505810105010930093126FFFC
:10A1B0007F950275108102050D093026FF07950174
:10A1C00075108102C0C005010902A1010901A100A9
:10A1D0008501050919012905950575011500250158
:10A1E000810295038101050109300931950275103D
:10A1F00016008026FF7F810609381581257F95018D
:10A2000075088106050C0A3802950175088106C09B
:10A21000C005010906A1018506050719E029E71512
:10A220000025017501950881020507190029FF26FF
:10A23000FF00750895068100C0000000060AFF09AE
:10A2400001A101850209027508950B150026FF0082
:10A250008102090375089509150026FF009102C0C7
:10A26000389F019D949F019D989F019DAC9F019DEA
:10A27000D09F019DE09F019DFC9F019DB4A0019D89
:10A28000D4A0019DE0A0019DE4A0019D1CA1019D21
:10A2900024A1019D30A1019D38A1019D48A1019DEE
:10A2A00050A1019D5CA1019D6CA1019D74A1019D26
:10A2B00024A0019D3CA0019D54A0019D6CA0019D86
:10A2C00084A0019D9CA0019D148783931F0063308F
:10A2D00001000224B300621400000000188782937A
:10A2E000FF0042300B0040100000000018878393ED
:10A2F000FF0063300100022406006210000000002D
:10A3000018878393FF00633002000224A5006214C3
:10A310000000000015878393FF00633006000224CD
:10A320006C0062140000000017878293FF00423027
:10A330002200032432004310230003246100431051
:10A340002100032463004314000000002C87839342
:10A35000FF006330010002245E0062140000000070
:10A3600018878293FF0042300900401400A0023C8D
:10A37000029D033C4A9F6324001143AC0011422418
:10A3800009000324080043A4C0FF0324040043A0E1
:10A3900018878393FF0063300100022409006214D0
:10A3A00000A0023C029D033C639F6324001143AC68
:10A3B0000011422409000324080043A4C0FF032421
:10A3C000040043A018878393FF0063300200022437
:10A3D0004000621400A0023C029D033C7C9F632469
:10A3E000001143AC0011422409000324080043A4D7
:10A3F000C0FF0324040043A03569400B00000000A7
:10A400002C878393FF006330010002243100621423
:10A410000000000018878293FF0042300B004014B8
:10A4200000A0023C029D033C88A16324001143ACC0
:10A4300000114224B1000324080043A4C0FF0324F8
:10A44000040043A03569400B000000001887839387
:10A45000FF006330010002240B00621400A0023CE4
:10A4600000A0033CC01C6324001143AC0011422433
:10A470006B000324080043A4C0FF0324040043A08E
:10A480003569400B0000000018878393FF0063309C
:10A49000020002240F00621400A0023C029D033C53
:10A4A0003CA26324001143AC001142242400032485
:10A4B000080043A4C0FF0324040043A03569400BF7
:10A4C0000000000080FF032400A0023C0011422491
:10A4D000040043A0148783936000633020000224AB
:10A4E000300062140000000015878293FF004230A4
:10A4F000030003241D0043100400432C06006010D9
:10A500000A000324020003240F00431400A0023CAD
:10A510004C69400B518783270D0043100B00032427
:10A520000900431480FF03246569400B00A0023C2E
:10A53000001143AC0011422401000324080043A48D
:10A54000C1FF0324040043A00800E0030000000052
:10A5500080FF032400A0023C00114224040043A019
:10A56000178782930800E003518782A300A0023C72
:10A5700050878327001143AC0011422401000324BB
:10A58000080043A481FF0324040043A00800E00363
:10A590000000000000114224040043A016878293AB
:10A5A000508782A30800E00300000000D8FFBD2709
:10A5B0002400BFAF2000B3AF1C00B2AF1800B1AF92
:10A5C0001400B0AF2188A0002198C000FF00903097
:10A5D0002C63400FFF00F2300663400F4020100054
:10A5E0007400022403000216000000000663400FFE
:10A5F000022211000663400F212020020A004012AF
:10A600002188600201007326FFFF5226FF005232AC
:10A61000218072020663400F00002492010031265F
:10A62000FCFF3016000000007563400F00000000C2
:10A630002400BF8F2000B38F1C00B28F1800B18F91
:10A640001400B08F0800E0032800BD27E0FFBD27FD
:10A650001C00BFAF1800B2AF1400B1AF1000B0AF14
:10A660002180A000FF0091305163400FFF00D230E5
:10A670000663400F402011000663400F0000049263
:10A680000663400F010004920300422E0A004014AA
:10A690002188000201001026FDFF5226FF005232E1
:10A6A000218012020663400F02002492010031262D
:10A6B000FCFF3016000000009963400F000000000E
:10A6C0001C00BF8F1800B28F1400B18F1000B08F24
:10A6D0000800E0032000BD27D8FFBD272400BFAF3E
:10A6E0002000B4AF1C00B3AF1800B2AF1400B1AF7C
:10A6F0001000B0AF21A0A0002188C000FF00903062
:10A700002C63400FFF00F330409010000663400FB1
:10A710002120400274000224030002160000000001
:10A720000663400F022214000663400F21208002BE
:10A73000BD63400F000000000663400F0100442687
:10A740000200622E0C004014FFFF72260A00401A1D
:10A75000218000004864400F0000000021183002F2
:10A76000000062A001001026FF0010322A10120221
:10A77000F8FF401400000000FD63400F2188330201
:10A780007563400FFFFF22A22400BF8F2000B48F0B
:10A790001C00B38F1800B28F1400B18F1000B08F5F
:10A7A0000800E0032800BD27D8FFBD272400BFAF65
:10A7B0002000B4AF1C00B3AF1800B2AF1400B1AFAB
:10A7C0001000B0AF2190E000FF009030FF00B130EA
:10A7D000FF00D4305163400F3800B3934080100025
:10A7E0000663400F212000020663400F010004248D
:10A7F0000663400F212020020663400F21208002C3
:10A800009963400F000000005163400F00000000FA
:10A810000663400F010004260200622E0C00401463
:10A82000FFFF71260A00201A218000004864400FB3
:10A830000000000021185002000062A00100102654
:10A84000FF0010322A101102F8FF4014000000002F
:10A85000FD63400F219053029963400FFFFF42A216
:10A860002400BF8F2000B48F1C00B38F1800B28F5C
:10A870001400B18F1000B08F0800E0032800BD273E
:10A88000C23E04001E00E73000F0013C244081007D
:10A890007F00A1280800201400000000000006240A
:10A8A00081FFAD2421580401FF0F013CFFFF21343B
:10A8B00009000010242081000080063C7E000D2449
:10A8C0002368A501F2FFE7240010013C21400101AB
:10A8D000215804012320040142580B000080013C50
:10A8E000255861017F000524204088702328A80096
:10A8F000042004012B088B0003002014000000003A
:10A90000422004000100A52402640B00F401800130
:10A910001B008C001240000010200000FFFF693176
:10A92000190028011250000000240400427C0B0092
:10A9300025208F002B788A000600E01123208A0052
:10A94000FFFF082521208B002B088B00FCFF201027
:10A9500000000000F40180011B008C0012200000A8
:10A9600010600000190024011250000000640C0067
:10A970002B788A010600E01123608A01FFFF8424FE
:10A9800021608B012B088B01FCFF201000000000D0
:10A99000007C080021208F0019008400105800005E
:10A9A0008000082423400501404008002000012DBC
:10A9B000020020140000000000000B3406580B01B8
:10A9C00000A00E3C4407CE250000CA8D0400CE2511
:10A9D00019006A01105000000000C98D0400CE2546
:10A9E000215049010040013C2B082101F8FF2014AF
:10A9F0000000000019008A00124000001020000032
:10AA000006008018000000002A780001214008019B
:10AA10002120840021208F00FFFFA52400A00F3CEF
:10AA20005007EF250100E224801002002178E201A6
:10AA30000000E88D1500001100000000234805010A
:10AA40002000212D0200201400000000000004342A
:10AA5000062024012528080000A00F3C5007EF2500
:10AA6000801007002178E2010000E88D2120880095
:10AA70002B7888000500E01100000000422004004F
:10AA80000080013C252081000100A5242000A011A8
:10AA9000000000009E000C242040A8712360880163
:10AAA00004680D0172B10B3CF8176B3519006D018C
:10AAB000124000001058000006006019000000005D
:10AAC0002A7800012140080121586B0121586F01AB
:10AAD000FFFF8C25234085012000012D020020145A
:10AAE00000000000000004340620040121208B0037
:10AAF0002B788B000500E0110000000042200400CC
:10AB00000080013C2520810001008C2525280C00B7
:10AB1000020080140000000000000524251004003D
:10AB20002518050025C006000800E003000000000D
:10AB3000000000000080013C2628A100C24D040056
:10AB4000FF002931C25D0500FF006B310080073C2A
:10AB5000004204002540070100520500255047012E
:10AB6000FFFF2D25FE00A12D610020100000000038
:10AB7000FFFF6D25FE00A12D7700201000000000D2
:10AB800023602B010D0080050000000020008129BA
:10AB900003002014000000001500001002000A2429
:10ABA00025300A0006508A0104688A011000A611A7
:10ABB000000000000E00001002004A3525480B007E
:10ABC00023600C00200081290300201400000000F5
:10ABD0000700001002000824253008000640880104
:10ABE000046888010200A611000000000200083578
:10ABF00024608700266885011000A0050000000081
:10AC000021400A012B680A011700A0110000000072
:10AC100001000D310200A011000000000200083503
:10AC20004240080001002925FF0001240E002115E3
:10AC3000000000000C000010000008242B680A012E
:10AC40000400A01123400A01234008000300001063
:10AC500026608701500000110000000020300671BE
:10AC6000234826010440C8000E00201900000000FF
:10AC70008000082580000D2D21482D01026A080062
:10AC80000100AD3123400D01404008004242080060
:10AC9000C06D090025400D0125100C010800E003DE
:10ACA00000000000010006242330C9002000C12C50
:10ACB00039002010000000000080013C2540010107
:10ACC00020000D242368A6010448A80102002011D9
:10ACD0000640C800010008350000092480000D2549
:10ACE000E3FFA10500000000E1FF001001000924BE
:10ACF0000E00201500000000214008010500001191
:10AD00000000000020600C7123482C0198FF001007
:10AD100004408801FF0001240F00611100000000C1
:10AD20000080013C1800A114000000002168080107
:10AD30001B00A01500000000FF0001241400611595
:10AD400000000000266885001500A0050000000036
:10AD50000D00001000000000080060150000000059
:10AD600021504A010A0040110000000020604C718F
:10AD700023586C0182FF001004508A0121684A01A7
:10AD80000700A01500000000C4FF001025100500FA
:10AD9000C2FF001025100400C0FF001000000224B4
:10ADA000BEFF0010C0FF023C00000000E0FFBD2716
:10ADB0001C00BFAF1800B2AF1400B1AF1000B0AFAD
:10ADC00015008010218880005C72400F40811100C6
:10ADD0002190400040101100238002025E72400F5B
:10ADE000212000005C72400F000000002B1050007A
:10ADF000FCFF4014000000005E72400F2120500252
:10AE00001C00BF8F1800B28F1400B18F1000B08FDC
:10AE10000800E0032000BD27866B400B0000000007
:10AE2000E0FFBD271C00BFAF1800B2AF1400B1AFE8
:10AE30001000B0AF6272400F21808000219040006E
:10AE400088BF023C0030518C0003317E0A0020563E
:10AE5000004010360010032488BF023C083043AC89
:10AE600088BF033C0030628C00084230FDFF401474
:10AE7000000000000040103681BF023C00F450ACDE
:10AE80006B6B400F0700042481BF023C99AA033C6E
:10AE90005566632410F443AC6655033CAA996334A9
:10AEA00010F443AC0080033481BF023C08F443AC8F
:10AEB00081BF033C00F4628C00804230FDFF4014EF
:10AEC00081BF023C0040032404F443AC0E00201276
:10AED0000010032488BF023C0030428C0003427CF7
:10AEE0000B00401488BF023C083043AC88BF033CD1
:10AEF0000030628C00084230FDFF4014000000006A
:10AF0000C46B400B0000000088BF023C043043AC1F
:10AF10004972400F2120400281BF023C00F4428C64
:10AF2000003042301C00BF8F1800B28F1400B18F68
:10AF30001000B08F0800E0032000BD27E8FFBD2708
:10AF40001400BFAF00E0847C81BF023C20F444AC1D
:10AF5000886B400F044004241400BF8F0800E003F6
:10AF60001800BD27E8FFBD271400BFAF00E0847CB8
:10AF700081BF023C20F444AC81BF023C30F445ACBC
:10AF8000886B400F014004241400BF8F0800E003C9
:10AF90001800BD27E8FFBD271400BFAF00E0847C88
:10AFA00081BF023C20F444AC00E0A57C81BF023CA0
:10AFB00040F445AC886B400F034004241400BF8F5D
:10AFC0000800E0031800BD27E8FFBD271400BFAF4D
:10AFD000886B400F004004241400BF8F0800E0037A
:10AFE0001800BD2700800B3CC2450400FF0008315B
:10AFF000C2550500FF004A31003A04002538EB0035
:10B00000004A050025482B012670850024586E0152
:10B01000FFFF0E25FE00C12D3F00201000000000A4
:10B02000FFFF4E25FE00C12D530020100000000040
:10B030002B08E9000300201400000000423807003C
:10B040000100082582630900F40180011B00EC0067
:10B050001220000010300000FF3F2D311900A40124
:10B0600012280000803306002B70C5000400C011B8
:10B070002330C500FFFF84242130C9002B70C90094
:10B08000F40180011B00CC001238000010300000D9
:10B090001900A70112280000803306002B70C5009C
:10B0A0000400C0112330C500FFFFE7242130C90090
:10B0B0002B70C900807304002138EE000200C0101C
:10B0C000003907000100E7347E000E242370CA0116
:10B0D00021400E01FFFF0E25FE00C12D340020107F
:10B0E000000000008000E7248000EE2C21400E01CB
:10B0F000027207000100CE312338EE00403807000D
:10B10000423A0700C07508002538EE002510EB0014
:10B110000800E00300000000080000150000000027
:10B120002138E7000500E010000000002060EC700E
:10B1300023400C01BAFF00100438870104004815B1
:10B1400000000000217029012F00C0110000000044
:10B15000FF0001240800411100000000120000114E
:10B16000000000002170E7002700C015000000006B
:10B170002200001000000000080040150000000040
:10B18000214829011D0020110000000020602C71C1
:10B1900023504C01A6FF00100448890121702901A9
:10B1A0001900C01500000000D9FF001025100B0089
:10B1B0001200001D0000000001000C242360880123
:10B1C0002000812DF8FF20100000000020000E2438
:10B1D0002370CC010440C70102000011063887012A
:10B1E0000200E734000008248000EE24BDFFC10502
:10B1F00000000000BBFF001001000824807F013C1C
:10B20000C3FF001025106101C1FF0010C0FF023C08
:10B2100000000000C337060025400600AAB80A3C1B
:10B22000293B4A3519004401125000001058000013
:10B2300006006019000000002A68400121504A0100
:10B2400021586B0121586D01FFFFA5240000072440
:10B2500083FFA5240800A12C0A0020140000000090
:10B260002F00A01C00000000235005002000412DED
:10B27000020020140000000000000B340700001042
:10B2800006584B010500A0100000000020000D240E
:10B290002368A5010638AB010458AB000500610521
:10B2A0000000000023580B00FFFF0124264001018D
:10B2B0000100E7242628E6002328A6007F00A52415
:10B2C00000A00C3CD0078C250000848D04008C2548
:10B2D00005000924190064011020000026208800C0
:10B2E000232088000000878D04008C252120870002
:10B2F000FFFF2925F7FF210500000000030080045F
:10B300000000000040200400FFFFA52425100400D9
:10B310002518050025C006000800E0030000000015
:10B320000080043CF9FF0010FFFF0539F8FFBD273E
:10B330000000BFAFC2350400FF00C630002A040081
:10B340000080013C2528A10025380400FFFFC92406
:10B35000FE00212D15002010000000000400A4AF05
:10B360002520050025280600856C400F25300700A4
:10B370002538180025300300252802000400A48F7A
:10B38000FFFFC924FE00212D150020100000000041
:10B390004010050042120200C04D06002510490071
:10B3A0000000BF8F0800E0030800BD270300C014A1
:10B3B00000000000FAFF0010803F023C40480500FA
:10B3C0000300201100000000F5FF0010C0FF023C48
:10B3D0000300810400000000F1FF001000000224BF
:10B3E0000A0081040000000009000824234006012F
:10B3F0002000012D02002014000000000000053490
:10B4000006280501E6FF001025100500E4FF0010E6
:10B41000807F023C00000000C23D0400FF00E730D6
:10B42000C24D0500FF00293100800A3C00320400B3
:10B430002530CA000042050025400A01266085002B
:10B4400024504C01FFFFEC24FE00812D2100201030
:10B4500000000000FFFF2C25FE00812D360020108B
:10B46000000000001900C80012580000020060111E
:10B47000103000000100C6340300C00400000000CA
:10B4800040300600FFFFE72482FF2C252138EC0026
:10B49000FFFFEC24FE00812D3A0020100000000088
:10B4A0008000C6248000CC2C2138EC00026206000B
:10B4B00001008C312330CC004030060042320600BF
:10B4C000C06507002530CC002510CA000800E00345
:10B4D000000000000D00E014000000002130C60054
:10B4E0000500C010000000002058CB702338EB008E
:10B4F000D8FF001004306601FF0001241F00211155
:10B500000000000015000010000000002160C600CF
:10B510001A00801500000000040020150000000043
:10B52000216008011500801100000000FF000124C7
:10B530000F002115000000000A0020150000000087
:10B5400021400801050000110000000020580B7187
:10B5500023482B01C3FF001004406801DBFF0010EB
:10B5600025100A0021600801040080150000000079
:10B57000807F013CD5FF001025104101D3FF001052
:10B58000C0FF023CFAFFE01C0000000001000B2499
:10B59000235867012000612DF0FF201000000000FB
:10B5A00020000C2423608B01043886010200E01087
:10B5B000063066010200C634000007248000CC2457
:10B5C000B7FF810500000000B5FF0010010007244F
:10B5D00000000000E8FFBD270000BFAFC245040027
:10B5E000003A04000080013C2538E100FFFF0D25F2
:10B5F000FE00A12D48002010000000000400A4AFB0
:10B600001000A7AF1400A8AF252007007D6F400FE2
:10B610002528080025601800255803002550020041
:10B620001400A88F1000A78F0400A48F01000D3113
:10B630000200A011000000004238070019004A0172
:10B6400012300000102800002328A7002568A6005B
:10B650002700A011000000001200A004000000005C
:10B66000FFFF4A250100CD2CFFFFC6242328AD0093
:10B670002B68CA002330CA002328AD002B68CA00FB
:10B680002330CA002328AD001900A00400000000E8
:10B690002568A600F2FFA0150000000014000010AD
:10B6A0000000000001004A2501004D2D0F00A015EB
:10B6B000000000002130CA002B68CA002128AD001C
:10B6C0002130CA002B68CA002128AD000100CD2C12
:10B6D000FFFFC6242328AD00F2FFA00400000000F5
:10B6E0002568A6000200A01100000000FFFF4A2507
:10B6F00080004A2580004D2D21586D0140100A0020
:10B7000042120200C06D0B0025104D000000BF8FDB
:10B710000800E0031800BD270600810400000000B7
:10B72000406804001300A01500000000F7FF00109F
:10B73000251004000A000015000000002138E70071
:10B740000500E010000000002028E57023400501FE
:10B75000AAFF00100438A700ECFF0010000002242C
:10B760002168E7000300A01500000000E7FF0010BB
:10B7700025100400E5FF0010C0FF023C000000009F
:10B7800000A0023C1C09478C00A0023C7C114B8CA1
:10B790002B10EB000400405000A0053C00A0023C30
:10B7A0000C6E400B1C094BAC7C11A5242120000021
:10B7B00003010A240000A68C2B18C7001900605052
:10B7C000010084240400A98C2B1827011500605463
:10B7D000010084248010040000410400214048003E
:10B7E000801008002110020121104B002338E600D0
:10B7F0008018070000390700211867008020030027
:10B8000021186400233026011B006600F401C000EB
:10B81000123000002110460000A0043C0B6E400BCB
:10B820001C0982ACE3FF8A140400A52400A0023C9A
:10B830001C09428C0800E003708382AF00A0023C28
:10B840002009478C00A0023C88154B8C2B10EB0084
:10B850000400405000A0053C00A0023C3B6E400BA1
:10B8600020094BAC8815A5242120000051000A2492
:10B870000000A68C2B18C70019006050010084241A
:10B880000400A98C2B1827011500605401008424A2
:10B89000C01004004041040021404800801008000E
:10B8A0002110020121104B002338E600C0180700C8
:10B8B0004039070021186700802003002118640028
:10B8C000233026011B006600F401C0001230000086
:10B8D0002110460000A0043C3A6E400B200982ACC7
:10B8E000E3FF8A140400A52400A0023C2009428C36
:10B8F0000800E003708582AF500002240800E003D6
:10B900004C8382A3328382930200401450000224AD
:10B910004C8382A30800E00300000000A48582930A
:10B9200002004014280002244C8382A30800E00394
:10B9300000000000A4858393030002240200621427
:10B94000280002244C8382A30800E00300000000CA
:10B9500000A0023CFC0A438C00A0023CF40B428C89
:10B960002B204300170080102B106200A4858293C7
:10B970000A004014A48583939A8382932900432C60
:10B9800006006014A4858393E7FF4224FF00423041
:10B990009A8382A34C8382A3A48583930300022409
:10B9A0001E0062140D8282937800432C1B006010ED
:10B9B00019004224FF0042300D8282A30800E003F8
:10B9C0004C8382A315004010A48582930A00401482
:10B9D000A48583939A8382937800432C0600601099
:10B9E000A485839319004224FF0042309A8382A3E6
:10B9F0004C8382A3A485839303000224070062146E
:10BA00000D8282932900432C04006014E7FF422436
:10BA1000FF0042300D8282A34C8382A30800E00322
:10BA20000000000000A0023C040A428C3601432CB6
:10BA300007006014CAFE42240F0003241B004300C9
:10BA4000F401600012180000D78283A30C8480A345
:10BA50000800E003000000000800E0030000000010
:10BA60000800E00300000000D8FFBD271C00B1AFB4
:10BA700000A0113CEC07228E029D033CB4C9638CEC
:10BA8000010042302000B2AF1800B0AF2400BFAFB9
:10BA9000218080002190A000240040101000A3AF5E
:10BAA0002870400F00000000212040004072400F2D
:10BAB0002128600014004014212000027B70400FF8
:10BAC0002128000010004104212000022870400FAE
:10BAD00021204002212040004072400F21286000B8
:10BAE00009004014212000021000A527F36F400F29
:10BAF00021204002212040007B70400F21280000BF
:10BB000023004014212000027B70400F21280000F8
:10BB10000700401421200002212040027B70400FCA
:10BB2000212800001B0040182100032421200002CE
:10BB3000D465400F2128400221804000EC07228E6E
:10BB4000010042300C0040102400BF8F2870400FCD
:10BB500021200002212040004072400F2128600077
:10BB6000050040102400BF8F2200032400A0023CE7
:10BB7000BC0143AC2400BF8F211000022000B28F13
:10BB80001C00B18F1800B08F0800E0032800BD270B
:10BB90002100032400A0023C21200000F8FF053C06
:10BBA0003D6F400FBC0143AC2400BF8F218040009B
:10BBB000211000022000B28F1C00B18F1800B08F3E
:10BBC0000800E0032800BD27FEFF092440500500BF
:10BBD00040580700255864012558660125504B013F
:10BBE00003004015000000003C000010000002248B
:10BBF000020080104040050001000825E0FF013CE4
:10BC0000010021342B080101370020100000000042
:10BC10000200C0104040070001000825E0FF013C81
:10BC2000010021342B0801012F002010000000002A
:10BC30001600A104000000000300E0040000000062
:10BC400026000010FFFF02242B50860023208600D0
:10BC50002B58AA002328AA002B50A70025504B01DF
:10BC6000030040112328A7001C000010010002243B
:10BC70002550A40003004011000000001700001030
:10BC8000FFFF022415000010000002240300E1045D
:10BC90000000000011000010010002242B5086005B
:10BCA000232086002B58AA002328AA002B50A70087
:10BCB00025504B01030040112328A7000700001066
:10BCC000FFFF02242550A4000300401100000000E3
:10BCD0000200001001000224000002240800E0031A
:10BCE0000000000000000000FCFF0010251009000B
:10BCF00000000000C03A0500425D04002538EB005A
:10BD0000C03204000080013C2538E1000080013C85
:10BD10002448A100404005004245080080FC082559
:10BD2000FFFF0B25FE00612D120020100000000017
:10BD30000200C010000000000100E7348000E7248A
:10BD40008000EB2C21400B01025A070001006B31EF
:10BD50002338EB0040380700423A0700C05D080076
:10BD60002538EB002510E9000800E0030000000082
:10BD7000000000007F0401240700011500000000FE
:10BD800040580700255866010300601100000000BC
:10BD9000F5FF0010C0FF023CFF0001290400201441
:10BDA00000000000807F013CEFFF00102510210102
:10BDB00001000A24235048012000412D03002014D3
:10BDC00000000000E8FF00102510090020000C24EE
:10BDD00023608A01045887012530CB0006384701CB
:10BDE000000008240080013CD1FF00102538E1004C
:10BDF000000000003A008010000000000100AD309B
:10BE00000B00A01100000000F267093C0018293562
:10BE10001900890010480000134D013C00482134EE
:10BE20002148210142200400070000100100A52440
:10BE30000093093C1900890010480000FF6C013C88
:10BE400000FC213421482101433805003F00E7244C
:10BE5000C24B0900F40120011B00890012500000B0
:10BE6000804B090000540A0021482A012B682A014E
:10BE700023482D0100800A3C025C0900F4016001A6
:10BE80001B004B011250000000540A000200401534
:10BE900000000000FFFF0A2419002A0110580000CA
:10BEA00023580B0019004B011050000019004401E9
:10BEB0001050000040500A004248090021482A0161
:10BEC0002B682A0123482D01253009002510060082
:10BED0002518070025C008000800E0030000000046
:10BEE00000000724F9FF00102530070000000000C3
:10BEF000A8FFBD270400A1AF0800A2AF0C00A3AFAC
:10BF00001000A4AF1400A5AF1800A6AF1C00A7AF87
:10BF10002000A8AF2400A9AF2800AAAF2C00ABAF27
:10BF20003000ACAF3400ADAF3800AEAF3C00AFAFC7
:10BF30004000B8AF4400B9AF4800BFAF12400000A6
:10BF40004C00A8AF104000005000A8AF029D1A3C62
:10BF5000ECC65A270000000000680440006005405D
:10BF600009F84003000000005000A88F11000001F4
:10BF70004C00A88F130000010400A18F0800A28FBD
:10BF80000C00A38F1000A48F1400A58F1800A68F9B
:10BF90001C00A78F2000A88F2400A98F2800AA8F3B
:10BFA0002C00AB8F3000AC8F3400AD8F3800AE8FDB
:10BFB0003C00AF8F4000B88F4400B98F4800BF8F5E
:10BFC0005800BD27C000000018000042C23D040018
:10BFD000FF00E7300080083C003204002530C80034
:10BFE00024400401FF0001242800E11000000000AB
:10BFF0002548060025500700255808009E000C24FF
:10C0000023608701060080190000000020008129BC
:10C010001C00201000000000064889010448890126
:10C020004060090042620C00C06D0A0025608D016D
:10C0300025688B010000ADAC2360EA002000812D53
:10C0400002002014000000000000093406488901A5
:10C050002330C9000800C010000000002060CC7030
:10C060002338EC00043086014030060042320600DE
:10C07000C06D07002530CD002510C8000800E00382
:10C0800000000000F8FF00100000A8ACC0FF043C56
:10C090000000A4ACF9FF001025100400000000000F
:10C0A000C23D0400FF00E7300080013C24308100E5
:10C0B000FFFFE924FE00212D0D00201000000000EC
:10C0C0008003E724404A0400024B09002530C900E0
:10C0D000402F0400004D07002530C9002510050041
:10C0E000251806000800E003000000000000000022
:10C0F0000000052421208400F6FF801000000000CD
:10C100000900E01400000000FFFFE7242120840064
:10C110008000013C2B088100FBFF20140000000080
:10C12000E7FF001000000000FF07072400FF013CAC
:10C13000010021342B088100E6FF201400000000DC
:10C14000E4FF0010F8FF063C00000000800003241C
:10C1500088BF023C386143AC0800E00300000000E7
:10C160008000032488BF023C346143AC0800E00334
:10C17000000000001000032488BF023C346143AC7F
:10C1800080BF023C100C40AC0800033C88BF023C5E
:10C19000341043AC0C84829380180200802102008A
:10C1A000232083005802842480BF033C100C628C3F
:10C1B0002B104400FDFF401488BF023C0200032402
:10C1C000346543AC0800E0030000000002000324D3
:10C1D00088BF023C386543AC1000032488BF023C92
:10C1E000386143AC0800E00300000000FEFF0824B3
:10C1F00040300400403805002548C7001B002011CE
:10C200000000000000FF013C010021342B08C100A8
:10C210001A0020100000000000FF013C0100213442
:10C220002B08E1001500201000000000020081042E
:10C2300042300600233006000200A1044238070005
:10C24000233807002A08C700030020100000000060
:10C2500007000010FFFF02242A08E6000300201058
:10C26000000000000200001001000224000002246F
:10C270000800E0030000000000000000FCFF0010C8
:10C280002510080000000000D8FFBD271C00B2AF39
:10C2900000F0847C2000B3AF1800B1AF1400B0AF41
:10C2A0002400BFAF2870400F029D123CA8C9468EE3
:10C2B000ACC9478E21204000212860002180400029
:10C2C000218860002771400F0100132409004014E9
:10C2D0002400BF8FA8C9468EACC9478E212000021A
:10C2E000F26E400F212820020100405C21980000DE
:10C2F0002400BF8F0100623A010042302000B38F5A
:10C300001C00B28F1800B18F1400B08F0800E0033A
:10C310002800BD27D8FFBD271C00B2AF00F0847CE9
:10C320002000B3AF1800B1AF1400B0AF2400BFAF0E
:10C330002870400F029D123CA8C9468EACC9478E9A
:10C3400021204000212860002180400021886000D9
:10C350002771400F01001324090040142400BF8FEF
:10C36000A8C9468EACC9478E21200002F26E400F4C
:10C37000212820020100405C219800002400BF8F8A
:10C380000100623A010042302000B38F1C00B28FDE
:10C390001800B18F1400B08F0800E0032800BD27FB
:10C3A000002A04000080013C2528A100C23D0400B1
:10C3B000FF00E7309E0006242330C7000D00C018A0
:10C3C000000000002000C12803002014000000002D
:10C3D0000500001000000224020081040628C500A8
:10C3E00023280500251005000800E00300000000D8
:10C3F00000000000807F013C010021342B088100F7
:10C400000300201400000000F7FF00100080023C31
:10C41000FF7F023CF4FF0010FFFF423400000000E9
:10C42000002A04000080013C2528A100C23D040030
:10C43000FF00E7309E0006242330C7000D00C00433
:10C44000000000002000C1280300201400000000AC
:10C450000500001000000224020081040628C50027
:10C4600023280500251005000800E0030000000057
:10C4700000000000807F013C010021342B08810076
:10C480000300201400000000F7FF00100080023CB1
:10C49000F5FF0010FFFF022400000000F07F023CC7
:10C4A00000F0A57C010043242B18A3000F0060506E
:10C4B000010002240A00A210F07F033C00F0E77C98
:10C4C000010064242B20E4000800801001000224F5
:10C4D0000800E310000000000800E0032110000045
:10C4E000F6FF801000000000010002240800E003B5
:10C4F00000000000FDFFC050211000000800E00314
:10C50000000000000080013C1200801024308100F7
:10C510000200810400000000232004009E00052486
:10C52000203887702328A7000420E400800084249A
:10C530008000882C2128A800034204000100083153
:10C54000232088004020040042220400C04505004A
:10C5500025208800251086000800E0030000000068
:10C560000000000000A0023CC01C42241000032474
:10C570003A0043A0270003243B0043A06A000324A1
:10C58000500043A0180003240800E003510043A01A
:10C5900000A0023CC01C42246A0003243A0043A0CD
:10C5A000180003243B0043A010000324440043A0D0
:10C5B000270003240800E003450043A000A0023C3C
:10C5C000EC07428CE8FFBD27010042301000B0AFFD
:10C5D0001400BFAF07004010218080007B70400F27
:10C5E00021280000030041042100032400A0023C94
:10C5F000BC0143AC756D400F212000021400BF8FB9
:10C600001000B08F0800E0031800BD270000043CB4
:10C61000E8FFBD2700008424030080101400BFAF92
:10C6200009F8800000000000000084300000A53000
:10C630002D30400F000000000000023C00004224AA
:10C64000030040100000000009F840000000000056
:10C65000F9FF001000000000E8FFBD271400BFAF85
:10C6600006008004211080004171400F000000008E
:10C670001400BF8F0800E0031800BD2701004230FE
:10C68000422004004171400F2520820021204000FB
:10C69000CF6A400F212840001400BF8F0800E0033C
:10C6A0001800BD270000023CE8FFBD27000042241F
:10C6B000060040101400BFAF0000023C00004224FE
:10C6C00003004010029D023C3F000070029D023CAE
:10C6D00034C74224030040100000000009F8400065
:10C6E00000000000B971400B000000000000023C97
:10C6F000E8FFBD2700004224060040101400BFAF31
:10C700000000023C0000422403004010029D023C55
:10C710003F000070029D023C34C7422403004010D9
:10C720000000000009F8400000000000CB71400B41
:10C730000000000000606041C000000099AA033CB6
:10C7400081BF023C5566632430F240AC30F243AC0A
:10C750006655033CAA99633430F243AC81BF023C76
:10C760000100032418F643AC81BF023C10F6428C52
:10C77000CF71400B00000000E8FFBD271000B0AFF4
:10C780001400BFAF2870400F01001024212040008A
:10C7900021286000213040002771400F21386000BF
:10C7A00001004050218000001400BF8F21100002C2
:10C7B0001000B08F0800E0031800BD27E8FFBD2778
:10C7C0001000B0AF1400BFAF2870400F010010245C
:10C7D0002120400021286000213040002771400FB7
:10C7E0002138600001004050218000001400BF8FFC
:10C7F000211000021000B08F0800E0031800BD27D0
:10C800000000003F000020449A99993E3333333FA3
:10C81000000010410000003E0000204100003041B7
:10C820000000A041000004420000F041000064420A
:10C830000000204200004842029D023C90C9422470
:10C8400080200400212082000000828C0000438CA4
:10C85000C418A37C000043AC1000428C03000324E6
:10C86000400042300A1802000800E0032110600076
:10C870000000023C00004224050040100000023C81
:10C880000000422403004010029D023C3F00007063
:10C89000029D023C34C74224FDFF4010000000000E
:10C8A00009F8400000000000E8FFBD271400BFAFFA
:10C8B000006803408000023C25106200006882404E
:10C8C0000010032488BF023C6072400F081043AC84
:10C8D0001400BF8F0800E0031800BD27F07F033C61
:10C8E0002430A3000300C3100098A57C0800E003D7
:10C8F00021100000252085000800E0032B10040013
:10C90000F07F033C2430A3000300C3100098A57CF3
:10C910000800E00321100000252085000800E00346
:10C920000100822C0100843003008014000000000C
:10C930000800E003006060410800E00320606041FF
:10C9400000601A40BFFF1B3CFFFF7B3724D05B0316
:10C9500000609A4018000042000000390000803F4B
:10C9600000000046008047450000FA410050C345E2
:10C970000800E003004802400800E003004884404B
:10C980000800E003206062410800E00300606241AB
:10C99000005080BF005180BF0800E003000000008D
:10C9A0000800E00300000000FFFFFFFFFFFFEF7F34
:10C9B0001E0000000000803FFFFFFFFFFFFFFFFFA2
:10C9C000FFFFFFFFFFFFFFFFFFFFFFFFFFFFFFFF77
:10C9D000FFFFFFFFFFFFFFFFFFFFFFFFFFFFFFFF67
:10C9E000FFFFFFFFFFFFFFFFFFFFFFFFFFFFFFFF57
:10C9F000FFFFFFFFFFFFFFFFFFFFFFFFFFFFFFFF47
:10CA0000FFFFFFFFFFFFFFFFFFFFFFFFFFFFFFFF36
:10CA1000FFFFFFFFFFFFFFFFFFFFFFFFFFFFFFFF26
:10CA2000FFFFFFFFFFFFFFFFFFFFFFFFFFFFFFFF16
:10CA3000FFFFFFFFFFFFFFFFFFFFFFFFFFFFFFFF06
:10CA4000FFFFFFFFFFFFFFFFFFFFFFFFFFFFFFFFF6
:10CA5000FFFFFFFFFFFFFFFFFFFFFFFFFFFFFFFFE6
:10CA6000FFFFFFFFFFFFFFFFFFFFFFFFFFFFFFFFD6
:10CA7000FFFFFFFFFFFFFFFFFFFFFFFFFFFFFFFFC6
:10CA8000FFFFFFFFFFFFFFFFFFFFFFFFFFFFFFFFB6
:10CA9000FFFFFFFFFFFFFFFFFFFFFFFFFFFFFFFFA6
:10CAA000FFFFFFFFFFFFFFFFFFFFFFFFFFFFFFFF96
:10CAB000FFFFFFFFFFFFFFFFFFFFFFFFFFFFFFFF86
:10CAC000FFFFFFFFFFFFFFFFFFFFFFFFFFFFFFFF76
:10CAD000FFFFFFFFFFFFFFFFFFFFFFFFFFFFFFFF66
:10CAE000FFFFFFFFFFFFFFFFFFFFFFFFFFFFFFFF56
:10CAF000FFFFFFFFFFFFFFFFFFFFFFFFFFFFFFFF46
:10CB0000FFFFFFFFFFFFFFFFFFFFFFFFFFFFFFFF35
:10CB1000FFFFFFFFFFFFFFFFFFFFFFFFFFFFFFFF25
:10CB2000FFFFFFFFFFFFFFFFFFFFFFFFFFFFFFFF15
:10CB3000FFFFFFFFFFFFFFFFFFFFFFFFFFFFFFFF05
:10CB4000FFFFFFFFFFFFFFFFFFFFFFFFFFFFFFFFF5
:10CB5000FFFFFFFFFFFFFFFFFFFFFFFFFFFFFFFFE5
:10CB6000FFFFFFFFFFFFFFFFFFFFFFFFFFFFFFFFD5
:10CB7000FFFFFFFFFFFFFFFFFFFFFFFFFFFFFFFFC5
:10CB8000FFFFFFFFFFFFFFFFFFFFFFFFFFFFFFFFB5
:10CB9000FFFFFFFFFFFFFFFFFFFFFFFFFFFFFFFFA5
:10CBA000FFFFFFFFFFFFFFFFFFFFFFFFFFFFFFFF95
:10CBB000FFFFFFFFFFFFFFFFFFFFFFFFFFFFFFFF85
:10CBC000FFFFFFFFFFFFFFFFFFFFFFFFFFFFFFFF75
:10CBD000FFFFFFFFFFFFFFFFFFFFFFFFFFFFFFFF65
:10CBE000FFFFFFFFFFFFFFFFFFFFFFFFFFFFFFFF55
:10CBF000FFFFFFFFFFFFFFFFFFFFFFFFFFFFFFFF45
:10CC0000FFFFFFFFFFFFFFFFFFFFFFFFFFFFFFFF34
:10CC1000FFFFFFFFFFFFFFFFFFFFFFFFFFFFFFFF24
:10CC2000FFFFFFFFFFFFFFFFFFFFFFFFFFFFFFFF14
:10CC3000FFFFFFFFFFFFFFFFFFFFFFFFFFFFFFFF04
:10CC4000FFFFFFFFFFFFFFFFFFFFFFFFFFFFFFFFF4
:10CC5000FFFFFFFFFFFFFFFFFFFFFFFFFFFFFFFFE4
:10CC6000FFFFFFFFFFFFFFFFFFFFFFFFFFFFFFFFD4
:10CC7000FFFFFFFFFFFFFFFFFFFFFFFFFFFFFFFFC4
:10CC8000FFFFFFFFFFFFFFFFFFFFFFFFFFFFFFFFB4
:10CC9000FFFFFFFFFFFFFFFFFFFFFFFFFFFFFFFFA4
:10CCA000FFFFFFFFFFFFFFFFFFFFFFFFFFFFFFFF94
:10CCB000FFFFFFFFFFFFFFFFFFFFFFFFFFFFFFFF84
:10CCC000FFFFFFFFFFFFFFFFFFFFFFFFFFFFFFFF74
:10CCD000FFFFFFFFFFFFFFFFFFFFFFFFFFFFFFFF64
:10CCE000FFFFFFFFFFFFFFFFFFFFFFFFFFFFFFFF54
:10CCF000FFFFFFFFFFFFFFFFFFFFFFFFFFFFFFFF44
:10CD0000FFFFFFFFFFFFFFFFFFFFFFFFFFFFFFFF33
:10CD1000FFFFFFFFFFFFFFFFFFFFFFFFFFFFFFFF23
:10CD2000FFFFFFFFFFFFFFFFFFFFFFFFFFFFFFFF13
:10CD3000FFFFFFFFFFFFFFFFFFFFFFFFFFFFFFFF03
:10CD4000FFFFFFFFFFFFFFFFFFFFFFFFFFFFFFFFF3
:10CD5000FFFFFFFFFFFFFFFFFFFFFFFFFFFFFFFFE3
:10CD6000FFFFFFFFFFFFFFFFFFFFFFFFFFFFFFFFD3
:10CD7000FFFFFFFFFFFFFFFFFFFFFFFFFFFFFFFFC3
:10CD8000FFFFFFFFFFFFFFFFFFFFFFFFFFFFFFFFB3
:10CD9000FFFFFFFFFFFFFFFFFFFFFFFFFFFFFFFFA3
:10CDA000FFFFFFFFFFFFFFFFFFFFFFFFFFFFFFFF93
:10CDB000FFFFFFFFFFFFFFFFFFFFFFFFFFFFFFFF83
:10CDC000FFFFFFFFFFFFFFFFFFFFFFFFFFFFFFFF73
:10CDD000FFFFFFFFFFFFFFFFFFFFFFFFFFFFFFFF63
:10CDE000FFFFFFFFFFFFFFFFFFFFFFFFFFFFFFFF53
:10CDF000FFFFFFFFFFFFFFFFFFFFFFFFFFFFFFFF43
:10CE0000FFFFFFFFFFFFFFFFFFFFFFFFFFFFFFFF32
:10CE1000FFFFFFFFFFFFFFFFFFFFFFFFFFFFFFFF22
:10CE2000FFFFFFFFFFFFFFFFFFFFFFFFFFFFFFFF12
:10CE3000FFFFFFFFFFFFFFFFFFFFFFFFFFFFFFFF02
:10CE4000FFFFFFFFFFFFFFFFFFFFFFFFFFFFFFFFF2
:10CE5000FFFFFFFFFFFFFFFFFFFFFFFFFFFFFFFFE2
:10CE6000FFFFFFFFFFFFFFFFFFFFFFFFFFFFFFFFD2
:10CE7000FFFFFFFFFFFFFFFFFFFFFFFFFFFFFFFFC2
:10CE8000FFFFFFFFFFFFFFFFFFFFFFFFFFFFFFFFB2
:10CE9000FFFFFFFFFFFFFFFFFFFFFFFFFFFFFFFFA2
:10CEA000FFFFFFFFFFFFFFFFFFFFFFFFFFFFFFFF92
:10CEB000FFFFFFFFFFFFFFFFFFFFFFFFFFFFFFFF82
:10CEC000FFFFFFFFFFFFFFFFFFFFFFFFFFFFFFFF72
:10CED000FFFFFFFFFFFFFFFFFFFFFFFFFFFFFFFF62
:10CEE000FFFFFFFFFFFFFFFFFFFFFFFFFFFFFFFF52
:10CEF000FFFFFFFFFFFFFFFFFFFFFFFFFFFFFFFF42
:10CF0000FFFFFFFFFFFFFFFFFFFFFFFFFFFFFFFF31
:10CF1000FFFFFFFFFFFFFFFFFFFFFFFFFFFFFFFF21
:10CF2000FFFFFFFFFFFFFFFFFFFFFFFFFFFFFFFF11
:10CF3000FFFFFFFFFFFFFFFFFFFFFFFFFFFFFFFF01
:10CF4000FFFFFFFFFFFFFFFFFFFFFFFFFFFFFFFFF1
:10CF5000FFFFFFFFFFFFFFFFFFFFFFFFFFFFFFFFE1
:10CF6000FFFFFFFFFFFFFFFFFFFFFFFFFFFFFFFFD1
:10CF7000FFFFFFFFFFFFFFFFFFFFFFFFFFFFFFFFC1
:10CF8000FFFFFFFFFFFFFFFFFFFFFFFFFFFFFFFFB1
:10CF9000FFFFFFFFFFFFFFFFFFFFFFFFFFFFFFFFA1
:10CFA000FFFFFFFFFFFFFFFFFFFFFFFFFFFFFFFF91
:10CFB000FFFFFFFFFFFFFFFFFFFFFFFFFFFFFFFF81
:10CFC000FFFFFFFFFFFFFFFFFFFFFFFFFFFFFFFF71
:10CFD000FFFFFFFFFFFFFFFFFFFFFFFFFFFFFFFF61
:10CFE000FFFFFFFFFFFFFFFFFFFFFFFFFFFFFFFF51
:10CFF000FFFFFFFFFFFFFFFFFFFFFFFFFFFFFFFF41
:10D00000FFFFFFFFFFFFFFFFFFFFFFFFFFFFFFFF30
:10D01000FFFFFFFFFFFFFFFFFFFFFFFFFFFFFFFF20
:10D02000FFFFFFFFFFFFFFFFFFFFFFFFFFFFFFFF10
:10D03000FFFFFFFFFFFFFFFFFFFFFFFFFFFFFFFF00
:10D04000FFFFFFFFFFFFFFFFFFFFFFFFFFFFFFFFF0
:10D05000FFFFFFFFFFFFFFFFFFFFFFFFFFFFFFFFE0
:10D06000FFFFFFFFFFFFFFFFFFFFFFFFFFFFFFFFD0
:10D07000FFFFFFFFFFFFFFFFFFFFFFFFFFFFFFFFC0
:10D08000FFFFFFFFFFFFFFFFFFFFFFFFFFFFFFFFB0
:10D09000FFFFFFFFFFFFFFFFFFFFFFFFFFFFFFFFA0
:10D0A000FFFFFFFFFFFFFFFFFFFFFFFFFFFFFFFF90
:10D0B000FFFFFFFFFFFFFFFFFFFFFFFFFFFFFFFF80
:10D0C000FFFFFFFFFFFFFFFFFFFFFFFFFFFFFFFF70
:10D0D000FFFFFFFFFFFFFFFFFFFFFFFFFFFFFFFF60
:10D0E000FFFFFFFFFFFFFFFFFFFFFFFFFFFFFFFF50
:10D0F000FFFFFFFFFFFFFFFFFFFFFFFFFFFFFFFF40
:10D10000FFFFFFFFFFFFFFFFFFFFFFFFFFFFFFFF2F
:10D11000FFFFFFFFFFFFFFFFFFFFFFFFFFFFFFFF1F
:10D12000FFFFFFFFFFFFFFFFFFFFFFFFFFFFFFFF0F
:10D13000FFFFFFFFFFFFFFFFFFFFFFFFFFFFFFFFFF
:10D14000FFFFFFFFFFFFFFFFFFFFFFFFFFFFFFFFEF
:10D15000FFFFFFFFFFFFFFFFFFFFFFFFFFFFFFFFDF
:10D16000FFFFFFFFFFFFFFFFFFFFFFFFFFFFFFFFCF
:10D17000FFFFFFFFFFFFFFFFFFFFFFFFFFFFFFFFBF
:10D18000FFFFFFFFFFFFFFFFFFFFFFFFFFFFFFFFAF
:10D19000FFFFFFFFFFFFFFFFFFFFFFFFFFFFFFFF9F
:10D1A000FFFFFFFFFFFFFFFFFFFFFFFFFFFFFFFF8F
:10D1B000FFFFFFFFFFFFFFFFFFFFFFFFFFFFFFFF7F
:10D1C000FFFFFFFFFFFFFFFFFFFFFFFFFFFFFFFF6F
:10D1D000FFFFFFFFFFFFFFFFFFFFFFFFFFFFFFFF5F
:10D1E000FFFFFFFFFFFFFFFFFFFFFFFFFFFFFFFF4F
:10D1F000FFFFFFFFFFFFFFFFFFFFFFFFFFFFFFFF3F
:10D20000FFFFFFFFFFFFFFFFFFFFFFFFFFFFFFFF2E
:10D21000FFFFFFFFFFFFFFFFFFFFFFFFFFFFFFFF1E
:10D22000FFFFFFFFFFFFFFFFFFFFFFFFFFFFFFFF0E
:10D23000FFFFFFFFFFFFFFFFFFFFFFFFFFFFFFFFFE
:10D24000FFFFFFFFFFFFFFFFFFFFFFFFFFFFFFFFEE
:10D25000FFFFFFFFFFFFFFFFFFFFFFFFFFFFFFFFDE
:10D26000FFFFFFFFFFFFFFFFFFFFFFFFFFFFFFFFCE
:10D27000FFFFFFFFFFFFFFFFFFFFFFFFFFFFFFFFBE
:10D28000FFFFFFFFFFFFFFFFFFFFFFFFFFFFFFFFAE
:10D29000FFFFFFFFFFFFFFFFFFFFFFFFFFFFFFFF9E
:10D2A000FFFFFFFFFFFFFFFFFFFFFFFFFFFFFFFF8E
:10D2B000FFFFFFFFFFFFFFFFFFFFFFFFFFFFFFFF7E
:10D2C000FFFFFFFFFFFFFFFFFFFFFFFFFFFFFFFF6E
:10D2D000FFFFFFFFFFFFFFFFFFFFFFFFFFFFFFFF5E
:10D2E000FFFFFFFFFFFFFFFFFFFFFFFFFFFFFFFF4E
:10D2F000FFFFFFFFFFFFFFFFFFFFFFFFFFFFFFFF3E
:10D30000FFFFFFFFFFFFFFFFFFFFFFFFFFFFFFFF2D
:10D31000FFFFFFFFFFFFFFFFFFFFFFFFFFFFFFFF1D
:10D32000FFFFFFFFFFFFFFFFFFFFFFFFFFFFFFFF0D
:10D33000FFFFFFFFFFFFFFFFFFFFFFFFFFFFFFFFFD
:10D34000FFFFFFFFFFFFFFFFFFFFFFFFFFFFFFFFED
:10D35000FFFFFFFFFFFFFFFFFFFFFFFFFFFFFFFFDD
:10D36000FFFFFFFFFFFFFFFFFFFFFFFFFFFFFFFFCD
:10D37000FFFFFFFFFFFFFFFFFFFFFFFFFFFFFFFFBD
:10D38000FFFFFFFFFFFFFFFFFFFFFFFFFFFFFFFFAD
:10D39000FFFFFFFFFFFFFFFFFFFFFFFFFFFFFFFF9D
:10D3A000FFFFFFFFFFFFFFFFFFFFFFFFFFFFFFFF8D
:10D3B000FFFFFFFFFFFFFFFFFFFFFFFFFFFFFFFF7D
:10D3C000FFFFFFFFFFFFFFFFFFFFFFFFFFFFFFFF6D
:10D3D000FFFFFFFFFFFFFFFFFFFFFFFFFFFFFFFF5D
:10D3E000FFFFFFFFFFFFFFFFFFFFFFFFFFFFFFFF4D
:10D3F000FFFFFFFFFFFFFFFFFFFFFFFFFFFFFFFF3D
:10D40000FFFFFFFFFFFFFFFFFFFFFFFFFFFFFFFF2C
:10D41000FFFFFFFFFFFFFFFFFFFFFFFFFFFFFFFF1C
:10D42000FFFFFFFFFFFFFFFFFFFFFFFFFFFFFFFF0C
:10D43000FFFFFFFFFFFFFFFFFFFFFFFFFFFFFFFFFC
:10D44000FFFFFFFFFFFFFFFFFFFFFFFFFFFFFFFFEC
:10D45000FFFFFFFFFFFFFFFFFFFFFFFFFFFFFFFFDC
:10D46000FFFFFFFFFFFFFFFFFFFFFFFFFFFFFFFFCC
:10D47000FFFFFFFFFFFFFFFFFFFFFFFFFFFFFFFFBC
:10D48000FFFFFFFFFFFFFFFFFFFFFFFFFFFFFFFFAC
:10D49000FFFFFFFFFFFFFFFFFFFFFFFFFFFFFFFF9C
:10D4A000FFFFFFFFFFFFFFFFFFFFFFFFFFFFFFFF8C
:10D4B000FFFFFFFFFFFFFFFFFFFFFFFFFFFFFFFF7C
:10D4C000FFFFFFFFFFFFFFFFFFFFFFFFFFFFFFFF6C
:10D4D000FFFFFFFFFFFFFFFFFFFFFFFFFFFFFFFF5C
:10D4E000FFFFFFFFFFFFFFFFFFFFFFFFFFFFFFFF4C
:10D4F000FFFFFFFFFFFFFFFFFFFFFFFFFFFFFFFF3C
:10D50000FFFFFFFFFFFFFFFFFFFFFFFFFFFFFFFF2B
:10D51000FFFFFFFFFFFFFFFFFFFFFFFFFFFFFFFF1B
:10D52000FFFFFFFFFFFFFFFFFFFFFFFFFFFFFFFF0B
:10D53000FFFFFFFFFFFFFFFFFFFFFFFFFFFFFFFFFB
:10D54000FFFFFFFFFFFFFFFFFFFFFFFFFFFFFFFFEB
:10D55000FFFFFFFFFFFFFFFFFFFFFFFFFFFFFFFFDB
:10D56000FFFFFFFFFFFFFFFFFFFFFFFFFFFFFFFFCB
:10D57000FFFFFFFFFFFFFFFFFFFFFFFFFFFFFFFFBB
:10D58000FFFFFFFFFFFFFFFFFFFFFFFFFFFFFFFFAB
:10D59000FFFFFFFFFFFFFFFFFFFFFFFFFFFFFFFF9B
:10D5A000FFFFFFFFFFFFFFFFFFFFFFFFFFFFFFFF8B
:10D5B000FFFFFFFFFFFFFFFFFFFFFFFFFFFFFFFF7B
:10D5C000FFFFFFFFFFFFFFFFFFFFFFFFFFFFFFFF6B
:10D5D000FFFFFFFFFFFFFFFFFFFFFFFFFFFFFFFF5B
:10D5E000FFFFFFFFFFFFFFFFFFFFFFFFFFFFFFFF4B
:10D5F000FFFFFFFFFFFFFFFFFFFFFFFFFFFFFFFF3B
:10D60000FFFFFFFFFFFFFFFFFFFFFFFFFFFFFFFF2A
:10D61000FFFFFFFFFFFFFFFFFFFFFFFFFFFFFFFF1A
:10D62000FFFFFFFFFFFFFFFFFFFFFFFFFFFFFFFF0A
:10D63000FFFFFFFFFFFFFFFFFFFFFFFFFFFFFFFFFA
:10D64000FFFFFFFFFFFFFFFFFFFFFFFFFFFFFFFFEA
:10D65000FFFFFFFFFFFFFFFFFFFFFFFFFFFFFFFFDA
:10D66000FFFFFFFFFFFFFFFFFFFFFFFFFFFFFFFFCA
:10D67000FFFFFFFFFFFFFFFFFFFFFFFFFFFFFFFFBA
:10D68000FFFFFFFFFFFFFFFFFFFFFFFFFFFFFFFFAA
:10D69000FFFFFFFFFFFFFFFFFFFFFFFFFFFFFFFF9A
:10D6A000FFFFFFFFFFFFFFFFFFFFFFFFFFFFFFFF8A
:10D6B000FFFFFFFFFFFFFFFFFFFFFFFFFFFFFFFF7A
:10D6C000FFFFFFFFFFFFFFFFFFFFFFFFFFFFFFFF6A
:10D6D000FFFFFFFFFFFFFFFFFFFFFFFFFFFFFFFF5A
:10D6E000FFFFFFFFFFFFFFFFFFFFFFFFFFFFFFFF4A
:10D6F000FFFFFFFFFFFFFFFFFFFFFFFFFFFFFFFF3A
:10D70000FFFFFFFFFFFFFFFFFFFFFFFFFFFFFFFF29
:10D71000FFFFFFFFFFFFFFFFFFFFFFFFFFFFFFFF19
:10D72000FFFFFFFFFFFFFFFFFFFFFFFFFFFFFFFF09
:10D73000FFFFFFFFFFFFFFFFFFFFFFFFFFFFFFFFF9
:10D74000FFFFFFFFFFFFFFFFFFFFFFFFFFFFFFFFE9
:10D75000FFFFFFFFFFFFFFFFFFFFFFFFFFFFFFFFD9
:10D76000FFFFFFFFFFFFFFFFFFFFFFFFFFFFFFFFC9
:10D77000FFFFFFFFFFFFFFFFFFFFFFFFFFFFFFFFB9
:10D78000FFFFFFFFFFFFFFFFFFFFFFFFFFFFFFFFA9
:10D79000FFFFFFFFFFFFFFFFFFFFFFFFFFFFFFFF99
:10D7A000FFFFFFFFFFFFFFFFFFFFFFFFFFFFFFFF89
:10D7B000FFFFFFFFFFFFFFFFFFFFFFFFFFFFFFFF79
:10D7C000FFFFFFFFFFFFFFFFFFFFFFFFFFFFFFFF69
:10D7D000FFFFFFFFFFFFFFFFFFFFFFFFFFFFFFFF59
:10D7E000FFFFFFFFFFFFFFFFFFFFFFFFFFFFFFFF49
:10D7F000FFFFFFFFFFFFFFFFFFFFFFFFFFFFFFFF39
:10D80000FFFFFFFFFFFFFFFFFFFFFFFFFFFFFFFF28
:10D81000FFFFFFFFFFFFFFFFFFFFFFFFFFFFFFFF18
:10D82000FFFFFFFFFFFFFFFFFFFFFFFFFFFFFFFF08
:10D83000FFFFFFFFFFFFFFFFFFFFFFFFFFFFFFFFF8
:10D84000FFFFFFFFFFFFFFFFFFFFFFFFFFFFFFFFE8
:10D85000FFFFFFFFFFFFFFFFFFFFFFFFFFFFFFFFD8
:10D86000FFFFFFFFFFFFFFFFFFFFFFFFFFFFFFFFC8
:10D87000FFFFFFFFFFFFFFFFFFFFFFFFFFFFFFFFB8
:10D88000FFFFFFFFFFFFFFFFFFFFFFFFFFFFFFFFA8
:10D89000FFFFFFFFFFFFFFFFFFFFFFFFFFFFFFFF98
:10D8A000FFFFFFFFFFFFFFFFFFFFFFFFFFFFFFFF88
:10D8B000FFFFFFFFFFFFFFFFFFFFFFFFFFFFFFFF78
:10D8C000FFFFFFFFFFFFFFFFFFFFFFFFFFFFFFFF68
:10D8D000FFFFFFFFFFFFFFFFFFFFFFFFFFFFFFFF58
:10D8E000FFFFFFFFFFFFFFFFFFFFFFFFFFFFFFFF48
:10D8F000FFFFFFFFFFFFFFFFFFFFFFFFFFFFFFFF38
:10D90000FFFFFFFFFFFFFFFFFFFFFFFFFFFFFFFF27
:10D91000FFFFFFFFFFFFFFFFFFFFFFFFFFFFFFFF17
:10D92000FFFFFFFFFFFFFFFFFFFFFFFFFFFFFFFF07
:10D93000FFFFFFFFFFFFFFFFFFFFFFFFFFFFFFFFF7
:10D94000FFFFFFFFFFFFFFFFFFFFFFFFFFFFFFFFE7
:10D95000FFFFFFFFFFFFFFFFFFFFFFFFFFFFFFFFD7
:10D96000FFFFFFFFFFFFFFFFFFFFFFFFFFFFFFFFC7
:10D97000FFFFFFFFFFFFFFFFFFFFFFFFFFFFFFFFB7
:10D98000FFFFFFFFFFFFFFFFFFFFFFFFFFFFFFFFA7
:10D99000FFFFFFFFFFFFFFFFFFFFFFFFFFFFFFFF97
:10D9A000FFFFFFFFFFFFFFFFFFFFFFFFFFFFFFFF87
:10D9B000FFFFFFFFFFFFFFFFFFFFFFFFFFFFFFFF77
:10D9C000FFFFFFFFFFFFFFFFFFFFFFFFFFFFFFFF67
:10D9D000FFFFFFFFFFFFFFFFFFFFFFFFFFFFFFFF57
:10D9E000FFFFFFFFFFFFFFFFFFFFFFFFFFFFFFFF47
:10D9F000FFFFFFFFFFFFFFFFFFFFFFFFFFFFFFFF37
:10DA0000FFFFFFFFFFFFFFFFFFFFFFFFFFFFFFFF26
:10DA1000FFFFFFFFFFFFFFFFFFFFFFFFFFFFFFFF16
:10DA2000FFFFFFFFFFFFFFFFFFFFFFFFFFFFFFFF06
:10DA3000FFFFFFFFFFFFFFFFFFFFFFFFFFFFFFFFF6
:10DA4000FFFFFFFFFFFFFFFFFFFFFFFFFFFFFFFFE6
:10DA5000FFFFFFFFFFFFFFFFFFFFFFFFFFFFFFFFD6
:10DA6000FFFFFFFFFFFFFFFFFFFFFFFFFFFFFFFFC6
:10DA7000FFFFFFFFFFFFFFFFFFFFFFFFFFFFFFFFB6
:10DA8000FFFFFFFFFFFFFFFFFFFFFFFFFFFFFFFFA6
:10DA9000FFFFFFFFFFFFFFFFFFFFFFFFFFFFFFFF96
:10DAA000FFFFFFFFFFFFFFFFFFFFFFFFFFFFFFFF86
:10DAB000FFFFFFFFFFFFFFFFFFFFFFFFFFFFFFFF76
:10DAC000FFFFFFFFFFFFFFFFFFFFFFFFFFFFFFFF66
:10DAD000FFFFFFFFFFFFFFFFFFFFFFFFFFFFFFFF56
:10DAE000FFFFFFFFFFFFFFFFFFFFFFFFFFFFFFFF46
:10DAF000FFFFFFFFFFFFFFFFFFFFFFFFFFFFFFFF36
:10DB0000FFFFFFFFFFFFFFFFFFFFFFFFFFFFFFFF25
:10DB1000FFFFFFFFFFFFFFFFFFFFFFFFFFFFFFFF15
:10DB2000FFFFFFFFFFFFFFFFFFFFFFFFFFFFFFFF05
:10DB3000FFFFFFFFFFFFFFFFFFFFFFFFFFFFFFFFF5
:10DB4000FFFFFFFFFFFFFFFFFFFFFFFFFFFFFFFFE5
:10DB5000FFFFFFFFFFFFFFFFFFFFFFFFFFFFFFFFD5
:10DB6000FFFFFFFFFFFFFFFFFFFFFFFFFFFFFFFFC5
:10DB7000FFFFFFFFFFFFFFFFFFFFFFFFFFFFFFFFB5
:10DB8000FFFFFFFFFFFFFFFFFFFFFFFFFFFFFFFFA5
:10DB9000FFFFFFFFFFFFFFFFFFFFFFFFFFFFFFFF95
:10DBA000FFFFFFFFFFFFFFFFFFFFFFFFFFFFFFFF85
:10DBB000FFFFFFFFFFFFFFFFFFFFFFFFFFFFFFFF75
:10DBC000FFFFFFFFFFFFFFFFFFFFFFFFFFFFFFFF65
:10DBD000FFFFFFFFFFFFFFFFFFFFFFFFFFFFFFFF55
:10DBE000FFFFFFFFFFFFFFFFFFFFFFFFFFFFFFFF45
:10DBF000FFFFFFFFFFFFFFFFFFFFFFFFFFFFFFFF35
:10DC0000FFFFFFFFFFFFFFFFFFFFFFFFFFFFFFFF24
:10DC1000FFFFFFFFFFFFFFFFFFFFFFFFFFFFFFFF14
:10DC2000FFFFFFFFFFFFFFFFFFFFFFFFFFFFFFFF04
:10DC3000FFFFFFFFFFFFFFFFFFFFFFFFFFFFFFFFF4
:10DC4000FFFFFFFFFFFFFFFFFFFFFFFFFFFFFFFFE4
:10DC5000FFFFFFFFFFFFFFFFFFFFFFFFFFFFFFFFD4
:10DC6000FFFFFFFFFFFFFFFFFFFFFFFFFFFFFFFFC4
:10DC7000FFFFFFFFFFFFFFFFFFFFFFFFFFFFFFFFB4
:10DC8000FFFFFFFFFFFFFFFFFFFFFFFFFFFFFFFFA4
:10DC9000FFFFFFFFFFFFFFFFFFFFFFFFFFFFFFFF94
:10DCA000FFFFFFFFFFFFFFFFFFFFFFFFFFFFFFFF84
:10DCB000FFFFFFFFFFFFFFFFFFFFFFFFFFFFFFFF74
:10DCC000FFFFFFFFFFFFFFFFFFFFFFFFFFFFFFFF64
:10DCD000FFFFFFFFFFFFFFFFFFFFFFFFFFFFFFFF54
:10DCE000FFFFFFFFFFFFFFFFFFFFFFFFFFFFFFFF44
:10DCF000FFFFFFFFFFFFFFFFFFFFFFFFFFFFFFFF34
:10DD0000FFFFFFFFFFFFFFFFFFFFFFFFFFFFFFFF23
:10DD1000FFFFFFFFFFFFFFFFFFFFFFFFFFFFFFFF13
:10DD2000FFFFFFFFFFFFFFFFFFFFFFFFFFFFFFFF03
:10DD3000FFFFFFFFFFFFFFFFFFFFFFFFFFFFFFFFF3
:10DD4000FFFFFFFFFFFFFFFFFFFFFFFFFFFFFFFFE3
:10DD5000FFFFFFFFFFFFFFFFFFFFFFFFFFFFFFFFD3
:10DD6000FFFFFFFFFFFFFFFFFFFFFFFFFFFFFFFFC3
:10DD7000FFFFFFFFFFFFFFFFFFFFFFFFFFFFFFFFB3
:10DD8000FFFFFFFFFFFFFFFFFFFFFFFFFFFFFFFFA3
:10DD9000FFFFFFFFFFFFFFFFFFFFFFFFFFFFFFFF93
:10DDA000FFFFFFFFFFFFFFFFFFFFFFFFFFFFFFFF83
:10DDB000FFFFFFFFFFFFFFFFFFFFFFFFFFFFFFFF73
:10DDC000FFFFFFFFFFFFFFFFFFFFFFFFFFFFFFFF63
:10DDD000FFFFFFFFFFFFFFFFFFFFFFFFFFFFFFFF53
:10DDE000FFFFFFFFFFFFFFFFFFFFFFFFFFFFFFFF43
:10DDF000FFFFFFFFFFFFFFFFFFFFFFFFFFFFFFFF33
:10DE0000FFFFFFFFFFFFFFFFFFFFFFFFFFFFFFFF22
:10DE1000FFFFFFFFFFFFFFFFFFFFFFFFFFFFFFFF12
:10DE2000FFFFFFFFFFFFFFFFFFFFFFFFFFFFFFFF02
:10DE3000FFFFFFFFFFFFFFFFFFFFFFFFFFFFFFFFF2
:10DE4000FFFFFFFFFFFFFFFFFFFFFFFFFFFFFFFFE2
:10DE5000FFFFFFFFFFFFFFFFFFFFFFFFFFFFFFFFD2
:10DE6000FFFFFFFFFFFFFFFFFFFFFFFFFFFFFFFFC2
:10DE7000FFFFFFFFFFFFFFFFFFFFFFFFFFFFFFFFB2
:10DE8000FFFFFFFFFFFFFFFFFFFFFFFFFFFFFFFFA2
:10DE9000FFFFFFFFFFFFFFFFFFFFFFFFFFFFFFFF92
:10DEA000FFFFFFFFFFFFFFFFFFFFFFFFFFFFFFFF82
:10DEB000FFFFFFFFFFFFFFFFFFFFFFFFFFFFFFFF72
:10DEC000FFFFFFFFFFFFFFFFFFFFFFFFFFFFFFFF62
:10DED000FFFFFFFFFFFFFFFFFFFFFFFFFFFFFFFF52
:10DEE000FFFFFFFFFFFFFFFFFFFFFFFFFFFFFFFF42
:10DEF000FFFFFFFFFFFFFFFFFFFFFFFFFFFFFFFF32
:10DF0000FFFFFFFFFFFFFFFFFFFFFFFFFFFFFFFF21
:10DF1000FFFFFFFFFFFFFFFFFFFFFFFFFFFFFFFF11
:10DF2000FFFFFFFFFFFFFFFFFFFFFFFFFFFFFFFF01
:10DF3000FFFFFFFFFFFFFFFFFFFFFFFFFFFFFFFFF1
:10DF4000FFFFFFFFFFFFFFFFFFFFFFFFFFFFFFFFE1
:10DF5000FFFFFFFFFFFFFFFFFFFFFFFFFFFFFFFFD1
:10DF6000FFFFFFFFFFFFFFFFFFFFFFFFFFFFFFFFC1
:10DF7000FFFFFFFFFFFFFFFFFFFFFFFFFFFFFFFFB1
:10DF8000FFFFFFFFFFFFFFFFFFFFFFFFFFFFFFFFA1
:10DF9000FFFFFFFFFFFFFFFFFFFFFFFFFFFFFFFF91
:10DFA000FFFFFFFFFFFFFFFFFFFFFFFFFFFFFFFF81
:10DFB000FFFFFFFFFFFFFFFFFFFFFFFFFFFFFFFF71
:10DFC000FFFFFFFFFFFFFFFFFFFFFFFFFFFFFFFF61
:10DFD000FFFFFFFFFFFFFFFFFFFFFFFFFFFFFFFF51
:10DFE000FFFFFFFFFFFFFFFFFFFFFFFFFFFFFFFF41
:10DFF000FFFFFFFFFFFFFFFFFFFFFFFFFFFFFFFF31
:10E00000FFFF0000FFFFFFFFFFFFFFFFFFFFFFFF1E
:10E01000FFFFFFFFFFFFFFFFFFFFFFFFFFFFFFFF10
:10E02000FFFFFFFFFFFFFFFFFFFFFFFFFFFFFFFF00
:10E03000FFFFFFFFFFFFFFFFFFFFFFFFFFFFFFFFF0
:10E04000FFFFFFFFFFFFFFFFFFFFFFFFFFFFFFFFE0
:10E05000FFFFFFFFFFFFFFFFFFFFFFFFFFFFFFFFD0
:10E06000FFFFFFFFFFFFFFFFFFFFFFFFFFFFFFFFC0
:10E07000FFFFFFFFFFFFFFFFFFFFFFFFFFFFFFFFB0
:10E08000FFFFFFFFFFFFFFFFFFFFFFFFFFFFFFFFA0
:10E09000FFFFFFFFFFFFFFFFFFFFFFFFFFFFFFFF90
:10E0A000FFFFFFFFFFFFFFFFFFFFFFFFFFFFFFFF80
:10E0B000FFFFFFFFFFFFFFFFFFFFFFFFFFFFFFFF70
:10E0C000FFFFFFFFFFFFFFFFFFFFFFFFFFFFFFFF60
:10E0D000FFFFFFFFFFFFFFFFFFFFFFFFFFFFFFFF50
:10E0E000FFFFFFFFFFFFFFFFFFFFFFFFFFFFFFFF40
:10E0F000FFFFFFFFFFFFFFFFFFFFFFFFFFFFFFFF30
:10E10000FFFFFFFFFFFFFFFFFFFFFFFFFFFFFFFF1F
:10E11000FFFFFFFFFFFFFFFFFFFFFFFFFFFFFFFF0F
:10E12000FFFFFFFFFFFFFFFFFFFFFFFFFFFFFFFFFF
:10E13000FFFFFFFFFFFFFFFFFFFFFFFFFFFFFFFFEF
:10E14000FFFFFFFFFFFFFFFFFFFFFFFFFFFFFFFFDF
:10E15000FFFFFFFFFFFFFFFFFFFFFFFFFFFFFFFFCF
:10E16000FFFFFFFFFFFFFFFFFFFFFFFFFFFFFFFFBF
:10E17000FFFFFFFFFFFFFFFFFFFFFFFFFFFFFFFFAF
:10E18000FFFFFFFFFFFFFFFFFFFFFFFFFFFFFFFF9F
:10E19000FFFFFFFFFFFFFFFFFFFFFFFFFFFFFFFF8F
:10E1A000FFFFFFFFFFFFFFFFFFFFFFFFFFFFFFFF7F
:10E1B000FFFFFFFFFFFFFFFFFFFFFFFFFFFFFFFF6F
:10E1C000FFFFFFFFFFFFFFFFFFFFFFFFFFFFFFFF5F
:10E1D000FFFFFFFFFFFFFFFFFFFFFFFFFFFFFFFF4F
:10E1E000FFFFFFFFFFFFFFFFFFFFFFFFFFFFFFFF3F
:10E1F000FFFFFFFFFFFFFFFFFFFFFFFFFFFFFFFF2F
:10E20000FFFFFFFFFFFFFFFFFFFFFFFFFFFFFFFF1E
:10E21000FFFFFFFFFFFFFFFFFFFFFFFFFFFFFFFF0E
:10E22000FFFFFFFFFFFFFFFFFFFFFFFFFFFFFFFFFE
:10E23000FFFFFFFFFFFFFFFFFFFFFFFFFFFFFFFFEE
:10E24000FFFFFFFFFFFFFFFFFFFFFFFFFFFFFFFFDE
:10E25000FFFFFFFFFFFFFFFFFFFFFFFFFFFFFFFFCE
:10E26000FFFFFFFFFFFFFFFFFFFFFFFFFFFFFFFFBE
:10E27000FFFFFFFFFFFFFFFFFFFFFFFFFFFFFFFFAE
:10E28000FFFFFFFFFFFFFFFFFFFFFFFFFFFFFFFF9E
:10E29000FFFFFFFFFFFFFFFFFFFFFFFFFFFFFFFF8E
:10E2A000FFFFFFFFFFFFFFFFFFFFFFFFFFFFFFFF7E
:10E2B000FFFFFFFFFFFFFFFFFFFFFFFFFFFFFFFF6E
:10E2C000FFFFFFFFFFFFFFFFFFFFFFFFFFFFFFFF5E
:10E2D000FFFFFFFFFFFFFFFFFFFFFFFFFFFFFFFF4E
:10E2E000FFFFFFFFFFFFFFFFFFFFFFFFFFFFFFFF3E
:10E2F000FFFFFFFFFFFFFFFFFFFFFFFFFFFFFFFF2E
:10E30000FFFFFFFFFFFFFFFFFFFFFFFFFFFFFFFF1D
:10E31000FFFFFFFFFFFFFFFFFFFFFFFFFFFFFFFF0D
:10E32000FFFFFFFFFFFFFFFFFFFFFFFFFFFFFFFFFD
:10E33000FFFFFFFFFFFFFFFFFFFFFFFFFFFFFFFFED
:10E34000FFFFFFFFFFFFFFFFFFFFFFFFFFFFFFFFDD
:10E35000FFFFFFFFFFFFFFFFFFFFFFFFFFFFFFFFCD
:10E36000FFFFFFFFFFFFFFFFFFFFFFFFFFFFFFFFBD
:10E37000FFFFFFFFFFFFFFFFFFFFFFFFFFFFFFFFAD
:10E38000FFFFFFFFFFFFFFFFFFFFFFFFFFFFFFFF9D
:10E39000FFFFFFFFFFFFFFFFFFFFFFFFFFFFFFFF8D
:10E3A000FFFFFFFFFFFFFFFFFFFFFFFFFFFFFFFF7D
:10E3B000FFFFFFFFFFFFFFFFFFFFFFFFFFFFFFFF6D
:10E3C000FFFFFFFFFFFFFFFFFFFFFFFFFFFFFFFF5D
:10E3D000FFFFFFFFFFFFFFFFFFFFFFFFFFFFFFFF4D
:10E3E000FFFFFFFFFFFFFFFFFFFFFFFFFFFFFFFF3D
:10E3F000FFFFFFFFFFFFFFFFFFFFFFFFFFFFFFFF2D
:10E40000FFFFFFFFFFFFFFFFFFFFFFFFFFFFFFFF1C
:10E41000FFFFFFFFFFFFFFFFFFFFFFFFFFFFFFFF0C
:10E42000FFFFFFFFFFFFFFFFFFFFFFFFFFFFFFFFFC
:10E43000FFFFFFFFFFFFFFFFFFFFFFFFFFFFFFFFEC
:10E44000FFFFFFFFFFFFFFFFFFFFFFFFFFFFFFFFDC
:10E45000FFFFFFFFFFFFFFFFFFFFFFFFFFFFFFFFCC
:10E46000FFFFFFFFFFFFFFFFFFFFFFFFFFFFFFFFBC
:10E47000FFFFFFFFFFFFFFFFFFFFFFFFFFFFFFFFAC
:10E48000FFFFFFFFFFFFFFFFFFFFFFFFFFFFFFFF9C
:10E49000FFFFFFFFFFFFFFFFFFFFFFFFFFFFFFFF8C
:10E4A000FFFFFFFFFFFFFFFFFFFFFFFFFFFFFFFF7C
:10E4B000FFFFFFFFFFFFFFFFFFFFFFFFFFFFFFFF6C
:10E4C000FFFFFFFFFFFFFFFFFFFFFFFFFFFFFFFF5C
:10E4D000FFFFFFFFFFFFFFFFFFFFFFFFFFFFFFFF4C
:10E4E000FFFFFFFFFFFFFFFFFFFFFFFFFFFFFFFF3C
:10E4F000FFFFFFFFFFFFFFFFFFFFFFFFFFFFFFFF2C
:10E50000FFFFFFFFFFFFFFFFFFFFFFFFFFFFFFFF1B
:10E51000FFFFFFFFFFFFFFFFFFFFFFFFFFFFFFFF0B
:10E52000FFFFFFFFFFFFFFFFFFFFFFFFFFFFFFFFFB
:10E53000FFFFFFFFFFFFFFFFFFFFFFFFFFFFFFFFEB
:10E54000FFFFFFFFFFFFFFFFFFFFFFFFFFFFFFFFDB
:10E55000FFFFFFFFFFFFFFFFFFFFFFFFFFFFFFFFCB
:10E56000FFFFFFFFFFFFFFFFFFFFFFFFFFFFFFFFBB
:10E57000FFFFFFFFFFFFFFFFFFFFFFFFFFFFFFFFAB
:10E58000FFFFFFFFFFFFFFFFFFFFFFFFFFFFFFFF9B
:10E59000FFFFFFFFFFFFFFFFFFFFFFFFFFFFFFFF8B
:10E5A000FFFFFFFFFFFFFFFFFFFFFFFFFFFFFFFF7B
:10E5B000FFFFFFFFFFFFFFFFFFFFFFFFFFFFFFFF6B
:10E5C000FFFFFFFFFFFFFFFFFFFFFFFFFFFFFFFF5B
:10E5D000FFFFFFFFFFFFFFFFFFFFFFFFFFFFFFFF4B
:10E5E000FFFFFFFFFFFFFFFFFFFFFFFFFFFFFFFF3B
:10E5F000FFFFFFFFFFFFFFFFFFFFFFFFFFFFFFFF2B
:10E60000FFFFFFFFFFFFFFFFFFFFFFFFFFFFFFFF1A
:10E61000FFFFFFFFFFFFFFFFFFFFFFFFFFFFFFFF0A
:10E62000FFFFFFFFFFFFFFFFFFFFFFFFFFFFFFFFFA
:10E63000FFFFFFFFFFFFFFFFFFFFFFFFFFFFFFFFEA
:10E64000FFFFFFFFFFFFFFFFFFFFFFFFFFFFFFFFDA
:10E65000FFFFFFFFFFFFFFFFFFFFFFFFFFFFFFFFCA
:10E66000FFFFFFFFFFFFFFFFFFFFFFFFFFFFFFFFBA
:10E67000FFFFFFFFFFFFFFFFFFFFFFFFFFFFFFFFAA
:10E68000FFFFFFFFFFFFFFFFFFFFFFFFFFFFFFFF9A
:10E69000FFFFFFFFFFFFFFFFFFFFFFFFFFFFFFFF8A
:10E6A000FFFFFFFFFFFFFFFFFFFFFFFFFFFFFFFF7A
:10E6B000FFFFFFFFFFFFFFFFFFFFFFFFFFFFFFFF6A
:10E6C000FFFFFFFFFFFFFFFFFFFFFFFFFFFFFFFF5A
:10E6D000FFFFFFFFFFFFFFFFFFFFFFFFFFFFFFFF4A
:10E6E000FFFFFFFFFFFFFFFFFFFFFFFFFFFFFFFF3A
:10E6F000FFFFFFFFFFFFFFFFFFFFFFFFFFFFFFFF2A
:10E70000FFFFFFFFFFFFFFFFFFFFFFFFFFFFFFFF19
:10E71000FFFFFFFFFFFFFFFFFFFFFFFFFFFFFFFF09
:10E72000FFFFFFFFFFFFFFFFFFFFFFFFFFFFFFFFF9
:10E73000FFFFFFFFFFFFFFFFFFFFFFFFFFFFFFFFE9
:10E74000FFFFFFFFFFFFFFFFFFFFFFFFFFFFFFFFD9
:10E75000FFFFFFFFFFFFFFFFFFFFFFFFFFFFFFFFC9
:10E76000FFFFFFFFFFFFFFFFFFFFFFFFFFFFFFFFB9
:10E77000FFFFFFFFFFFFFFFFFFFFFFFFFFFFFFFFA9
:10E78000FFFFFFFFFFFFFFFFFFFFFFFFFFFFFFFF99
:10E79000FFFFFFFFFFFFFFFFFFFFFFFFFFFFFFFF89
:10E7A000FFFFFFFFFFFFFFFFFFFFFFFFFFFFFFFF79
:10E7B000FFFFFFFFFFFFFFFFFFFFFFFFFFFFFFFF69
:10E7C000FFFFFFFFFFFFFFFFFFFFFFFFFFFFFFFF59
:10E7D000FFFFFFFFFFFFFFFFFFFFFFFFFFFFFFFF49
:10E7E000FFFFFFFFFFFFFFFFFFFFFFFFFFFFFFFF39
:10E7F000FFFFFFFFFFFFFFFFFFFFFFFFFFFFFFFF29
:10E80000FFFFFFFFFFFFFFFFFFFFFFFFFFFFFFFF18
:10E81000FFFFFFFFFFFFFFFFFFFFFFFFFFFFFFFF08
:10E82000FFFFFFFFFFFFFFFFFFFFFFFFFFFFFFFFF8
:10E83000FFFFFFFFFFFFFFFFFFFFFFFFFFFFFFFFE8
:10E84000FFFFFFFFFFFFFFFFFFFFFFFFFFFFFFFFD8
:10E85000FFFFFFFFFFFFFFFFFFFFFFFFFFFFFFFFC8
:10E86000FFFFFFFFFFFFFFFFFFFFFFFFFFFFFFFFB8
:10E87000FFFFFFFFFFFFFFFFFFFFFFFFFFFFFFFFA8
:10E88000FFFFFFFFFFFFFFFFFFFFFFFFFFFFFFFF98
:10E89000FFFFFFFFFFFFFFFFFFFFFFFFFFFFFFFF88
:10E8A000FFFFFFFFFFFFFFFFFFFFFFFFFFFFFFFF78
:10E8B000FFFFFFFFFFFFFFFFFFFFFFFFFFFFFFFF68
:10E8C000FFFFFFFFFFFFFFFFFFFFFFFFFFFFFFFF58
:10E8D000FFFFFFFFFFFFFFFFFFFFFFFFFFFFFFFF48
:10E8E000FFFFFFFFFFFFFFFFFFFFFFFFFFFFFFFF38
:10E8F000FFFFFFFFFFFFFFFFFFFFFFFFFFFFFFFF28
:10E90000FFFFFFFFFFFFFFFFFFFFFFFFFFFFFFFF17
:10E91000FFFFFFFFFFFFFFFFFFFFFFFFFFFFFFFF07
:10E92000FFFFFFFFFFFFFFFFFFFFFFFFFFFFFFFFF7
:10E93000FFFFFFFFFFFFFFFFFFFFFFFFFFFFFFFFE7
:10E94000FFFFFFFFFFFFFFFFFFFFFFFFFFFFFFFFD7
:10E95000FFFFFFFFFFFFFFFFFFFFFFFFFFFFFFFFC7
:10E96000FFFFFFFFFFFFFFFFFFFFFFFFFFFFFFFFB7
:10E97000FFFFFFFFFFFFFFFFFFFFFFFFFFFFFFFFA7
:10E98000FFFFFFFFFFFFFFFFFFFFFFFFFFFFFFFF97
:10E99000FFFFFFFFFFFFFFFFFFFFFFFFFFFFFFFF87
:10E9A000FFFFFFFFFFFFFFFFFFFFFFFFFFFFFFFF77
:10E9B000FFFFFFFFFFFFFFFFFFFFFFFFFFFFFFFF67
:10E9C000FFFFFFFFFFFFFFFFFFFFFFFFFFFFFFFF57
:10E9D000FFFFFFFFFFFFFFFFFFFFFFFFFFFFFFFF47
:10E9E000FFFFFFFFFFFFFFFFFFFFFFFFFFFFFFFF37
:10E9F000FFFFFFFFFFFFFFFFFFFFFFFFFFFFFFFF27
:10EA0000FFFFFFFFFFFFFFFFFFFFFFFFFFFFFFFF16
:10EA1000FFFFFFFFFFFFFFFFFFFFFFFFFFFFFFFF06
:10EA2000FFFFFFFFFFFFFFFFFFFFFFFFFFFFFFFFF6
:10EA3000FFFFFFFFFFFFFFFFFFFFFFFFFFFFFFFFE6
:10EA4000FFFFFFFFFFFFFFFFFFFFFFFFFFFFFFFFD6
:10EA5000FFFFFFFFFFFFFFFFFFFFFFFFFFFFFFFFC6
:10EA6000FFFFFFFFFFFFFFFFFFFFFFFFFFFFFFFFB6
:10EA7000FFFFFFFFFFFFFFFFFFFFFFFFFFFFFFFFA6
:10EA8000FFFFFFFFFFFFFFFFFFFFFFFFFFFFFFFF96
:10EA9000FFFFFFFFFFFFFFFFFFFFFFFFFFFFFFFF86
:10EAA000FFFFFFFFFFFFFFFFFFFFFFFFFFFFFFFF76
:10EAB000FFFFFFFFFFFFFFFFFFFFFFFFFFFFFFFF66
:10EAC000FFFFFFFFFFFFFFFFFFFFFFFFFFFFFFFF56
:10EAD000FFFFFFFFFFFFFFFFFFFFFFFFFFFFFFFF46
:10EAE000FFFFFFFFFFFFFFFFFFFFFFFFFFFFFFFF36
:10EAF000FFFFFFFFFFFFFFFFFFFFFFFFFFFFFFFF26
:10EB0000FFFFFFFFFFFFFFFFFFFFFFFFFFFFFFFF15
:10EB1000FFFFFFFFFFFFFFFFFFFFFFFFFFFFFFFF05
:10EB2000FFFFFFFFFFFFFFFFFFFFFFFFFFFFFFFFF5
:10EB3000FFFFFFFFFFFFFFFFFFFFFFFFFFFFFFFFE5
:10EB4000FFFFFFFFFFFFFFFFFFFFFFFFFFFFFFFFD5
:10EB5000FFFFFFFFFFFFFFFFFFFFFFFFFFFFFFFFC5
:10EB6000FFFFFFFFFFFFFFFFFFFFFFFFFFFFFFFFB5
:10EB7000FFFFFFFFFFFFFFFFFFFFFFFFFFFFFFFFA5
:10EB8000FFFFFFFFFFFFFFFFFFFFFFFFFFFFFFFF95
:10EB9000FFFFFFFFFFFFFFFFFFFFFFFFFFFFFFFF85
:10EBA000FFFFFFFFFFFFFFFFFFFFFFFFFFFFFFFF75
:10EBB000FFFFFFFFFFFFFFFFFFFFFFFFFFFFFFFF65
:10EBC000FFFFFFFFFFFFFFFFFFFFFFFFFFFFFFFF55
:10EBD000FFFFFFFFFFFFFFFFFFFFFFFFFFFFFFFF45
:10EBE000FFFFFFFFFFFFFFFFFFFFFFFFFFFFFFFF35
:10EBF000FFFFFFFFFFFFFFFFFFFFFFFFFFFFFFFF25
:10EC0000FFFFFFFFFFFFFFFFFFFFFFFFFFFFFFFF14
:10EC1000FFFFFFFFFFFFFFFFFFFFFFFFFFFFFFFF04
:10EC2000FFFFFFFFFFFFFFFFFFFFFFFFFFFFFFFFF4
:10EC3000FFFFFFFFFFFFFFFFFFFFFFFFFFFFFFFFE4
:10EC4000FFFFFFFFFFFFFFFFFFFFFFFFFFFFFFFFD4
:10EC5000FFFFFFFFFFFFFFFFFFFFFFFFFFFFFFFFC4
:10EC6000FFFFFFFFFFFFFFFFFFFFFFFFFFFFFFFFB4
:10EC7000FFFFFFFFFFFFFFFFFFFFFFFFFFFFFFFFA4
:10EC8000FFFFFFFFFFFFFFFFFFFFFFFFFFFFFFFF94
:10EC9000FFFFFFFFFFFFFFFFFFFFFFFFFFFFFFFF84
:10ECA000FFFFFFFFFFFFFFFFFFFFFFFFFFFFFFFF74
:10ECB000FFFFFFFFFFFFFFFFFFFFFFFFFFFFFFFF64
:10ECC000FFFFFFFFFFFFFFFFFFFFFFFFFFFFFFFF54
:10ECD000FFFFFFFFFFFFFFFFFFFFFFFFFFFFFFFF44
:10ECE000FFFFFFFFFFFFFFFFFFFFFFFFFFFFFFFF34
:10ECF000FFFFFFFFFFFFFFFFFFFFFFFFFFFFFFFF24
:10ED0000FFFFFFFFFFFFFFFFFFFFFFFFFFFFFFFF13
:10ED1000FFFFFFFFFFFFFFFFFFFFFFFFFFFFFFFF03
:10ED2000FFFFFFFFFFFFFFFFFFFFFFFFFFFFFFFFF3
:10ED3000FFFFFFFFFFFFFFFFFFFFFFFFFFFFFFFFE3
:10ED4000FFFFFFFFFFFFFFFFFFFFFFFFFFFFFFFFD3
:10ED5000FFFFFFFFFFFFFFFFFFFFFFFFFFFFFFFFC3
:10ED6000FFFFFFFFFFFFFFFFFFFFFFFFFFFFFFFFB3
:10ED7000FFFFFFFFFFFFFFFFFFFFFFFFFFFFFFFFA3
:10ED8000FFFFFFFFFFFFFFFFFFFFFFFFFFFFFFFF93
:10ED9000FFFFFFFFFFFFFFFFFFFFFFFFFFFFFFFF83
:10EDA000FFFFFFFFFFFFFFFFFFFFFFFFFFFFFFFF73
:10EDB000FFFFFFFFFFFFFFFFFFFFFFFFFFFFFFFF63
:10EDC000FFFFFFFFFFFFFFFFFFFFFFFFFFFFFFFF53
:10EDD000FFFFFFFFFFFFFFFFFFFFFFFFFFFFFFFF43
:10EDE000FFFFFFFFFFFFFFFFFFFFFFFFFFFFFFFF33
:10EDF000FFFFFFFFFFFFFFFFFFFFFFFFFFFFFFFF23
:10EE0000FFFFFFFFFFFFFFFFFFFFFFFFFFFFFFFF12
:10EE1000FFFFFFFFFFFFFFFFFFFFFFFFFFFFFFFF02
:10EE2000FFFFFFFFFFFFFFFFFFFFFFFFFFFFFFFFF2
:10EE3000FFFFFFFFFFFFFFFFFFFFFFFFFFFFFFFFE2
:10EE4000FFFFFFFFFFFFFFFFFFFFFFFFFFFFFFFFD2
:10EE5000FFFFFFFFFFFFFFFFFFFFFFFFFFFFFFFFC2
:10EE6000FFFFFFFFFFFFFFFFFFFFFFFFFFFFFFFFB2
:10EE7000FFFFFFFFFFFFFFFFFFFFFFFFFFFFFFFFA2
:10EE8000FFFFFFFFFFFFFFFFFFFFFFFFFFFFFFFF92
:10EE9000FFFFFFFFFFFFFFFFFFFFFFFFFFFFFFFF82
:10EEA000FFFFFFFFFFFFFFFFFFFFFFFFFFFFFFFF72
:10EEB000FFFFFFFFFFFFFFFFFFFFFFFFFFFFFFFF62
:10EEC000FFFFFFFFFFFFFFFFFFFFFFFFFFFFFFFF52
:10EED000FFFFFFFFFFFFFFFFFFFFFFFFFFFFFFFF42
:10EEE000FFFFFFFFFFFFFFFFFFFFFFFFFFFFFFFF32
:10EEF000FFFFFFFFFFFFFFFFFFFFFFFFFFFFFFFF22
:10EF0000FFFFFFFFFFFFFFFFFFFFFFFFFFFFFFFF11
:10EF1000FFFFFFFFFFFFFFFFFFFFFFFFFFFFFFFF01
:10EF2000FFFFFFFFFFFFFFFFFFFFFFFFFFFFFFFFF1
:10EF3000FFFFFFFFFFFFFFFFFFFFFFFFFFFFFFFFE1
:10EF4000FFFFFFFFFFFFFFFFFFFFFFFFFFFFFFFFD1
:10EF5000FFFFFFFFFFFFFFFFFFFFFFFFFFFFFFFFC1
:10EF6000FFFFFFFFFFFFFFFFFFFFFFFFFFFFFFFFB1
:10EF7000FFFFFFFFFFFFFFFFFFFFFFFFFFFFFFFFA1
:10EF8000FFFFFFFFFFFFFFFFFFFFFFFFFFFFFFFF91
:10EF9000FFFFFFFFFFFFFFFFFFFFFFFFFFFFFFFF81
:10EFA000FFFFFFFFFFFFFFFFFFFFFFFFFFFFFFFF71
:10EFB000FFFFFFFFFFFFFFFFFFFFFFFFFFFFFFFF61
:10EFC000FFFFFFFFFFFFFFFFFFFFFFFFFFFFFFFF51
:10EFD000FFFFFFFFFFFFFFFFFFFFFFFFFFFFFFFF41
:10EFE000FFFFFFFFFFFFFFFFFFFFFFFFFFFFFFFF31
:10EFF000FFFFFFFFFFFFFFFFFFFFFFFFFFFFFFFF21
:00000001FF
